
AGENT_240035974

CONFIG
{"EPISODES":1000,"SAMPLE_PER_REPLAY":100,"MAX_STEPS":1000,"frame_time_ms":30,"board_x":10,"board_y":10,"alpha":0.1,"gamma":0.995,"epsilon":0.8,"epsilon_decay":0.9925,"epsilon_min":0.05,"statefn":"DIST_TO_CLOSEST","state_init":"INSTANT_DEATH","reward_advance":-0.01,"reward_green":10,"reward_red":-2,"reward_death":-10}

QTABLE
{
"1SS3SG3WW3WW":[-10,0.0160864,0,0],
"1SS2SR4GW3WW":[-10,0.243928,0,0],
"1GW2WW1SS1RW":[1.31284,0,-10,0],
"1SS4WW1GW1GR":[-10,0.456944,0,0],
"3WW1RW1SS2GW":[0.234858,0,-10,0],
"2SS1SR4GW4WW":[-0.001,-10,0,0],
"3WW4RW1SG4WW":[0.00040757,0,-10,0],
"4RW1WW1WW1SG":[0.0208239,-10,-10,-10],
"1SS3WW1WW2SG":[-10,0.0901939,-10,0],
"1RW1SG1WW1GW":[0.0774719,-10,-10,0],
"1SS1GR1GW1SS":[-10,1.04655,0,-10],
"1SS1WW3WW4RG":[-10,-10,0.242913,0],
"4WW4WW3GR1SS":[0.182781,0,0,-10],
"1SS1SS4RW1GW":[-10,-10,0.014512,0],
"1WW2RG4SS1SS":[-10,-0.001,0,-10],
"2SR1SS1SS2GW":[0.191469,-10,-10,0],
"1WW1SS2SS1RW":[-10,-10,0.263214,0],
"1RW1WW1WW1SG":[0.0306347,-10,-10,-10],
"1SS2WW1WW3GW":[-10,-0.001,-10,0],
"4WW1SG1GW1WW":[0,-10,1.14177,-10],
"1SS3SS1GW3RW":[-10,-0.001,0,0],
"1WW1RW4GW1SS":[-10,0.179601,0,-10],
"3RW1SS1SS4GW":[-0.000944508,-10,-10,0],
"1WW4SS4SS1SS":[-10,0.148454,0,-10],
"1SS2SS3GW1SG":[-10,0.149012,0,-10],
"1SS3SS4WW1GR":[-10,-0.001,0,0],
"1WW1RW1SG4WW":[-10,0.00148559,-10,0],
"2WW2WW1SS1GW":[-0.000709527,0,-10,0],
"1SS2RG4WW2GW":[-10,-0.001,0.242005,0],
"1SS3SS1WW1SS":[-10,-0.001,-10,-10],
"1SS4SS1WW3WW":[-10,-0.001,-10,0],
"1SR1SS1SS3SS":[-10,-10,-10,0.0466469],
"1SG1SG1RW1WW":[-10,-10,-0.200199,-10],
"3SR3WW1SS4SS":[-0.001,0,-10,0],
"2GW1SS2RW1WW":[0,-10,-0.001,-10],
"1SS2SS3RG1WW":[-10,0.233265,0,-10],
"1SG4GW2WW3WW":[-10,0.126307,0,0],
"4RW2SG1SS1WW":[-0.001,-0.001,-10,-10],
"1GR1SS1SS1WW":[1,-10,-10,-10],
"1SR1WW2WW4GW":[-10,-10,0,0.208863],
"1SS2RW3WW4SS":[-10,-0.001,0,0],
"4GW3GR1SS1WW":[0.237186,0,-10,-10],
"2SS3SS1SG1SS":[-0.996,0,-10,-10],
"3SS3SS1GW1SS":[-0.001,0,0,-10],
"4RW3WW1SS2SG":[-0.000319496,0,-10,0],
"1SR3WW4GW4WW":[-10,0.280923,0,0],
"1WW1SS2GR4GW":[-10,-10,0.5049,0],
"1SS3WW2GW2SS":[-10,0.200064,0,0],
"2WW1SS1GW1WW":[0.622408,-10,0,-10],
"1SS1SS4SS3SS":[-10,-10,-0.001,0.00494059],
"1SS1SS4SS4SS":[-10,-10,-0.001,-0.001],
"2SS1SS3SS4SS":[0.0277435,-10,0,0],
"1SS1WW4SS4SS":[-10,-10,-0.001,-0.001],
"1WW2SG3SS1SS":[-10,-0.001,0,-10],
"1WW2SG3SG1SS":[-10,-0.001,0,-10],
"1SS1GW1SS2SS":[-10,1.19545,-10,0],
"1SS4WW3SS4SS":[-10,0.213973,0,0],
"1SS1GW4SS4SS":[-10,1.00347,0,0],
"3WW4SS3RW1SS":[0.0987064,0,0,-10],
"1SS2WW1GW2GW":[-10,0.176652,0,0],
"1SS4GW3RW2WW":[-10,0.00830376,0,0],
"2WW1GW4SS1SG":[-0.0112429,0,0,-10],
"2RG2WW1SS4WW":[0.0785433,0,-10,0],
"2RW2WW4WW1SG":[0.0367584,0,0,-10],
"1SS1WW2RG4WW":[-10,-10,-0.000831922,0],
"1SS1WW3RG4SS":[-10,-10,-0.001,0],
"4SS3SR1SS4WW":[0.196551,0,-10,0],
"4WW3GR1SS2WW":[0.249023,0,-10,0],
"2SS3RW4WW1SG":[0.251977,0,0,-10],
"4WW3SS3SS1SR":[0.241622,0,0,-10],
"2GW1SS1SS2GW":[1.05091,-10,-10,0],
"2SS4WW1SS1RW":[0.00986447,0,-10,0],
"1GW1SS4SG4WW":[1,-10,0,0],
"4WW1GW1SR3WW":[0.0355634,0,-10,0],
"1RW1GW2WW1SS":[-0.0660532,0,0,-10],
"4WW1SS2RG4GW":[0.195485,-10,0,0],
"1SS3RW1GW3SS":[-10,0.12955,0,0],
"2SG1SS2WW2WW":[-0.001,-10,0,0],
"4GW1SS1SR4WW":[0.151127,-10,-10,0],
"2SG1SS2RW4WW":[-0.001,-10,0,0],
"3RW2WW1SG4WW":[-0.001,0,-10,0],
"1RG2SS3WW1SS":[-1.195,0,0,-10],
"2GW1SS1RW4WW":[0.0805124,-10,0,0],
"1SS1GW4WW2SR":[-10,1.15239,0,0],
"2GW4WW1RW1SS":[0.0409617,0,0,-10],
"1SS3GW4WW1RG":[-10,0.0385978,0,0],
"1WW1GW1SG4WW":[-10,1.21408,-10,0],
"3WW4WW1SG2SS":[0.00668783,0,-10,0],
"4WW4SS2SR1SS":[0.0100199,0,0,-10],
"4SS1SS2RW2WW":[0.221165,-10,0,0],
"4WW1SG1SR2WW":[0.111892,-10,-10,0],
"2SS1SS4WW4SR":[0.0260697,-10,0,0],
"1SS3RG3WW4WW":[-10,-0.001,0,0],
"2SS1SS4WW3RW":[0.284093,-10,0,0],
"1RW4GW1SS1WW":[0.116936,0,-10,-10],
"3SS2SS1SS2GW":[0.0385726,0,-10,0],
"1SS4RW1SG2SG":[-10,-0.001,-10,0],
"2GW4GW1SS2SS":[0.976444,0,-10,0],
"1GW3WW3WW1SS":[1.19002,0,0,-10],
"2RW1SS4WW4GW":[0.235589,-10,0,0],
"1SS1SS4GW2RW":[-10,-10,0.0754281,0],
"3RG3SS1SS1WW":[0.0146502,0,-10,-10],
"4RG1SG3WW1WW":[-0.001,-10,0,-10],
"4WW1SS2SS4RW":[0.26436,-10,0,0],
"4WW1SS4SS2RW":[0.214154,-10,0,0],
"4RW1SS2GW3WW":[-0.001,-10,0,0],
"1GW2SG1SR2WW":[0,-0.001,-10,0],
"4GW1WW4WW1SR":[0.0628648,-10,0,-10],
"1SG2SS2GW1SR":[-10,0.165123,0,-10],
"2WW1WW1GW1SR":[-0.996,-10,0,-10],
"1WW3WW1SG2GW":[-10,0.0370882,-10,0],
"2WW3WW4GW1SR":[-0.001,0,0,-10],
"1SS2SS3WW1SG":[-10,0.0176193,0,-10],
"4RG4WW1SS4WW":[0.0616982,0,-10,0],
"2SS1SS2WW1WW":[-0.001,-10,0,-10],
"2WW1SG4SS2WW":[-0.100358,-10,0,0],
"1WW1SG2SS3WW":[-10,-10,0.0120323,0],
"2SG1SS1SS2SS":[-0.001,-10,-10,0],
"1SR1WW2WW3SS":[-10,-10,-0.001,0],
"1SR1WW3WW3SS":[-10,-10,-0.001,0],
"1SR1WW4WW3SS":[-10,-10,-0.001,0],
"1RW4SS1SS1GW":[-0.177497,0,-10,0],
"1GW3GW1SS2RW":[1.27989,0,-10,0],
"2GW1GW4WW1SR":[0.682826,0,0,-10],
"3WW3SS1SS4GW":[0.188317,0,-10,0],
"4WW3WW4GW1SG":[0.489732,0,0,-10],
"4GW1SS2SS3WW":[0.259666,-10,0,0],
"3GW1SR4WW4WW":[1.0802,-10,0,0],
"3SS1WW3WW1SS":[-0.001,-10,0,-10],
"2WW2WW3SG1SS":[-0.153676,0,0,-10],
"4WW2SG1SS3RW":[0.2238,0,-10,0],
"1SS3WW3SS1SS":[-10,-0.001,0,-10],
"3WW4SS1SS4GW":[0.0133078,0,-10,0],
"1SS2WW4GW1SG":[-10,0.149917,0,-10],
"2GW3SR1SS2WW":[1.19187,0,-10,0],
"1GW1GW3WW1SS":[0,1.3976,0,-10],
"2SS1WW3GW1SS":[-0.996,-10,0,-10],
"4WW3WW1GR1SS":[0.11187,0,0,-10],
"3WW3WW1SR2GW":[0.00877183,0,-10,0],
"3GW3RW1SS1SS":[0.51675,0,-10,-10],
"1SS1SG3GW1WW":[-10,-10,0.361713,-10],
"4WW2WW1SR2SS":[0.188401,0,-10,0],
"1SR3WW3GW4WW":[-10,0.26633,0,0],
"4RW3WW1SG4SS":[0.041189,0,-10,0],
"1WW3RG2SS1SS":[-10,-0.001,0,-10],
"1SS1WW1GW2SR":[-10,-10,1,0],
"3GW1WW3WW1SS":[0.0088315,-10,0,-10],
"4SS4SG1SR3WW":[0.0242227,0,-10,0],
"2SS2WW3WW1SS":[0.117137,0,0,-10],
"2WW1SS4SS1WW":[0.136919,-10,0,-10],
"1SG4WW2SS1SS":[-10,0.132812,0,-10],
"1SS2WW3WW3SG":[-10,0.109851,0,0],
"1SS1SR1GW4WW":[-10,-10,1.32705,0],
"2GW1WW1SS2RW":[0.0141681,-10,-10,0],
"2RG1WW4WW1SS":[-0.001,-10,0,-10],
"3WW2WW3SS1SS":[0.148005,0,0,-10],
"1GR2SS1SG4WW":[1.04936,0,-10,0],
"2GR1SS3GW4WW":[-0.001,-10,0,0],
"1SR1GW4WW4WW":[-10,0,0,0.162465],
"2WW3GW2SR1SS":[0.105486,0,0,-10],
"1GW4GW4SS1SS":[1.18835,0,0,-10],
"4SS4SS1SS4WW":[-0.001,-0.001,-10,0],
"1SR2SS2WW2GW":[-10,-0.001,0,0],
"4GW1SS1GW2RW":[0.0600547,-10,0,0],
"1SS1SG1SS1SR":[-10,-10,-10,-10],
"1SS2SG4WW1RW":[-10,-0.996,0.161633,0],
"3WW4WW1SS4GR":[0.222804,0,-10,0],
"1SS3SG1RG1WW":[-10,0.00688561,0,-10],
"3WW1SR4WW3GW":[0.241942,-10,0,0],
"3WW4RW1SS4GW":[0.992583,0,-10,-0.001],
"4WW1SG1WW4GW":[0.298465,-10,-10,0],
"1SS3GW1WW1SG":[-10,-0.000634836,-10,-10],
"1SG1RW2WW1SS":[-10,-0.0172353,0,-10],
"2WW1WW4WW1SR":[-0.996,-10,0,-10],
"1WW3SG1SS3WW":[-10,-0.001,-10,0],
"1SR1SS4WW2SS":[-10,-10,0.021798,0],
"2WW3RG1SS1SS":[0.170151,0,-10,-10],
"2WW1SG2SS3RW":[0.100381,-10,0,0],
"2WW1WW1SS4RG":[0.0529212,-10,-10,0],
"3GW3WW1SS4GW":[0.928344,0,-10,0],
"3RW4WW1SG1GW":[1.03536,0,-10,0],
"3RW1SS4GW1GW":[0.230548,-10,0,0],
"1SR4WW2GW1SS":[-10,0.344691,0,-10],
"1RW1SS2WW3GW":[0.249791,-10,0,0],
"2GW2RW1SS2WW":[0,0.116418,-10,0],
"3GW1SS2WW1GW":[-0.001,-10,0,0],
"3WW3RW1SG4WW":[-0.001,0,-10,0],
"1WW1SG3SS1WW":[-10,-10,-0.189294,-10],
"2GW4RW1SS2WW":[1.1304,0,-10,0],
"3WW4WW1SS1RG":[0.49853,0,-10,0],
"1SS4RW3WW1WW":[-10,-0.001,0,-10],
"3WW1SS1GW2WW":[0.113909,-10,0,0],
"3SS1RG2GW1SS":[0.0463569,0,0,-10],
"1RG1SS4GW3WW":[-0.00712526,-10,0,0],
"1SR2SG3WW3WW":[-10,0.0350998,0,0],
"1SS1WW4GW4RW":[-10,-10,0.53933,0],
"3WW1SS2SS1RW":[0,-10,0,0.00535789],
"3WW1SR1SS2WW":[0.161547,-10,-10,0],
"2WW1SG2SS1SS":[-0.996,-10,0,-10],
"2WW3SG1SS2WW":[0.00168939,0,-10,0],
"2WW1GW1SG4WW":[0.115875,0,-10,0],
"4SS4GW2WW1SS":[0.014711,0,0,-10],
"4SS1SS2RG4WW":[0.0138695,-10,0,0],
"4GW3RW1SS1SS":[0.0914416,0,-10,-10],
"2GW3WW3RW1SS":[0.0985,0,0,-10],
"4WW3GW4SS1SS":[0.275806,0,0,-10],
"1SS3GW4WW1SR":[-10,0.00964292,0,-10],
"1SS1SR3GW1SS":[-10,-10,0.194167,-10],
"1SG2SS3WW1SS":[-10,0.237829,0,-10],
"4GW1WW1SG2SS":[-0.001,-10,-10,0],
"1GW4GW2WW1SS":[1.18215,0,0,-10],
"1SS1RW3WW2SS":[-10,-0.183063,0,0],
"4WW2GR3WW1SS":[0.350428,0,0,-10],
"1SS3GR3WW4WW":[-10,-0.001,0,0],
"1GW2WW1SS4GW":[1.1824,0,-10,0],
"1SS4SS2SS1SS":[-10,0.255022,0,-10],
"1SS2SS4SS4WW":[-10,0.0439778,0,0],
"3SS3WW1SS2SS":[0.142934,0,-10,0],
"1SS2WW4GW1GW":[-10,0.140302,0,0],
"1RW2WW1SG4WW":[-0.145607,0,-10,0],
"1SS2RW3WW3SS":[-10,0.196326,0,0],
"2GW2GR3WW1SS":[1.11373,0,0,-10],
"1SS1GR3WW1SS":[-10,1,0,-10],
"1SS3RW3WW1GW":[-10,-0.001,0.0916474,0],
"1SS2WW1WW1GR":[-10,0.0318855,-10,0],
"4SS1SS4RW1SS":[-0.001,-10,0,-10],
"4SS1SS4WW2SS":[-0.001,-10,0,0],
"4SS1GW1SR3WW":[-0.001,0,-10,0],
"4SS4SS1SR3WW":[-0.001,0,-10,0],
"1GW4SS1SR3WW":[1,0,-10,0],
"4WW2WW2SS1SG":[-0.001,0,0,-10],
"2GW1SS1SS2SS":[0.292553,-10,-10,0],
"1GW1SS3SS1WW":[1.1174,-10,0,-10],
"1SG2WW1WW4RW":[-10,0.0327649,-10,0],
"4WW1SG1SR3WW":[0.0767243,-10,-10,0],
"4WW1GW1WW1SR":[0.514216,0,-10,-10],
"1SS1SR1SS3WW":[-10,-10,-10,0.0578908],
"2SS1SS3WW2SS":[0.415718,-10,0,0],
"1SR4WW1SS3SS":[-10,0.967732,-10,0],
"3SR1GW1SS3SS":[-0.001,0,-10,0],
"1SR2SS3WW4WW":[-10,0.00346686,0,0],
"1WW2WW4SS1SG":[-10,0.0496559,0,-10],
"1WW4WW4SS1SG":[-10,-0.001,0,-10],
"1WW1GW1SS1GW":[-10,1,-10,0],
"1WW1SS4SG4SS":[-10,-10,-0.001,0.0379655],
"2WW2SS1SS2RW":[0.0150311,0,-10,0],
"1WW1SS4SG3SS":[-10,-10,-0.001,0],
"3SS4WW4RG1SS":[0.0429183,0,0,-10],
"2WW1GR1SS2WW":[0.160608,0,-10,0],
"2WW1RG1SS2GW":[0.155987,0,-10,0],
"4WW1SS2SS2SG":[0.108962,-10,0,0],
"1SS1SG1SS1SG":[-10,-10,-10,-10],
"1SS2SG1SS1SG":[-10,-0.996,-10,-10],
"1SR3SG1SS1SG":[-10,-0.001,-10,-10],
"1SS4SG1SS3GW":[-10,-0.001,-10,0],
"2SS1RW1SS1SS":[0.172781,0,-10,-10],
"3SS4GW4WW1SG":[-0.001,0,0,-10],
"1SS3SG4WW2GW":[-10,-0.001,0,0],
"4WW2SG1SS3GW":[0.225807,0,-10,0],
"2WW4SS3SS1SS":[0.155877,0,0,-10],
"4WW1WW1SR3SS":[0.206005,-10,-10,0],
"4SS2RW3WW1SS":[0.318126,0,0,-10],
"1RW2WW3WW1SS":[-0.0330375,0,0,-10],
"4WW4SR1SS2GW":[0.168286,0,-10,0],
"1WW2WW1SR1SS":[-10,0.216794,-10,-10],
"1GW2WW4RW1SS":[1.06143,0,0,-10],
"1WW1SS4SS3WW":[-10,-10,0.000380735,0],
"1SG4RW4WW1SS":[-10,0.193476,0,-10],
"1GW1SR1SS3WW":[1.28777,-10,-10,0],
"3GW4WW1SS2GW":[0.235091,0,-10,0],
"2WW1SS4RW2WW":[0.0868243,-10,0,0],
"2GW2SS1SS3SS":[0,-0.118628,-10,0],
"1SS2GW1WW2SS":[-10,0.627024,-10,0],
"2WW1GW1SR2WW":[0,1.16117,-10,0],
"1SR2WW1WW1SG":[-10,-1.8924,-10,-10],
"2WW3SR1SS4WW":[0.178704,0,-10,0],
"4WW3SS1SG2GW":[-0.001,0,-10,0],
"4WW3SS1SG1SS":[0.0108864,0,-10,-10],
"4RG2WW1SS1SS":[-0.001,0.141446,-10,-10],
"4RG2WW2WW1SS":[-0.001,0,0,-10],
"2WW3RG4WW1SS":[0.353041,0,0,-10],
"1SS2SR1SS1SS":[-10,-0.996,-10,-10],
"1SS3SR1SS1SS":[-10,-0.001,-10,-10],
"4WW2WW4SS1SS":[0.227481,0,0,-10],
"4GW3WW3SS1SS":[0.0898493,0,0,-10],
"3WW4WW4SS1SR":[0.168335,0,0,-10],
"1SS4WW4SG3SR":[-10,-0.001,0,0],
"3WW3GW1SS1RW":[0.147814,0,-10,0],
"1SG4WW1SS1SR":[-10,0.347012,-10,-10],
"3WW1SG4WW1RW":[0.0961992,-10,0,0],
"1SS1SG1SS1GR":[-10,-10,-10,1],
"4SS2GW4WW1SS":[-0.0455421,0,0,-10],
"3WW4WW1GW1SR":[0.145463,0,0,-10],
"2WW1SS1RW1WW":[0.0393325,-10,0,-10],
"1GW4SS1SS1RW":[1.96132,0,-10,0],
"2SS1SS4SS1SG":[-0.996,-10,0,-10],
"3SR4WW1WW1SG":[0.0208368,0,-10,-10],
"2GW4WW1GW1SS":[0.731582,0,0,-10],
"1SS2WW4WW3RG":[-10,0.146336,0,0],
"3WW1SS2SS2GW":[0.640009,-10,0,0],
"1SS4SG4RW1SS":[-10,0.205658,0,-10],
"2WW2GW4GW1SS":[0.102177,0,0,-10],
"1SS1SS4WW2GR":[-10,-10,0.336885,0],
"4WW2SS1SS3GR":[0.262726,0,-10,0],
"4WW3WW2GW1SG":[0.0290707,0,0,-10],
"2WW4SS1SR3WW":[0.0965928,0,-10,0],
"2RW3WW1SG3GW":[0.0222878,0,-10,0],
"1GR3WW1SG4WW":[1,0,-10,0],
"2GR3WW4GW1SS":[-0.001,0,0,-10],
"4RW2GW2WW1SG":[-0.001,0,0,-10],
"1SS3GW1SS1SG":[-10,-0.001,-10,-10],
"1WW1SS3SG3SS":[-10,-10,-0.001,0],
"1SS3GW2WW3WW":[-10,0.316147,0,0],
"4WW1SG4WW3RW":[0.243319,-10,0,0],
"1RW1GW1SS2SS":[0.172907,0,-10,0],
"3SS4RW1SS1SS":[0.333131,0,-10,-10],
"2WW1WW1SS2GW":[0.0514156,-10,-10,0],
"4SS4WW2RW1SS":[-0.001,0,0,-10],
"1SG2RW4WW1SG":[-10,0.119702,0,-10],
"1SS3RW4WW2GW":[-10,-0.001,0,0],
"1SS1WW1GW3RW":[-10,-10,1.17333,0],
"1SS4RW2WW2SS":[-10,0.115212,0,0],
"2SS1SS1SG1WW":[-0.996,-10,-10,-10],
"3SS1SG1SG1WW":[-0.001,-10,-10,-10],
"1SS4SS4WW3GW":[-10,0.00318273,0,0],
"3GW1SS4SS4WW":[0.398342,-10,0,0.21792],
"4SS1SS4WW2GW":[0,-10,0,0.270295],
"4WW1GW1SS1GW":[0.024415,0,-10,0],
"3WW2GW4GW1SS":[0.131402,0,0,-10],
"3GW4WW1WW1SS":[0.0567134,0,-10,-10],
"4SS1RW1SS4WW":[0.23402,0,-10,0],
"3SS1SS4WW3GW":[0.116994,-10,0,0],
"3WW1SG2SS4WW":[0.213696,-10,0,0],
"3SS1SS2WW1GW":[-0.00107971,-10,0,0],
"2RW3SS1SG1WW":[-0.001,0,-10,-10],
"3RW1SS2GW1WW":[-0.001,-10,0,-10],
"4WW3WW1SS4SR":[0.46375,0,-10,0],
"1SS3WW4WW2RG":[-10,0.258201,0,0],
"3WW4WW1SS3SG":[0.104115,0,-10,0],
"1WW4WW2SR1SG":[-10,0.0125896,0,-10],
"4WW1SR2GW3WW":[0.0778228,-10,0,0],
"1SS2SS1SS2SG":[-10,-0.996,-10,0],
"3SS1SS1SS3SR":[0.000836937,-10,-10,0],
"4SS1SS4WW1SS":[-0.001,-10,0,-10],
"2WW3GW4SS1SS":[0.126222,0,0,-10],
"4SS1RW1SS2GW":[0.112941,0,-10,0],
"1SS1WW2WW1RG":[-10,-10,0.0887155,0],
"3SS2RW1SS4WW":[0.0220669,0,-10,0],
"1SS2WW2RW4SS":[-10,0.240914,0,0],
"4WW2WW1SR4SS":[-0.001,0,-10,0],
"4GW1SG1SS2WW":[0.0275095,-10,-10,0],
"1WW1SS1SG3WW":[-10,-10,-10,0.0361776],
"1GW2WW2RW1SS":[2.15448,0,0,-10],
"1SS4RW1SS1SG":[-10,0.0200472,-10,-10],
"4WW2WW1GR1SS":[0.109293,0,0,-10],
"3SS2SS1SS2SS":[-0.001,0,-10,0],
"4WW2RG4SS1SS":[0.163517,0,0,-10],
"1SS3RG1SS1SS":[-10,-0.001,-10,-10],
"1SR1SS1SS4SS":[-10,-10,-10,0.00478693],
"2SR2SS1SS4SS":[-0.001,0,-10,0],
"1SG1WW2WW4SS":[-10,-10,0.0266002,0],
"1WW1GW1SS2WW":[-10,2.23764,-10,0],
"2GW3RG1SS4WW":[1.27429,0,-10,0],
"1SR2SS1WW3WW":[-10,-0.996,-10,0],
"1SS1SS3SS2GW":[-10,-10,-0.001,0],
"3RW1SS1SS3WW":[0.0267746,-10,-10,0],
"4RW4SS1SS3WW":[-0.001,-0.001,-10,0],
"4SR4SS1SS3WW":[-0.001,0,-10,0],
"1SS1WW4GW4GW":[-10,-10,0.158514,0],
"1SG2SS1SS2WW":[-10,-0.996,-10,0],
"3RW3WW4GW1SS":[0.268952,0,0,-10],
"1SS1SG1SS2SS":[-10,-10,-10,-0.100102],
"1RW3SS1SG4GW":[0.00118353,0,-10,0],
"1WW1SS1RW1SS":[-10,-10,-0.2,-10],
"2WW2RG1SS1WW":[-0.0010995,0,-10,-10],
"1SS1SG2SS1RW":[-10,-10,0.23124,0],
"3SS3SS4SS1SS":[0.0712598,0,0,-10],
"3RW4SS1SS3WW":[0,-0.001,-10,0],
"4RW3GW1SS3WW":[-0.001,0,-10,0],
"3SR4SS1SS3WW":[-0.001,0,-10,0],
"1SR4WW4SS1SS":[-10,0.277108,0,-10],
"4WW4WW3SS1SG":[0.468758,0,0,-10],
"1SG3SS1SS4WW":[-10,-0.210612,-10,0],
"4SS1SS2WW4RW":[0.0241205,-10,0,0],
"1SG1WW2WW3SR":[-10,-10,0.0234273,0],
"1SG1WW3WW3SS":[-10,-10,-0.001,0],
"1SG1WW4WW3SS":[-10,-10,-0.001,0],
"4SS1SS1SS1RW":[0.041973,-10,-10,0],
"1SS1SG1RW1SS":[-10,-10,0.111694,-10],
"1SS3SG4WW1SS":[-10,0.00127677,0,-10],
"4GW1WW1SS4SR":[0.00139201,-10,-10,0],
"1RG1WW1WW1SS":[-0.2,-10,-10,-10],
"3GW3WW1SS1RW":[0.800537,0,-10,0],
"4GW3WW1SS3SS":[-0.001,0.0738488,-10,0],
"4WW2WW1SS2RW":[0.570714,0,-10,0],
"1SG3WW3WW3SS":[-10,0.191297,0,0],
"2WW2WW1SG4GW":[0.0533934,0,-10,0],
"1SS2WW3WW3SR":[-10,0.0725594,0,0],
"1SS2WW1SS2SG":[-10,0.0038402,-10,0],
"4SS1SS3WW4SS":[-0.0010995,-10,0,0],
"4SS2SS1SS4SS":[-0.001,0,-10,0],
"4SS1SS4WW4SS":[-0.001,-10,0.0414912,0],
"4SS1SS1SS4SG":[-0.001,-10,-10,0],
"1SS1WW1WW4SG":[-10,-10,-10,-0.001],
"1SS1WW2WW4SG":[-10,-10,-0.001,0],
"1SS1WW4SS4RW":[-10,-10,0.213975,0],
"2GW4SS1SG2WW":[0.0989983,0,-10,0],
"3GW4SS1SG2WW":[-0.001,0,-10,0],
"1SS3WW4SS4SG":[-10,0.00718145,0,0],
"2GW4SS1SG3WW":[-0.001,0,-10,0],
"1RG4SS1SG3WW":[-0.2,0,-10,0],
"1WW3GW1SR1SS":[-10,0.00392234,-10,-10],
"3SG1SS3WW1SS":[-0.001,-10,0,-10],
"1SR4SS1SS1GW":[-10,0,-10,1.37587],
"1SG1RW1WW4WW":[-10,-0.0860038,-10,0],
"1SS4GW1SS2SS":[-10,0.00116999,-10,0],
"1SS1SG1SS2GW":[-10,-10,-10,-0.001],
"1RW1SS1WW1WW":[0.000372481,-10,-10,-10],
"1SS4WW2WW3GR":[-10,0.174826,0,0],
"1GW1SS4SR1WW":[0.999801,-10,0,-10],
"2WW1SS1GW1GW":[0.073886,-10,0,0],
"1SS2SS1SS4SS":[-10,-0.996,-10,0],
"2SS1SS4WW4SS":[-0.001,-10,0.685619,0],
"2SG4GW1SS1SS":[0.098756,0,-10,-10],
"1GR2WW4WW1SS":[1,0,0,-10],
"1SS4GW2GW1WW":[-10,0.175676,0,-10],
"4GW1SS4SR4WW":[0.101435,-10,0,0],
"1SG4WW1RW4GW":[-10,0.0418201,0,0],
"4WW1GW1SG4SS":[0.259786,0,-10,0],
"4RW4GW1SS2WW":[-0.001,0,-10,0],
"2SR1SS2GW4WW":[0.0157836,-10,0,0],
"3WW1SS3RW1WW":[0.0299078,-10,0,-10],
"1GW2WW1SS3SS":[1.92486,0,-10,0],
"3SS2WW1WW1SS":[0.00558049,0,-10,-10],
"1SS1RW3WW2WW":[-10,-0.105973,0,0],
"1SS2WW2WW3RW":[-10,0.0409103,0,0],
"4GW1WW1SG1SS":[-0.001,-10,-10,-10],
"2WW1SG4GW1WW":[0.0735727,-10,0,-10],
"1SS2SS1SG4GW":[-10,-0.996,-10,0],
"4GW2GR1SS1SS":[0.266255,0,-10,-10],
"4WW1GR1SS1SS":[0.331258,0,-10,-10],
"1SS2GW2GW4WW":[-10,1.23212,0,0],
"3SG1SS2WW2WW":[0.297783,-10,0,0],
"4GW4WW3WW1SG":[0.261514,0,0,-10],
"1SS2SS2RW4WW":[-10,0.215583,0,0],
"2WW1SS2SS1GW":[0.136829,-10,0,0],
"1SS3WW2WW2SG":[-10,0.0763258,0,0],
"2SS1SS1GW3WW":[0.0205383,-10,0,0],
"1SS4SS3GW3WW":[-10,0.0239986,0,0],
"1SR4WW2WW1SG":[-10,0.321033,0,-10],
"1SR4WW4WW1SG":[-10,0.19188,0,-10],
"1SG4SS4WW1GW":[-10,0.00375804,0,0],
"1SS1GW1SS4WW":[-10,0.822383,-10,0],
"2SR1SS3WW1SG":[-0.996,-10,0,-10],
"3SS1GW3WW1SS":[0.0460912,0,0,-10],
"1SS1WW4WW2RW":[-10,-10,0.498664,0],
"1WW3RG1SS3WW":[-10,-0.001,-10,0.0478134],
"1SS4SS4WW1SG":[-10,0.00360302,0,-10],
"2WW1SS2SR1SG":[0.0141335,-10,0,-10],
"1SS1SS2SG2SG":[-10,-10,0,-0.001],
"1WW1SS3SG2SS":[-10,-10,-0.001,0],
"2WW1WW1SS3SG":[-0.0010995,-10,-10,0],
"3RW4SS1SS2WW":[0.149235,0,-10,0],
"4RW4SS1SS1SS":[-0.001,0,-10,-10],
"3RW4SS1SS1SS":[0.146717,0,-10,-10],
"1SG4SS1SS4WW":[-10,0.000826738,-10,0],
"3WW2WW3SS1SG":[-0.0010995,0,0,-10],
"1SS3WW3SS1SG":[-10,-0.001,0,-10],
"3SS4SS1SS4RW":[0.00673265,0,-10,0],
"4WW1GW1GW1SR":[0.00059636,0,0,-10],
"4GW1SS1SS1RW":[0.0864812,-10,-10,0],
"1SS1WW2WW2RW":[-10,-10,0.083114,0],
"1SS3SS3SS2SS":[-10,-0.001,0,0],
"1SS1SS4SS1SR":[-10,-10,-0.001,-10],
"2SS4SS2SS1SS":[-0.001,0,0,-10],
"1GW4SS1SS3GW":[1,0,-10,0],
"1SS1WW2SS3SG":[-10,-10,0.163992,0],
"2WW2WW4SS1SR":[-0.114082,0,0,-10],
"1WW1SS1SS1RW":[-10,-10,-10,-0.145291],
"2SG1SS3WW3WW":[-0.000701193,-10,0.0860119,0],
"2RW1SS1SS3WW":[0.195173,-10,-10,0],
"2SS3WW1SS3SS":[-0.001,0,-10,0],
"4SS3WW2WW1SG":[0.00416501,0,0,-10],
"1RW2GW2WW1SS":[0.104816,0,0,-10],
"1SS3WW1SS1GW":[-10,0.00450565,-10,0],
"4SS1SS2WW1GW":[-0.001,-10,0,0],
"4GW1SS2WW4GW":[-0.001,-10,0.9936,0],
"4GW1SS2SG4WW":[0.0204966,-10,0,0],
"1SR3GW3WW4WW":[-10,0.00325829,0,0],
"1RW3SS1SS4WW":[-0.0102455,0,-10,0],
"4WW1GR1SS3WW":[0.263007,0,-10,0],
"1GW2SS1SR4WW":[1.14013,0,-10,0],
"2WW4GW4SR1SS":[0.125203,0,0,-10],
"2SS1SS1GR4WW":[0.336737,-10,0,0],
"1GW2SS1SG1WW":[1.01593,0,-10,-10],
"4GW1SS4GW1WW":[-0.001,-10,0,-10],
"2WW1SS4GW1GW":[0.0636133,-10,0,0],
"2WW3GW4RW1SS":[0.0384392,0,0,-10],
"4WW2SS4SS1SS":[0.180829,0,0,-10],
"1SS4WW4GW4SS":[-10,0.22255,0,0],
"1SS4RW1WW1SS":[-10,-0.0010995,-10,-10],
"2WW2WW1SR1SG":[0.0358512,0,-10,-10],
"1WW1WW1SS3SS":[-10,-10,-10,-0.0019],
"3WW4SS2SS1SS":[0.144853,0,0,-10],
"1GW1SR4WW4WW":[3.63431,-10,0,0],
"1SS1SR1GW1SS":[-10,-10,1.22423,-10],
"4SS1SS4WW1GW":[-0.001,-10,0.463001,0],
"2GW1SS2GW2WW":[-0.001,-10,0,0],
"2SS2SG1SG1SS":[-0.996,0,-10,-10],
"3SS2SS4GW1SS":[-0.001,0,0,-10],
"3WW1SS4SR3WW":[0.101476,-10,0,0],
"4WW4SS1SR3WW":[-0.001,0.234272,-10,0.202847],
"2GW4WW1SS4GW":[3.20937,0,-10,0],
"1SS3SS2SS4WW":[-10,0.00300738,0,0],
"1WW1WW1SS1GW":[-10,-10,-10,1.08225],
"1SG1GW4WW4SS":[-10,1.16715,0,0],
"3SS3SG1SS4WW":[-0.001,0,-10,0],
"1SS3GW1WW3WW":[-10,0.0077183,-10,0],
"3SS4WW2GW1SS":[-0.001,0.34764,0,-10],
"1SS1WW1SR3SS":[-10,-10,-10,-0.347018],
"1WW1WW2SR1SS":[-10,-10,-0.001,-10],
"4WW1WW1SR3GW":[0.0442648,-10,-10,0],
"1GW4RW1SS2SS":[1.30289,0,-10,0],
"3SS3GW1SS1SS":[0.154278,0,-10,-10],
"1SS2SG3WW1WW":[-10,0,-0.001,-10],
"3SS1SS4GW4SS":[-0.001,-10,0,0],
"1SS1WW3RW4SS":[-10,-10,-0.001,0],
"1SS1WW4RW4SG":[-10,-10,-0.001,0],
"4SS1SG1SS1SS":[0.176335,-10,-10,-10],
"1SS1GW4WW2SG":[-10,1.07397,0,0],
"2WW3GW1SS3GW":[0.146289,0,-10,0],
"3RW4SS1SG2WW":[0.00585452,0,-10,0],
"2RW4SS1SG2WW":[-0.001,0,-10,0],
"3RW1SS4GW2WW":[-0.001,-10,0,0],
"1RW4WW1SS1SG":[0.00419152,0,-10,-10],
"1SR4WW1WW2GW":[-10,0.0713945,-10,0],
"3WW4SS1SS3GW":[0.00652975,0,-10,0],
"1WW2SS1SS1SS":[-10,0.139791,-10,-10],
"1WW4SS2SS1SS":[-10,-0.001,0,-10],
"1GW1SS1SR1WW":[1.04464,-10,-10,-10],
"1GR4WW1SS3WW":[1.19632,0,-10,0],
"2GW1SS4RW1WW":[0.0214313,-10,0,-10],
"4WW2WW3GW1SR":[0.0143803,0,0,-10],
"3WW1SR1GW3WW":[0.0111266,-10,0,0],
"4GW4GW1WW1SS":[0.0951494,0,-10,-10],
"1SG3WW4WW4SS":[-10,0.122497,0,0],
"3GW4GW1WW1SS":[0.905415,0,-10,-10],
"1SS4SS3WW4WW":[-10,-0.001,0,0],
"2SS3SS3WW1SS":[-0.0198781,0,0,-10],
"1SR4SS2WW2WW":[-10,0.000202857,0,0],
"3SS1GW2GW1SS":[-0.000786854,0,0,-10],
"1RW1SG1SS1SS":[-1.195,-10,-10,-10],
"3GW1SG1SS1WW":[0.389019,-10,-10,-10],
"3GR1SS3WW2GW":[0.025075,-10,0,0],
"1SS1SS1SR2WW":[-10,-10,-10,-0.109319],
"1WW1SG2SR2WW":[-10,-10,-0.001,0],
"3SG4WW2WW1SS":[-0.001,0,0,-10],
"3WW4RW1SG3WW":[0.0827617,0,-10,0],
"3WW1SR1SS3GW":[0.161631,-10,-10,0],
"4GW1SS1SS2RW":[0.206023,-10,-10,0],
"3WW1WW1SS1RG":[0.11172,-10,-10,0],
"2GW1SG4WW2WW":[1.71161,-10,0,0],
"1SS1SR2GW1WW":[-10,-10,1.91411,-10],
"2GW1RW1SG4WW":[0.101152,0,-10,0],
"1SS3SS3SS1SS":[-10,-0.179949,0,-10],
"1SS4SS1SS2WW":[-10,-0.001,-10,0],
"2SS2SS1SS2WW":[-0.001,0,-10,0],
"1SS3WW3RW4SS":[-10,0.211602,0,0],
"3WW4SS1SS2RW":[0.0969704,0,-10,0],
"1SS3SR4WW2GW":[-10,-0.001,0,0],
"1SS1SS1SS4SR":[-10,-10,-10,0.00243897],
"2WW3WW4SG1SS":[0.00673229,0,0,-10],
"4SS2WW2WW1SS":[0,0,0.215899,-10],
"2WW4SS1SG4WW":[-0.001,0,-10,0],
"4GW2WW1SR1SS":[-0.001,0.503771,-10,-10],
"2SS1SS3WW4RW":[0.197096,-10,0,0],
"2WW1RW1GW1SG":[-0.188784,0,0,-10],
"1RW1GW1WW1SS":[-0.133444,0,-10,-10],
"4WW2WW3SR1SS":[0.0752653,0,0,-10],
"2GW2WW1SR2SS":[-0.001,0,-10,0],
"3GW2WW4RW1SS":[0.0419089,0,0,-10],
"1GW4GW2SS1SS":[1.06717,0,0,-10],
"1SS4WW2GW2RG":[-10,0.132141,0,0],
"4WW1WW1SS4RG":[0.203448,-10,-10,0],
"3WW2WW2SS1SS":[0.25505,0,0,-10],
"4SS1SR4WW3WW":[-0.000928089,-10,0.0308412,0],
"1SS2SS2SS3WW":[-10,-0.0563468,0,0],
"1SS1SS1RW3GW":[-10,-10,0.00900087,0],
"1SS1SR3SS4WW":[-10,-10,0.208534,0],
"1SS2GW4WW4SG":[-10,0.0793758,0,0],
"3RW4GW1SS2GW":[0.139777,0,-10,0],
"4RW1SS2SS1SS":[-0.001,-10,0,-10],
"1SS2SS1GW1RW":[-10,0.0645053,0,0],
"1SS2SS1RW2WW":[-10,0.0230615,0,0],
"2GW4WW1SR1SS":[0.603309,0,-10,-10],
"2RW4WW1SS2SS":[0.166394,0,-10,0],
"3RW4WW1WW1SS":[-0.001,0.18416,-10,-10],
"4GW1RW1SS2WW":[0.0896001,0,-10,0],
"2RW2SS1SS2WW":[0.114316,0,-10,0],
"4GW1GW1SS3WW":[0.225566,0,-10,0],
"1SG1SR3WW4WW":[-10,-10,0,0],
"2SS1SS1RG4WW":[0.564301,-10,0,0],
"3WW4WW3RG1SS":[0.124327,0,0,-10],
"3WW1SS1SG2SS":[-0.001,-10,-10,0],
"1SS2SR1GW4WW":[-10,0.0383776,0,0],
"3SS1SS3WW2SS":[0.00571121,-10,0,0],
"1SS1WW3GW1RW":[-10,-10,0.657132,0],
"3WW3GR1SS3WW":[0,0,-10,0.0304205],
"3WW3GR4WW1SS":[0.243171,0,0,-10],
"1SS4GR4WW2WW":[-10,-0.001,0,0],
"3WW4GR1SS1WW":[0.110903,0,-10,-10],
"1SS2WW3WW2SR":[-10,-0.001,0.18365,0],
"2SS2SS2GW1SS":[-0.996,0,0,-10],
"1SS2GW3RW1SS":[-10,1.00641,0,-10],
"1SS3GW4WW2WW":[-10,-0.001,0.520772,0],
"3WW3GW1SS4GW":[0.163058,0,-10,0],
"1SS2SS1SS4GW":[-10,0.00663349,-10,0],
"1SS3WW4SS3SS":[-10,0.187248,0,0],
"4WW3SS4SS1SS":[0.0265281,0,0,-10],
"4SS2SS4SS1SS":[-0.0511813,0,0,-10],
"2WW4SS4SS1SS":[0.249958,0,0,-10],
"3WW4SS1SR2WW":[0.0891833,-0.001,-10,0],
"3WW4SS1SR1SS":[-0.001,0,-10,-10],
"3SS4SS1SG3WW":[0.0471131,0,-10,0],
"4SS1SS4GW3WW":[-0.001,-10,0.0405143,0],
"2WW1SS4SG3WW":[0.0577562,-10,0,0],
"3WW4WW1SG4SS":[0.137584,0,-10,0],
"1SG3WW4WW2SS":[-10,0.0450679,0,0],
"1RW3WW2GW1SS":[-0.106372,0,0,-10],
"1SS4GW2WW1SG":[-10,-0.001,0,-10],
"1SS4WW1RW4GW":[-10,0.194515,0,0],
"3SS3SS4WW1SR":[-0.001,0,0,-10],
"1SR1SS2WW2GW":[-10,-10,0.0402288,0],
"2SS3SS1SR3WW":[0.0293449,0,-10,0],
"3SS1SS3RW3WW":[-0.001,-10,0,0],
"4WW1SS1SS1RG":[0.22365,-10,-10,0],
"2SS2SS1SS3RG":[0.37213,0,-10,0],
"4SS4WW4WW1SG":[0.10878,0,0,-10],
"4SS2GW4WW1SG":[-0.001,0,0,-10],
"1SS2GW4WW2SG":[-10,0.0657557,0,0],
"1SS4GW4WW2RG":[-10,-0.001,0,0],
"3WW4RW2SS1SS":[0.113869,0,0,-10],
"1WW4GW4GW1SR":[-10,0.0175339,0,-10],
"2GW4RW1SS3SS":[1.23077,0,-10,0],
"4WW2GR1SS3WW":[1.67134,0,-10,0],
"1GW1SR1SS2WW":[1.13593,-10,-10,0],
"2WW4GW2SG1SS":[0.295254,0,0,-10],
"4SS2SS1SG4WW":[-0.001,-0.0859956,-10,0.364344],
"3WW1SS4SR2WW":[0.0122763,-10,0,0],
"2WW4WW1SR2GW":[0.207325,0,-10,0],
"1WW3GW1SS1GW":[-10,0.0169954,-10,0],
"4GW3WW2WW1SR":[0.00916297,0,0,-10],
"4GW3WW1SS4GW":[0.0754532,0,-10,0],
"4GW2SS1SS4RW":[-0.001,0,-10,0],
"1SS3GW2WW4RW":[-10,0.0154882,0,0],
"1SS2WW2GW3SS":[-10,0.11708,0,0],
"4WW1SG1SS3RW":[0.622069,-10,-10,0],
"3WW2WW3RW1SS":[-0.001,0,0,-10],
"2WW1SS2SG3WW":[0.0495493,-10,0,0],
"2WW3WW1GW1SG":[0.0199634,0,0,-10],
"2WW2SR1SS3WW":[-0.001,0,-10,0],
"2WW3RG2SS1SS":[0.124609,0,0,-10],
"1SS1SS4GW1SG":[-10,-10,0.0848043,-10],
"1SR2SS4WW1SG":[-10,-0.001,0,-10],
"4RW3GW4WW1SS":[0.456613,0,0,-10],
"4GW4WW1SG3WW":[-0.001,0,-10,0],
"4GW4WW2SG1SS":[-0.001,0.35885,0,-10],
"1SS4GW1GW1WW":[-10,0.363306,0,-10],
"1SS1GW2SS1SS":[-10,4.10435,0,-10],
"3WW3GW1SG4WW":[0.158517,0,-10,0],
"3GW1SS1GW3WW":[0.0454216,-10,0,0],
"4GW4RW2WW1SS":[0.520371,0,0,-10],
"1SS1SS4SG1SS":[-10,-10,-0.00119895,-10],
"1SS1SS4SG4WW":[-10,-10,-0.001,0],
"1SG1SS2WW1SG":[-10,-10,0.0854245,-10],
"3WW3GW4RW1SS":[0.0778273,0,0,-10],
"1WW2RW2SS1SS":[-10,-0.0205885,0.386441,-10],
"4WW1GW1SS1RG":[0,0,-10,-0.175101],
"4SS2GW1WW1SS":[0.0718759,0.66903,-10,-10],
"1WW1GW1SS3RW":[-10,1,-10,0],
"4WW2GW1SS1SR":[0.176427,0,-10,-10],
"3RW1SS2GW3WW":[-0.001,-10,-0.001,0.385939],
"2WW2WW1SR4GW":[-0.001,0,-10,0],
"4SS1SS4WW1GR":[0.0655486,-10,0,0],
"1WW4WW4SR1SS":[-10,0.498739,0,-10],
"3WW1SS3RW2GW":[-0.001,-10,0,0],
"1WW1GW3SS1SS":[-10,2.07819,0,-10],
"3RW3SS1SS4WW":[0.131198,0,-10,0],
"1SS4RW1SG1SS":[-10,0.0137278,-10,-10],
"1SS2SS3GW1WW":[-10,1.04719,0.00225326,-10],
"1WW1SS2SR1WW":[-10,-10,-0.996,-10],
"1WW1SS2SS2GW":[-10,-10,-0.001,0.471556],
"3GW2GW1SR1WW":[-0.001,0,-10,-10],
"1WW3WW1SG4SS":[-10,0.12885,-10,0],
"4WW3WW1SG4SS":[-0.001,0.44165,-10,0],
"1SS4SS4SS2SS":[-10,0.139612,0,0],
"4SS3WW1SG4SS":[-0.001,0,-10,0],
"1SS2WW1SS4SS":[-10,0.135013,-10,0],
"3SS2WW4WW1SS":[-0.001,0.953405,0,-10],
"1SS3GW1WW1GW":[-10,-0.001,-10,1.00276],
"3SS1SS2WW4RW":[0.131473,-10,0,0],
"3SS4GW2WW1SR":[0.130393,0,0,-10],
"2GW3WW2SS1SS":[1.18981,0,0,-10],
"2WW3GW2SS1SS":[0.148031,0,0,-10],
"1SS3RG4WW2WW":[-10,0.072546,0,0],
"1SR2WW4WW3GW":[-10,0.130076,0,0],
"3SS3RW1SG1SS":[0.0323308,0,-10,-10],
"4WW1RW1SG3SS":[-0.000505056,0,-10,0],
"1SS2GW1WW2SR":[-10,0.0331055,-10,0],
"3WW2WW1RW1SS":[-0.001,0,0,-10],
"2SS2RW4WW1SS":[0.386116,0,0,-10],
"1WW1SS3RW2GW":[-10,-10,0.23666,0],
"3GW1WW1SS1RW":[0.164814,-10,-10,0],
"1SS2SS1SS1SG":[-10,-0.996,-10,-10],
"1SS3SS1SS1GW":[-10,-0.001,-10,0],
"1SR2SS2SS2SS":[-10,-0.100192,0,0],
"2GW2WW1SS4SS":[-0.001,0,-10,0],
"1RG2WW4WW1SS":[-0.2,0,0,-10],
"1SS4WW2RG1SS":[-10,0.196556,0,-10],
"4WW4WW1SR1GW":[-0.001,0.127645,-10,0],
"1WW4WW4GW1SG":[-10,0.0485206,0,-10],
"1WW2RW1SS1GW":[-10,-0.0209334,-10,0],
"2RW4SS1SS4WW":[0.23645,0,-10,0],
"1RG4WW1SS1SS":[0.46133,0,-10,-10],
"2SS1RG3WW1SS":[0.203203,0,0,-10],
"1SS2RG1GW4WW":[-10,-0.001,1.18574,0],
"1SS2GW3WW2RW":[-10,0.18179,0,0],
"1SS4WW2GW1GW":[-10,0.0050118,0,0],
"4WW1SS4GR2WW":[0.0694919,-10,0,0],
"1GW4SS1SG2WW":[1.0048,0,-10,0],
"4GW3SS1SR2WW":[-0.001,0.00534269,-10,0],
"3SS1SS1WW3RW":[0.132159,-10,-10,0],
"1SS2GW1WW4RW":[-10,-0.001,-10,0],
"4WW2WW2GW1SG":[0.0738136,0,0,-10],
"4WW2GW1WW1SR":[0.425283,0,-10,-10],
"1SS3GW1WW1SR":[-10,-0.001,-10,-10],
"1SS4GW1WW3RW":[-10,-0.001,-10,0],
"1SS2SS4WW1RG":[-10,0.0911761,0,0],
"1SS2WW2WW4SR":[-10,0.0308587,0,0],
"2WW3WW1SS3RG":[0.0077311,0,-10,0],
"1SR1SS4GW4WW":[-10,-10,-0.000111832,0],
"2WW2RW1SS1GW":[0.391506,0,-10,0],
"3WW1WW4RG1SG":[0.0164437,-10,0,-10],
"1WW4SS1SG4WW":[-10,0.109239,-10,0],
"4WW1SS2SS2SS":[0.265219,-10,0,0],
"1SS1GW1WW2SS":[-10,1.0623,-10,0],
"4SS3WW1SS1SG":[0.0361226,0,-10,-10],
"1GW2SS1SS3WW":[2.14617,0,-10,0],
"4WW1GW2SR1SS":[0.24179,0,0,-10],
"3SG2SS2WW1SR":[-0.001,0,0,-10],
"1SS3SS2WW1RW":[-10,-0.001,0,0],
"1WW2GW1RG1SS":[-10,1.15874,0,-10],
"4GW1WW1SS1SR":[-0.00124416,-10,-10,-10],
"4GW1WW1WW1SG":[-0.001,-10,-10,-10],
"2SS2WW2WW1SR":[-0.057349,0,0,-10],
"2GW3WW2WW1SS":[0.199194,0,0,-10],
"1SR1SS2SS1SS":[-10,-10,-0.996,-10],
"4GW1RG1SS2WW":[0.250792,0,-10,0],
"1RW1SS3WW1GW":[-0.0183024,-10,0,0],
"1SG4WW2WW3RW":[-10,0.0629202,0,0],
"1WW1SS3SS1SS":[-10,-10,-0.149613,-10],
"2WW1SS1SG2SS":[-0.0917968,-10,-10,0],
"2WW4GW1RW1SS":[0.0970475,0,0,-10],
"3WW1RW1SS3SS":[0.032933,0,-10,0],
"4WW1WW1SG3SS":[0.107886,-10,-10,0],
"4WW1SS1SR1GW":[0.115552,-10,-10,0],
"3RW1SS3SS4WW":[0.244236,-10,0,0],
"1SS3WW3WW2SR":[-10,0.0490038,0,0],
"1SS1GW1WW3SS":[-10,1.06155,-10,0],
"4SS1SS3WW1WW":[-0.001,-10,0.188983,-10],
"1SS1SR2SS1SS":[-10,-10,-0.789341,-10],
"1SS2SR1SG1SS":[-10,-0.001,-10,-10],
"1SR4WW4WW4SS":[-10,0.418791,0,0],
"3WW2RW1SS1SS":[0.291003,0,-10,-10],
"1GW1RW4WW1SS":[1.1112,0,0,-10],
"3RW2WW1SS2SS":[-0.000177075,0,-10,0],
"4GW3SR1SS1WW":[0.0128255,0,-10,-10],
"1WW2RW1SS1WW":[-10,-0.001,-10,-10],
"1WW3WW2SG1SR":[-10,-0.001,0,-10],
"1SG4RW1WW1SS":[-10,-0.001,-10,-10],
"1WW4WW2SS1SR":[-10,-0.001,0.0871112,-10],
"1SS3WW1GW2SS":[-10,0.159079,0,0],
"1WW1SS3SS3SG":[-10,-10,-0.001,0],
"2WW1WW4SS1SS":[-0.000791528,-10,-0.001,-10],
"1SR1SG4WW3WW":[-10,-10,0.0768278,0],
"3WW4GW1SS1GW":[0.115175,0,-10,0],
"4GR1SS4WW3WW":[-0.001,-10,0.145835,0],
"4SS3WW4GW1SS":[-0.001,0,0,-10],
"4WW1SS3RG3WW":[0.0374303,-10,0,0],
"4SS1SS3WW1GW":[0.175719,-10,0,0],
"1WW2WW1SG4SS":[-10,0.112245,-10,0],
"3GW1SS1WW2WW":[0.262357,-10,-10,0],
"4GW4WW1SS3RW":[-0.001,0.209814,-10,0],
"4WW4RG2WW1SG":[0.230053,0,0,-10],
"4WW4GW2RW1SS":[0.0419076,0,0,-10],
"1SR1WW4WW1SG":[-10,-10,0.0670021,-10],
"2SS1SS4GW1SS":[-0.0661551,-10,0.152459,-10],
"3SS2SR4WW1SG":[0.00715635,0,0,-10],
"1SS3SR4WW1GW":[-10,-0.001,0.230012,0],
"3WW4WW1SR4SS":[-0.001,0.126777,-10,0],
"1WW2GW1SG4WW":[-10,1.74624,-10,0],
"3SS4WW1SR4SS":[-0.001,0,-10,0],
"4WW2RW1SG3SS":[0.0117703,0,-10,0],
"1SS3GR4WW4SS":[-10,0.0219033,0,0],
"4WW4GR1SS1WW":[0.104898,0,-10,-10],
"2RW1WW1SS2SS":[-0.001,-10,-10,0],
"1SS2SR4WW2WW":[-10,0.015452,0,0],
"4SS2SS1GW1SG":[-0.001,0,0,-10],
"4WW1SS3SS4SS":[0.132304,-10,0,0],
"4WW4SS1SR1SS":[-0.000979053,0,-10,-10],
"4SS4WW2GW1SS":[-0.001,0.503725,0,-10],
"2GW1SS3WW2WW":[2.89931,-10,0,0],
"4WW2GW2WW1SG":[0.279898,0,0,-10],
"1SS3GW2WW2GW":[-10,-0.001,0,0],
"1SS1SS3RW2WW":[-10,-10,0.0213758,0],
"1SS1RG4WW2SS":[-10,-0.2,0.288865,0],
"4WW3RG4GW1SS":[0.146788,0,0,-10],
"1WW2WW2SR1SS":[-10,-0.0596794,0,-10],
"4GW1SR3WW3WW":[0.0431027,-10,0,0],
"2SS1SR3SS1SS":[-0.996,-10,0,-10],
"2WW1WW1SS3RW":[-0.00136133,-10,-10,0],
"1SS1WW1SG2SG":[-10,-10,-10,-0.996],
"1WW1RW2SS1SS":[-10,-0.195691,-0.996,-10],
"3WW1WW1SS1RW":[0.207182,-10,-10,0],
"2WW3WW1SS2GW":[-0.00118905,-0.001,-10,0],
"4RW1WW1SG4SS":[-0.001,-10,-10,0],
"2RW1WW2GW1SS":[-0.001,-10,0,-10],
"1SS3SS2SS3WW":[-10,-0.001,0,0],
"1SS4SR1SS1SS":[-10,-0.001,-10,-10],
"3GW4SS1SG3WW":[-0.001,0,-10,0],
"2RW1WW1SG2SS":[0.00693617,-10,-10,0],
"3RW1WW2GW1SS":[-0.001,-10,0.101385,-10],
"1GW4WW1SS4SR":[1.00712,0,-10,0],
"1GW1WW1SS1RW":[1.09477,-10,-10,0],
"3GW4RW1SS1SS":[0,0.127121,-10,-10],
"4RW1SS2GW2WW":[-0.001,-10,-0.001,0.404585],
"1WW2WW4GW4WW":[-10,-0.001,-0.001,0],
"2WW2WW4GW4WW":[-0.001,-0.001,-0.001,0],
"3WW2WW4GW4WW":[-0.001,-0.001,-0.0010995,0],
"4WW1WW2RW4WW":[-0.001,-10,-0.001,-0.0010995],
"3GW4WW1RW1SS":[0.114024,0,0,-10],
"1WW1WW4RW4WW":[-10,-10,-0.0019995,-0.001],
"2WW1WW4RW4WW":[-0.0019995,-10,-0.0019995,-0.001],
"3WW1WW4RW4WW":[-0.0019995,-10,-0.0019995,-0.001],
"4WW1WW3RW4WW":[-0.0019995,-10,-0.0019,-0.001],
"4WW2WW3GW4WW":[-0.001,-0.001,0,0],
"4WW2RW4WW4WW":[-0.00118905,-0.001,0,0],
"4WW3WW3WW4GW":[-0.001,0,0,0],
"1SS4RW2GW4WW":[-10,0.171656,0,0],
"4WW3GW2WW4WW":[-0.001,-0.001,0,0],
"4WW4WW3WW4GW":[-0.0019995,-0.0019,-0.001,-0.001],
"1RW4GW2WW1SS":[-0.160513,0,0,-10],
"2SS2SS4WW1SR":[-0.107244,-0.000964642,0,-10],
"4SS1SS1SS3WW":[0.0223226,-10,-10,0],
"1SS4SS4WW3RW":[-10,-0.000141671,0.69852,0],
"1RW2WW1WW1SS":[0.017713,0,-10,-10],
"1SS1RW1GW1SS":[-10,0,1.00146,-10],
"4WW4RW1SS1SG":[0.216479,0,-10,-10],
"1SS4RW2WW1SG":[-10,-0.001,0,-10],
"1SS4RW2WW1GW":[-10,-0.001,0.943705,0],
"4WW4SR1SS2WW":[0.640343,0,-10,0],
"3SS1SG1WW4WW":[-0.000393873,-10,-10,-0.001],
"4SS1SS1SG3GW":[0.180308,-10,-10,0],
"3WW4WW1SG3SS":[-0.001,0,-10,0],
"4WW4WW1SG3SS":[0.244067,0,-10,0],
"2SG1SS1RG4WW":[0.0338725,-10,0,0],
"4GW4WW2RG1SS":[0.0365428,0,0,-10],
"2GW4WW1SG3RW":[0.482002,0,-10,0],
"1SS2SS3WW2SS":[-10,0,-0.001,0],
"1SG1RW4WW1SS":[-10,-0.112652,0,-10],
"2SS4SS1SS1SS":[0.0119598,0,-10,-10],
"3SS4SS2WW1SG":[-0.001,0,0,-10],
"2SS2GW1WW1SG":[0.0258294,0,-10,-10],
"4WW2RW2SS1SS":[0.159614,0,0,-10],
"2RW1SS2WW4GW":[0.13651,-10,0,0],
"1SS3WW1GW2RW":[-10,0.160797,0,0],
"1SG4WW1WW3RW":[-10,-4.85702e-05,-10,0],
"1SS1RW3WW1WW":[-10,-0.130351,0,-10],
"2GW2WW3WW1SG":[0.374951,0,0,-10],
"1SS4GW3WW1SR":[-10,0.00441777,0,-10],
"4GW1SS4RW1WW":[0.0778864,-10,0,-10],
"4GW1SS3RW1WW":[0.12015,-10,0,-10],
"1SG3RW1GW4WW":[-10,0.1085,0,0],
"1WW2WW1SS4SS":[-10,-0.996,-10,0],
"1SS4RW2GW4GW":[-10,-0.001,1.12237,0],
"2WW1SR1SS1WW":[0.0539043,-10,-10,-10],
"3SS2SS1SG3WW":[-0.001,0,-10,0],
"2WW1WW1SS1RG":[-0.00126964,-10,-10,0],
"1SS2SR4WW4GW":[-10,0.0237727,0,0],
"2WW3RG1SG4WW":[0.104414,0,-10,0],
"3GR2WW1SS4WW":[0.0177389,0,-10,0],
"3GW1WW1SS3GW":[0.104407,-10,-10,0],
"1SS1SS3SS3WW":[-10,-10,0.0142206,0],
"3WW4SG1SS3WW":[0.224173,0,-10,0],
"3WW2WW2RW1SS":[0.0788538,0,0,-10],
"1SS2SS4WW3RG":[-10,0.0229574,0,0],
"2WW2WW1GR1SS":[0.00822803,0,0,-10],
"1GW1SS1WW2WW":[2.0322,-10,-10,0],
"1SS3SS2WW1SG":[-10,-0.001,0,-10],
"1SS4SS2WW1GW":[-10,-0.001,0,0],
"1SS1WW1GW1RG":[-10,-10,1.62714,0],
"1GW1SS1RW4GW":[1.02619,-10,0,0],
"1GW2WW1SR1SS":[1.01073,0,-10,-10],
"2RG1SS3WW4WW":[0.069689,-10,0,0],
"1SS3WW2WW2SR":[-10,0.124991,0,0],
"4WW1SS2SS3SS":[0.170703,-10,0,0],
"4WW1WW2RW1SG":[0.0667495,-10,0,-10],
"4WW3SS1SR3WW":[0.0737585,0.0430574,-10,0],
"1SS1SS1SR2GW":[-10,-10,-10,0.81772],
"1WW1SS1RW3WW":[-10,-10,-0.2,0],
"2RW1SS1SS2GW":[0.15873,-10,-10,0],
"1SS2GW4WW4SR":[-10,-0.001,0.240781,0],
"1SR3SS4WW3WW":[-10,0.0784513,0,0.412842],
"1SR3SS2WW3WW":[-10,0.120642,0,0],
"2WW1GW1SS1RW":[0.134871,0,-10,0],
"2WW3WW1SS1GR":[0.00682901,0,-10,0],
"2WW3GW1SS1RW":[0.130124,0,-10,0],
"1SS1SS1SG3SS":[-10,-10,-10,-0.191161],
"1SS4RG2GW1SS":[-10,-0.001,0,-10],
"1SS4RG4WW2WW":[-10,-0.001,0,0],
"1SS4WW3SS2SG":[-10,-0.001,0,0],
"1SS1SS3SS1SG":[-10,-10,0.2157,-10],
"1SS2SS3SR1SG":[-10,-0.001,0,-10],
"1SS1SR2GW4WW":[-10,-10,1.19358,0],
"1RW1SG2WW1WW":[0.0931631,-10,0,-10],
"2SS2SS1SS4SS":[-0.001,0,-10,0],
"1SS3SS3SG4WW":[-10,-0.001,0,0],
"4SS1WW4WW1SG":[0.109997,-10,0,-10],
"1SS4WW1GW4RG":[-10,0.0296674,0,0],
"3WW1GW1SS4SS":[0.00215263,0,-10,0],
"4WW1SS4SS2GW":[0.155807,-10,0,0],
"1SS1WW2SS3SS":[-10,-10,-0.996,0],
"1SS1SS2SS3SS":[-10,-10,-0.163676,0.01551],
"1WW1SS3SS4SS":[-10,-10,-0.001,0],
"2SR1GW1WW1SS":[0.0396808,0,-10,-10],
"1SS2RG1WW2WW":[-10,-0.001,-10,0],
"1SS2GW3WW4SS":[-10,2.82535,0,0],
"1SS4SG3WW2WW":[-10,-0.001,0,0],
"1SS4GW1GW3WW":[-10,-0.001,1.06136,0],
"3GW3WW4GW1SS":[-0.001,0,0,-10],
"4WW2WW2GW1SR":[0.171247,0,0,-10],
"4GW4RW1SS2WW":[0.145511,0,-10,0],
"1SS1SG1GW1WW":[-10,-10,1.18493,-10],
"3WW3GW1SS1WW":[-0.0010995,0,-10,-10],
"2WW3WW1SR4GW":[0.0122891,0,-10,0],
"1WW2GW4RW1SS":[-10,1.08087,0,-10],
"1SS2GW3WW3RW":[-10,0.0227881,0,0],
"3WW2GW1SS1SS":[0.291511,0,-10,-10],
"3GW1SR1SS4WW":[1.11724,-10,-10,0],
"1SG4WW1GW3WW":[-10,0.149038,0,0],
"2SS4WW1SS2RW":[0.008114,0,-10,0],
"3SS1SS1SG4RW":[0.00970469,-10,-10,0],
"1SS3RW4WW4SS":[-10,-6.36976e-05,1.15366,0],
"3WW4SR1SS1GW":[0.00360902,0,-10,0],
"2WW4SS1SR2WW":[0.103109,0,-10,0],
"1SS3RW4WW4SG":[-10,0.00702323,0,0],
"1SS2SR4GW1SG":[-10,0.00450919,0,-10],
"1SS3SR4WW3GW":[-10,-0.001,0,0],
"4WW1SR4WW1GW":[0.285282,-10,0,0],
"1WW3WW1SS4RW":[-10,-0.0010995,-10,-0.001],
"4RW1SG1SG1WW":[-0.0010995,-10,-10,-10],
"4RW1SS2GW1WW":[-0.001,-10,0,-10],
"2GR4GW1SS3SS":[0.619231,0,-10,0],
"3WW2GW1SS3WW":[0.0164438,0,-10,0],
"4GR1SS2WW4WW":[-0.001,-10,0.184368,0],
"2WW4WW1SG1RW":[0.103086,0,-10,0],
"3WW1SS4GW1GW":[-0.001,-10,0.17273,0],
"3WW4WW1SS2RG":[0.0346145,0,-10,0],
"1SS1SG1WW1WW":[-10,-10,-10,-10],
"1WW1SS1SR1SS":[-10,-10,-10,-10],
"1RW1SS2WW3WW":[-0.0501745,-10,0,0],
"1RW1SS2SS1SS":[-0.00695517,-10,0,-10],
"4WW1WW1SG2SS":[0.151868,-10,-10,-0.001],
"4RG4WW4WW1SS":[0.125945,0,0,-10],
"2WW2SS1SR3WW":[0.132109,0,-10,0],
"2WW2GW1SS4GW":[0.131647,0,-10,0],
"1SS4RW4WW4SS":[-10,0.262847,0,-0.001],
"2RW1WW1SG4WW":[-0.001,-10,-10,0.138718],
"4RW1WW2GW1SS":[-0.001,-10,0,-10],
"1WW4RW1SG4WW":[-10,0.00962204,-10,0],
"2WW3GW4GW1SS":[-0.001,0,0,-10],
"1WW1GW4WW1SR":[-10,1.01025,0,-10],
"1SG4SS4WW1SS":[-10,0.0385573,0,-10],
"1WW2GW4GW1SR":[-10,-0.001,0,-10],
"2WW3SG1SR2WW":[0.089602,0,-10,0],
"3GW3SS1SS3WW":[0.553882,0,-10,0],
"2SS1SS4RW2WW":[-0.001,-10,0,0],
"2SS1SS1SS1SR":[-0.996,-10,-10,-10],
"1SS1WW2WW2SR":[-10,-10,0.129459,0],
"1SS1WW3WW2SG":[-10,-10,-0.001,0],
"2WW4WW4SR1SS":[0.404866,0,0,-10],
"4SG1SS1SS3RW":[0.0163333,-10,-10,0],
"2SS1WW2WW1SG":[0,-10,0.0659912,-10],
"1SS1SS3SS4WW":[-10,-10,0.0364089,0],
"4WW2WW1SG1GW":[0.0555616,0,-10,0],
"1RW2WW2GW1SS":[-0.198802,0.184349,0,-10],
"2SS3SR4WW1SS":[-0.001,0.180207,0,-10],
"1SS4RW2GW3WW":[-10,0.106903,0,0],
"1SG4WW1WW1SG":[-10,0.00681658,-10,-10],
"2SS4SS1SG1SS":[-0.0536927,0,-10,-10],
"3WW4GW1SG2WW":[0.0741657,0,-10,0],
"2SS2SR4WW1SG":[-0.283246,0,0,-10],
"1SS3WW3WW2GR":[-10,0.194283,0,0],
"1SS1GW3WW4RW":[-10,3.61604,0,0],
"1SS2SS4RW1WW":[-10,0.244637,0,-10],
"1SS1WW4GW2GW":[-10,-10,0,1.13969],
"4WW2SG1SS2RW":[0.214989,0,-10,0],
"1SS3WW3WW4GR":[-10,0.0964821,0,-0.001],
"1GW3WW1SS2GW":[3.10379,0,-10,0],
"1SS3WW1RW4SS":[-10,0.228111,0,0],
"1SS3WW1SG2SS":[-10,0.0411451,-10,0],
"4WW4SS1SG1RW":[0,-0.001,-10,0],
"2SS3WW1GW1SS":[-0.001,0,0,-10],
"4RW1GW1SS2WW":[0.0984479,0,-10,0],
"1WW2GW4GW1SS":[-10,1.14831,0.445235,-10],
"1SG3GW1WW4WW":[-10,0.00879756,-10,0],
"1SS3WW4GW4SS":[-10,0.280672,0,0],
"1GW4WW1SS2SR":[1.02907,0,-10,0],
"1SS2SS3RW1WW":[-10,0.213838,0,-10],
"3RW1SS2SS2GW":[0.000519572,-10,0,0],
"3SS1SS2SS1SS":[0.0930644,-10,0,-10],
"4SR2SS1SS4WW":[-0.001,-0.001,-10,0],
"1WW2RW3GW1SS":[-10,0.0397824,0,-10],
"1SS2SG4WW2RW":[-10,-0.0010995,0,0],
"1RG1SS1SS1WW":[0.196675,-10,-10,-10],
"3RG1SS4WW1WW":[-0.001,-10,0,-10],
"1SS4SS4GW2RW":[-10,0.0174418,0,0],
"2SG1SS4WW2WW":[-0.001,-10,0,0],
"2WW1SS1SS2SS":[0.00585414,-10,-10,0],
"1SR2SS4WW2WW":[-10,0.245373,0,0],
"1SS1SG1WW4WW":[-10,-10,-10,0.0239821],
"2GW4WW1SG1SS":[0.410825,0,-10,-10],
"4WW2SS1SS4RG":[0.422566,0,-10,0],
"1GW3RW1SG3WW":[1.00914,0,-10,0],
"4GW2WW1SS1SG":[0.012402,0,-10,-10],
"4GW4WW1SR1SS":[-0.001,0.625704,-10,-10],
"1RW1SS3WW2WW":[-0.129666,-10,-0.001,0],
"3WW1GW4WW1SG":[0.0380091,0,0,-10],
"1SS2GW1SS1SG":[-10,-0.0019,-10,-10],
"2GW4WW1SS3GW":[2.48075,0,-10,0],
"2WW2WW2GW1SS":[0.0985238,0,0,-10],
"3WW3WW1SG4RW":[0.0268297,0,-10,0],
"4WW3GW1SS3WW":[0.533716,0,-10,0.106595],
"1SR2SS1WW1WW":[-10,0.0739666,-10,-10],
"4SS3RW1SS1SS":[0.00429376,0,-10,-10],
"4SR1SS1WW1WW":[-0.000761415,-10,-10,-10],
"1SG1SR3GW3WW":[-10,-10,-0.001,0],
"3SS4WW1SS1SG":[0.11142,0,-10,-10],
"2RW1SS2WW3WW":[0.163462,-10,0,0],
"3GW4WW2RW1SS":[0.0693636,0,0,-10],
"1RW1WW1SG4WW":[-0.125602,-10,-10,0.156499],
"4WW2RW2GW1SS":[0.113853,0,0,-10],
"4WW1GW1SG4WW":[0.10138,0,-10,0],
"1GW1SS3RW4WW":[1.00135,-10,0,0],
"1SS3GW3WW1WW":[-10,0.0269166,0,-10],
"1SG1SS2GW1WW":[-10,-10,0.00463055,-10],
"1SS2SS1GW1WW":[-10,0.361346,1.06308,-10],
"1SR3SS2SS1GW":[-10,-0.001,0,0],
"1SR1SS3SS4WW":[-10,-10,-0.001,0],
"4RW4WW1SS3SS":[0.200196,0,-10,0],
"1SG2GW2WW4WW":[-10,1.22077,0,0],
"2SR1SS2WW3GW":[0.0156422,-10,0,0],
"3SG4WW1WW1SS":[0.21116,0,-10,-10],
"1SR3WW4WW1SS":[-10,0.17201,0,-10],
"1GW1WW1SS2RW":[2.13008,-10,-10,0],
"1SS4RW4GW4WW":[-10,0.0375565,0,0],
"2SS1SS1SR4WW":[-0.001,-10,-10,0.189292],
"2SS3WW1SR4SS":[-0.000663531,0,-10,0],
"4SS3WW4RW1SS":[-0.001,0,0,-10],
"1SS3WW4RW4SS":[-10,0.323963,0,0],
"3WW4SS1SG1SS":[0.159092,0,-10,-10],
"1SS2WW1WW1RW":[-10,0.00669022,-10,0],
"2SS1SR1WW2WW":[-0.00118811,-10,-10,0],
"1SS4SS2GW1SS":[-10,-0.001,0,-10],
"1SS3SS1SG1SS":[-10,0.0851022,-10,-10],
"3WW3GW4GR1SS":[0.0905883,0,0,-10],
"3WW1GW1SS2GR":[0.152974,0,-10,0],
"1WW1WW1SR4SS":[-10,-10,-10,0.0896727],
"2WW1SS1GR4WW":[0.0999958,-10,0,0],
"1SS4GW2WW1RW":[-10,-0.001,0,0],
"4GW1SS3GW4WW":[0.140557,-10,0,0],
"2SS3RW1SG1SS":[0.102218,0,-10,-10],
"1SR4SS3WW3WW":[-10,0,0.0132546,0],
"2WW3RW1SS2WW":[0.0895405,0,-10,0],
"4WW1SG3WW3RW":[0.208612,-10,0,0],
"4WW4GW1SS3RW":[0.666198,0,-10,0],
"4WW1GW3WW1SR":[0.708204,0,0,-10],
"1SS3GW3WW4RW":[-10,-0.001,0.638752,0],
"4WW2SG1SS4RW":[0.213251,0,-10,0],
"1WW4GW4GW1SS":[-10,0.989425,0,-10],
"1SS2WW1SR1SG":[-10,-0.996,-10,-10],
"1WW2WW3SR1SS":[-10,-0.00888099,-0.001,-10],
"1SS1SR3WW2WW":[-10,-10,0.000967283,0],
"4WW1WW1SS1RG":[0.511228,-10,-10,0],
"2RW2WW1WW1SG":[0.059217,0,-10,-10],
"2GW1WW2GW1SS":[-0.001,-10,-0.001,-10],
"3GW1WW1GW1SS":[0.0713612,-10,0,-10],
"1WW1SR1SS1SS":[-10,-10,-10,-10],
"1WW1SR4SS4WW":[-10,-10,0.012312,0],
"3WW4SS1SS1SS":[0.193533,0,-10,-10],
"4WW3GW1SS4SS":[0.413551,0,-10,0],
"1SS1SG2GW2WW":[-10,-10,0.190427,0],
"3SS1SS4WW2SS":[-0.001,-10,0,0],
"3WW3SS1SS3GW":[0.173628,0,-10,0],
"1WW4RW4SS1SS":[-10,-0.001,0,-10],
"1WW4RW3GW1SS":[-10,-0.001,0,-10],
"2SR1SS1SS4SS":[-0.001,-10,-10,0],
"2WW3WW1SG3GW":[0.072934,0,-10,0],
"3GW4SG1SS1WW":[0.637729,0,-10,-10],
"1RG4SS1SS1WW":[-0.2,0,-10,-10],
"2RG4SS1SS1WW":[-0.001,0,-10,-10],
"3RG1SS1SS1WW":[-0.001,-10,-10,-10],
"4RG1SS3WW1WW":[-0.001,-10,0.021946,-10],
"1SS3SG4WW1SR":[-10,-0.001,0,-10],
"3GW4SS3SS1SS":[0.525413,0,0,-10],
"4GW4SR1SS1WW":[-0.000315673,0,-10,-10],
"1SS1SS1SR3SS":[-10,-10,-10,-0.00124501],
"1SS1SS2SR3SS":[-10,-10,-0.001,0],
"1SS1SS3SR3SS":[-10,-10,-0.001,0],
"1WW1SS1RW3SS":[-10,-10,-0.2,0],
"4WW1WW1SS4GR":[0.444888,-10,-10,0],
"4WW1SS3RG2WW":[-0.001,-10,0,0],
"1SR2SS1GW2WW":[-10,0.00159391,0,0],
"2SS1GW3WW1SS":[-0.001,0,0,-10],
"2WW2GR4WW1SS":[0.128912,0,0,-10],
"1SS3GR4WW1SS":[-10,-0.001,0.150546,-10],
"2WW4GR1SS4WW":[0.141091,0,-10,0],
"3SS1SS3WW4RW":[0.175661,-10,0,0],
"2RG1SS1WW3WW":[0.0153027,-10,-10,0],
"3WW1SS3SS2WW":[0.045644,-10,0,0],
"1SS4WW3WW1GR":[-10,0.0763946,0,0],
"1SS4WW3WW2GR":[-10,0.336004,0,0],
"2SS1SS2RW1SS":[-1.8924,-10,0,-10],
"1SG2SS4WW2WW":[-10,0,0,0.397591],
"1SS4WW3SS3SS":[-10,0.199894,0,0],
"2GW2GW1SS2WW":[1.09079,0,-10,0],
"3GW3SS1SS2WW":[-0.001,0,-10,0],
"2RW1SS1SS1WW":[0.0147969,-10,-10,-10],
"4GW2GW1SS4WW":[0.411947,0,-10,0],
"4WW1GW2WW1SR":[0.13338,0,0,-10],
"1WW2WW1RG1SS":[-10,0.0880101,0,-10],
"1RW1SS4SS4WW":[-0.062877,-10,-0.001,0.00977946],
"1SS2SS3SG3RW":[-10,-0.001,0,0],
"1WW2WW2GW1SR":[-10,0.00370528,0,-10],
"3RW4WW3GW1SS":[0.291736,0,0,-10],
"1RW3SS1SS1SS":[-0.145652,0,-10,-10],
"4GW4GW1SS1RW":[0.168581,0,-10,0],
"1SS2RW1GW1WW":[-10,0.088334,0,-10],
"1SR1WW4WW2GW":[-10,-10,0.0417527,0],
"1GW3RW1SS2SG":[1.05693,0,-10,0],
"1SS1SR2SG4WW":[-10,-10,0.0927993,0],
"3RG1SS3WW4WW":[0.297879,-10,0,0],
"3RG4WW3WW1SS":[0.0465785,0,0,-10],
"4RW2WW1SS1SS":[-0.001,0.844561,-10,-10],
"3GW1WW2GW1SS":[0.0685864,-10,0,-10],
"1RG2WW1SS4WW":[1.23035,0.0941346,-10,0],
"2RG2WW4WW1SS":[-0.001,0,0,-10],
"1SS2SR3WW4WW":[-10,-0.001,0,0],
"3SR1SS2WW4WW":[0.0499682,-10,0,0.854877],
"4GW1SS1SS2SS":[0.236194,-10,-10,0],
"1SS4RW4GW1SS":[-10,-0.001,0,-10],
"3WW4RW1SS2WW":[0.356347,0,-10,0],
"3WW4RW1SS1GW":[0.271205,0,-10,0],
"2SS1RW2SS1SS":[-0.996,0,0,-10],
"2RW4SS3SS1SS":[0.170579,0,0,-10],
"4GW4SS1SS2WW":[-0.001,-0.001,-10,0.342669],
"1WW3SS1SS3GW":[-10,-0.001,-10,0],
"3WW3SS1SS1RW":[0.00747695,0,-10,0],
"3SS4GW1SS1SS":[-0.549064,0,-10,-10],
"1SS2SS2SS2SS":[-10,-0.184378,0,0],
"3WW4RW4WW1SS":[0.0988223,0,0,-10],
"2WW1WW1SG2GW":[0.0133899,-10,-10,0],
"3WW1RW1SS2WW":[0.0729496,0.50086,-10,0],
"2RW1WW3GW1SS":[-0.001,-10,0,-10],
"2WW2SS1SS4GW":[0.334979,0,-10,0],
"1SS4WW4GW1SG":[-10,0.0590252,0,-10],
"1SS4WW1RW2GW":[-10,-0.001,0,0],
"1SG1WW1WW4SS":[-10,-10,-10,0.00105888],
"1SG1WW2WW3SS":[-10,-10,-0.001,0],
"1SG1WW3WW2SS":[-10,-10,-0.001,0],
"3WW1SS2SR3WW":[0.0922905,-10,0.0176619,0],
"3SS3GW4WW1SS":[0.185223,0,0,-10],
"3WW2WW1SR4SS":[-0.001,0.136564,-10,0],
"1GW2WW1SR4WW":[2.12718,0,-10,0],
"2GW2WW1SR4WW":[-0.001,0.0163153,-10,0.59846],
"1SS2WW3RW1GW":[-10,0.0642465,0,0],
"2WW3WW1GW1SS":[0.0615118,0,0,-10],
"3WW2SS3SG1SS":[0.0495728,0,0,-10],
"1SS2GW2SS2SS":[-10,0.834314,0,0],
"1GW1WW1WW1SS":[1.11441,-10,-10,-10],
"3WW3WW1SS3SG":[0.111577,0,-10,0],
"1WW4SS1SS2WW":[-10,-0.001,-10,0],
"2WW1SS2SG2SS":[0.038509,-10,0,0],
"1GW4SS1SG2RW":[1.01296,0,-10,0],
"4WW2SG1SS1RW":[0.704313,0,-10,0],
"1SS1SS2GW3RW":[-10,-10,1.15318,0],
"2WW1SS2SG4RW":[0.0447999,-10,0,0],
"2SS2WW3GW1SS":[-0.0010995,0.133799,0,-10],
"2RW4WW3GW1SS":[0.0635619,0,0,-10],
"2WW1SS3SG4RW":[0.0499994,-10,0,0],
"3WW3WW1SG3SS":[0.009648,0,-10,0],
"3SS3WW2GW1SS":[0.00139992,0,0,-10],
"2SS1SG1SS3WW":[0.0122127,-10,-10,0],
"2RW4WW4WW1SG":[0.30414,0,0,-10],
"1SG1SS4WW4SR":[-10,-10,0.123191,0],
"4WW3GW3SS1SS":[0.221638,0,0,-10],
"1SS3WW2WW1RW":[-10,0.000518495,0,0],
"1WW4SS1SS3WW":[-10,-0.001,-10,0],
"1WW1SS1RW2GW":[-10,-10,0.135528,0],
"4WW3WW2RG1SS":[0.227757,0,0,-10],
"1SR1SS1WW4GW":[-10,-10,-10,-0.001],
"1SS4GW1WW1GW":[-10,-0.00118905,-10,1.02662],
"2WW2RW4SS1SS":[0.132182,0,0,-10],
"2RW2WW1SG4WW":[-0.001,0.297345,-10,0],
"1SR1SS1SG4WW":[-10,-10,-10,0.326776],
"2SR1SS1SG4WW":[-0.001,-10,-10,0.280284],
"3SR1SS1SG4WW":[-0.001,-10,-10,0],
"4SG4WW2WW1SS":[0.16626,0,0,-10],
"4RW1GW3WW1SS":[0.115537,0,0,-10],
"3WW2WW1SS4SS":[-0.001,0.182946,-10,0],
"2WW1WW1SS4SR":[0.00218353,-10,-10,0],
"4SS3WW2GW1SS":[0.0117776,0,0,-10],
"2WW1WW1SS1SR":[0.0171807,-10,-10,-10],
"1SS2SS4GW1SR":[-10,0.0588898,0,-10],
"1WW1SS3RW1WW":[-10,-10,-0.001,-10],
"2SS3WW2GW1SS":[0.0327139,0,0,-10],
"4SR4WW2WW1SS":[-0.001,0,0,-10],
"1RW1SS2SS3WW":[-0.00637444,-10,0.036087,0],
"2GW1WW1SS1RW":[0.764766,-10,-10,0],
"4WW1SR4GW1WW":[0.0917899,-10,0,-10],
"1SR4WW1SS2SS":[-10,0.0664941,-10,0],
"1SR2SS3WW3WW":[-10,0.0745369,0,0],
"1SG3SS1SS4RW":[-10,-0.001,-10,0],
"1SS1SS4WW4SR":[-10,-10,0.38657,-0.001],
"2WW1SS3GW1WW":[0.00565902,-10,0,-10],
"2GW1RW1SS2WW":[1.11755,0,-10,0],
"3SS4WW1RW1SS":[0.151059,0,0,-10],
"1SS1SG1SR1WW":[-10,-10,-10,-10],
"2SS1SS2RW1WW":[-0.996,-10,0,-10],
"1RW1SS1GW3WW":[-0.103215,-10,1,0],
"1WW1WW1SR2SS":[-10,-10,-10,-1.8924],
"1SS1SG4GW2SS":[-10,-10,0.14329,0],
"3RW2SS1SS3WW":[0.0276484,0,-10,0],
"1SS3GR4WW3SS":[-10,-0.001,0.185072,-0.001],
"1SS3WW1GW4SS":[-10,0.240851,0,0],
"1SG1WW1WW1SG":[-10,-10,-10,-10],
"1SS3WW1WW2GW":[-10,0.000664709,-10,0],
"2SS2SS1SR1WW":[-0.001,-0.001,-10,-10],
"3SS1SS4RW1WW":[-0.001,-10,0,-10],
"3SS1SG1SS2WW":[-0.00104094,-10,-10,0],
"4WW1SS1SR1WW":[0.121398,-10,-10,-10],
"1SG4GW1SS1SS":[-10,0.143313,-10,-10],
"4WW4SG1SS3WW":[1.53398,0,-10,0],
"3GW1SS3RW1WW":[-0.000439205,-10,0,-10],
"2GW1SS1SR1WW":[0.00266526,-10,-10,-10],
"4GW1SS2RW1WW":[0.105015,-10,-0.001,-10],
"1WW1SS3SS1WW":[-10,-10,-0.100102,-10],
"1SS1SS1GR1SS":[-10,-10,1,-10],
"2RW3WW1GW1SS":[-0.001,0,0,-10],
"1WW1GW4RW1SG":[-10,1.01885,0,-10],
"1SS1SR2WW4WW":[-10,-10,0.116135,0],
"1SG1WW1GW4WW":[-10,-10,1.04944,0],
"1WW1SS1GW1WW":[-10,-10,1.94175,-10],
"1WW1SS2SS1GW":[-10,-10,0.084026,0],
"1SS1WW4GW4SG":[-10,-10,0.0123104,0],
"3WW1RW1SS3WW":[0.46749,0,-10,0],
"1SS4WW2WW1RG":[-10,-0.001,0,-0.135852],
"1RG3WW4WW1SS":[-0.152714,0.467668,0,-10],
"4SS1GW1GW1SS":[-0.001,0,0,-10],
"4WW2WW3SG1SS":[0.0242984,0,0,-10],
"4GW2RW1SS4WW":[0.219475,0,-10,0],
"1SS2GW4WW3RW":[-10,0.0808164,0,0],
"4WW1RG3WW1SS":[0.269623,0,0,-10],
"1SS2RG3WW4WW":[-10,-0.001,0,0],
"1GW3RW1SS3WW":[2.30245,0,-10,0],
"4SS1WW3WW1SG":[-0.001,-10,0.134904,-10],
"4WW1SS4SR4WW":[0.0103092,-10,0,0],
"1SS1SS2WW1RW":[-10,-10,0.175913,0],
"1SS1SS2RW2GW":[-10,-10,0.0537326,0],
"4WW1SS2GR4WW":[0.766133,-10,0.00950608,0],
"1SS2WW2SS2SG":[-10,-0.000798975,0,0],
"2SR1SS1GW4WW":[-0.001,-10,0,0],
"2GW4WW4RW1SS":[-0.000717063,0,0,-10],
"4GW1SS2WW2GW":[0.143469,-10,0,0],
"4SS2SS1SS3GW":[0.325389,0,-10,0],
"1SS4WW1SG3SS":[-10,-0.000925326,-10,-0.275352],
"1GW1SS2GW4WW":[1.00412,-10,0,0],
"4SS4WW4GW1SS":[-0.001,0.406692,0,-10],
"2SS3RG1WW1SS":[0.129085,0,-10,-10],
"2SS1SS2GW1GW":[0.0603558,-10,0,0],
"2SR3WW1SS4SS":[0.0111609,0,-10,0],
"1SS1SS1GW1SS":[-10,-10,7.23056,-10],
"1GW2WW1SG3RW":[1,0,-10,0],
"2GW2WW2GW1SS":[-0.001,0,0,-10],
"2RG4WW4WW1SS":[-0.001,0,0,-10],
"3WW4GW1SS3RW":[0.161753,0,-10,0],
"3WW3GW4WW1SR":[0.174699,0,0,-10],
"3WW3GW1SS4RW":[0.176718,0,-10,0],
"2WW2SS1SG3WW":[0.0917496,0,-10,0],
"3WW2SS1SG2GW":[-0.001,0,-10,0],
"3SS1WW1SS1SS":[-0.0898929,-10,-10,-10],
"2SS1SS4RG3WW":[-0.001,-10,0,0],
"4WW1SS1RG3WW":[0.185419,-10,0,0],
"1WW1SS1SG2GW":[-10,-10,-10,0.775375],
"3WW1SS4RG3WW":[0.10961,-10,0,0],
"1SG4WW2WW1RW":[-10,0.348995,0,0],
"1SS1WW2SS1GW":[-10,-10,-0.996,0],
"2WW3GW1SR1SS":[0.158998,0,-10,-10],
"3GW1SS4SS2GW":[0.156936,-10,0,0],
"1SG4WW2WW1WW":[-10,0.731226,0,-10],
"1SS4WW2GW4GW":[-10,0.0509005,0,0],
"4GW1SS3GW1WW":[-0.0011094,-10,0,-10],
"3WW2GW1SS2GW":[0.204835,0,-10,0],
"1GW2SS1SS3GW":[1.0588,0,-10,0],
"4GW1SS4WW1RW":[0.38962,-10,0,0],
"4SR1SS4WW4WW":[-0.001,-10,0.0455914,0],
"2WW4GW3SS1SS":[-0.00141548,0,0,-10],
"3SR1SG1SS4WW":[0.03466,-10,-10,0],
"4SR1SS2WW4WW":[-0.001,-10,0,0],
"4GW4GW1SS1SS":[0.0224431,0,-10,-10],
"2SS2SS1SG1SS":[-0.0707091,0,-10,-10],
"3SS2SS2GW1SG":[-0.001,0,0,-10],
"4SS3WW1SG1SG":[-0.001,0,-10,-10],
"4SS3WW1GW1SS":[-0.001,0,0,-10],
"1WW2GW2GW1SS":[-10,1.01232,0,-10],
"1SS1SG1SS1WW":[-10,-10,-10,-10],
"4WW4SR1SS4WW":[0.737814,0,-10,0],
"4WW2GW2SS1SS":[0.196838,0,0,-10],
"4GW4RW1SS4WW":[0.82228,0,-10,0],
"1WW1WW3SS1SG":[-10,-10,0.123282,-10],
"4GW2RW2WW1SS":[0.126168,0,0,-10],
"4GW1SS3SS4WW":[0.203989,-10,0,0],
"3GW4WW1WW1SR":[0.211278,0,-10,-10],
"1SS2SS4WW1GR":[-10,-0.996,0,0],
"1SS3WW1WW3SS":[-10,0.109311,-10,0],
"2SS4WW1SS1SR":[0.361364,0,-10,-10],
"1SS1RW3WW3GW":[-10,-0.168654,0.0899615,0],
"2RW4WW2SG1SS":[0.167742,0,0,-10],
"4WW2SS1SS1RG":[0.437749,0,-10,0],
"2WW4SS1SG1SS":[0.0718802,0,-10,-10],
"4GW1SR1WW4WW":[0.258623,-10,-10,0],
"1SS2WW3WW3RG":[-10,0.310598,0,0],
"4SS3SS1SS2WW":[0.0966969,0,-10,0],
"4SS2SS1SS2WW":[-0.001,0,-10,0],
"4SS1SS1WW2WW":[-0.0019,-10,-10,0.0563985],
"1WW2RG4WW1SS":[-10,-0.001,0.344797,-10],
"1WW3RG4WW1SS":[-10,-0.001,0,-10],
"1SG1SS2RW4WW":[-10,-10,0.0117653,0],
"1SS3WW3WW3SR":[-10,0.0254397,0,0],
"1WW4RG4SS1SS":[-10,-0.001,0,-10],
"1WW4RG1SS1SS":[-10,-0.001,-10,-10],
"1WW4RG1SG1SS":[-10,-0.001,-10,-10],
"1WW4RG1SS2WW":[-10,-0.001,-10,-0.000860451],
"4WW3SS1GW1SS":[-0.001,0,0,-10],
"2GW3SS1SS3WW":[0.104469,0,-10,0],
"2GW1SS1SS3SG":[-0.001,-10,-10,0],
"3GW1SS4WW3SS":[-0.001,-10,0,0],
"1WW2GR4SS1SS":[-10,0.0985,0,-10],
"1WW3GR4SS1SS":[-10,-0.001,0,-10],
"1WW4GR2SS1SS":[-10,-0.001,0,-10],
"1SS2GW3WW3RG":[-10,0.0545173,0,0],
"1WW4GR1SS3WW":[-10,-0.001,-10,0],
"3WW3SG1SS4WW":[0.167418,0,-10,0],
"2GW1SS4SS3WW":[1.0144,-10,0,0],
"1SG2WW1WW4SS":[-10,0.00697209,-10,0],
"1SS2SS2WW1SG":[-10,-0.0011094,0.00928496,-10],
"3GR1SS3SS4WW":[0.0111466,-10,0,0],
"1WW1SR1SS4WW":[-10,-10,-10,0.0489201],
"1WW3RW1SG4WW":[-10,0.0272807,-10,0],
"2RW1SS3GW3WW":[-0.001,-10,0,0.162812],
"3GW4WW1SS4SS":[0.946716,0,-10,0],
"2WW2GW1SR3WW":[0.142737,0,-10,0],
"1SS1WW3WW1GW":[-10,-10,0.195094,0],
"3SS2WW1SG2SS":[0.00880526,0,-10,0],
"3SR3WW1SS1SS":[-0.001,0,-10,-10],
"1SS1SS2SG1RW":[-10,-10,0.151386,0],
"2SR1SS1SS4GW":[0.0662118,-10,-10,0],
"2WW2GR1SS4WW":[0.107783,0,-10,0],
"4WW4GW1SR2WW":[0.0191041,0,-10,0],
"4WW1SS3SS1SS":[0.207951,-10,0,-10],
"1WW1SR4SS1GW":[-10,-10,-2.51539e-05,0],
"3RW3WW1SG4WW":[0.52222,0,-10,0],
"4RW3WW1SG4WW":[-0.001,0.979261,-10,0],
"1WW3RW4WW1SG":[-10,-0.001,0,-10],
"1WW4RW1SS2GW":[-10,-0.001,-10,-0.001],
"1WW1GR4WW1SG":[-10,1,0,-10],
"1WW2GR4WW1SG":[-10,-0.001,0,-10],
"1SS1RG4WW4WW":[-10,0,1.64663,0],
"3SS4WW1SS2SS":[0.0568407,0,-10,0],
"4WW4GR4WW1SG":[0.165567,0,0,-10],
"1WW4GR1SS2GW":[-10,-0.001,-10,0],
"2GW2WW3WW1SS":[2.04973,0,0,-10],
"1WW1SS2SS2SS":[-10,-10,-0.173622,-0.996],
"1SR4GW2WW1WW":[-10,-0.001,0.00872035,-10],
"1WW1WW1SR3SS":[-10,-10,-10,-0.001],
"1SS2WW1SS1SG":[-10,-0.327852,-10,-10],
"2WW1WW1SR3SS":[-0.001,-10,-10,0],
"1SS4GW4WW4GW":[-10,-0.001,0.426501,0],
"3WW4WW4SG1SS":[0.284746,0,0,-10],
"1SS2SS4GW1SS":[-10,0.304823,0,-10],
"1GW1SS1SS1GW":[1.02837,-10,-10,0],
"1SS1WW4RW2GW":[-10,-10,0.0920627,0],
"1SS1WW4RW2SS":[-10,-10,-0.001,0.199172],
"1SS1GW4WW4SG":[-10,1.15964,0,0],
"3WW2RW1SS4GW":[0.113905,0,-10,0],
"2SS3SS1SS4WW":[0.369002,0,-10,0],
"1SS1SG4WW2GW":[-10,-10,0.35718,0],
"3WW1GR1SS3GW":[0.104938,0,-10,0],
"4WW1SS3GW1GW":[0,-10,0,6.39681],
"1SS4WW4WW4RG":[-10,0.495355,0,0],
"1SS3GR4WW2WW":[-10,-0.001,0,0],
"1GW2RW1SS1SS":[1.02164,0,-10,-10],
"1SG1SR4WW4WW":[-10,-10,0.528745,0],
"1SS4WW2WW1GW":[-10,0.180411,0.0707256,9.15713],
"2WW3WW1SG3SS":[0.235097,0,-10,0],
"3WW1SR1SG4GW":[0.1658,-10,-10,0],
"2WW2GW1RW1SS":[0.0632968,0,0,-10],
"2RG4WW2SS1SS":[-0.001,0,0,-10],
"4WW3WW3GW1SR":[0.0326388,0,0,-10],
"1SS4RW4WW3GW":[-10,0.0447268,0,0],
"1WW2SS1SS2WW":[-10,0,-10,-0.00175018],
"4WW4RW1SG1WW":[0,0.115662,-10,-10],
"1RW1WW1SS1SG":[-0.222933,-10,-10,-10],
"1WW1GW2SS1SS":[-10,3.69905,0,-10],
"2SS3WW1SR1SS":[-0.996,0,-10,-10],
"3SS3WW1SR1SS":[-0.001,0,-10,-10],
"1WW1WW2SS1SR":[-10,-10,-0.001,-10],
"4WW3WW1SR2SS":[-0.0019,0.188001,-10,0],
"2WW2SG1SS2WW":[-0.000133236,0,-10,0],
"1SS1WW2GW2RW":[-10,-10,0.987126,0],
"1SS2SS1SS1GW":[-10,-0.996,-10,0.837279],
"3WW4WW4SR1SS":[0.157442,0,0,-10],
"3GR4WW1SS3WW":[-0.000883768,0.237168,-10,0],
"1SS4WW1SS2SG":[-10,0.0890133,-10,0],
"2WW2GW2SS1SS":[0.369707,0,-0.001,-10],
"2WW3WW1SG4WW":[-0.001,0.459739,-10,0.0112488],
"1SS3GW2SS1SS":[-10,-0.001,0,-10],
"1SS1WW2SS2SR":[-10,-10,0,-0.100102],
"1SS1RW4WW2GW":[-10,-0.049477,0.86959,0],
"1SS4GR1WW4WW":[-10,0.00877011,-10,0],
"1GW3WW1SS3RG":[1.03639,0,-10,0],
"1SS1WW2SS1SG":[-10,-10,-0.996,-10],
"3SG2SS1SS4WW":[-0.001,0,-10,0],
"4RW2GW2WW1SS":[0.00523812,0,0,-10],
"1SG1WW2WW4WW":[-10,-10,-0.0019,1.3737],
"4SG1SS1SS4WW":[-0.001,-10,-10,0.179513],
"1SS1GR4WW1WW":[-10,1.9045,0,-10],
"2SS1SS4WW2SS":[-0.996,-10,1.00346,0],
"3WW4GW1SS2RW":[0.35196,0,-10,0],
"1WW2WW1SG3SS":[-10,-0.996,-10,-0.100102],
"1SG4RW1SS1SS":[-10,0.226671,-10,-10],
"1SG1SS1SS3SS":[-10,-10,-10,0.0279697],
"4GW3WW1WW4WW":[-0.001,0,-10,0],
"1SS2RW1WW2WW":[-10,-0.001,-10,0],
"4WW3SS3SS1SS":[0.456857,0,0,-10],
"4WW4SS1SR4WW":[-0.001,-0.001,-10,0],
"1RW4WW1SS3SS":[0.0143859,0,-10,0],
"4WW1WW1WW1SR":[0.626921,-10,-10,-10],
"1SS2GW1WW3WW":[-10,0.575924,-10,0.00473004],
"3GW1WW2WW1SS":[-0.000552945,-10,0,-10],
"4SS1SS3GW4WW":[0.017131,-10,0,1.37642],
"1SS1SS1WW2RW":[-10,-10,-10,0.0844459],
"2SG1SS4WW3WW":[-0.001,-10,0,0],
"2SS1SS4GW1SR":[-0.996,-10,0,-10],
"4GW2SS1SS2GW":[0.118981,0,-10,0],
"1GW4SS1SS4WW":[2.80586,0,-10,0],
"4WW1SG1SS1SS":[0.411462,-10,-10,-10],
"1GR2WW1SS4WW":[1.92321,0,-10,0],
"1SS2GW4WW3WW":[-10,4.89969,0,-0.001],
"2WW1SG4WW4WW":[0,-10,0.461476,0],
"1SS3RG4WW1SS":[-10,0.035477,0,-10],
"2WW4GW2SS1SS":[0.313681,0,0,-10],
"4RW2SS1SG4WW":[-0.001,0,-10,0],
"1SR4WW1GW1SS":[-10,0.0611715,0,-10],
"2RG1SS1WW4WW":[-0.001,-10,-10,0],
"2WW4WW3RW1SS":[0.0558805,1.5324,-0.001,-10],
"3SS1SS1SS2SS":[-0.001,-10,-10,-0.001],
"1WW2SG4SS1SS":[-10,0.166794,0,-10],
"1WW4SG1SS1WW":[-10,-0.001,-10,-10],
"2WW4SS1SS1WW":[0.153521,-0.001,-10,-10],
"2WW4WW1SR3SS":[0.0140775,0,-10,0],
"1SS1SS3SS2SS":[-10,-10,-0.001,0],
"2SS2SR2GW1SS":[0.0228167,0,0,-10],
"1WW1SS2GW2WW":[-10,-10,0.275051,0.0379468],
"1GR4WW1SS1SS":[1,0,-10,-10],
"1SG3RW1SS1SS":[-10,0.09094,-10,-10],
"4SR1SS2GW4WW":[-0.001,-10,0,0],
"1GW3GW1SR4WW":[1.05616,0,-10,0],
"1SS3SS1RW1SS":[-10,0.0539194,0,-10],
"1SR3GW4WW3SS":[-10,0.186125,0,0],
"1WW1SS2RW1GW":[-10,-10,-0.0010995,3.50082],
"1RW1SS1WW2GW":[-0.0506589,-10,-10,0],
"4WW4SR1SS1WW":[0.74053,0,-10,-10],
"1SS3WW3WW3SG":[-10,-0.001,0.344105,0],
"4WW1WW1SS1GR":[0.140388,-10,-10,0],
"1SS1SS4RG4WW":[-10,-10,-0.00112957,0.23912],
"3SR1SG3WW4WW":[-0.000208595,-10,0,0],
"4WW4WW1SS1SR":[0.238953,0.789787,-10,-10],
"4WW1SS1SG3WW":[-0.00149663,-10,-10,0.773202],
"3SR1SS1GW4WW":[-0.001,-10,1,0],
"4GW1SS1WW4RW":[0.362496,-10,-10,0],
"3RW3WW1SG1SS":[-0.001,0,-10,-10],
"1SS1RW2WW1WW":[-10,-0.0845865,0,-10],
"4WW3SR1SS4GW":[0.293163,0,-10,0],
"1SG4WW3GW1WW":[-10,0.142132,0,-10],
"3WW3WW1SS1RW":[0.292677,0,-10,0],
"1SS1SG4WW4GW":[-10,-10,0.500244,0],
"3GW1SR1SS3GW":[0.833464,-10,-10,0],
"1GW4WW1SS2WW":[12.1149,0.239805,-10,-0.0821633],
"2GW1SS4WW4GW":[-0.001,-10,-0.001,0.00682001],
"1SS2WW3WW1RG":[-10,0.345599,0,0],
"1WW2GW1SR4WW":[-10,1.75069,-10,-0.00098794],
"1WW1WW2SS1SG":[-10,-10,-0.996,-10],
"3GW1WW4WW1SG":[-0.001,-10,0,-10],
"1SS2RG4WW3SS":[-10,0.00937526,0,0],
"2WW1WW1RW1SS":[-0.101002,-10,-0.0694837,-10],
"1SS4WW1WW1SS":[-10,1.49072,-10,-10],
"1SS3WW1GW3GW":[-10,-0.00124524,1.08215,0],
"1SS2SS1SS3SS":[-10,-0.172016,-10,0],
"2WW2WW1SG2GW":[0.0335293,0,-10,0],
"4WW2WW1SS1GW":[0.23646,0,-10,0],
"1SR1GW3WW1SS":[-10,1,0,-10],
"1SS1GW3WW1WW":[-10,1.90283,0,-10],
"3RW1SS1SG2WW":[0.00550683,-10,-10,0],
"1SS1WW1GW1RW":[-10,-10,1.28459,0],
"3WW3SS1SS2RW":[0.13829,0,-10,0],
"1SS1RG3WW4WW":[-10,0.925474,0,0],
"2GW4RG1SS2WW":[1.01107,0,-10,0],
"1SS4RW3WW1SS":[-10,0.0627796,0,-10],
"4SS2SS1SS4GW":[-0.001,0,-10,0],
"2WW4WW1GW1SS":[-0.00220603,0.112089,11.3021,-10],
"2WW3GR1SS1WW":[0.00147779,0,-10,-10],
"1SS4SS1SS1SS":[-10,0.0202392,-10,-10],
"4WW3WW2SS1SS":[0.112436,2.03238,0.026295,-10],
"2SS4SS4WW1SR":[-0.001,-0.001,0,-10],
"3WW1WW2RG1SS":[-0.001,-10,0,-10],
"1SS4SS4WW1RW":[-10,-0.001,0.722969,0.0300328],
"1WW4WW1SR1GW":[-10,-0.001248,-10,1],
"3WW1WW1SR4WW":[-0.00120163,-10,-10,1.07712],
"1WW1SS4SS2GW":[-10,-10,0.00904814,0],
"1SS2WW3WW4SG":[-10,0.0364087,0,0],
"4WW1SS2WW1WW":[1.12436,-10,-1.00055,-10],
"3RW2SS1SS1WW":[-0.000725671,0.173465,-10,-10],
"4SS1SS1SS2GW":[0.143087,-10,-10,0],
"1SS1SS4WW3SR":[-10,-10,0.360703,0],
"1SS3WW3SS2SS":[-10,0.121834,0,0],
"2WW2WW1SR1GW":[0,0.00310093,-10,0],
"4GW2WW1SR4WW":[-0.001,0.148226,-10,0],
"4WW4WW4SS1SR":[0.642463,0,0,-10],
"1SS2WW4SS1SS":[-10,0.144697,0,-10],
"4SS1SS1RW2WW":[-0.001,-10,0,0],
"4SS1SR1WW2GW":[0.165595,-10,-10,0],
"4WW3GR1SS1SS":[0.00823568,0,-10,-10],
"4SG1SS4WW3WW":[-0.001,-10,0,0],
"1SS3GW3WW2SS":[-10,-0.001,0,0],
"3WW4WW1SR4GW":[-0.00122478,0.0936317,-10,0],
"3SR1SS3WW4WW":[0.357711,-10,0,0],
"1SG1SS1SS1WW":[-10,-10,-10,-10],
"4GW2GW2WW1SS":[0.0973867,0,0,-10],
"3SS1SS1SS3WW":[0.23231,-10,-10,0],
"1RW1SS1SS1SS":[-0.38086,-10,-10,-10],
"4WW4RG1SS1GW":[0.1767,0,-10,0],
"2WW4WW1GR1SS":[0.0796071,0,0,-10],
"1SS2RW2WW1SG":[-10,0.0110252,0,-10],
"1SS3RW2WW4GW":[-10,-0.001,0,0],
"1SS4WW4WW4SR":[-10,0.262135,0,0],
"4RW1SS3WW2GW":[-0.0019,-10,0.121275,0],
"1SS1SS1RW3WW":[-10,-10,-0.189088,0.483667],
"1SS4WW1WW1GR":[-10,0.118365,-10,0],
"1SS4WW1WW4RG":[-10,-0.000609034,-10,0],
"1RG1SS2WW1WW":[-0.2,-10,0,-10],
"3GW1SS2GW1WW":[0.0176422,-10,0.0272336,-10],
"1SS1WW3WW4SS":[-10,-10,0.219372,-0.001],
"1SS3WW1WW4RW":[-10,0.0341799,-10,0.0192791],
"2WW1SS3GR1GW":[0.0853195,-10,0,0],
"2WW2SS1SG1GW":[0.536672,0,-10,0],
"1SS2RW1SS2SS":[-10,-0.001,-10,0],
"2WW1SS1SG1GW":[0.0900481,-10,-10,0],
"1WW1SG4GW3RW":[-10,-10,0,-0.001],
"4WW4GW1SS2SS":[0.992533,0,-10,0],
"3GW1SS1SS2RW":[0.360102,-10,-10,0],
"1SS3RW2GW3WW":[-10,0.0506351,0,0],
"4WW2GW1SS2RW":[0.489324,0,-10,0.134193],
"4WW1WW4GW1SS":[-0.00502777,-10,0.632067,-10],
"4WW3SR1SS4WW":[0.963733,0,-10,0],
"1SS3WW1WW1RW":[-10,0.0664162,-10,-0.154122],
"2RG1WW1SS2SS":[-0.000668443,-10,-10,0],
"3GW4RW1SS4WW":[2.04807,0,-10,0],
"4WW1SS2WW2WW":[2.74655,-10,0.113452,0.0673865],
"1WW3GW4WW1SR":[-10,-0.000454099,0.43711,-10],
"4GW2WW1SS2SR":[-0.001,0,-10,0],
"1WW3WW1SG4RW":[-10,-0.001,-10,0],
"1GR3WW1SS4WW":[1.01965,0,-10,0],
"4RW3SS1SS1WW":[-0.00178477,0.0133981,-10,-10],
"1GW4GW1SS3SS":[1.16259,0,-10,0],
"2GW4WW1SS3SS":[-0.001,0.709408,-10,0],
"3SS2WW1SG1SS":[-0.001,0,-10,-10],
"3WW4WW2SS1SG":[0.164483,0,0,-10],
"2SS1SR1SS1WW":[0.0696746,-10,-10,-10],
"3WW1SG4RW1WW":[0,-10,-0.0019,-10],
"2SS3GW4WW1SS":[-0.00074354,0.09869,0,-10],
"3WW3WW3SS1SR":[0.168402,0,0,-10],
"1SS2SR4GW1WW":[-10,-0.001,0,-10],
"2WW1WW1SR4SS":[-0.001,-10,-10,0],
"4WW4WW4RW1SG":[-0.000323138,0,0,-10],
"4WW1RW2WW1SG":[0.324937,0,0,-10],
"2SG2SS1SS1SS":[-0.0332056,0,-10,-10],
"3RG4WW1SS4WW":[0.720041,0,-10,0],
"1SG1SS1SS2WW":[-10,-10,-10,0.193543],
"1GR1SS4WW1GW":[1.01877,-10,0,0],
"3RW4WW1GW1SS":[0.0605114,0,0,-10],
"3SS4WW1SR1SS":[0.000247767,0,-10,-10],
"4SS4WW3RW1SS":[-0.001,0,0,-10],
"4SS1SS3RW2WW":[-0.001,-10,0,0],
"4GW2WW1WW1SR":[-0.001,0,-10,-10],
"1SS3GW2SG1SR":[-10,0.0112847,0,-10],
"1SS4WW1WW1SR":[-10,0.00725995,-10,-10],
"4WW1RW1GW1SG":[-0.000210837,-0.0945785,0,-10],
"3WW2SS1SS2GW":[0.116025,0,-10,0],
"4WW2WW2WW1SS":[1.27759,-0.00309868,0.743385,-10],
"4RW2GW2GW1SS":[-0.001,0,0,-10],
"2GW1SS1SS4RW":[0.637901,-10,-10,0],
"4WW3GW1SS3RW":[0.18996,0,-10,0],
"1SS1SS1SG3WW":[-10,-10,-10,0.46192],
"1SS2GW4WW4RW":[-10,0.997251,0,0],
"4RW1SS3WW1GW":[0.111757,-10,0,0],
"2WW2WW1SG4RG":[0,0,-10,-0.001],
"1SS1SS3SS3SS":[-10,-10,-0.001,0],
"1WW1SS4RW2WW":[-10,-10,-0.001,0.105514],
"2WW4WW1SG2GW":[0.190619,0,-10,0],
"4RW1SS1WW4GW":[0.00690746,-10,-10,0],
"3GW1SS1SS4SS":[0.302068,-10,-10,0],
"1SS4WW2RG4WW":[-10,0.0348661,-0.001,0],
"2GW2SS3WW1SS":[-0.001,0,0,-10],
"1SS2SS1WW3GW":[-10,-0.996,-10,0],
"1GW3WW1SG4SS":[1.07685,0,-10,0],
"3WW4WW1SS2GR":[0.27846,0,-10,0],
"1SS4SS3WW1RW":[-10,0.0196999,0,0],
"4WW1WW1SS3SR":[0.283311,-10,-10,0],
"4WW1WW1SS2RW":[0.316633,-10,-10,0],
"1SS3GW1WW4GW":[-10,-0.001,-10,-0.001],
"1SS4WW2WW2SG":[-10,-0.001,0,0],
"4SS2RG1WW1SS":[0.163385,0,-10,-10],
"1GW1SS2SS3WW":[3.03805,-10,0,0],
"4SS1WW2WW1SS":[-0.001,-10,0,-10],
"4WW2GW1SR4WW":[0.00100995,0,-10,0],
"2SS4WW2WW1SR":[0.148992,0,0,-10],
"1SS4RW4WW3WW":[-10,0.0659184,2.74597,0],
"1SR1WW1GW4WW":[-10,-10,1.9261,0],
"2WW3RW1SS1GW":[0.174558,-0.001,-10,0],
"1SS3SS4GW1WW":[-10,0.14901,0,-10],
"1SR1WW2GW4GW":[-10,-10,-0.001,0],
"1SR1WW3GW4WW":[-10,-10,-0.001,0],
"4WW1WW4WW1SG":[0.194418,-10,1.52314,-10],
"1SR1WW4GW4WW":[-10,-10,-0.001,0],
"1SS3SS1SG3WW":[-10,-0.0897188,-10,0],
"4SS3SS1SS4GW":[-0.001,0,-10,0],
"4WW2GR4WW1SS":[0.318568,0,0,-10],
"1SS3GR4WW3WW":[-10,-0.001,0.342829,0],
"2WW3WW1SR4SS":[0.00204344,0,-10,0],
"1RW1SS1SS3WW":[-0.0440757,-10,-10,0.374072],
"2RW3SS1SS3GW":[-0.001,0,-10,0],
"3WW1SS2RW2GW":[0.0923644,-10,0,0],
"1SS2SS1SS3SG":[-10,-0.0010995,-10,0],
"4SS1SS1SS3SS":[-0.001,-10,-10,0],
"1SS1WW3SS4SS":[-10,-10,-0.001,0],
"1SS4WW1GW2WW":[-10,0.0717652,3.52794,0],
"1SS1WW4SS4SG":[-10,-10,-0.001,0],
"2WW4WW1SG1GW":[0.169943,0,-10,0],
"2SS3WW4WW1SS":[0.00207947,0.0559698,2.04702,-10],
"2SS2SS1SR1SS":[-0.0902913,0.0723103,-10,-10],
"1SS1GW2WW2GW":[-10,1.03003,0,0],
"1SS1WW3RW3SS":[-10,-10,0.0204846,-0.001],
"3WW1WW1SR2GW":[0.0698187,-10,-10,0],
"1WW1SS2SS4GW":[-10,-10,0.146367,0],
"3WW1WW3RW1SS":[-0.001,-10,0,-10],
"2SS1SS1RW4WW":[1.15811,-10,-0.187365,-0.001],
"2GW1WW2RW1SS":[-0.001,-10,0,-10],
"1WW1RW4WW1SG":[-10,-0.179691,0.207661,-10],
"4WW1SG3WW1RW":[-0.001,-10,0,0],
"3GW4GW4WW1SS":[0.653017,0,0,-10],
"1SS2SS2GW2WW":[-10,0.366819,0,0],
"4WW1SS2WW3RW":[0.200581,-10,0,0.00138636],
"2SS1SS1SS2RW":[0.222631,-10,-10,0],
"3GW2WW1SS1SG":[0.0441718,0,-10,-10],
"1SS3WW2WW3RW":[-10,0.0789544,0.250829,0],
"1SS2RG2WW2WW":[-10,-0.0011094,0,0],
"1SG4WW4WW1WW":[-10,0.384779,0.00702501,-10],
"3WW3RW1SS3WW":[0.343728,0,-10,0.0152803],
"3WW1SS4SR4WW":[0.113023,-10,0,0],
"1RW4WW1SG4GW":[-0.0809205,0,-10,0],
"4WW2SR1SS1WW":[0.401614,0,-10,-10],
"2GW3WW1SS2RW":[1.00443,0,-10,0],
"1SS1GW4WW4WW":[-10,11.9201,0.303154,0.253831],
"1RW4WW1SG2SS":[-0.0983097,0,-10,0],
"1SS3SS1SR4WW":[-10,-0.001,-10,0.200047],
"1SS1SG1SS4WW":[-10,-10,-10,0.19216],
"1WW1SR4GW2WW":[-10,-10,0.200429,0],
"1RW1SS1SS2GW":[-0.121723,-10,-10,0],
"4SS1SS4RW2WW":[-0.001,-10,0,0],
"3RW3WW1SS1SS":[0.0554252,0,-10,-10],
"1WW1SS1SG4WW":[-10,-10,-10,1.59637],
"3SS1SS1SG1SS":[-0.326831,-10,-10,-10],
"1SS1SS1GW4SS":[-10,-10,1.20452,0],
"3WW2SS1SS1RG":[0.0330869,0,-10,0],
"1SS1SS4WW3RG":[-10,-10,0.603227,0],
"1SS4SS2WW1WW":[-10,-0.000597643,0.200138,-10],
"2SS1SG1SS4WW":[-0.0053564,-10,-10,-0.0010995],
"2WW1SS4RW3WW":[-0.001,-10,-0.001,1.04123],
"3WW3WW4SS1SS":[0.0354661,0.328059,0,-10],
"4GW3RW3WW1SS":[0.12656,0,0,-10],
"1WW4GW3RW1SS":[-10,0.114353,0,-10],
"1WW3WW2RG1SS":[-10,0.0576126,0,-10],
"4GW2WW1SS1SS":[-0.0019,0.765799,-10,-10],
"1WW1WW1SS3GW":[-10,-10,-10,-0.00266452],
"1SG1WW1WW4GW":[-10,-10,-10,0.000402427],
"1WW2SS1SG4WW":[-10,-0.996,-10,0.0949941],
"1SS3WW4WW3RG":[-10,0.942761,0,0],
"2WW1SR4WW3WW":[0.512751,-10,0,0],
"4WW4WW1SS2RG":[1.31199,0,-10,0],
"4WW2SS1SS3RG":[0.37213,0,-10,0],
"4WW1SS4WW3RG":[0.0790787,-10,0,0],
"2GW2WW1SS4RW":[2.19352,0,-10,0],
"4WW3GW1SG1SS":[0.0448082,0,-10,-10],
"3GW1SS4GW2WW":[0.0136149,-10,0,0],
"1SG4WW4GW1SS":[-10,0.0974234,0,-10],
"2WW1WW3SS1SS":[-0.996,-10,-0.265583,-10],
"1SS1SS1WW3SS":[-10,-10,-10,0.0159015],
"1SS2WW2SG3SS":[-10,-0.001,0,0],
"2WW3WW1SS4SS":[0.166159,0,-10,0],
"1SS1SS4GW4SS":[-10,-10,-0.001,0.0121746],
"1SS1WW1GW2RG":[-10,-10,1.14846,0],
"2WW2SG1SR4WW":[0.0531162,0,-10,0],
"2SS3WW3RW1SS":[-0.001,0,0,-10],
"3SG1SS3WW4WW":[-0.0019,-10,0.797983,0],
"4RW4WW4SS1SS":[0.293785,0,0,-10],
"1WW4GW4WW1SG":[-10,-0.001,0.104238,-10],
"3SS4WW1SS1RW":[0.0927866,0,-10,0],
"1WW1GW1GW1SS":[-10,3.07494,0,-10],
"3WW1SS1GW4WW":[-0.001,-10,10.6227,0],
"3SS1SS1SG2RW":[-0.001,-10,-10,0],
"4GW3GW1SS3WW":[0.190173,0,-10,0],
"4WW4WW1GW1SG":[-0.001,0,0,-10],
"1SS3WW1WW4SS":[-10,0.192301,-10,-0.001],
"2SR1SS1SS1SS":[-0.996,-10,-10,-10],
"3WW3SS1SS1GW":[0.495628,0,-10,0],
"1SG1RW3WW4WW":[-10,-0.161317,0,0],
"4GW1SS2WW1GW":[-0.001,-10,0.0912536,0],
"1SS4RW4GW3WW":[-10,-0.001,0,0],
"2WW3SS1SS4GW":[0.0391122,0,-10,0],
"1SS3SR4WW4WW":[-10,-0.001,0.590672,0],
"1GW4WW1RW1SS":[1.11366,0,0,-10],
"1SS1SS1RG2WW":[-10,-10,-0.2,0],
"4WW3RW1SS2GW":[0.907813,0,-10,0],
"1SS1WW4WW1SR":[-10,-10,1.75129,-10],
"1SS3WW3WW2RG":[-10,0.0498005,0,0],
"4WW1RG3WW1SG":[0.240475,0,0,-10],
"1SS3RG3WW2GW":[-10,-0.001,0,0],
"1SS1SS2GW1GW":[-10,-10,1.07816,0],
"1SS4GW2RW2GW":[-10,-0.001,0,0],
"1SS4RW1WW1GW":[-10,-0.001,-10,0],
"2WW1SS3SS4RW":[-0.000641219,-10,0,0],
"4WW4WW1GR1SS":[0.256831,0,0,-10],
"2WW4RW1SS1WW":[-0.000207168,-0.001,-10,-10],
"1SS4GW2WW2RW":[-10,-0.001,0.0576266,0],
"1SS2RG3WW3WW":[-10,-0.001,0,0],
"3SS3WW1WW1SG":[0.0372281,0,-10,-10],
"1SS1WW4GW1GW":[-10,-10,0.271495,0],
"1SS4WW1SS3SS":[-10,0.25286,-10,-0.001],
"1SS2RW4WW2GW":[-10,0.0176669,0,0],
"1GR1SS1SS4WW":[2.7511,-10,-10,0],
"3GW1SS1WW1WW":[0.42325,-10,-10,-10],
"3WW3SG1SS3WW":[-0.00105448,0,-10,0],
"1GW1SS4WW2WW":[10.8095,-10,-0.000562097,-0.0019995],
"2SS1SS1SS3GW":[0.0897314,-10,-10,0],
"3SS2GW1SS1SS":[0.048782,0,-10,-10],
"3SS1SS1SR3WW":[-0.001,-10,-10,0],
"2WW1SS2GW2WW":[0,-10,0.957336,0],
"2WW4RW1SG4WW":[0.0600271,0,-10,0],
"3WW4WW1SR1WW":[-0.00199472,0.264928,-10,-10],
"1SR1WW1WW4GW":[-10,-10,-10,0.0145539],
"2GW3WW1SS4GW":[0.921288,0,-10,0],
"2WW4WW1SS1GW":[0.143758,0.032557,-10,9.81993],
"1SS4GW4WW2RW":[-10,0.140408,0,0],
"1SS1WW4SS3SS":[-10,-10,0.0335442,0],
"1WW3RW1SS4WW":[-10,0.10997,-10,0],
"2WW1SS1SR4WW":[0.066639,-10,-10,-0.00232967],
"2GW1WW4WW1SR":[0.190799,-10,0,-10],
"4SG1SS1WW3SS":[-0.001,-10,-10,0],
"3WW2WW1SG4RW":[0.0130697,0,-10,0],
"4SS1SG1SS4WW":[0.219163,-10,-10,0],
"1SS4WW3WW2SR":[-10,0.229446,0,0],
"4WW1SS1SS4SS":[0.999371,-10,-10,0],
"1RW4WW1SS2GW":[-0.100799,0.189044,-10,0],
"2GW4WW1SS3SG":[0.18938,0,-10,0],
"3WW2SS1SS1RW":[0.150998,0,-10,0],
"3GW1SS1WW3WW":[-0.001,-10,-10,0],
"3WW2GW4WW1SR":[0.0685403,0,0,-10],
"3WW1RG1SS3WW":[0.117859,0,-10,0],
"3WW1GW1SS2RW":[0.30699,0,-10,0],
"3WW2SG1SS3WW":[0.405086,0,-10,0],
"3RG4WW4WW1SS":[0.0376928,0,0,-10],
"1SG1SS4WW1SS":[-10,-10,0.0919036,-10],
"1SS4SG4WW3WW":[-10,-0.001,0.186569,0],
"4WW1SG4GW1WW":[0.00502891,-10,0,-10],
"1SS4WW1GW2SG":[-10,-0.001,0,0],
"2SS2WW1SS2SS":[-0.00119796,0,-10,0],
"3GW4WW1SS3RW":[0.905879,0,-10,0],
"4SS1SS4WW2WW":[0.0077831,-10,0,0],
"4WW3WW1SG1SS":[0.494426,0,-10,-10],
"1SS4WW1GW3SS":[-10,0.846227,0,0],
"2GW1SS4GW1WW":[0.420613,-10,-0.001,-10],
"1WW4WW2SS1SG":[-10,-0.001,0.290522,-10],
"1SR4WW1WW1SG":[-10,0.00604553,-10,-10],
"2WW4SS1SS3WW":[0,-0.001,-10,1.42802],
"1SS3RW4WW4GW":[-10,-0.001,0,0.0292426],
"1WW3WW1SS3RW":[-10,0.00878202,-10,0],
"3WW2RW4SS1SS":[0.166341,0,0,-10],
"1WW4SS1SG1GW":[-10,-0.001,-10,0],
"2SG1SS4GW1SS":[-0.996,-10,0,-10],
"1SS4SS1SG1SS":[-10,0.0161318,-10,-10],
"1SS4WW3SS2SS":[-10,0.58186,0,0],
"2SS4WW2RW1SS":[0.154674,0,0,-10],
"2WW2SS1SG2WW":[0.034002,0,-10,0],
"3WW3SR1SS3WW":[-0.001,0,-10,0],
"1GW2RW1SS4WW":[6.07032,0,-10,0],
"1SS1SG1WW2WW":[-10,-10,-10,0.0642469],
"2SS1SS3WW1RW":[-0.153114,-10,0.2011,0],
"3GW3WW1SG4WW":[-0.001,0,-10,0],
"4GW3WW4GW1SS":[-0.001,0.158941,0,-10],
"1SR1GW2WW3WW":[-10,2.09497,0,0],
"1WW4GW1SS1GW":[-10,-0.001,-10,1.02774],
"1SS1SS3SS2WW":[-10,-10,-0.001,0.443245],
"2SS3WW3WW1SG":[-0.00131702,0.0415604,0,-10],
"4WW2GR1WW1SS":[0.0126279,0,-10,-10],
"1SS1SG3SS2WW":[-10,-10,-0.001,0],
"4SS1GW1SS1SS":[-0.001,0,-10,-10],
"1SS4GW2GW2SS":[-10,0.0536293,0,0],
"1SS4WW4WW2RG":[-10,0.192266,0,0],
"1SS1SS1RW1WW":[-10,-10,-0.293971,-10],
"1SS2RW4WW1GW":[-10,0.0966667,0,0],
"2WW1SS1SS2WW":[1.03265,-10,-10,0.00884234],
"2GW1SS1SR3WW":[0.270353,-10,-10,0],
"3GW1SS2RW3WW":[-0.001,-10,0,0],
"1WW1SS3SS2WW":[-10,-10,-0.001,0],
"3WW3SS1SG1WW":[0.0164277,-0.001,-10,-10],
"1SS3GW4WW2GW":[-10,0.0225075,0,0],
"3SS1GW1WW1SG":[-0.00100955,0,-10,-10],
"4WW1SS1RG2WW":[0.00785726,-10,0,0],
"3WW1SS1RG4WW":[0.772641,-10,-0.075958,0],
"1SS1WW1RW4WW":[-10,-10,-0.187403,-0.001],
"1GW2WW1SS2RG":[1.08732,0,-10,0],
"1SS3RW4WW1GW":[-10,-0.001,0.902844,0],
"1SS2SR1SS1WW":[-10,-0.996,-10,-10],
"1SS1SR4GW1SS":[-10,-10,0.113791,-10],
"1RW1SS2GW2GW":[-0.155868,-10,0,0],
"4WW3GW1SS1WW":[1.2065,0,-10,-10],
"4WW2RW4WW1SG":[-0.0010995,0.00669986,0,-10],
"1SS1SS3SG4WW":[-10,-10,0.350824,0],
"1SS2WW4WW3SG":[-10,-0.001,0.525801,0],
"1SS3GW2WW2RW":[-10,-0.001,0.0684422,0],
"4WW1GW1WW1SG":[0.165216,0,-10,-10],
"4WW1SG1WW3GW":[0.119327,-10,-10,0],
"4RW3WW1GW1SS":[-0.001,0,0,-10],
"3GR2WW1SS1SS":[-0.001,0,-10,-10],
"1WW1SR1SS1GW":[-10,-10,-10,1],
"3SS1SG4WW2GW":[-0.001,-10,0,0],
"4WW3GW1WW1SG":[0.323816,0,-10,-10],
"1SS3RW4GW1SS":[-10,0.0109487,0,-10],
"1WW1SS3SS1GW":[-10,-10,-0.001,1.09946],
"4WW4GR1SS2WW":[0.0406928,0,-10,0],
"4WW4SG1SS4WW":[1.1376,-0.001,-10,0],
"1SS4RW1SS2SS":[-10,-0.001,-10,-0.001],
"1GW3SR1SS1WW":[1.00285,0,-10,-10],
"4GW4WW2SS1SS":[-0.001,2.8499,-0.384412,-10],
"3RW1WW2WW1SS":[0,-10,-0.001,-10],
"1SS1GR1GW4WW":[-10,1,0,0],
"2SS2SS1SG4WW":[0.0827804,0,-10,0.181216],
"2RW2WW3WW1SS":[-0.0010805,0,0,-10],
"3SS1SS1WW4RW":[0,-10,-10,0.109792],
"1RW3WW1SG1GW":[-0.182504,0,-10,0],
"1SS1RW2GW4WW":[-10,-0.0186368,0,0],
"1WW4SS3SG1SS":[-10,-0.001,0,-10],
"1SS1SS2SS4SS":[-10,-10,0.000304236,0],
"3SS2SS3SS1SG":[0.0108498,0,0,-10],
"1SS3WW2RW4GW":[-10,-0.000782547,0.101927,0],
"2GR1SS3WW1WW":[-0.001,-10,0,-10],
"1SS4GW4SS1SS":[-10,0.138576,0,-10],
"4WW1GW3SS1SS":[0.589985,0,0,-10],
"4GW1SR1WW3WW":[0.143099,-10,-10,0],
"3GW1SS3GW4WW":[-0.001,-10,-0.001,0],
"3SS2SS1SR4WW":[-0.001,0,-10,0],
"4WW1SS3GR3WW":[0.000123258,-10,0,0],
"1WW3WW4SR1SS":[-10,0.0685279,0,-10],
"1SS4WW2WW3RW":[-10,-0.00159998,-0.00109309,0.176553],
"2GW1SS1SR4WW":[-0.001,-10,-10,0.267667],
"2RW4WW1WW1SS":[-0.001,0,-10,-10],
"1SS2WW2SS1GW":[-10,0.0460716,0,0],
"1SS3WW4RW4GW":[-10,0.0773826,0,0],
"2SS1SR1SS4WW":[0.455019,-10,-10,0],
"1WW1SG4WW3WW":[-10,-10,-0.00222254,0.0171629],
"1SS2WW3GW3SS":[-10,-0.001,-0.001,0],
"2WW2SS1SS1SS":[-0.00118293,0.128377,-10,-10],
"1WW2WW1SR4WW":[-10,-0.992469,-10,0.413962],
"1RW4WW1SG4WW":[-0.163506,2.49935,-10,0.0758544],
"1WW2RG1SS4WW":[-10,-0.001,-10,0],
"2GW2WW4WW1SS":[4.63398,0.00218546,-0.001,-10],
"1SS4WW4RW4WW":[-10,1.41734,-0.0029539,0.38622],
"3WW3WW1GW1SS":[0.0225031,0,0,-10],
"1SS1SS1SS2SG":[-10,-10,-10,0.235298],
"2WW3WW1SS3SS":[0.57797,0,-10,0],
"2RW1SS1WW1GW":[0.00066909,-10,-10,0],
"3GW2WW1SS1SS":[2.04174,0,-10,-10],
"2GW1SS3WW4RW":[-0.001,-10,0,0],
"4WW4WW1SS3RG":[0.852854,0,-10,0],
"3RW3GW4WW1SS":[0.0840784,0,0,-10],
"2SS2SR4WW1SS":[-0.996,0,0,-10],
"1SS3WW4WW3SR":[-10,-0.001,0.291999,0],
"1SS2SR4GW4WW":[-10,0.034341,0,0],
"1SS4GW2GW4WW":[-10,-0.001,3.63081,0],
"1SS3WW1GW3SS":[-10,0.0751932,0,0],
"1WW1RW1SS2WW":[-10,-0.158785,-10,0],
"1SR3GW1SS1SS":[-10,0.161134,-10,-10],
"4WW2WW1SS2GW":[0.418496,0,-10,-0.001],
"2SG2RW2WW1SS":[0.0589166,0,0,-10],
"1SS3RW2WW1WW":[-10,-0.001,0,-10],
"4WW2GW4GW1SS":[0.129973,0,0,-10],
"1SS4WW3WW2RW":[-10,-0.000861911,0.0836881,0.756924],
"1SS1WW4WW4SR":[-10,-10,1.1171,0],
"2SS2GW1SS1SS":[0.150145,0,-10,-10],
"1SS4SS4WW1SS":[-10,0.422617,0,-10],
"2WW1SS4SR4WW":[-0.001,-10,-0.001,0.262366],
"1WW4GW1SS3RW":[-10,-0.001,-10,-0.001],
"3GR1SS1SS4WW":[0.0177174,-10,-10,0],
"1SS1SS1RW2WW":[-10,-10,-0.137435,0],
"2WW2WW3SS1SS":[-0.0896254,0,0,-10],
"1SS1SS2RW2WW":[-10,-10,-0.001,0.218701],
"2SS2GW4WW1SR":[0.0806217,0,0,-10],
"1SS3GW4WW4RW":[-10,0.110999,0,0],
"1WW1RW1SG1SS":[-10,-0.0825098,-10,-10],
"1SG1WW2WW4GW":[-10,-10,0.00518455,0],
"1WW4RW1SS1WW":[-10,0.0708308,-10,-10],
"4WW4WW3WW3GW":[-0.001,-0.001,-0.001,0],
"3SS1SS1SS4GW":[0.72866,-10,-10,0],
"4WW1SR1WW2GW":[0.14461,-10,-10,0],
"3WW2SS1SG2WW":[0.11123,0,-10,0],
"4WW1WW3WW1SS":[1.65406,-10,0.218122,-10],
"4WW1GW2RW1SS":[0.547347,0,0,-10],
"3GW1SG4WW1WW":[0,-10,-0.00118905,-10],
"3SS2SS2GW1SS":[-0.001,0,0,-10],
"2RW1SS1SS4WW":[1.16366,-10,-10,0.21302],
"4SG1SS3WW4WW":[-0.001,-10,-0.001,0.884029],
"3WW2GW1SS2RW":[0.419612,0,-10,0],
"4WW3WW1SG2SS":[0.0207078,0,-10,0],
"1SR1SS1WW3WW":[-10,-10,-10,0.797805],
"4WW4SR1SS1GW":[0.216597,0,-10,0],
"3RG1SS3WW1WW":[-0.001,-10,0.00592445,-10],
"1GW4SS1SS2WW":[1.03138,0,-10,0],
"1SG4WW2RW1WW":[-10,-0.00101908,0,-10],
"2GW1SS1SG1SS":[0.0985,-10,-10,-10],
"2WW2SS1SR1WW":[0.0303717,0,-10,-10],
"1SS1WW3WW3GW":[-10,-10,0.0158984,0.00947977],
"1SR2WW4WW1SS":[-10,0.513089,0,-10],
"1SS1WW2GW2GW":[-10,-10,-0.001,0],
"2WW1GW1SS2SS":[-0.0939744,0,-10,0],
"1WW1GW4SS1SS":[-10,3.91906,0,-10],
"2WW3WW1SG4SS":[-0.001,0,-10,0],
"1SS1SG2RG4WW":[-10,-10,0.015136,0],
"2GW3WW4SS1SS":[0.999914,0,0,-10],
"1SS1RW3WW2GW":[-10,-0.2,0,-0.001],
"4WW2RW1SS2GW":[0.367025,0,-10,0],
"1GW1SS1SS1WW":[7.26944,-10,-10,-10],
"1WW4WW1SG1RG":[-10,0.0317208,-10,0],
"2SS2SS1SS4WW":[0.76122,-0.996,-10,0],
"3WW4WW4GR1SS":[0.119102,0,-0.001,-10],
"3GW1SS3WW1GW":[0.413187,-10,0,0],
"3WW2SS1SS1SS":[0.0296926,0,-10,-10],
"4WW1SS1SR2WW":[-0.00162568,-10,-10,2.20761],
"3WW1SS4SS3WW":[-0.001,-10,-0.001,0.409208],
"1WW1RG1SS4WW":[-10,0.333756,-10,0],
"2WW4WW4GW1SG":[0.146163,0,0,-10],
"1SR2SS3WW1WW":[-10,-0.001,0.010947,-10],
"1SG2SS4GW3WW":[-10,0.199958,0,0],
"1GW1WW3WW1SS":[4.04697,-10,-0.001,-10],
"3WW4SS3SG1SS":[-0.001,0,0,-10],
"1SS1SS1SG2SR":[-10,-10,-10,-0.996],
"1SS1WW2SS3SR":[-10,-10,-0.001,0],
"1SS3SS4WW4RW":[-10,0.0812518,1.19491,0],
"4RW4GW3WW1SS":[0.023651,0,-0.00117799,-10],
"1GW3GW1SS3WW":[1.13032,0,-10,0],
"1SS2SS4WW3GR":[-10,0.132247,0,0],
"1SR2WW2WW1SS":[-10,0.00607031,0,-10],
"3WW1SS4WW3RW":[0.2558,-10,0,0],
"2GW4WW1SS3RW":[3.10758,0,-10,0],
"1SS2RW4WW3WW":[-10,0,1.54595,-0.0019],
"4GW1WW4WW1SG":[0.0934464,-10,0,-10],
"1SS3RW3WW2WW":[-10,0.0159523,0,0],
"2SR1SS1WW3SG":[-0.996,-10,-10,0],
"2WW3SS1SS3GW":[0.564008,0,-10,0],
"1GW4WW3GW1SS":[2.32169,0,0,-10],
"1SS2WW3WW1GW":[-10,0.0306717,0,9.50437],
"3WW1GR1SS4WW":[0.267094,0,-10,0],
"1GW2SS1SG2WW":[1.08691,0,-10,0],
"1RW3WW3WW1SS":[-0.129135,0,0,-10],
"1GW2WW1SS4WW":[11.0292,0.0341729,-10,0.0933152],
"3WW2RW1SS4WW":[1.24613,-0.001,-10,0],
"4WW2WW1SG3SS":[0.00760196,0,-10,0],
"1GW4WW1SS1SR":[0,0.000989008,-10,-10],
"1SS2SS4WW1SR":[-10,0.585197,0,-10],
"4WW3SG1SS2WW":[1.20071,0,-10,0],
"1SG4WW1WW2GW":[-10,-0.001,-10,0],
"3GW1SS1GW1WW":[-0.001,-10,0,-10],
"2RW1SS4WW1GW":[0.444395,-10,0,0],
"3SS4WW2WW1SG":[-0.000910596,-0.001,0.165163,-10],
"1SG1SR1WW1SS":[-10,-10,-10,-10],
"1SS1RW1WW1WW":[-10,-1.23563,-10,-10],
"4WW1WW1SS3GW":[0.179506,-10,-10,0],
"1GW1SS1RW1GW":[1,-10,0,0],
"2SS2WW1SS1SS":[0.306931,0,-10,-10],
"2WW2GW1SG2SS":[-0.000877348,0,-10,0],
"1GW3WW1SG4WW":[2.05978,0,-10,0],
"2GW3WW1SG4WW":[-0.001,0.105775,-10,0],
"4WW1SS1RG1WW":[0.073731,-10,0,-10],
"2WW1SS4GW1WW":[-0.99727,-10,0.131465,-10],
"1SS1WW3RG4WW":[-10,-10,-0.001,0],
"4RW1WW2WW1SG":[0.00218147,-10,0,-10],
"4WW1SG4GW2WW":[-0.001,-10,-0.001,0],
"1SS1WW4GW1SS":[-10,-10,0.89859,-10],
"1SS4SS4WW2GW":[-10,-0.00025668,1.0126,0],
"3WW1SS1RW3WW":[0.273051,-10,0,0],
"3WW1SS4SS4WW":[-0.00194995,-10,0.137379,2.30783],
"4GW2SS1SG3WW":[0,0.0619501,-10,0],
"1SS4WW1GR4WW":[-10,0.37067,0,0],
"3WW4WW1SS4SS":[0.175397,0,-10,0],
"3WW1SS2SS3WW":[1.68817,-10,0,0],
"2SS1SS4GW2GW":[0.0249115,-10,0,0],
"3WW4WW2SG1SG":[0.0792265,0,0,-10],
"3WW1SS1SR2GW":[0.00423546,-10,-10,0],
"1SS1SS4WW3GW":[-10,-10,2.43437,1.71795],
"3WW4WW4SS1SG":[0.10504,0,0,-10],
"4SS1GW3WW1SS":[0.129643,0,0,-10],
"1WW2GW2RW1SS":[-10,1.64584,0,-10],
"1WW4WW1GR1SS":[-10,0,2.05846,-10],
"2WW1SS1RG4WW":[0.658427,-10,0,0],
"3WW3WW1SS1RG":[0.0542235,0,-10,0],
"3GW1WW3WW1SR":[0.359142,-10,0,-10],
"2WW3WW1SG4RW":[0.123923,0,-10,0],
"1SS4SS3GW2WW":[-10,0.0242941,0,0],
"4SS1SS1SR3WW":[-0.001,-10,-10,0],
"4WW4SG1SS2WW":[0.934943,0,-10,0],
"2SS1SS4GR4WW":[0.0128971,-10,0,0],
"4GW3SS1SS2WW":[0.108259,0,-10,0],
"1RW4WW1SS3SG":[-0.0570431,0,-10,0],
"1RG1SS3WW2WW":[-0.2,-10,0,0],
"3WW3SS1SS2WW":[0.0899306,0,-10,0],
"1SS4GW3WW2SR":[-10,-0.001,0,0],
"4SS1WW1SS1SS":[0.0931033,-10,-10,-10],
"4GW3WW2SS1SS":[0.118808,0,0,-10],
"4WW3SS1SG2WW":[0.0867573,0,-10,0],
"3RW1SS1WW2WW":[0.0676574,-10,-10,0],
"3RG1SG1SS3WW":[-0.001,-10,-10,0],
"4RG1SS3WW3WW":[-0.001,-10,0.00388337,0],
"4GW1GW4WW1SS":[1.48282,0,0,-10],
"1SS1SS3GW2WW":[-10,-10,-0.001,1.07466],
"1SS3RW4GW2SS":[-10,-0.001,0,0],
"1GW1SG4WW1WW":[0.999901,-10,0,-10],
"2WW1SS3SG2SS":[0.00634224,-10,0,0],
"1SS1SS1GR4WW":[-10,-10,5.08442,0.267463],
"1SS4WW2GR1SS":[-10,0.10828,0,-10],
"1WW1SS4WW1RG":[-10,-10,0.0171101,0],
"4WW1SS3GR4WW":[1.1184,-10,0,0],
"2WW2WW1SR4WW":[-0.001,-0.000116309,-10,0.737431],
"2SS4GW2WW1SS":[0.240778,0,0,-10],
"4WW4WW1SS4GR":[0.994896,0,-10,0],
"1RW1SS4SS2WW":[-0.135988,-10,0,0],
"1RW1SS3WW3GW":[0.00253587,-10,0,0],
"2SS1SS3WW1WW":[-0.996,-10,0,-10],
"1SS1GW4WW2RW":[-10,1.09998,0,0],
"2SS2SS1SS2SS":[-0.001,-0.100102,-10,0],
"4WW2SS1SR4WW":[0.263717,0,-10,0],
"2RW1SS3WW1WW":[-0.001,-10,0,-10],
"3SS1SS2RW4WW":[-0.000194339,-10,0.335034,0],
"3SS1SS4RW4WW":[-0.001,-10,0.411385,0],
"4RW1SG1SS2GW":[0.0150534,-10,-10,0],
"4GW1SG1SS1WW":[0.138846,-10,-10,-10],
"4WW4WW1SG2SS":[0.159339,0,-10,0.395622],
"4WW1SS1SR3GW":[0,-10,-10,1.48084],
"3WW1RW3GW1SS":[0.00423938,0,0,-10],
"1SS4WW3RW2SS":[-10,0.370844,0,0],
"3WW1WW1SS2RG":[0.109012,-10,-10,0],
"1SS1SS1SS1RG":[-10,-10,-10,-1.195],
"1SS1WW1SS2RG":[-10,-10,-10,-0.001],
"2WW1RW1SG4GW":[0.136117,0,-10,0],
"1SS1SG1GW4WW":[-10,-10,1.22809,0],
"3RW3WW3SS1SS":[0.0583138,0,0,-10],
"2WW2WW1SG1SS":[-0.170949,0.153972,-10,-10],
"4SR1SS1SS1GW":[-0.001,-10,-10,0],
"4WW1SS1GR2WW":[-0.0010995,-10,2.7218,0],
"4GW4WW1SR4WW":[0.018377,0.328232,-10,0],
"4SR1SS1WW4WW":[-0.001,-10,-10,0.126315],
"1SS1SS2WW1SS":[-10,-10,0.531293,-10],
"1SR3WW4WW4SS":[-10,0.10214,0,0],
"1SS1GW2WW4RW":[-10,0.999901,0,0],
"2WW1RW4GW1SG":[0.0336204,0,0,-10],
"3SS1SS1SS1WW":[0.116056,-10,-10,-10],
"2WW4RW1SS2GW":[0.0958818,0,-10,0],
"1SS2WW4WW1RG":[-10,0.0700587,0,0],
"3SS4WW1SG4SS":[-0.001,0,-10,0],
"1RW1WW3WW1SG":[0,-10,-0.001,-10],
"1SS2RW2SS1SG":[-10,-0.001,0,-10],
"2WW3RW1SS4GW":[0.219447,0,-10,0],
"1SS1RG4WW2WW":[-10,-0.074452,0,0.157529],
"1SG3WW4WW4WW":[-10,1.5043,0,-0.0010995],
"1SS2SS2GW4WW":[-10,-0.0252527,-0.001,1.69338],
"1GW2WW4WW1SG":[1.11846,0,0,-10],
"1SS1SS2GW4GW":[-10,-10,3.7836,0],
"3SS4GW4WW1SS":[-0.303616,0.00863367,0,-10],
"4RW1SS1SG1WW":[-0.0019,-10,-10,-10],
"3WW3SS2SG1SS":[0.0410121,0,0,-10],
"1SS4WW4GW3SS":[-10,-0.0011094,-0.0019995,-0.0019],
"1WW4WW1SR1SS":[-10,1.50338,-10,-10],
"3GW4WW2WW1SS":[2.07431,0,0,-10],
"4WW1SS3WW2RG":[0,-10,0,0.00989664],
"4GW1SS1RW3WW":[-0.001,-10,-0.184629,0],
"2WW2GW4WW1SG":[0.201544,0,0,-10],
"2WW4GW1SS3GW":[0.0874503,0,-10,0],
"1WW3SS1SS2WW":[-10,0.013366,-10,0],
"3SS1SG3WW1SS":[0,-10,0.14536,-10],
"1SS1SS4RW2GW":[-10,-10,0.0690771,0],
"1WW1WW1SG2SS":[-10,-10,-10,-1.8924],
"2SS3WW4RW1SS":[-0.001,0.103048,0,-10],
"4SS3GW1WW1SS":[0.042019,0,-10,-10],
"2SS1SS1WW3GW":[-0.001,-10,-10,-0.001],
"1SS3WW1WW4WW":[-10,0.00536154,-10,1.24549],
"1WW1SG3RW4WW":[-10,-10,-0.001,0],
"3SS1SS3WW1SG":[-0.001,-10,0,-10],
"1SS4WW2GW1SS":[-10,0.114477,6.04283,-10],
"1SS2SR4WW3WW":[-10,0,0,0.377901],
"2SS2WW1SS1SR":[-0.10027,0,-10,-10],
"1GW1RW1SS4SS":[1.0007,0,-10,0],
"3GW1WW1SS2SS":[0.544936,-10,-10,0],
"3WW1SS2SS4WW":[0.180314,-10,0.257926,2.10772],
"4SS1SS1RG4WW":[0.0737027,-10,0,0],
"4WW1SS4GR4WW":[0.399579,-10,0,0],
"1SS2RW2GW4WW":[-10,-0.001,0.00992814,0],
"2GW1WW1SS2SS":[0,-10,-10,0.373673],
"1GW1SS1SG4WW":[0,-10,-10,0.0231036],
"1SS1SS1SG1RW":[-10,-10,-10,-0.0812141],
"4WW2GW1SS2SS":[0,5.79688,-10,0],
"1SS1SS2SG2SS":[-10,-10,-0.0408369,-0.248038],
"1SS4SS2WW2RW":[-10,-0.001,0.00542665,0],
"1SS4GW1WW4GW":[-10,0.0268443,-10,-0.001],
"1SS1SS3SG2SS":[-10,-10,-0.001,0],
"1GW4SS1SS1WW":[2.75727,0,-10,-10],
"2SS1GW2WW1SS":[0.199218,0,0,-10],
"1WW3WW2SG1SS":[-10,0.091017,0,-10],
"2SS4WW1SS3SR":[0.0461994,0,-10,0],
"2WW3GW4WW1SG":[0.103615,0,0,-10],
"1WW3GW1SG4WW":[-10,0.126157,-10,0],
"3SS1SS1SS1RW":[0.133574,-10,-10,0],
"2WW2WW3RW1SS":[-0.001,0.124045,-0.0019,-10],
"1SS3SS3WW1GW":[-10,-0.001,0,0],
"4GW1RW1SS1WW":[-0.001,0.0361406,-10,-10],
"4SS3WW2RW1SS":[-0.001,0,0,-10],
"3WW3GW3RW1SS":[-0.001,0,0,-10],
"2GW2WW1SS4GW":[0.860281,0,-10,0],
"3WW3RW1SS2WW":[0.301871,0,-10,0],
"4GW4WW1SG1WW":[-0.001,0.324463,-10,-10],
"4GW1RW1SG1WW":[-0.001,0,-10,-10],
"4GR4WW4WW1SS":[0.0619669,0,0,-10],
"3RW1SS1SS2WW":[0.0870831,-10,-10,0],
"4WW1SS1SS2GR":[1.23136,-10,-10,0],
"1RW1SG4WW4WW":[-0.142046,-10,0,0],
"1SS4WW4WW3GR":[-10,0.245779,0,0],
"3WW2SS4SS1SS":[0.102378,0,0,-10],
"3RW1GW4WW1SS":[-0.00055669,1.14125,0,-10],
"4WW2SS1SS4GR":[0.383605,0,-10,0],
"1SS2RW4GW1SS":[-10,0.000130107,0,-10],
"1WW4SS1SG3WW":[-10,-0.001,-10,0],
"4WW1RW1SG1WW":[-0.000584574,0,-10,-10],
"1WW2SS1SS4WW":[-10,-0.934765,-10,0.325008],
"4WW2SR1SS4GW":[0.161248,0,-10,0],
"1GW1SS3GW1WW":[1,-10,0,-10],
"1GW4WW2WW1SS":[7.74481,0,0,-10],
"1WW1SR4WW1WW":[-10,-10,0.113103,-10],
"3WW3SS1SS1SS":[0.0595904,0,-10,-10],
"3SS3WW4GW1SR":[-0.327817,0,0,-10],
"1SG4WW1SS3SS":[-10,0.726166,-10,0],
"1SS2WW2SS2SS":[-10,0.212378,0,0],
"3WW2SS2SS1SS":[0.0476811,0,0,-10],
"4WW4WW2GR1SS":[0.0851529,0,0,-10],
"1SS2RG4WW4WW":[-10,-0.000829557,0.988277,0],
"4WW4RG1SS2WW":[0.112815,0,-10,0],
"1RW1SS2SS4WW":[-0.0657051,-10,-0.001,0],
"3RW2WW4WW1SS":[-0.001,1.3311,0,-10],
"4WW2RG4WW1SS":[0.412211,0,0,-10],
"1SS2GR3WW2WW":[-10,-0.001,0,0],
"1SS3RG4WW4WW":[-10,-0.001,0.413155,0],
"2GW4WW4WW3WW":[0,-0.00224282,-0.0019995,0],
"1SS3SG4WW4WW":[-10,0.00127592,0,0],
"4RW3GW1SS4WW":[0.137712,0,-10,0],
"4SS4GW1WW1SS":[0.023469,0,-10,-10],
"4WW1SR4WW4GW":[0.44235,-10,0,0],
"2SS2SS1SG3WW":[-0.001,-0.100102,-10,0],
"3SS1SS3GW3WW":[-0.001,-10,-0.001,0],
"2GW2SS1SS4RW":[-0.001,0,-10,0],
"1SG4RW1WW3GW":[-10,-0.001,-10,0],
"4WW2GW2WW4WW":[-0.0010995,0,0,0],
"3WW2RW4GW1SS":[-0.001,0.00746907,0,-10],
"1SR2GW4WW4WW":[-10,0.18805,0.00576913,0],
"4RW1SS4SS4WW":[-0.000292217,-10,0,0],
"4WW1WW1SR1SS":[0.265601,-10,-10,-10],
"4GR3WW4WW1SS":[-0.001,0,0,-10],
"1SS1WW1WW1RW":[-10,-10,-10,-0.0916575],
"1WW3WW1SG4WW":[-10,-0.00191125,-10,1.33674],
"1RW2GW1SS4WW":[-0.1047,0,-10,0],
"1SS1WW1GW1GW":[-10,-10,0.999268,0],
"3WW4WW4RG1SS":[0.576747,0,0,-10],
"1GW4WW1SS4GW":[7.07709,0,-10,0],
"3RW4GW1SS4GW":[0.0461423,0,-10,0],
"1SR2WW4WW4GW":[-10,0.171585,0,0],
"1SS1SS1GW4GW":[-10,-10,3.16901,0],
"1SS1GW2WW2SR":[-10,1,0,0],
"1SS1SS3RW1WW":[-10,-10,-0.0011094,-10],
"1SS4SG4WW1SS":[-10,0.152129,0,-10],
"1SS4SG4RW1WW":[-10,-0.001,0,-10],
"2SS2SS4GW1SG":[0.00256276,0,0,-10],
"1WW3WW1SS3GW":[-10,0.00625624,-10,0],
"1SG2SS2WW1SS":[-10,-0.00209148,0,-10],
"1SS2RW1WW1SG":[-10,-0.001,-10,-10],
"2SS3RW1WW1SG":[0.0863362,0,-10,-10],
"1SS4RW1WW3GW":[-10,-0.001,-10,-0.001],
"1WW2WW1SS1RW":[-10,-0.000966465,-10,-0.120222],
"4GW4WW1SS2SR":[0.224624,0,-10,0],
"2WW1SG2SG4WW":[0.00277022,-10,0,0],
"3SS1SS1SS4RW":[-0.001,-10,-10,-0.001],
"2WW1GW1SS2WW":[-0.0010995,1.06381,-10,0],
"4GW2RW1SS1SS":[0.0731644,0,-10,-10],
"3WW2SG1SS4WW":[0.0697114,0,-10,0],
"3WW4WW4WW3WW":[-0.0019995,-0.00225793,-0.00308701,-0.0019995],
"1WW2RW1SS4WW":[-10,-0.00271,-10,-0.00198955],
"1SS2SS2RW1WW":[-10,0,-0.0209,-10],
"3WW1SS3SR4WW":[0.0449056,-10,0,0],
"1SS1SS1WW1SS":[-10,-10,-10,-10],
"1SS1WW4RW4SS":[-10,-10,0.0826098,0],
"2GW2SS1SS3WW":[2.67454,0,-10,0],
"3GW1SS3WW2GW":[-0.001,-10,0,0],
"2SS1SR1WW4WW":[0.0695181,-10,-10,0],
"1RW2SS1SG2WW":[0,0,-10,0.00117087],
"4WW4GW1SG1WW":[0.0469481,0,-10,-10],
"1GW1GW1SR1SS":[1.04143,0,-10,-10],
"1SS1GW4WW1RW":[-10,3.49202,0,0],
"1WW2WW4GW1SR":[-10,-3.78307e-05,0,-10],
"3SG1SS1WW4RW":[-0.001,-10,-10,0],
"2WW1SS1RW3GW":[0.0372028,-10,0,0],
"3GW4SS2SS1SS":[0.276595,0,0,-10],
"1SR2SS1SS1SS":[-10,-0.996,-10,-10],
"2WW2GW4WW1SR":[0.068349,0,-0.001,-10],
"2RW1SS1SS1SS":[0.0370328,-10,-10,-10],
"1SS3SS1SS4WW":[-10,-0.001,-10,1.04],
"4SS4WW1SS1SS":[0.980255,0,-10,-10],
"4GR1SS1SS4WW":[-0.001,-10,-10,0.327378],
"2WW4WW1SS1RG":[0.470435,0,-10,0],
"1SR3SS2WW1SS":[-10,0.0550424,0,-10],
"4GR1SS1SS1SS":[-0.001,-10,-10,-10],
"4GR4WW1SS4WW":[0.0126128,0,-10,0],
"3WW1SS1SS2GW":[-0.0019,-10,-10,2.55657],
"4GR4WW3WW1SS":[-0.001,0.195532,0,-10],
"1SS1WW3WW4RW":[-10,-10,0,0.0990435],
"1SS2RW2WW3WW":[-10,-0.001,0,0],
"3WW2WW4SG1SS":[0.00726736,0,0,-10],
"1WW1SR2SS2WW":[-10,-10,-0.00125737,-0.001],
"1WW1SR1SS3WW":[-10,-10,-10,0.0354054],
"1SS2SS1SS4WW":[-10,-2.69916,-10,1.55998],
"3WW1SS4SG4WW":[0.414252,-10,0,0],
"4WW3WW2SG1SS":[0.0357349,0,0,-10],
"2WW1SS4GR4WW":[0.15022,-10,0,0],
"3SS1GW2WW1SS":[0.117047,0,0,-10],
"3GW3GW1SR4WW":[-0.001,0,-10,0],
"3RW1SS2GW4WW":[0.0932552,-10,0,0],
"2WW1SS3RG4WW":[-0.001,-10,-0.001,0.128799],
"1SS4WW1WW2SS":[-10,0,-10,-0.0011111],
"2GW3WW1SS4RW":[0.874527,0,-10,0],
"4WW3RW1WW1SG":[0.185288,0,-10,-10],
"1RW4WW2GW1SS":[-0.218509,0.620712,0,-10],
"4GW3RW1SS4WW":[0.05029,0,-10,0],
"1SS1WW1GW3SS":[-10,-10,3.61765,0],
"4WW2GW3WW1SG":[0.116232,0,0,-10],
"3WW1SS3RW4GW":[0,-10,0,0.003572],
"1SS3GW3WW2RG":[-10,-0.001,0.206854,0],
"1SS2WW1GW3SS":[-10,0.0669494,0,0],
"1SS3GW4WW4GW":[-10,-0.001,0.389502,0],
"3WW1SG4WW2WW":[0.510646,-10,0.140858,-0.00271],
"4WW1WW1GW1SR":[0.0133458,-10,3.46223,-10],
"2GW1WW4GW1SS":[0.0132695,-10,0,-10],
"1SS4GW2WW4RW":[-10,-0.001,0.1347,0],
"4GW3WW3WW1SR":[0.0484151,0,0,-10],
"2WW4GW1SS1SG":[0.0687427,0,-10,-10],
"2WW2WW3GW1SS":[-0.0814294,0,0,-10],
"1RW3WW1SS4GW":[-0.138356,0.0166555,-10,0],
"4WW3RW1SS3GW":[0.459941,0,-10,0],
"3GW1SS1SS4RW":[0.00187088,-10,-10,0],
"1SS1GW2WW1SR":[-10,1.00682,0,-10],
"3GR2WW2WW1SS":[0,0,-0.001,-10],
"1SG2SR4WW1WW":[-10,-0.001,0,-10],
"1SG1SS2WW1SS":[-10,-10,0.0871294,-10],
"1SS2SS2WW1SS":[-10,-0.001,0.98337,-10],
"1WW1SR1SS1WW":[-10,-10,-10,-10],
"4WW4WW1SS2SG":[-0.000366104,0.381913,-10,-0.001],
"1SS1SS2WW1SR":[-10,-10,0.100259,-10],
"4GR3WW1SS3SS":[-0.001,0,-10,0],
"2RG2SS1SS4WW":[-0.001,0,-10,0],
"3WW1WW1SS1GW":[-0.001,-10,-10,0],
"1SS1WW1RW4SS":[-10,-10,1.27782,0],
"4WW4GW1SR4WW":[0,-0.000239993,-10,0],
"4WW2WW4WW4WW":[-0.0028095,-0.0028095,-0.00279955,-0.0019995],
"1GW2RW1SS2WW":[1.02605,0,-10,0],
"2SS1SS4GW3SR":[-0.00871866,-10,0,0],
"1SS1SR3GW3WW":[-10,-10,0.0615885,0],
"1SR1SS3WW2SS":[-10,-10,-0.00104916,0],
"4WW1SG4WW3GW":[0.0958258,-10,0,0],
"1SS4RW2WW1SS":[-10,-0.0019,1.43841,-10],
"3GW4WW1GR1SS":[0.0428914,0,0,-10],
"2SR3WW1SS1SG":[-0.001,0,-10,-10],
"4RW1SS1SS1SS":[0.0175978,-10,-10,-10],
"3SR3WW4WW1SS":[-0.001,0.0560679,0,-10],
"4GW1WW1SS2SS":[0.0936656,-10,-10,0],
"3WW1SS2GW3WW":[0.407999,-10,0,-0.001],
"3WW4WW4GW1SG":[0.0134653,0,0,-10],
"1SS1SS2SR1SS":[-10,-10,-0.737809,-10],
"1WW1SS2SR4WW":[-10,-10,-0.001,0.315247],
"1SS2SS1SG4WW":[-10,-0.001,-10,1.41131],
"1WW1RW1SS2GW":[-10,-0.2,-10,0],
"1GW1SS1SS2RW":[1.05434,-10,-10,0],
"3GW1SS4WW2GW":[0.245932,-10,0,0],
"2GW3RW1SS4WW":[1.2232,0,-10,0],
"4WW3SR1SG3WW":[-0.001,0,-10,0],
"2WW2WW1SS2GR":[0.0199456,0,-10,0],
"1SG2WW3WW4WW":[-10,-0.001,0.00144925,-0.0020094],
"1SR4GW3WW4WW":[-10,-0.001,0,0],
"2SS4GW1WW1SG":[0.0752695,0,-10,-10],
"3SS2SS3SS1SS":[0.0197152,0,0,-10],
"1SS4WW2SS1SR":[-10,0.393545,0,-10],
"1SS1WW3RW2SS":[-10,-10,-0.001,0.339713],
"4WW4WW1SG1SS":[0.034136,3.06588,-10,-10],
"1SS1GR4WW3GW":[-10,1,0,0],
"4WW1SS2WW2RW":[0.163087,-10,0.477658,0],
"1GW2SS1SS2WW":[2.00669,0,-10,0],
"1SG2SG3WW1WW":[-10,-0.996,0,-10],
"1SS1SS3WW4GR":[-10,-10,0.0601777,0],
"3RG4WW1SS1WW":[-0.001,0,-10,-10],
"1SS2SS2WW4RW":[-10,-0.001,-0.0018123,0],
"1SS3GW2WW4WW":[-10,-0.0019,2.17295,-0.001],
"4SR1SS1GW4WW":[-0.000723878,-10,0,0],
"1GW2WW1RW1SS":[1.94522,0,0,-10],
"1SS1SS2SR4SS":[-10,-10,-0.996,0],
"1SG4WW2WW4GW":[-10,1.46307,0,0],
"4RW1SS1SS2GW":[0.00916792,-10,-10,0],
"1SS1SS4GW1GW":[-10,-10,0,2.96078],
"2SG4WW4WW1SS":[-0.0186761,0.920883,0,-10],
"4WW1WW2WW1SG":[0.751519,-10,-0.00241915,-10],
"1SS1GW1WW4WW":[-10,8.04109,-10,-0.001],
"3SS1GW3GW1SS":[-0.001,0,0,-10],
"4RW1GW4WW1SS":[-0.00109607,1.20441,0,-10],
"1WW4SS3SS1SS":[-10,-0.001,0,-10],
"1WW1SG1SS4WW":[-10,-10,-10,-0.00246916],
"2WW3WW2GW1SS":[-0.001,0.0951882,-0.001,-10],
"4WW1SS1SS2SG":[0.188496,-10,-10,0],
"4WW1SS1SS1SG":[0.490285,-10,-10,-10],
"4SS4WW3WW1SS":[0.328407,0.0373023,0,-10],
"3WW2WW1SS4GR":[0,0,-10,-0.001],
"1SS2GW3WW1GW":[-10,0.102999,0,0],
"2WW1SS4SG4RW":[0.00798576,-10,0,0],
"2SR1SS1WW3WW":[0.00612031,-10,-10,0],
"3WW1SS4WW2GW":[0.0321976,-10,2.41005,-0.001],
"1WW2GW3SS1SS":[-10,-0.001,0.251378,-10],
"1GW4WW1SS1RG":[1.09036,0,-10,0],
"3WW4SS1SS1WW":[-0.00109525,0.590189,-10,-10],
"1GW2WW1SS1GW":[2.09504,0,-10,0],
"2GW2WW1SS3RW":[-0.001,0.0257407,-10,-0.001],
"2RW1SS1GW4WW":[0.0257739,-10,0,0],
"1SR4WW2GW3WW":[-10,0,0.0186058,0],
"1WW2WW1SS3GW":[-10,-0.995256,-10,-0.0019],
"2SR1SS3WW1WW":[-0.996,-10,0,-10],
"2GW4GW2SS1SS":[0.885251,0,0,-10],
"1SS3WW3WW3GR":[-10,0.170836,0,0],
"4WW1SS1SR4GW":[0.0816499,-10,-10,0],
"1SS2GW2WW2SS":[-10,2.53772,0,0],
"1SS1SS4SG4SS":[-10,-10,-0.001,0],
"1SS4GW2WW2SS":[-10,0.0330638,0,0],
"1SS1RW1GW1WW":[-10,-0.187444,1.91375,-10],
"4WW3WW3SS1SS":[0,1.48079,0,-10],
"2RW1SS4GW4WW":[0.740008,-10,0,0],
"4WW4SS1SS2RW":[1.10101,0,-10,0],
"2WW4WW1SG3SS":[0.103713,0,-10,0],
"1SS4WW3SS1SR":[-10,0.0138494,0,-10],
"3RW1SS3WW2WW":[0.242868,-10,0,0],
"1SS3WW1GW1SS":[-10,0,3.00626,-10],
"4GR1SS3WW3WW":[-0.001,-10,0.0648499,0],
"2WW1SS2SG4GW":[0.00702502,-10,0,0],
"1SG1WW1WW1SR":[-10,-10,-10,-10],
"3RW4GW1SS3WW":[0,0,-10,0.00351077],
"1SS4GW2WW1WW":[-10,0,0.302829,-10],
"1GW1SG1SS1WW":[2.14987,-10,-10,-10],
"4WW3WW1SS2RW":[1.8347,0,-10,0],
"1SS1SG4WW3RW":[-10,-10,0.736825,0],
"1SS2SG1SS4WW":[-10,-0.996,-10,0],
"1WW2GW1SG3WW":[-10,0.485084,-10,0],
"3GW4WW4WW1SR":[-0.001,0,0,-10],
"4WW4SS1SS3RW":[0.794483,0,-10,0],
"4RW4WW1SS4SS":[0.119174,0,-10,0],
"4WW4GW1SS4RW":[0.463053,0,-10,0],
"1SS4WW1SG2SG":[-10,0.0624103,-10,0],
"1SS2WW4WW4SG":[-10,0.823515,0.0614615,0],
"1SS3GW4WW2SR":[-10,-0.001,0,0],
"4GW4WW1SG1SS":[0.00596003,0.379926,-10,-10],
"4GW1WW3GW1SS":[-0.001,-10,0,-10],
"4WW2WW1SS2SG":[1.34395,0,-10,0],
"3WW4WW1RG1SS":[0.0252449,0,0,-10],
"1WW3SS1SR4WW":[-10,-0.00110827,-10,0],
"4GR4WW1SS3SS":[-0.001,0,-10,0],
"2RW1SS1SG2WW":[-0.001,-10,-10,0.193019],
"1SG3GW4WW4WW":[-10,0.025805,0,0],
"1RW1SS4WW4WW":[-0.672041,-10,0.0781857,3.48917],
"2SS4WW3WW1SR":[0.304522,0,0,-10],
"1SS4WW2GW1RW":[-10,-0.001,0,0],
"3WW1SS4SG3WW":[0.203293,-10,0,0],
"2SS3GW1WW1SS":[0,0.171072,-10,-10],
"2GW1SR4WW2WW":[0.640725,-10,0,0],
"1RW1SS4GW1GW":[-0.109424,-10,0,0],
"2SS1SS3RW1GW":[0,-10,0.0182074,0],
"4WW1GW1SS1WW":[-0.000967541,3.06818,-10,-10],
"4SS2RW1SS1SS":[0.0421212,0,-10,-10],
"1SS3GW4WW2RW":[-10,-0.001,0,0],
"3WW1SS1SS1GW":[0.615518,-10,-10,0],
"1SS4WW4RW1SS":[-10,1.96864,0.0206006,-10],
"3WW2RG1SS2WW":[0.0597123,0,-10,0],
"4RW2SS1SS1WW":[-0.000769454,0,-10,-10],
"1SS3WW2WW3GW":[-10,-0.001,-0.00136957,0.0528424],
"1SS4SS4GW2WW":[-10,0.0180158,-0.001,0],
"1GR4WW1SS1WW":[1.00531,0,-10,-10],
"1WW1SS2SG1RW":[-10,-10,0.00801967,0],
"1WW1RW4GW1SG":[-10,-0.191597,0,-10],
"2SS4GW2GW1SS":[0.0634525,0,0,-10],
"1WW1SR4WW2WW":[-10,-10,1.19118,0],
"1SS2WW2WW1SR":[-10,0.0365709,-0.001,-10],
"1SR1SS1SS4GW":[-10,-10,-10,0.52293],
"1SG1SS3WW4GW":[-10,-10,0.257695,0],
"3RW2WW1SS4WW":[-0.000698096,0.741665,-10,0],
"1SS4WW2SS2SS":[-10,0.211412,0.491876,-0.001],
"3WW1SS1GR4WW":[0.055864,-10,3.46262,0],
"4WW1SS1WW2RW":[-0.0011094,-10,-10,0.382088],
"4WW4SS1SS4GW":[0.100991,0,-10,0],
"1WW1SG4GW2WW":[-10,-10,-0.000853268,0],
"2SR1SS2WW4WW":[-0.001,-10,0.564364,0],
"3SG4WW1GW1SS":[-0.001,0,0,-10],
"2SS1SS1SR1SS":[-0.795737,-10,-10,-10],
"4WW1SS3WW3GW":[1.54011,-10,-0.00154141,0],
"1SG1RW4SS2SS":[-10,-0.136561,0,0],
"2GW4SS1SS1WW":[1.16212,-0.001,-10,-10],
"3GW4SS1SS1WW":[-0.001,0.302189,-10,-10],
"3WW2SS1SS3RW":[0.248248,0,-10,0],
"4GW4SS1SS1WW":[-0.001,0.0036709,-10,-10],
"2WW2WW4SS1SG":[0.00692238,0,0,-10],
"1SG3WW2WW1RW":[-10,-0.00109307,0,0],
"3WW4WW1SS4RW":[1.45392,0,-10,0],
"2GW2RW1SS3WW":[0.887947,0,-10,0],
"3WW2WW1SG2SR":[-0.000226532,0.0988022,-10,0],
"2WW4GW1SS4GW":[0,0,-10,-0.001],
"1WW4WW4GW4WW":[-10,-0.00187047,-0.001,-0.0010995],
"1SS3WW4SS2SG":[-10,-0.001,-0.0019,0.0150791],
"1GW4GW1SS3WW":[2.9002,0.00151548,-10,-0.001],
"2WW4SS1SS3GW":[-0.001,0,-10,0],
"2GW4SS1SS4WW":[-0.001,0.334379,-10,0],
"3RW1GW2WW1SS":[0.00630116,0,0,-10],
"2RG4WW1SS3WW":[-0.001,0,-10,0],
"3SS2SS1SS1GW":[0.00517012,0,-10,0],
"1GW4SS1SS2RW":[2.26614,-0.001,-10,0],
"1SG1SS1SS2SS":[-10,-10,-10,0.23604],
"3WW1SS3RW4WW":[-0.001,-10,-0.001,2.23864],
"1SS2GW2RW1SS":[-10,0,0.079384,-10],
"2SS1RW4WW1SS":[0.210637,0,0,-10],
"3WW4SS3SS1SS":[0.0932809,0,0,-10],
"1SS1GW4WW3RW":[-10,4.24411,0.205244,0],
"2GR1SS1GW1WW":[-0.001,-10,0,-10],
"3RW4GW1SS1SS":[0.0303586,0,-10,-10],
"3SS3WW1SG1SS":[-0.001,0.216078,-10,-10],
"1SS4SS3WW3WW":[-10,0,0.119945,0.449945],
"2WW3WW4GW1SG":[-0.001,0,0,-10],
"1WW2SS1SS1SG":[-10,-0.00142458,-10,-10],
"4SS4WW1WW1SS":[0.372702,0.0559785,-10,-10],
"3WW4SS1SG3RW":[-0.001,0,-10,0],
"2SS1GW4WW1SG":[0.197416,0,0,-10],
"1SS3WW3WW4RW":[-10,0.0510726,-0.00130545,0.735805],
"1SS1SS3GW1WW":[-10,-10,0.617359,-10],
"2SS2WW1SS4SS":[-0.001,0,-10,0],
"4WW2WW1WW1SS":[1.04323,-0.00754383,-10,-10],
"1SS4RW3GW3WW":[-10,0.0503504,0,0],
"2WW3WW1SG4GW":[0.01507,0,-10,0],
"3WW1SS3SG4WW":[0.2953,-10,-0.001,-0.001],
"2WW4WW1SG3GW":[0.0864342,0,-10,0],
"4RW2WW4GW1SS":[-0.001,0,0,-10],
"1SS2SG1SS3WW":[-10,-0.001,-10,-0.000522042],
"4WW4GW1SS1GW":[1.09334,0,-10,0],
"4WW2GW1SS4RW":[0.235127,0,-10,0],
"3RW1SS2GW2WW":[-0.001,-10,0,0],
"1WW2WW1SG2SS":[-10,-0.929588,-10,-1.73605],
"1SS1RG4WW1WW":[-10,-0.2,0.773009,-10],
"3WW1SS3SG4GR":[0.00278702,-10,0,0],
"2GW1SS1WW3WW":[-0.001,-10,-10,0.222742],
"2WW3WW1SS2SG":[0.0213747,0,-10,0],
"2SS1WW4WW1SR":[-0.996,-10,0,-10],
"3WW2SS1SS4RW":[0.170632,0,-10,0],
"1SG4SS3WW1WW":[-10,-0.000893917,0,-10],
"3RW4WW1SG1SS":[-0.001,0.312955,-10,-10],
"2RW1SS4SS4WW":[0.496158,-10,0,0],
"1GW1SG4WW4WW":[1.04861,-10,0,0],
"1GW1SS4WW2GW":[2.2142,-10,0,0],
"1SS3WW1SR1SS":[-10,0.129034,-10,-10],
"4SS1SS3WW1SS":[0.00558645,-10,0,-10],
"2SS3WW2SR1SS":[-0.001,0,0,-10],
"3WW3WW1SR1SS":[0.00454633,0,-10,-10],
"4GW1SS1SS3WW":[-0.00158247,-10,-10,0.672607],
"1SS1RW3SS1SS":[-10,-0.199594,0.0598129,-10],
"1SS2WW4GW4RW":[-10,0.0618971,0,0],
"1SS2RW3SS2WW":[-10,-0.001,0,0],
"3GW4WW3SS1SS":[4.11546,0,-0.001,-10],
"1SS4SS2RW3WW":[-10,-0.001,0,0],
"1GW3WW3RW1SS":[1.01871,0,0,-10],
"2SS3GW1WW1SG":[0.0722607,0,-10,-10],
"1WW1SS3RW1GW":[-10,-10,-0.001,0],
"3SS2SS4WW1SS":[-0.504276,0.0596531,0,-10],
"1SS1GW4WW1SR":[-10,4.76283,0,-10],
"1SS2RW4GW3SS":[-10,0.170387,0,0],
"4WW1SG2SS3WW":[0.167876,-10,0,0],
"2SG4WW1SS2SS":[-0.001,0,-10,0],
"2GW4WW3RW1SS":[-0.001,0.170558,0,-10],
"1SS3WW3GW1SS":[-10,0.982819,0,-10],
"2WW3WW4SS1SS":[-0.00169355,0.369006,-0.001,-10],
"1WW1WW1RW1SS":[-10,-10,-0.196685,-10],
"1WW1SS2RW3GW":[-10,-10,0,0],
"1GW1GW1SS4WW":[4.70295,1.00909,-10,0],
"4WW3WW3SG1SS":[-0.001,0.131513,-0.001,-10],
"2SG1SS2WW4WW":[0.00823845,-10,-0.001,2.03361],
"4GW3WW3GW1SS":[-0.001,0,0,-10],
"3GW2RW1SG4WW":[0.124763,0,-10,0],
"3GW4WW3GW1SS":[-0.001,0.0403752,0,-10],
"2GW1SS3GW4WW":[0.410825,-10,0,0],
"4WW3WW1SG1SR":[-0.001,-0.001,-10,-10],
"2WW3SS1SG4WW":[-0.001,-0.001,-10,0],
"4WW1SR1SG3WW":[0.00205525,-10,-10,0],
"4WW4RW1SS3SS":[0.308042,0,-10,0],
"1SS3SS3GW1WW":[-10,0.0106006,0,-10],
"4WW3WW2GR1SS":[0,0.657266,0,-10],
"3SS1SG1SS1SS":[0.28253,-10,-10,-10],
"3WW1SS2SS2RW":[0.14731,-10,0,0],
"4WW3WW4GR1SS":[0.107315,0,0,-10],
"1WW3WW1SR1SS":[-10,0.649123,-10,-10],
"1SG1SS3RW4WW":[-10,-10,-0.001,0.0859686],
"4WW1GW1SR1SS":[-0.001,1.00197,-10,-10],
"2WW1GW4SS1SS":[0.0518249,1.0169,0,-10],
"1SG1SS4RW4WW":[-10,-10,-0.001,0.156224],
"3WW4GR1SS3WW":[0.140609,0,-10,0],
"3GW1SS1RW2WW":[-0.001,-10,-0.2,0.331908],
"2GW4WW2GW1SS":[-0.001,0.347285,0,-10],
"2SG3WW4RW1SS":[0,0.0779535,0,-10],
"2RW4WW1SS2GW":[-0.001,0.0191723,-10,0],
"4WW2RW4SS1SS":[0.0629283,0,0,-10],
"2RW3WW1SS2SS":[0,0.0985,-10,0],
"2WW4SS1SS1RW":[0.107291,0,-10,0],
"2GW3WW1SR4WW":[0.0287056,0,-10,0],
"3GW4WW1SS4RW":[1.89433,0,-10,0],
"3SS3WW1SR4SS":[-0.001,0,-10,0],
"1SS3WW4WW4RW":[-10,0.0537662,2.88305,0.181056],
"4WW2RW1SS3SS":[0.182926,0,-10,0],
"3SS4GW1WW1SS":[0,0.181576,-10,-10],
"2SS1SG1WW4WW":[0.059591,-10,-10,0],
"3WW1WW2RW1SG":[-0.0010995,-10,0,-10],
"4WW3WW1SS1GW":[1.24821,0,-10,0],
"3SS1SS3WW4WW":[0.15115,-10,2.67735,0.0560395],
"2SR4WW2WW1SS":[0.0319952,0,-0.001,-10],
"4SS2SS1SR4WW":[-0.001,0,-10,0],
"1SR1WW2WW2GW":[-10,-10,-0.00119796,0],
"1SS3WW1GW4GW":[-10,0.0348728,0,0.552854],
"1WW1SS4WW1WW":[-10,-10,1.10778,-10],
"4WW2RW1SG4WW":[0.00303941,0,-10,0],
"4GW3SS1SS4WW":[1.55619,0,-10,0],
"1GW4WW1SR4GW":[1,0,-10,0],
"1GW1SS1GR4WW":[1.05142,-10,0,0],
"1RW2WW1SS2GW":[-0.175867,-0.001,-10,0],
"1SS1WW2RW1SS":[-10,-10,-0.0501949,-10],
"3RW1SS4WW2GW":[-0.000827786,-10,0.33458,0],
"4WW2SS1SR3WW":[-0.000801698,0.451763,-10,0],
"1WW4SS1SG2WW":[-10,-0.001,-10,0],
"1WW2GW1SS2SS":[-10,-0.001,-10,0],
"4WW2GW1SS3RW":[0.0949312,0,-10,0],
"1SS3SS4WW1WW":[-10,0.474241,0,-10],
"2WW1SS3SS2WW":[0.269637,-10,0,0],
"3WW4WW1SR2SS":[0.0613806,0,-10,0],
"4SS3WW3RW1SG":[-0.001,0,0,-10],
"3SS4WW3RW1SS":[-0.000993733,0.559164,0,-10],
"4GW1SS3WW4WW":[0.984013,-10,0.887894,2.90609],
"1WW3WW3RW1SS":[-10,0.113867,0,-10],
"4WW1SR4SS4WW":[0.123721,-10,0,0],
"1WW3GW1SS1WW":[-10,0.0530195,-10,-10],
"4WW4GW1SS4GW":[1.16084,0,-10,0],
"1WW1GW2GW1SS":[-10,2.40087,0,-10],
"4WW1SG4WW1RW":[0.404326,-10,0,0],
"2WW2SS1SS4WW":[-0.00329297,-0.00508576,-10,0.907412],
"1SS2SG4WW4RW":[-10,-0.00119446,0,0],
"1SS2RG3WW1SS":[-10,-0.001,0,-10],
"4WW2SS1SG4WW":[-0.0010995,-0.00115344,-10,1.76166],
"1SS3WW2WW3SS":[-10,0.117332,0,0],
"4GW2WW3WW1SS":[0.6881,-0.0020423,-0.001,-10],
"1SS2SR4WW1SS":[-10,-0.001,0.115598,-10],
"4GW1GW2RW1SS":[-0.001,0,0,-10],
"1SS1SS1RW4GW":[-10,-10,0.0582214,0],
"1SS3RW4WW1WW":[-10,-0.001,0,-10],
"3RW3WW1SS4WW":[0.567004,0,-10,0],
"1SS2WW4WW4RW":[-10,0.0237496,3.32661,-0.000625816],
"1SS1SR4WW1GW":[-10,-10,0.608884,0],
"1SS3SR3WW4WW":[-10,-0.001,0.296365,0],
"1SS1SS1SS4SS":[-10,-10,-10,0.232092],
"2SS1SG4WW4SS":[-0.001,-10,0,0],
"2SS4RW3WW1SS":[0.18848,0,0,-10],
"1SS2WW4WW1SG":[-10,0.0032178,2.271,-10],
"2SS2SS2SS1SS":[0.239261,0,0,-10],
"4SS3SG1SR2WW":[-0.001,0,-10,0],
"2WW3RW4WW1SS":[0.102192,0,-0.00185845,-10],
"1SS4GW4WW4SS":[-10,0.125568,0.690196,0],
"1SS4SS1GW1WW":[-10,-0.001,1.05668,-10],
"2WW1SS1SR2WW":[0.0631759,-10,-10,0],
"1WW4GW1SG1WW":[-10,-0.0011094,-10,-10],
"4WW3WW1SG4RW":[0.166657,0,-10,0],
"4WW1SG4RW2WW":[-0.001,-10,0.0338154,0],
"4WW4GW2WW1SS":[1.49492,-0.0019,0.0375805,-10],
"2SS4SS1SS4WW":[-0.001,-0.001,-10,0.807113],
"3GW3SS1SR2WW":[-0.001,0,-10,0],
"3RW1GW3WW1SS":[0.192067,0,0,-10],
"4GW1SS1SR2WW":[-0.001,-10,-10,0],
"4GW2GW1WW1SS":[0.172513,0,-10,-10],
"4GW1SG1SR2WW":[-0.001,-10,-10,0],
"2SS2WW1SG2SS":[-0.0019,0.0376905,-10,0],
"1GW1WW1SS4SS":[0,-10,-10,0.323518],
"2SS2WW2GW1SS":[-0.001,0,0,-10],
"1SS1SS1SG3SG":[-10,-10,-10,0.00367376],
"3SS1SS4GW2SS":[-0.001,-10,0,0],
"3SS3WW1SS1SR":[-0.0010995,0,-10,-10],
"2SS1GR3WW1SG":[0.0543543,0,0,-10],
"4SR4WW1SS3SS":[-0.001,0,-10,0],
"1SS2GR3WW1SG":[-10,-0.001,0,-10],
"1WW1WW2GR1SS":[-10,-10,0.09679,-10],
"1SG2WW4GW4WW":[-10,0.063286,0,0],
"1GW4WW2GW1SS":[2.07952,0,-0.001,-10],
"2WW2WW1SS3SS":[-0.001,0.165774,-10,0],
"1SS1RW3WW3WW":[-10,-0.118217,0,0],
"1SS1SG4WW1RW":[-10,-10,0.517616,0],
"1WW3GW1SR3WW":[-10,0.882074,-10,0],
"2WW4SS1SS4WW":[-0.001,0.0634422,-10,0],
"1WW3WW1SG1SS":[-10,0.330459,-10,-10],
"4GW1RW1SS3WW":[0.00301211,0,-10,0],
"3WW1SS1SS4RW":[0.492926,-10,-10,0],
"2SS1SS1SG2SS":[-0.001,-10,-10,0],
"2GW4GW1SS2WW":[1.90997,0,-10,0],
"3GW4SS1SS2WW":[-0.001,0.0533161,-10,0],
"1SS3WW3WW1SR":[-10,-0.000974712,0.640949,-10],
"3SS4WW3GW1SS":[-0.001,0.352638,1.92457,-10],
"3WW3WW4WW4GW":[-0.00208905,0,-0.001,0],
"1SS3RW2GW1SS":[-10,0.0737364,0,-10],
"1WW1WW4WW1SR":[-10,-10,0.214187,-10],
"2SG4WW1SS1SS":[0,0.374102,-10,-10],
"2GW1SS2SS4WW":[6.8142,-10,0,0],
"1SG1SS3WW2GW":[-10,-10,0.159604,0],
"2SS2SS1SS4RW":[0.0421786,0,-10,0],
"2WW2SS1SR4WW":[0.0415734,0,-10,0],
"1SS1GW4WW2GW":[-10,1.09421,0,0],
"4WW1SG1SR4WW":[0.0372094,-10,-10,0],
"3WW3WW1SR4SS":[-0.001,0,-10,0],
"1SS2SS2SS4WW":[-10,-0.996,-0.990049,0.346344],
"1SS2SS2SS1SG":[-10,-0.001,0.163509,-10],
"1SS3SS2SS1SG":[-10,-0.001,0.0313894,-10],
"3SS1WW1RW1SS":[0,-10,-1.195,-10],
"2SS3GW1SS1SS":[0.0691271,-0.001,-10,-10],
"1RW2SS1SG4WW":[-0.2,-0.594531,-10,0.719771],
"1SS1WW3GW1SR":[-10,-10,0.166524,-10],
"1SS3WW4WW2SR":[-10,-0.001,1.82226,0],
"1SS3GW2SS2SS":[-10,0.0122232,0,0],
"2WW1RW1SS3WW":[0.120874,0,-10,0],
"4WW2SG1SS1GW":[0,0,-10,1.00151],
"4WW1SG1SS4GW":[0.17707,-10,-10,0],
"1GW3WW1SS4RW":[3.76236,0,-10,0],
"2RW4WW1SG2WW":[-0.001,0,-10,0.405139],
"1SS4RW3WW1SG":[-10,-0.001,0,-10],
"4WW1SS4RG2GW":[0.0889255,-10,0,0],
"1SS3WW1SS2SS":[-10,0.142825,-10,0],
"4WW1GR1SS4WW":[0.12632,0,-10,0],
"2WW1SG4RW1WW":[-0.996,-10,0,-10],
"3WW4WW1SG1RW":[0.0111694,0,-10,0],
"4WW1SG3WW4GW":[0.00572788,-10,0,0],
"1RW1SG1SG3WW":[-0.199955,-10,-10,0],
"2RW1SS2GW3WW":[-0.001,-10,0,0],
"1GW1SS1SS1RW":[1.03641,-10,-10,0],
"4WW4WW3WW1SG":[-0.00118905,-0.001,1.69952,-10],
"1GW4WW1SS3GR":[1.10779,0,-10,0],
"3WW1WW1SG2SS":[-0.001,-10,-10,0],
"2WW1SS3RW3WW":[0.0176304,-10,0,0],
"2WW3SS1SS1WW":[0.152203,0,-10,-10],
"4SS1SS1RW4WW":[-0.0019,-10,-0.182768,1.04079],
"4WW1SG1SS1GW":[0.254307,-10,-10,0],
"1SS1WW2RW4SS":[-10,-10,-0.001,-0.001],
"2RW4SS1SS2WW":[0.0878918,0,-10,0],
"4WW2GW1SS4GW":[0.418682,0,-10,0],
"1SS1SS1SS1SR":[-10,-10,-10,-10],
"1RW2WW4WW1SS":[-0.0521558,0.92994,-0.001323,-10],
"1SS1WW3GW2SR":[-10,-10,-0.001,0],
"2WW1SS2SS1SR":[0.0329472,-10,0,-10],
"4WW3SS1SS2GR":[0.105843,0,-10,0],
"2WW3WW1SS2SR":[0,0,-10,-0.001],
"2RW1WW1SS3SG":[-0.001,-10,-10,0],
"1SS4GW1SG1SS":[-10,0.0214364,-10,-10],
"4WW1RW2WW1SS":[0.111338,-0.2,2.10361,-10],
"2SS1SS1SR3WW":[-0.0011275,-10,-10,0.155972],
"4WW2RG1SS3WW":[0.456027,0,-10,0],
"4SR4WW3GW1SS":[-0.001,0,0,-10],
"3SS1SS4RW3WW":[-0.001,-10,0,0],
"1SS1SS2SS3WW":[-10,-10,-0.000908668,0.495289],
"3WW1SS1SS4GW":[0.5522,-10,-10,0],
"1SS2SS4SS1SS":[-10,-0.001,0,-10],
"3WW1SG1SR3WW":[0.0218077,-10,-10,0],
"2WW1SS2SS2WW":[0.75618,-10,0,0],
"1SS2GW2SS3SS":[-10,0.38664,0,0],
"3WW4GW1SR1SS":[0.00913084,0,-10,-10],
"4WW4RG3WW1SS":[0,-0.001,0,-10],
"1RW1SG1SS1WW":[-1.195,-10,-10,-10],
"3GW3WW1SS1SS":[2.94019,0,-10,-10],
"1WW4WW1SG2GW":[-10,-0.00148162,-10,0],
"4WW1SG1RW4WW":[0.0711768,-10,0,0],
"4WW1WW2GW1SR":[0.00411676,-10,0,-10],
"1SS1SS4GW2GW":[-10,-10,0.0801207,0],
"1SS2GW3RW4WW":[-10,0.411221,0,0],
"1SS1SS2WW2GW":[-10,-10,0.263876,0],
"4GW2WW1SS4RW":[0.0363924,0,-10,0],
"3SS3WW3WW1SR":[0.0793699,0,0,-10],
"1SG2WW4WW4RW":[-10,0.0122724,0,0],
"3WW2RG1SS4WW":[0.163642,0,-10,0],
"3WW3WW1SG1SS":[0.063164,0,-10,-10],
"3WW1GW1SS4WW":[0.0197406,10.3327,-10,-0.001],
"3WW4WW1SS1RW":[1.37564,0.0892032,-10,-0.2],
"2WW1SS4WW3GW":[-0.00208911,-10,0.115859,0],
"1SG4WW1GW1SS":[-10,0.130654,0,-10],
"4GW1SS2GW2WW":[-0.001,-10,-0.001,0.237465],
"2WW4WW2SR1SG":[0.00484147,0,0,-10],
"1SS1RW1WW1SG":[-10,-0.195963,-10,-10],
"1SG1SS1SS1SS":[-10,-10,-10,-10],
"2SS2RW1WW1SG":[0.0112181,0,-10,-10],
"2WW2WW4SS1SS":[-0.0877443,-0.001,0,-10],
"1SG4WW1SG1SS":[-10,0.239256,-10,-10],
"2SG4WW1GW1SS":[-0.001,0,0,-10],
"1SR1SS1SS3GW":[-10,-10,-10,0.755593],
"4GW1SS4WW4WW":[0.990848,-10,0.12062,3.17272],
"3SS1SR1WW4WW":[0.0455799,-10,-10,0],
"1SS4WW2RW1GW":[-10,0.0989197,0,0],
"1SG1SS1WW4WW":[-10,-10,-10,1.25285],
"1SS2SS1SG1SS":[-10,-1.14983,-10,-10],
"1GW2WW1SS2SS":[2.74607,0,-10,0.210453],
"4SS1SS1SS1SG":[-0.001,-10,-10,-10],
"4WW4WW1SG4WW":[0.282266,2.98006,-10,0.394606],
"3SS1SS3WW3SS":[-0.001,-10,0,0],
"4WW4GW1RW1SG":[0.280864,0,0,-10],
"3GW3WW1SR4WW":[-0.001,-0.00120966,-10,0.0828193],
"4SS4GW1SS1SS":[0.310254,0,-10,-10],
"1SS3SS4GW1SS":[-10,-0.001,0,-10],
"2WW2WW1SR2SS":[0,0.137727,-10,0],
"1SS1WW2RW3SS":[-10,-10,-0.001,0],
"1SS4SS4RW1WW":[-10,-0.001,0,-10],
"4WW1WW1SS4SS":[1.48223,-10,-10,-0.0019],
"1SS3WW1WW3SG":[-10,0.0196546,-10,0],
"2GR2WW1SS4WW":[0,0.279085,-10,0],
"1SS2GW3WW2SS":[-10,1.07484,0,0],
"4WW3RW1SS4GW":[0.207701,0,-10,0],
"1SS4WW1WW2GR":[-10,0.0120113,-10,0],
"3GW3WW2SS1SS":[0.987798,0,0,-10],
"2WW2SS1SS1SR":[0.00782635,0,-10,-10],
"4WW1GR1SS2WW":[0.280948,0,-10,0],
"2RW1SS1WW3WW":[-0.001,-10,-10,0],
"4WW4SS1SS1SS":[0.982308,0.0272317,-10,-10],
"1SS1RW4WW4SS":[-10,-0.306768,1.35092,0],
"1GW2WW1SS2SR":[1,0,-10,0],
"4RW1SS2WW1GW":[0.307436,-10,0,0],
"1SS1SS1SG4RW":[-10,-10,-10,0.441161],
"1SS1SG4SS2SS":[-10,-10,0.0094038,0],
"4WW1SG1WW3WW":[0.665883,-10,-10,-0.0010995],
"4WW3WW1SS3SR":[0.369952,0,-10,0],
"1RW1WW1SS2SS":[-0.113772,-10,-10,0.111125],
"1SG1GW2WW4WW":[-10,1.00393,0,0],
"1WW2RW1SS2GW":[-10,-0.001,-10,0],
"3SS2SS2WW1SS":[0,-0.001,0,-10],
"1GW1SS1SS3SS":[0.999901,-10,-10,0],
"3RW1WW1SS4SS":[-0.001,-10,-10,-0.001],
"1WW1RW1SG1WW":[-10,-0.193296,-10,-10],
"4RW1WW2WW1SS":[-0.001,-10,0.00732374,-10],
"3WW3SS1SG3WW":[-0.001,-0.001,-10,-0.001],
"1SR1WW4WW4GW":[-10,-10,0.0192054,0],
"4WW2WW1SS1SR":[1.46256,0,-10,-10],
"1SS3GW4WW2SG":[-10,0.0113636,0,0],
"2GW1SR1SS4WW":[2.49159,-10,-10,0],
"3GW3RW4WW1SG":[0,0,0.00199762,-10],
"3WW4WW1SR3SS":[-0.000652683,0,-10,0],
"3SS1SS2WW4GW":[0.0224201,-10,0,0],
"1SS1GW4WW4RW":[-10,6.37339,0,0],
"3WW1SS4GR2WW":[0.0106392,-10,0,0],
"1SS3WW4WW1RG":[-10,0.077195,0,0],
"4WW1SS1SG1SR":[-0.000228965,-10,-10,-10],
"2GW3GW1SS4WW":[4.29086,0,-10,0.0120422],
"2WW4GW1SR3WW":[-0.000245757,0.218951,-10,0],
"1WW1SS1SR4GW":[-10,-10,-10,0.116687],
"4WW1SS1SG4GW":[0.417286,-10,-10,0],
"2RW4GW1SS3WW":[0.160317,0,-10,0],
"2WW1SG1SR1WW":[-0.996,-10,-10,-10],
"1RG1SS2WW2WW":[-0.2,-10,0,0],
"3WW3WW1SS4WW":[0.168948,0.816091,-10,2.75561],
"4WW2GR1SS1GW":[0.0547722,0,-10,1.06593],
"2WW4RW1SG3WW":[0.014443,0,-10,0],
"1SS1WW3WW3RW":[-10,-10,-0.00123482,-0.001],
"1RW1SS1SS1SG":[-0.0878699,-10,-10,-10],
"2WW1RW2SS1SS":[0.00932786,0,0,-10],
"4GW2WW1SS2RW":[0.0176633,0,-10,0],
"1GW1RW1SS4WW":[7.91324,0,-10,0],
"1SG3GW1WW1SS":[-10,0.0498186,-10,-10],
"4WW4SS1SS2GW":[1.53476,0,-10,0],
"2WW1SG3GW1WW":[-0.000122621,-10,0,-10],
"2RW3WW1SS1SG":[0.0141204,0,-10,-10],
"1SS4RW3WW4WW":[-10,-0.0019,2.18217,-0.001],
"1SS4SS4WW3WW":[-10,0.148,2.21851,0.0620787],
"3GW1SS4WW1GW":[0.535679,-10,0,0],
"1SS4RW3GW3SS":[-10,0.0455428,0,0],
"4WW3GR1SS1WW":[0.351176,0,-10,-10],
"2GW1SS3WW1WW":[2.46156,-10,0,-10],
"4SG3WW2WW1SS":[-0.001,0,0,-10],
"1SS2WW3WW3RW":[-10,0.00228317,0,0],
"1SS2SR2WW2WW":[-10,0.0663393,0,0],
"4WW3SR1SS2WW":[1.10485,0,-10,0],
"2SS2WW1SR1SS":[-0.001,0.105227,-10,-10],
"4WW1SS4WW4RG":[0.132818,-10,0,0],
"1SS2WW4RW4GW":[-10,0.0019592,0,0],
"3SS1SS1SR4WW":[0.0862404,-10,-10,0],
"1RW1GW1SS3WW":[-0.105097,0,-10,0],
"1WW4WW4RG1SS":[-10,0.384947,-0.001,-10],
"2SS3WW1SS1SG":[0.188845,0.147474,-10,-10],
"1SS2WW3GW1SR":[-10,0.168304,0,-10],
"1SR1SS1SS2GW":[-10,-10,-10,-0.000423674],
"3SS3WW2WW1SR":[-0.001,0.100413,0,-10],
"4SS1SS3RW4WW":[-0.001,-10,0.0960721,0],
"1GW1SS3GW3WW":[0,-10,0,0.348529],
"1SS3SS1WW4WW":[-10,-0.001,-10,0.275721],
"1SS1SS1GW1RW":[-10,-10,2.88212,-0.121661],
"4WW1SS2WW1GR":[0.104817,-10,0,0],
"4WW2RW1SS1SS":[1.0292,0,-10,-10],
"4WW1SS2RG2WW":[-0.001,-10,-0.001,0],
"4SG1SS2WW4WW":[-0.001,-10,0.0541813,0],
"4SS3WW1WW1SG":[0.00364172,-0.0019,-10,-10],
"2GW1WW4WW1SS":[3.7365,-10,0,-10],
"1SS1SS2SS1SS":[-10,-10,-2.90263,-10],
"1SS1SR2SG1SS":[-10,-10,-0.996,-10],
"1SS1SS4WW4SS":[-10,-10,0.993204,0],
"4SS1SS1SG3RW":[0.0427254,-10,-10,0],
"1WW2GW1SS2WW":[-10,1.09543,-10,-0.996],
"3WW1SS1SS2SS":[0.0245199,-10,-10,0],
"1WW3WW4SS1SS":[-10,-0.00247427,0.515159,-10],
"2RW1SS2WW1GW":[0,-10,-0.001,0],
"2WW3WW4RW1SG":[0.0483997,0,0,-10],
"3WW2SS1SS3GW":[0.00194996,0,-10,0],
"3GW4WW1SR1WW":[-0.001,0,-10,-10],
"4SS3WW1WW1SS":[0.258995,0,-10,-10],
"1WW3WW2SS1SS":[-10,0.961773,0.00669798,-10],
"1GW1WW1GW1SS":[1.03242,-10,0,-10],
"4GW4WW1SR1WW":[-0.001,1.46819,-10,-10],
"3SS4WW1SS3SS":[-0.001,0,-10,0],
"4RW3SS1SS1SG":[0.00179255,0,-10,-10],
"4GW1SS1RW1WW":[-0.00289905,-10,-1.195,-10],
"1SS4WW2WW4GR":[-10,-0.001,0.117348,0],
"1SS1WW2WW4SS":[-10,-10,0.00302533,0],
"2WW4GW1SG1SS":[0.00956411,0,-10,-10],
"2SS1WW1SS2SR":[-0.0482568,-10,-10,0],
"1GW1SS4WW4GW":[1.24959,-10,0,0],
"1SS3WW4SS1SS":[-10,0.0133208,0,-10],
"2WW1GW1SS1SG":[0,1,-10,-10],
"2SS1SS1WW4RW":[0.11141,-10,-10,0],
"1SG1WW2WW2SG":[-10,-10,-0.001,0],
"1SR4WW2WW2GW":[-10,0.177634,0,0],
"1SS1GW4WW4SR":[-10,1.01934,0,0],
"1WW4WW4RW1SG":[-10,0,0.000524336,-10],
"1SS4WW1WW3GW":[-10,0.263202,-10,0.00492361],
"3SS4GW1SS1RW":[0.0124656,0,-10,0],
"2WW3GW1SS2WW":[0.187072,0,-10,0],
"2WW4WW2SG1SR":[0.10494,0,-0.001,-10],
"2SS1WW4WW1SS":[-0.996,-10,1.2859,-10],
"1SS1SS1SR1SS":[-10,-10,-10,-10],
"1WW1SS4RW2GW":[-10,-10,0.0109301,0],
"1SS1SS3GW1SS":[-10,-10,0.498913,-10],
"1WW1GW1SR4SS":[-10,1.00607,-10,0],
"1GW3WW1SR4SS":[1.9402,0,-10,0],
"3SS1SS4WW4WW":[0.141667,-10,1.01828,4.36567],
"2GW3WW1SR4SS":[-0.001,0,-10,0],
"3GW3WW3RW1SS":[-0.001,0,0,-10],
"3WW1SS2SS1WW":[0.142275,-10,0,-10],
"1GW1SG4WW2WW":[1.02523,-10,0,0],
"4WW4WW1SR4GW":[0.330641,0,-10,-0.001],
"1SR3WW1WW4WW":[-10,-0.000950974,-10,0.271963],
"2WW4RW1SS2SG":[0.186416,0,-10,0],
"1GW3WW1SR1SS":[1,0,-10,-10],
"1SG1RW4WW4SS":[-10,-0.0304389,0,0],
"1SS2GW4WW2GW":[-10,0.108733,0.687007,0],
"4SS1SS3WW3GW":[0.0764904,-10,0,0],
"1SS3SS2WW4RW":[-10,-0.001,0,0],
"1SR1SG1SS3WW":[-10,-10,-10,-0.000930143],
"1SS3WW3RG4WW":[-10,0.00226332,0,0],
"3GW1WW4WW1SR":[0.00912633,-10,0,-10],
"3WW1SS2SS1GW":[0.153872,-10,0,0],
"4WW3WW4GW1SR":[0.0165422,0,0,-10],
"3SS1SS2SS2SS":[-0.001,-10,0,0],
"2WW1GW4WW1SR":[-5.67511e-05,0,0,-10],
"2WW2RW4WW1SS":[0.143744,0,0,-10],
"2WW1RW1SG3WW":[0.0163502,0,-10,0],
"4WW1SR2SS1SS":[0,-10,-0.996,-10],
"3SS1SS2WW2WW":[0,-10,0.0252233,0],
"2WW1SS1SS1SR":[0.0301101,-10,-10,-10],
"4GW1WW2WW1SR":[0.000643001,-10,-0.001,-10],
"1WW1SS3SS2SS":[-10,-10,-0.001,0],
"4WW1WW4GW1SG":[-0.000298934,-10,0,-10],
"3WW3WW1SS3SS":[0.0661277,-0.001,-10,-0.001],
"1SS1SS3SS4RW":[-10,-10,0.00464443,0],
"2RG4WW1SS1SS":[-0.001,0,-10,-10],
"1SS2GW2WW1WW":[-10,0.354041,0,-10],
"1WW1SS4SS4GW":[-10,-10,-0.001,0.188108],
"2SS1SG1WW3WW":[-9.53639e-05,-10,-10,0],
"1WW1WW1SS1RG":[-10,-10,-10,-0.2],
"1SS2WW1SS2SS":[-10,0.307986,-10,0],
"1SS2WW1SS1SS":[-10,0.975816,-10,-10],
"4WW1GW1RG1SS":[0.053194,0,0,-10],
"1SS4RW2WW3WW":[-10,-0.001,-0.00106325,0.237237],
"1SS1SS4WW3SG":[-10,-10,0.383417,0],
"1SS4WW1SR1SG":[-10,0.114202,-10,-10],
"3SG1SS4WW4GW":[-0.000929761,-10,0,0],
"4WW1WW1SS4SG":[-0.000890382,-10,-10,0.0385883],
"1SS4WW3RW1SG":[-10,0.0743428,0,-10],
"4WW3SS1SS2WW":[0.197738,0.0546081,-10,1.82595],
"4GW1SS2WW2WW":[-0.00156092,-10,0.288586,-0.00151927],
"1SS3RG4WW3WW":[-10,-0.001,0.315521,0],
"4WW1SS1SS2RW":[2.51666,-10,-10,0.105762],
"4WW1SS4SS1GW":[0.353165,-10,0,0],
"2SS1SS4WW1WW":[-0.001,-10,0.0180532,-10],
"1SS4RW1GW1WW":[-10,0.156437,0,-10],
"3RW1SS1WW4WW":[-0.000340182,-10,-10,0.176617],
"3WW2SS1SS4GW":[0.192853,-0.00106761,-10,-0.001],
"4WW3RW1SS2WW":[0.941999,0,-10,0],
"4WW1SS3RW2GW":[0.339856,-10,0.0134968,0],
"1WW2RW4WW1SG":[-10,-0.001,0.140318,-10],
"2GW3SS1SG1WW":[-0.001,0,-10,-10],
"2GW1SR2WW1WW":[0.709695,-10,0,-10],
"1SS2RW4WW1SG":[-10,-0.00057621,0.683018,-10],
"1GW1WW1RW1SS":[1,-10,0,-10],
"3SS4GW3WW1SS":[0.110259,0,0,-10],
"3RW1WW2SS1SS":[-0.001,-10,0,-10],
"4WW1RW1SS4GW":[1.1857,0,-10,0],
"1SG3WW1SS3SS":[-10,0.0565528,-10,0],
"2GW1SS3WW1GW":[1.12804,-10,0,0],
"1GR3WW4WW1SS":[1.90194,0,0,-10],
"1SS3WW1WW1SR":[-10,0.173961,-10,-10],
"1SS2SS1WW4RW":[-10,-0.00110794,-10,0],
"3SS4WW1WW1SR":[-0.001,-0.001,-10,-10],
"2SS1SS1WW2GR":[0.0640809,-10,-10,0],
"1SS2GW3WW3SS":[-10,1.84076,0,0],
"4RW1WW1SS4SG":[-0.001,-10,-10,0],
"4WW4GW1SR1SS":[0.0668897,0,-10,-10],
"4WW3SS1SR4WW":[0.171955,0,-10,0],
"2WW4GW1SG2WW":[0.108462,0,-10,0],
"4WW3RG1SS4WW":[0.717798,0,-10,0],
"1GW2WW1SS2RW":[2.12186,0,-10,0],
"3WW2WW1SS1GW":[0.10457,0,-10,0],
"4GW1SS1SS4RW":[0.107969,-10,-10,0],
"3WW1SS2GR4WW":[0.246599,-10,0,0],
"4WW2RW4WW1SS":[0.233549,0.0208133,2.35967,-10],
"1SS2SS2SS1SS":[-10,-0.996,0.13478,-10],
"2SS2SS1SR4WW":[-0.001,-0.996,-10,0.0974355],
"2SR4WW1WW1SG":[0.145797,0,-10,-10],
"1WW2WW2GW1SS":[-10,0.505768,0,-10],
"4WW1SG1SS2RW":[0.568408,-10,-10,0],
"3WW1WW1SS3RW":[0.480001,-10,-10,0],
"3WW4SS1SS2GR":[0.0668951,0,-10,0],
"2WW3SS1SR3WW":[0.128244,0,-10,0],
"4RW1WW1SS1SS":[-0.001,-10,-10,-10],
"1SS1WW2GW4GW":[-10,-10,2.78806,0],
"2WW4RW3SS1SS":[0.0441531,-0.001,0,-10],
"1SG3WW2WW4RW":[-10,-0.001,0,0],
"1SS4SR4GW1SS":[-10,-0.001,0,-10],
"1WW1SS3SS3WW":[-10,-10,0.00136451,-0.000838857],
"1SS1SS3SS4SS":[-10,-10,-0.001,0],
"1GW4RW1SG2WW":[1.99311,0,-10,0],
"4WW1SS2SS2GW":[0.316019,-10,0,0],
"2WW4RW1SS4WW":[0.910701,-0.0019,-10,-0.0019],
"2SS1SS3WW1SG":[-0.996,-10,0,-10],
"2WW3RW4GW1SS":[0.0180482,0,0,-10],
"1SS2SS3WW1GW":[-10,-0.001,0,0],
"1SS4WW3SS1GW":[-10,0.038902,0,0],
"1SG1SS3GW4WW":[-10,-10,-0.001,0.201402],
"4WW1SS4WW2GR":[0.301235,-10,0,0],
"1SS4WW1GW4SS":[-10,0.4326,0,0],
"1SG1SG1SS3WW":[-10,-10,-10,-0.00111878],
"3SG1SS1WW3WW":[-0.001,-10,-10,0],
"1GW1WW1SS1SG":[2.17991,-10,-10,-10],
"1SS4SS4WW1GR":[-10,0.0690058,0,0],
"3WW1GW4WW1SR":[0.0618416,0,0,-10],
"4SS3SS1SR4WW":[0.000606161,0,-10,0],
"1SR1SS2WW1WW":[-10,-10,-0.001353,-10],
"2WW4RW1SS3SS":[0.407146,0,-10,0],
"3WW1GR1SS2WW":[0.172706,0,-10,0],
"1SS4GW4WW2SR":[-10,-0.001,0.306675,0],
"1RW1WW4WW1SG":[-0.720427,-10,0.104708,-10],
"1SS1SS4SS1SS":[-10,-10,0.468883,-10],
"1SS1SS2GW3WW":[-10,-10,0,0.263812],
"3GW4WW4SS1SS":[-0.001,0.955521,0,-10],
"1WW3RW1SG3WW":[-10,-0.001,-10,0],
"1SS2WW3WW4RW":[-10,-0.001,1.48745,0],
"3WW2SS1SG3WW":[2.30465e-06,0,-10,0],
"1WW4WW4SG1SS":[-10,1.12383,0,-10],
"3SS1SS4GW3WW":[-0.001,-10,-0.001,0],
"4GW1SS1SS4WW":[-0.00504937,-10,-10,3.12681],
"4WW2GW1SR1SS":[0.0762103,0,-10,-10],
"1WW3RW4GW1SS":[-10,0.00778316,0,-10],
"1SG1WW3WW1SS":[-10,-10,0.000328006,-10],
"2SS1RW1SG1SS":[-0.996,0,-10,-10],
"1SS1WW4GW3SG":[-10,-10,0.0346974,0],
"2WW1WW4GW1SR":[-0.001,-10,0,-10],
"3SR4WW4WW1SS":[0.178737,0,0,-10],
"2WW1WW1SS4SS":[0.04138,-10,-10,0],
"3WW1WW1SS3SS":[0.194424,-10,-10,-0.001],
"1SS1SS4WW2SR":[-10,-10,0.528839,0],
"1WW1WW1SR4GW":[-10,-10,-10,0.00683828],
"1GW3WW1SR4WW":[0,0,-10,0.656918],
"2GW3WW1RW1SS":[-0.001,0,0,-10],
"1SS1SS1SG4GW":[-10,-10,-10,0.701066],
"1GW4SS1SS4RW":[1.00462,0,-10,0],
"4WW1SS3RW4GW":[-0.001,-10,0.121976,0],
"1SS3SS4WW2GW":[-10,0,0,3.96763],
"1SS1WW4GW3SS":[-10,-10,-0.0010995,0.329733],
"1WW2GW1SS1SS":[-10,2.78388,-10,-10],
"4WW1SS1RW3GW":[0.240623,-10,0,0],
"1GW4WW1SG4SS":[1.02716,0,-10,0],
"3WW1WW1SS4RG":[0.0194832,-10,-10,0],
"2WW2SS1SS2WW":[0.0028241,0,-10,0.220128],
"1SS1WW2WW2GR":[-10,-10,-0.00135911,-0.001],
"2RW1SG4WW1WW":[-0.001,-10,0,-10],
"2WW4RG1SS1WW":[0.164862,-0.001,-10,-10],
"4GW1SS2SS1SG":[0.0417086,-10,0,-10],
"1SS4WW3WW4RW":[-10,-0.0019,2.24708,-0.001],
"1SS2SS2WW1WW":[-10,-0.0135149,0.0531148,-10],
"1SS4WW2GW3SS":[-10,0.944342,0,0],
"1SG4WW2WW4RW":[-10,-0.001,-0.0011023,0],
"1SS1SS4SG4RW":[-10,-10,0.00186314,0],
"4GW1SS3WW2GW":[-0.001,-10,0,0],
"1SS1GW4WW1GW":[-10,1.92763,0,0],
"1RW4WW1SG1WW":[-0.200233,0,-10,-10],
"4WW1SG2SS2WW":[0.0190116,-10,0,0],
"2GW3RW4WW1SG":[0,-0.001,-0.0010995,-10],
"4SS1SS1WW3RW":[0.0289881,-10,-10,0],
"1WW1SS1GR1WW":[-10,-10,1,-10],
"2GW2RW1SS4WW":[4.79318,0,-10,0],
"1SS2GW1WW3RW":[-10,0,-10,-0.001],
"1SG1SR4WW3WW":[-10,-10,0.00750556,0],
"2SS2SS1SS3WW":[-0.001,0,-10,0],
"1SS2WW4WW2RG":[-10,0.558224,0,0],
"2WW3WW1SS3SR":[0.000605276,0,-10,0],
"2WW1WW4GW1SG":[-0.996,-10,0,-10],
"1SS3WW4GW1SG":[-10,0,0.0578887,-10],
"1WW3GW1RW1SS":[-10,0,-0.200099,-10],
"3WW1SS1SR2WW":[0.0645146,-10,-10,0],
"2WW3SS1SS1SS":[0.0196512,0,-10,-10],
"4WW1SG3RW2WW":[-0.001,-10,0,0],
"3GW1SS4RW4WW":[0.0230863,-10,0,0],
"2SG4WW3WW1SR":[0.115208,0,0,-10],
"1SS1SS3SG1SS":[-10,-10,-0.0900389,-10],
"1SS1SR1SS1WW":[-10,-10,-10,-10],
"1RG4WW1SS1WW":[0.173334,0,-10,-10],
"1SS1SS2SS1WW":[-10,-10,-2.48032,-10],
"1SS1SG3SS1WW":[-10,-10,-0.001,-10],
"2WW1SG1SS2WW":[0.353331,-10,-10,0],
"2SS2SG1SS3WW":[-0.001,0,-10,0],
"1GW1SS1RG1WW":[1.01037,-10,0,-10],
"1SS2SG3WW3WW":[-10,-0.001,0,0],
"4WW3GW1SS3SS":[0.528795,0,-10,0],
"1GR1SS2SS4WW":[1,-10,0,0.160608],
"3RW1SG1SS2WW":[-0.001,-10,-10,0],
"2WW3GW1SG3WW":[0.0161241,0,-10,0],
"2WW4WW4RW1SG":[0.00311357,0,-0.0021196,-10],
"1SG4WW2WW2SS":[-10,0.0769015,0,0],
"2WW1WW1SS1SG":[-0.807683,-10,-10,-10],
"1SS1GW1WW2WW":[-10,1.98538,-10,0],
"4WW3RW1SG3WW":[0.0360748,0,-10,0],
"2GW4WW1SR2GW":[0.0985,0,-10,0],
"4GW4RW1SS3WW":[1.10941,0,-10,0],
"4WW1SR4GW3WW":[-0.000890755,-10,0.0613631,0],
"4WW1RW1SS1GW":[1.21184,0,-10,0],
"2WW4WW3RG1SS":[0.339158,0,0,-10],
"4WW1WW1SG1SR":[-0.00120394,-10,-10,-10],
"4WW1WW2GW1SG":[-0.001,-10,0,-10],
"1SS1WW4GW4SS":[-10,-10,0,0.201304],
"1SS3WW1GW4RW":[-10,0.00740067,0,0],
"3SS1SS3GW4WW":[-0.001,-10,0,2.20083],
"4RW1SS2WW4GW":[-0.001,-10,0,0],
"4WW3GW2GW1SS":[0.133325,0,0,-10],
"2RW1SS2GW4WW":[0.0658643,-10,0,0],
"2SS1WW1SS1SS":[-1.80006,-10,-10,-10],
"3WW2WW4WW1SS":[0.0124705,0.0248886,2.46467,-10],
"1SS2GR4WW1SS":[-10,-0.001,0,-10],
"1SS2GW3WW1SS":[-10,-0.001,0.385575,-10],
"1WW2WW3GW1SG":[-10,0.00356164,0,-10],
"1RW1SG4WW3WW":[-0.139152,-10,0,0],
"1SS1SS4WW3SS":[-10,-10,1.32058,0],
"1SS1SS4WW1GR":[-10,-10,0.103623,4.71385],
"3SS1SS3RW4WW":[-0.001,-10,0.257263,0],
"3WW4SR1SS1SS":[0.00394404,0,-10,-10],
"4RW1SS2SS2GW":[0,-10,0,1.01407],
"4SS1SS1SG1SS":[-0.0019,-10,-10,-10],
"4RW1SS4WW2GW":[0.113489,-10,-0.001,0],
"4RW1SG1WW2WW":[0.0228921,-10,-10,-0.00120352],
"1SR1SS4WW4GW":[-10,-10,-0.001,0.00935908],
"3GW1SS1RW3WW":[-0.001,-10,-0.196801,0.22315],
"3SS2RW3WW1SS":[0.195312,0,0,-10],
"1SS1WW1SS4SS":[-10,-10,-10,-0.001],
"2WW2WW2SS1SS":[0,0,-0.0011094,-10],
"4WW3SS1SS2RW":[1.36379,0,-10,0.0387618],
"3WW2RW1SS2GW":[0.066403,0,-10,0],
"4WW3WW1SS3SS":[1.76838,0.787239,-10,0.103636],
"1SS2SR4WW1WW":[-10,-0.001,0.409797,-10],
"2GW4RW1SS3WW":[1.74321,0,-10,0],
"3GW1SS2SS3WW":[-0.001,-10,0,0],
"2RG1SS4WW4WW":[-0.001,-10,0,0.49279],
"1SG4WW1GW2WW":[-10,0.047262,0,0],
"1SS4WW3RW3WW":[-10,0.0101153,0,0.461951],
"3SG1SS1SS4WW":[0.304038,-10,-10,0],
"4WW1SR2GW4WW":[1.13125,-10,0,0.147046],
"1SS2SS4WW2RW":[-10,-0.924695,1.28806,0],
"1SS1SR3WW3WW":[-10,-10,0,-0.001],
"1SS3GW3GW3WW":[-10,0.0175281,0,0],
"2WW4WW3SS1SG":[0.129436,0,0,-10],
"1SS3WW2SS1SR":[-10,-0.001,0,-10],
"1SS1SR4WW2GW":[-10,-10,0.697287,0],
"3WW1SR2GW3GW":[0.0241971,-10,0,0],
"1SR4WW2WW2SS":[-10,0.0536714,-0.00123379,0],
"1WW2WW2RW1SS":[-10,0.0623433,0,-10],
"1WW2GW4WW1SS":[-10,8.16055,0.0730699,-10],
"1GW1GW1SS3WW":[0,2.75756,-10,0],
"1WW2RW1SG4WW":[-10,-0.001,-10,0],
"1GW4WW1SG1SS":[1.92053,0,-10,-10],
"2WW1SS1SS4RW":[0.0146195,-10,-10,0],
"1WW3WW3GW1SR":[-10,0.0248582,0,-10],
"1SS4WW1SS1SR":[-10,0.78094,-10,-10],
"1GR1SS4WW2WW":[0,-10,0,0.0197989],
"1SS1SS2SS2SR":[-10,-10,-0.170393,0],
"1SS2WW3WW4RG":[-10,0.103739,0,-0.001],
"1SS4WW3WW4RG":[-10,0.015355,0,0],
"1SS4RW1WW1WW":[-10,-0.00271,-10,-10],
"1SS1RG4WW1SS":[-10,0.719435,0,-10],
"1SS4WW3WW3RG":[-10,0.0770173,0,-0.001],
"1SS3WW3WW4RG":[-10,0.152464,0,0.013555],
"1RW1SS1WW4WW":[-0.132793,-10,-10,2.27603],
"1GW1SS1WW3WW":[5.97548,-10,-10,0],
"1RW3WW2WW1SS":[-0.190589,0.108169,0,-10],
"1SS3RW3WW4GW":[-10,-0.001,0,0],
"2SS2SS3WW1SG":[-0.996,0,0,-10],
"4WW1SS3SS4GW":[0.633833,-10,-0.001,0.0382195],
"1SS2SS3WW2GW":[-10,-0.001,0.0255661,0],
"4SS2GW3WW1SR":[0.0567978,0,0,-10],
"2SS4WW1WW1SG":[0.510011,0,-10,-10],
"3WW2SS1SG1SS":[0,-0.0010995,-10,-10],
"4WW4WW1SG4GW":[0.0261125,0,-10,0],
"1WW1GR1SS1WW":[-10,1,-10,-10],
"2GW1SS1SS3WW":[6.87853,-10,-10,0],
"4WW1GW1GW1SS":[0.120658,0,0,-10],
"1SS2GW1GW4WW":[-10,3.67254,0,0],
"3RW4WW1SS3WW":[1.74102e-05,1.17635,-10,0],
"2GW1WW1SS1SS":[3.78569,-10,-10,-10],
"3WW2WW1SG4WW":[-0.001,-0.001,-10,1.32284],
"4WW1WW4RW1SS":[0.173396,-10,-0.00317007,-10],
"3GW1WW1SS1SS":[0.982432,-10,-10,-10],
"1SS1WW3SS3SS":[-10,-10,-0.001,0],
"2GW1SS4RG4WW":[0.544266,-10,0,0],
"1SG4WW4WW3RW":[-10,-0.00120001,0.00933581,0],
"3RW1WW3SS1SS":[0,-10,-0.001,-10],
"4GW1WW3WW1SG":[-0.000951459,-10,0,-10],
"1SS2WW3WW3GW":[-10,-0.001,0.149141,0],
"4WW4WW1SG1SR":[0.214593,0,-10,-10],
"1WW4WW4WW1SG":[-10,-0.00331172,0.639668,-10],
"2GW4GW1SS3WW":[1.24155,0,-10,0],
"4GW4WW2WW1SR":[0.377449,0,0,-10],
"1WW3GW3SR1SS":[-10,0.860827,0,-10],
"4WW1SR1SS4GW":[0.315661,-10,-10,0],
"1SS1WW2SS2SS":[-10,-10,-0.906322,-1.87697],
"4WW1SS3RW3WW":[-0.000236653,-10,0.00636112,2.51624],
"4WW2GW3WW4WW":[-0.0010995,-0.001,0,0],
"2SS1SS1SS4RW":[0.29033,-10,-10,0],
"2WW4GW1SG4WW":[-0.00123359,0.368957,-10,0],
"1WW2SS1SG1WW":[-10,-0.996,-10,-10],
"1SS2WW2GW1SS":[-10,-0.000859828,0.20208,-10],
"2SR4WW4WW1SS":[0,0,0.162932,-10],
"1RW4WW1SG1SS":[-0.187855,0.615744,-10,-10],
"4RW1SS4GW4WW":[0.289095,-10,0,0],
"1SG2WW1WW4WW":[-10,-0.000420172,-10,0.464701],
"4WW2WW1SS4GW":[0.206852,0.043394,-10,1.45335],
"4RW4WW1SG4WW":[0.0331341,0.632635,-10,0],
"3WW1SR1SS4GW":[0,-10,-10,-0.001],
"1SS4WW4GW2GW":[-10,0,0,-0.001],
"4RW4WW3GW1SS":[-0.001,1.24075,0,-10],
"1SS2SS1SR1SS":[-10,-0.16879,-10,-10],
"1SS3SS1SG1SR":[-10,0.000467561,-10,-10],
"3WW4WW3GR1SS":[0.120307,0,0,-10],
"2SR3WW4WW1SS":[-0.001,0,0,-10],
"3WW2SS1SG2RW":[-0.000676481,0,-10,0],
"2SS1SS2WW3WW":[-0.0019,-10,0.069587,0],
"1SR1WW3WW4SG":[-10,-10,0.0236092,0],
"3GW2WW1SS3SS":[-0.001,0,-10,0],
"2GW1SS1RW3WW":[0.347718,-10,0,0],
"1SS4WW4WW3SR":[-10,-0.000365923,1.83743,0],
"2WW1WW1SR4WW":[-0.00202647,-10,-10,1.06558],
"2WW1SS1RW3WW":[0.308625,-10,0,0],
"4GW2WW3GW1SS":[0,0.123821,0,-10],
"2RW1SS1WW4WW":[-0.00115173,-10,-10,1.00177],
"1SR1SS1SS3WW":[-10,-10,-10,0.376802],
"1SR4SS4WW3WW":[-10,0.0135857,0,0],
"1SS4WW1GW2RW":[-10,0.502181,0,0],
"2SS1SS1SS2GW":[0,-10,-10,0.683267],
"3SS2SS1SS4WW":[-0.001,-0.258971,-10,1.17391],
"4WW1WW1GW1SG":[0,-10,2.95005,-10],
"1SS2RW3WW3GW":[-10,-0.001,0,-0.001],
"4WW2RW1GW1SS":[0.0321499,0,0,-10],
"1SS1SS1SS1GW":[-10,-10,-10,5.58931],
"4WW2SR1SS1SS":[0.00545423,0,-10,-10],
"1SS4SR4WW2WW":[-10,0.0614386,0,0],
"2SS3SS4WW1SS":[0,0.021839,0,-10],
"2RW3SS1SG2WW":[-0.001,0,-10,0],
"3RW1SS1GW2WW":[-0.001,-10,0,0],
"1RW1SS4WW2GW":[-0.132413,-10,0.386295,0],
"4SS1SS1GW1WW":[-0.001,-10,0,-10],
"2GW4WW4SS1SS":[4.27697,0,-0.001,-10],
"4WW1RW1SG3WW":[-0.001,0,-10,0],
"1SS1GW4GW3WW":[-10,1.01066,0,0],
"1SS2GW4GW1SS":[-10,0.272559,0,-10],
"1SS1SS3SS1SS":[-10,-10,0.19651,-10],
"3WW2WW1SS2SS":[-0.000567984,-0.001,-10,0.252165],
"1SS3RW4WW3GW":[-10,-0.001,1.46862,-0.001],
"3WW1SS1SS1RW":[0.34631,-10,-10,0],
"3SS2WW1SS2SS":[-0.001,-0.001,-10,-0.142559],
"1SR4GW1GW2WW":[-10,0.0609672,0,0],
"4SS3WW4WW1SG":[0,-0.000872359,0,-10],
"2WW2RW1SS1WW":[0.014666,0,-10,-10],
"1SS2WW4RW4SS":[-10,0.298456,0,0],
"1SS1RW4WW3GW":[-10,-0.2,0.0932483,0],
"3WW1SG1GW4WW":[0.00828068,-10,0,0],
"1SS1SR2WW1SS":[-10,-10,0.101698,-10],
"1SS1SS2SS2WW":[-10,-10,-0.00134528,0.482227],
"3WW1SG2RW4WW":[0,-10,0,-0.001],
"3WW1SS4WW4WW":[1.49162,-10,2.47026,2.25073],
"2RW3WW2SS1SS":[-0.001,0.346016,0,-10],
"1SS1RW2WW1SG":[-10,-0.196162,0,-10],
"3WW1SG2RG4WW":[0.0399913,-10,0,0],
"1SR2GW1WW4GW":[-10,0.0993328,-10,0],
"1SS4WW4GW4GW":[-10,-0.001,0.0222151,0],
"1SS2RW2WW2GW":[-10,-0.001,0,0],
"4WW3SS1SS1RG":[0,-0.000137117,-10,0],
"1SS1SG1SS3WW":[-10,-10,-10,0.11688],
"3SS4WW4WW1SG":[0.289517,0,0,-10],
"4GW1SS2RW4WW":[0.425879,-10,0.0149453,0],
"2GW2SS1SG4WW":[0.27026,0,-10,0],
"1SS3WW2WW2RW":[-10,0.343931,0,0],
"4GW2WW1SS3SS":[-0.001,0.119816,-10,0],
"4WW3RW1SS3WW":[2.63257,-0.001,-10,0.0167319],
"1SS3SS1WW3WW":[-10,-0.001,-10,0],
"4WW3GW1SS2RW":[0.264697,0,-10,0],
"1SS4WW4GW1SS":[-10,2.03378,0.10426,-10],
"2SS1SS3WW4GW":[0,-10,0.960014,0],
"1SS3SS4WW1RW":[-10,0.0756933,0,0],
"3RW3SS1SS1SS":[-0.0010995,0,-10,-10],
"1WW3GW4SS1SS":[-10,0.864526,0,-10],
"1SS4WW1GW3GW":[-10,0.230881,3.28106,0],
"1SS1RW1SG4WW":[-10,-1.195,-10,0],
"3RW1SS3GW4WW":[1.33846,-10,-0.001,0.215334],
"1SS2WW1WW3GR":[-10,-0.996,-10,-0.001],
"1WW4GW4SS1SS":[-10,-0.001,0.501223,-10],
"1WW4GW1SR4WW":[-10,0.0879605,-10,-0.00118905],
"2WW4WW3SR1SS":[-0.001,0.236422,0,-10],
"2WW1SS3SS3WW":[0.829434,-10,0,0.0188794],
"2SS4WW2GW1SS":[0.440801,0,2.25851,-10],
"3WW4WW1SG3GW":[0,0,-10,0.281754],
"4WW2RW2WW1SG":[0.194563,0,0,-10],
"1SS2WW2GW4WW":[-10,-0.000413119,-0.00271,1.37234],
"1SG4GW4WW2WW":[-10,0.131249,0,0],
"4GW4WW1SS1WW":[0.219802,3.18682,-10,-10],
"1SG3RW4WW1SS":[-10,0.00323415,0,-10],
"1SR4WW4WW1WW":[-10,0.763415,-0.001,-10],
"1SG2GW2WW3WW":[-10,0.276404,0,0],
"1SS4GW4GW2SS":[-10,0.152766,0,0],
"3GW1SR4WW1WW":[0.153546,-10,0,-10],
"1SS1GR4WW2GW":[-10,1,0,0],
"3RW1SS4SS1GW":[0,-10,0,1.00157],
"2WW4GW1SS1SS":[-0.00118905,0.199452,-10,-10],
"3SG4WW3WW1SG":[0.00633356,0,0,-10],
"1SR4WW2WW1SS":[-10,1.51607,0,-10],
"1SR1SS3WW1GW":[-10,-10,0.00420541,0],
"3WW2RW1SS1WW":[0.0580227,0,-10,-10],
"4GW1GW1SS1WW":[0.0284506,0,-10,-10],
"1GW1SS2WW2WW":[1,-10,-0.001,0],
"4RW1SS2WW3WW":[-0.001,-10,0.0994726,0.546309],
"1SG1SS1WW2RW":[-10,-10,-10,0.0910484],
"1SS1SS3WW3GW":[-10,-10,0.651298,0],
"2GW4WW1SG1WW":[0.0984768,0,-10,-10],
"2SS1SS1SS3RW":[-0.995093,-10,-10,0],
"1SS4WW1GW2SS":[-10,1.22223,0,0],
"2WW4WW2RW1SG":[-0.001,0,0,-10],
"3GW3RW1SS1WW":[0.355657,0,-10,-10],
"3SR4WW1WW1SS":[-0.0010995,0.0951286,-10,-10],
"4GW2GW1SS1WW":[-0.001,0,-10,-10],
"4GW1SS1SS1WW":[1.9575,-10,-10,-10],
"1SS1SS4WW2RG":[-10,-10,0.336005,0],
"1GW4WW1SS4SS":[2.15246,0,-10,0],
"1SR2GW1WW1SS":[-10,0.273704,-10,-10],
"4SS1SS4GW4WW":[0,-10,0,1.68776],
"1SS1SS1GW2WW":[-10,-10,5.76411,0],
"4WW1SS1WW3RW":[1.24157,-10,-10,-0.00229464],
"3GW2WW4WW1SR":[0.090986,0,0,-10],
"3GW2SS1SG1WW":[0.0345608,0,-10,-10],
"4SS1SS1GW4WW":[0.0876089,-10,0,2.07262],
"4WW3SS2SS1SS":[0.305849,0,0,-10],
"4WW2SS1SG2WW":[-0.001,-0.001,-10,1.1067],
"1GW4SS1SS1GW":[1.97268,0,-10,0],
"2WW1SS1SG1WW":[-1.6896,-10,-10,-10],
"2SS3WW1SS2SS":[0.000687126,0,-10,0],
"2WW3WW3SS1SS":[0.0277115,0,0,-10],
"2SG1SS3WW4WW":[2.28196,-10,0.127961,0.241929],
"1GW1SS1WW1WW":[2.93997,-10,-10,-10],
"2WW2WW4WW1SS":[0.0211942,0.215949,2.18152,-10],
"1GW1SS1WW1RW":[1.02306,-10,-10,0],
"3WW3WW1SS2GW":[0.328783,0,-10,0],
"1WW4WW3GR1SS":[-10,0.335829,0,-10],
"2RW4WW3WW1SG":[-0.001,0,0,-10],
"2SG4WW2WW1SS":[-0.776742,-0.001,0.100011,-10],
"1SS1GW3WW2SS":[-10,1.9677,0,0.000825806],
"2SS1SS2WW2WW":[-0.001,-10,0.000459532,0.314638],
"1RW4WW2WW1SG":[-0.107206,0,0,-10],
"1SG1SG3WW4WW":[-10,-10,0.0983002,0],
"1SS1SS1RW1SS":[-10,-10,-0.0308353,-10],
"1SS3SS4GR3WW":[-10,0.0422552,0,0],
"1WW3GW1SG3WW":[-10,-0.001,-10,0],
"3WW3RW1SS1WW":[0.00531594,0,-10,-10],
"4WW2GW1SS1WW":[-0.001,2.95331,-10,-10],
"4WW1SS3GW4WW":[0.0600775,-10,6.82509,0.638967],
"3RW1SS1GW4WW":[0,-10,0,0.0640925],
"1WW1SS4SS4SS":[-10,-10,-0.001,0],
"1SG1SS4WW3SS":[-10,-10,0.0107297,0],
"4GW1SR4WW4GW":[0.74043,-10,0,0],
"3SS2WW3GW1SS":[-0.001,0,0,-10],
"1SS4WW2WW4SS":[-10,0,0,-0.001],
"3GW3WW1GW1SS":[0,0,1.9,-10],
"1WW1WW1SS1RW":[-10,-10,-10,-0.142971],
"2WW1SS3RG1WW":[0.137217,-10,0,-10],
"1SS2WW4GW3RW":[-10,0.0219777,0,0],
"2WW3WW4WW1SR":[-0.001,-0.001,1.33809,-10],
"1WW1SS2GW3WW":[-10,-10,0.0901819,0],
"1SS2SR4WW2GW":[-10,0.100365,0,-0.001],
"2SS1SS1SR4GW":[0.170181,-10,-10,0],
"3WW3RW4WW1SG":[0.00452502,0,0,-10],
"4GW3GW4WW1SS":[0.353146,0,0,-10],
"1SS1SS2SG3SS":[-10,-10,-0.0253661,0],
"1SS1SR1SS1SG":[-10,-10,-10,-10],
"1SS3WW3WW2GW":[-10,-0.001,-0.001,1.25491],
"1SS4GW1WW3WW":[-10,0.0898516,-10,-0.000153152],
"1SS1SS4RW2WW":[-10,-10,-0.0019,0.519314],
"4WW2WW2GR1SS":[0.148144,0,0,-10],
"1SS3SS1GW1SS":[-10,0.0279762,0,-10],
"1SS2SR3GW4WW":[-10,-0.0010995,0,0],
"1GW1SS1RW3WW":[1,-10,0,0],
"1SS2SS1GW4WW":[-10,0.0320105,8.13303,0],
"1SS4GW3RW3WW":[-10,0.0400154,0,0],
"1SS3WW1SG1SS":[-10,0.596196,-10,-10],
"4GW1SS3WW1GW":[1.30992,-10,0,0],
"4WW1GR2GW1SS":[0.0332205,0,0,-10],
"1SG1WW3WW4WW":[-10,-10,-0.00163432,0.721868],
"1SS2GR3WW1SS":[-10,-0.001,0,-10],
"1SS1RW4WW1GW":[-10,-0.196088,1.26007,0],
"4GW3GW1SS3RW":[0,0,-10,-0.001],
"1SR4WW2GW4WW":[-10,0.0607847,0,0],
"2WW2GW1SR4WW":[-0.00147204,0,-10,0],
"4WW3WW1SS4RG":[0.739075,0,-10,0],
"2WW3GW1SG4WW":[0.166643,0,-10,0],
"1SS4WW4WW3RG":[-10,0.0106478,0,0],
"1SG2WW3WW1SS":[-10,0.0142781,0,-10],
"3GW2SS1SR4GW":[-0.001,0,-10,0],
"4SS1SR3WW2GW":[0.0076181,-10,0,0],
"1WW4WW2RG1SS":[-10,0.430331,0,-10],
"4WW3WW1SG3SS":[-0.001,0,-10,0],
"2RW4WW4GW1SS":[0.676085,0,0,-10],
"2WW4WW1SS2GW":[-0.00274764,0.00685904,-10,4.43388],
"1WW3WW3SS1SR":[-10,-0.0019,-0.0019,-10],
"3WW1SS2SG4WW":[0.326868,-10,0,0],
"1SS2RW2WW1SS":[-10,-0.001,0.127251,-10],
"1SS3WW3WW4SG":[-10,0.147054,0,0],
"1SG2SS2WW4WW":[-10,-0.00437915,-0.00099988,-0.000145942],
"4WW3WW1SS3SG":[0,0.304711,-10,0],
"1SS1SR4SS2SS":[-10,-10,-0.001,0],
"2SG4WW1WW1SS":[0.00266875,0,-10,-10],
"2SG3SS2WW1SS":[-0.0990818,0,0,-10],
"1SS3WW2GW4GW":[-10,0.29251,0,0],
"1SS2GW2WW3GW":[-10,-0.001,0,0],
"1SR3WW1WW1SG":[-10,-0.001,-10,-10],
"1SS4WW4RG1WW":[-10,0.0725702,0,-10],
"2WW1SS4RG1WW":[0,-10,-0.001,-10],
"4RW3WW2WW1SS":[-0.001,0,0,-10],
"1SS1RG1GW4WW":[-10,-0.169409,0,0],
"2WW1SS2SR4WW":[-0.00060965,-10,-0.001,0.710928],
"3SS1SS4WW3SS":[-0.001,-10,0,0],
"1SS1GW3RW1SS":[-10,1.0179,0,-10],
"1SS2GW4WW1RW":[-10,0.298259,0,-0.0701685],
"3WW2WW1SR1SS":[-0.001,0.238961,-10,-10],
"4GW4SS1SS2GW":[0.00573329,0,-10,0],
"1WW3WW1SG3SS":[-10,0,-10,0.0107427],
"2WW1WW2GW1SS":[0.0223899,-10,0,-10],
"1SG4WW1WW2WW":[-10,0.846304,-10,0],
"1GW1SS1GW3WW":[1.01914,-10,0,0],
"1RW4WW3WW4WW":[-1,0,0,0],
"3WW3WW2SS1SS":[0.0643889,0,0,-10],
"1GW4WW3WW1SG":[1.0899,0,0,-10],
"4WW4RW3GW1SS":[0.26443,0,0,-10],
"4WW4RG1SS4WW":[0.208442,0,-10,0],
"2GR2WW4WW1SS":[0.101066,0,0,-10],
"4WW1GW1RW1SS":[0.503961,0,-0.199136,-10],
"3WW4GW1SS4WW":[2.04935,0.011564,-10,0.0464335],
"1SG4WW1RW4WW":[-10,0.450475,0,0],
"3WW1SS4RW2GW":[0.0154018,-10,0,0],
"1SS4WW1WW1RG":[-10,0.000948937,-10,0],
"1SS3WW3WW3RG":[-10,0.152824,0,0],
"1SR1SS4WW1SS":[-10,-10,0.278473,-10],
"1SS4WW3WW2RG":[-10,-0.0010995,0,0],
"3SS3GW1SR4SS":[-0.001,0,-10,0],
"2SS3SG4WW1SS":[-0.996,0,0,-10],
"1SS2WW4WW3GW":[-10,1.08542,0.268645,0],
"1SS2WW2SR1SS":[-10,0.0742914,0,-10],
"3SS4WW1GW1SS":[0,1.30683,0,-10],
"1GW3WW1SS4GW":[3.74457,0,-10,0],
"4WW1GW4RW1SS":[0.0990363,0,0,-10],
"4WW2SS1SS3RW":[1.07999,0,-10,0],
"3SS1SS1WW3GW":[0.0838213,-10,-10,0],
"3GW4WW3RW1SS":[0.166243,0,0,-10],
"1SG1WW1WW1GW":[-10,-10,-10,1.12887],
"4WW1SS1SR2GW":[0.0949192,-10,-10,0],
"1SS4GR3WW1SS":[-10,-0.001,0,-10],
"4WW2GW1WW1SG":[0.3032,0,-10,-10],
"4WW1SG2WW4WW":[-0.001,-10,0.444728,-0.001],
"1SS3GW1WW2GW":[-10,-0.001,-10,0],
"1GW1SS4WW4RW":[1.14332,-10,0,0],
"2WW3WW2SR1SS":[-0.001,0.0397091,0,-10],
"1SG1SS1WW1WW":[-10,-10,-10,-10],
"4SS1SS1SS1GW":[0.319106,-10,-10,0],
"1SS2WW1SS1SR":[-10,0.000327905,-10,-10],
"4GW1SS1GW1WW":[-0.001,-10,0,-10],
"1SS3SS2WW1SS":[-10,0.0640784,0,-10],
"3GW3WW1SS1SG":[0.0771461,0,-10,-10],
"1SS1SG2RW4WW":[-10,-10,0.166595,0],
"3GW1SS1SS3GW":[0.00406303,-10,-10,0],
"1SS1SS1SS1SS":[-10,-10,-10,-10],
"2SS4RW2WW1SS":[-0.996,0,0,-10],
"1SS1WW2GW3SS":[-10,-10,0.191279,0],
"2SS4RW1SS2SS":[0.0333069,0,-10,0],
"2GW4WW1SS1WW":[10.0647,0.125381,-10,-10],
"4SS4WW3WW1SG":[0.326133,0,0,-10],
"3WW4WW1SS2SG":[0.0395049,0,-10,0],
"4WW3WW1SR4WW":[-0.001,0.138454,-10,1.07639],
"1GW1SS4SS3WW":[2.04064,-10,0,0],
"1SS4GW4WW1SS":[-10,0.545888,2.275,-10],
"3WW3GW1SR4WW":[-0.000616295,0,-10,0],
"4GW1SS3WW1WW":[1.377,-10,-0.001,-10],
"1GW1WW1SR4WW":[1.0016,-10,-10,0],
"4WW3WW2WW1SS":[1.65981,-0.00366283,0.173958,-10],
"2GW1WW1SR4GW":[-0.001,-10,-10,0],
"3GW1WW1SR4WW":[-0.001,-10,-10,0],
"2GR4WW1SS2WW":[0.518357,0,-10,0],
"1SS1GW3WW3WW":[-10,2.85678,0,-0.0028095],
"1SS1WW4WW1RG":[-10,-10,0.272289,-0.196595],
"3GR4WW1SS2WW":[-0.001,0,-10,0],
"4WW1SR2WW2WW":[1.0417,-10,0,0],
"1WW4WW2SG1SG":[-10,-0.001,0,-10],
"1SG4RW2WW4WW":[-10,-0.001,0.167418,0],
"1WW2SS3SS1SS":[-10,-0.8974,0,-10],
"4GW1SR4WW3WW":[0.0611253,-10,0,0],
"1GW1WW4RW1SS":[1.00061,-10,0,-10],
"3RG3WW4WW1SS":[0,0,0,-10],
"1GW1WW1SS3SS":[2.83559,-10,-10,0],
"1WW1SG4GW4WW":[-10,-10,0.0589674,0],
"1SS4WW4WW3SG":[-10,0.465886,0.411989,0],
"1WW2GW1SS3WW":[-10,2.56943,-10,0],
"4WW1SS1RW1GW":[1.09155,-10,0,0],
"1GW3SS1SS1WW":[1.00462,0,-10,-10],
"1SS3SS2WW1WW":[-10,-0.001,0,-10],
"2WW2GW1SS3WW":[0.401842,0,-10,0],
"1RG1SS1WW1WW":[-0.200099,-10,-10,-10],
"1SS4WW2WW2GR":[-10,-0.001,0,0],
"1GW4SS1SG4WW":[1,0,-10,0],
"3WW3WW4WW4RW":[-0.001,0,0,-0.001],
"2GW1SS2GW4WW":[-0.001,-10,0.960156,0],
"4GW1SS1RW2WW":[-0.001,-10,0,0],
"2SS1SS2SS1SS":[-1.49662,-10,-1.8924,-10],
"1GR2SS1SS4WW":[1,0,-10,0],
"3WW1SS2SR1WW":[-0.001,-10,0,-10],
"3SR1SS4WW4WW":[0,-10,0.54622,0],
"2WW1SR4SG3WW":[0.0134606,-10,0,0],
"3WW4WW1SS3SS":[-0.001,1.16311,-10,0],
"2WW4SS1SS2GW":[0.21199,0,-10,0],
"1GW1SR4WW1WW":[0.905,-10,0,-10],
"3WW2GR1SS2WW":[0.085838,0,-10,0],
"2WW2RW1SS4WW":[0.613821,-0.001,-10,-0.001],
"4WW1SS3WW4RG":[0.194593,-10,0,0],
"3SS1SS3WW3WW":[-0.001,-10,0.816588,0],
"1SS2GW4WW1RG":[-10,0.112938,0,0],
"4SS1SS1WW1RW":[0.00713784,-10,-10,0],
"3GW4WW1SS2SS":[0.817801,0,-10,0],
"1SS1SS3SS4GW":[-10,-10,-0.001,0.00472903],
"1WW1SS4SS4WW":[-10,-10,-0.001,1.55015],
"2SS1RG4WW1SG":[0.25287,0,0,-10],
"2WW1WW1SS1SS":[-3.01689,-10,-10,-10],
"1SS2SS1RW1WW":[-10,0.101986,0,-10],
"2WW2WW1SS4GW":[0.175595,0,-10,0],
"3SS3SS1SS3RW":[0.0306342,0,-10,0],
"1SS2WW1WW2RW":[-10,-0.00143699,-10,-0.001],
"4WW1SG1WW4WW":[1.38859,-10,-10,0],
"1WW1SS4WW3GW":[-10,-10,-0.00506806,1.27376],
"3WW2WW1SS2RW":[-0.001,0,-10,0],
"4SS1GW2WW1SS":[0.316582,0,0,-10],
"1SS1WW4WW3SG":[-10,-10,0.728761,-0.001],
"4WW4WW1SS3SG":[0.319261,0,-10,0],
"2SS3GW3WW1SG":[0.00177254,0,0,-10],
"3WW4SS1SS1GW":[0.0917241,0,-10,0],
"3SS3SS2WW1SR":[-0.001,0,0,-10],
"4SS3WW2WW1SS":[0.0440217,0,0,-10],
"3SR1SS1SS4WW":[-0.001,-10,-10,0.00861903],
"4SR4WW1WW1SG":[0.0900032,0,-10,-10],
"4WW4RW3WW3WW":[-0.001,-0.0019,-0.001,-0.001],
"4SR1SS3WW4WW":[-0.001,-10,-0.0010934,1.17938],
"1SG2SS1SS1SS":[-10,-0.0615662,-10,-10],
"2SG2SS2WW1SS":[-0.001,0,0,-10],
"1WW2GW4SS1SS":[-10,-0.001,0.121625,-10],
"1SG1SS1RW4WW":[-10,-10,-0.352866,0.784923],
"1SS1SS1GW3WW":[-10,-10,6.45591,0.12986],
"1SS2SG1SS1SS":[-10,-0.001,-10,-10],
"1SS1SS3GW3WW":[-10,-10,0.353782,0],
"2WW4GW2SR1SS":[0.0682488,0,0,-10],
"1SS2SS3GW3WW":[-10,-0.001,0.00982584,0],
"1WW1SG2SS1WW":[-10,-10,-0.996,-10],
"4RW2WW3WW1SS":[0,0.341501,0,-10],
"2RW1SS2SS4WW":[0,-10,0,1.68493],
"3GW4WW2GW1SS":[0,0,0.0998078,-10],
"1WW1SR2SS3WW":[-10,-10,-0.00121151,0.0723792],
"1SS2GW4WW3SS":[-10,6.85397,0,0],
"1SS4WW1WW3SS":[-10,0.115238,-10,0],
"1SR1WW1WW4SS":[-10,-10,-10,-0.001],
"3WW1SS1SG1WW":[-0.001,-10,-10,-10],
"4WW1SS1GR4WW":[0.290244,-10,0,-0.000944163],
"4WW3WW3GR1SS":[0.00303941,0,0,-10],
"2GW1WW4WW1SG":[-0.001,-10,-0.001,-10],
"1SG4RW3WW1SS":[-10,0.0062459,0,-10],
"4GW1RW1SS4WW":[0.32921,0,-10,0],
"4RW3WW1SS1SS":[-0.001,0.149934,-10,-10],
"4WW3SS1SS3WW":[2.7987,0.249705,-10,0.325431],
"1SS2WW3WW1RW":[-10,0.317318,0,0],
"1SS4WW1RW2SS":[-10,0.0594935,0,0],
"4SS2SS1SG1SS":[-0.00905001,0,-10,-10],
"1RW1SS2GW2WW":[-0.2,-10,0.08765,0],
"1SG1WW1WW1SS":[-10,-10,-10,-10],
"1SS4WW1SG1SG":[-10,-0.000934275,-10,-10],
"4WW1SS2GR3WW":[0,-10,0,0.0100162],
"4WW3WW1SR1GW":[-0.001,0,-10,0],
"4WW1RW1WW1SG":[0.0572797,0,-10,-10],
"3WW2SR1SS3WW":[-0.001,-0.001,-10,0],
"4WW3WW3RW1SS":[-0.001,2.82428,0,-10],
"4WW4WW4SG1SS":[0.316816,0,0,-10],
"1SR4WW3WW1GW":[-10,-3.01736e-05,-0.001,1.93038],
"4WW4SS2SS1SS":[0.293559,0,0,-10],
"1SS2WW4WW4WW":[-10,1.49369,2.28377,1.88055],
"4SS4WW3GW1SS":[-0.001,0.537814,0,-10],
"4GW2RW1SS3WW":[0.118271,0,-10,0],
"4WW1SS3SG3WW":[0.000761178,-10,0,0],
"4WW1WW1WW1SS":[0.66157,-10,-10,-10],
"4SS4WW1GW1SS":[0.0285885,0,0,-10],
"1WW4WW1SS3WW":[-10,1.81589,-10,0.0686728],
"1WW1SG1GW1WW":[-10,-10,1.00517,-10],
"2RW4SS1SS1WW":[0,0.0354103,-10,-10],
"1SR1SS3WW3WW":[-10,-10,-0.0019,2.13805],
"2SS2WW4WW1SR":[0.011509,-0.001,0,-10],
"2GW1SS3WW4WW":[-0.001,-10,0.0924483,2.13256],
"4WW1SS3GW3WW":[0.0918723,-10,0.0129823,2.27849],
"4SS1SS1SS1SS":[0.0011773,-10,-10,-10],
"1GW1RW1SS1WW":[2.31112,0,-10,-10],
"3SS3WW1SS1SG":[0.160724,0,-10,-10],
"1WW1SS3SS4WW":[-10,-10,0.056961,0.980382],
"4WW3WW1SS4SG":[0.240979,0,-10,0],
"1SS3WW2WW2RG":[-10,0.0885874,0,0],
"3SG1SS2GW4WW":[0.0126486,-10,0,0],
"2GR1SS3WW4WW":[-0.001,-10,1.32464,0],
"3RW3WW3GW1SS":[0.0230284,0.601608,-0.001,-10],
"1SG3GW2WW2WW":[-10,-0.001,0,0],
"4WW1SS4RW3GW":[-0.001,-10,0.0169143,0],
"3GW2WW4WW1SG":[0,0,-0.001,-10],
"1SS1GW3WW4SS":[-10,4.6253,0,0],
"1SS4RW4WW1SS":[-10,0.0214573,2.50603,-10],
"4WW1SS4GW2WW":[0.027167,-10,0.11277,2.24189],
"2SS4RW1WW1SS":[0.165806,0,-10,-10],
"1GW4WW1SS2GW":[3.04258,0,-10,0],
"1GR1SG1SS4WW":[1.06427,-10,-10,0],
"2SS2WW1WW1SG":[0.0818548,0.00513031,-10,-10],
"1GW1SS1SR4WW":[2.91823,-10,-10,0],
"4SS1SS1WW3WW":[-0.000677826,-10,-10,0.234022],
"4WW4WW4RW1SS":[0.551011,5.18199,0.189025,-10],
"4GW1SS1SS1SG":[0.0193599,-10,-10,-10],
"3WW1SS1SG1SS":[0.0878673,-10,-10,-10],
"1SS1SG2SS1SS":[-10,-10,-1.8924,-10],
"2WW1WW1SG3SS":[-0.001,-10,-10,0],
"3WW2SG1SS2WW":[-0.001,0,-10,-0.00108322],
"2WW1WW4WW4WW":[-0.0010995,-10,-0.001,-0.00208905],
"1GW1SG4WW2RW":[1.0187,-10,0,0],
"4GW4WW2RW1SS":[0.0373676,0,0,-10],
"3WW1SR1SS1GW":[0.155797,-10,-10,0],
"4GW4WW4RW1SS":[-0.001,0.201008,0,-10],
"3RW1WW3WW1SS":[-0.001,-10,-0.001,-10],
"1SG4WW2RW4WW":[-10,0.0714886,0,0],
"4WW2RW1SS3GW":[0.413776,0,-10,0],
"1WW2WW2RG1SG":[-10,0.00342647,0,-10],
"4WW2WW1SG4GW":[0.142295,0,-10,0],
"4SS1SS2WW2GW":[0.0354855,-10,0,0],
"1SS4WW2RW1WW":[-10,-0.00256387,0,-10],
"1SS1RW3WW4SG":[-10,-0.183051,0,0],
"4WW3GW1WW1SS":[1.0245,0,-10,-10],
"1SS1SS2WW2RW":[-10,-10,-0.000408551,-0.001],
"4RW1SS1GW3WW":[-0.001,-10,4.1847,0],
"3WW1SS2RG4WW":[-0.000910668,-10,0.0198131,0],
"2WW4GW4SS1SS":[1.05949,0,0,-10],
"1SS2WW3RG4WW":[-10,0.0173402,0,0],
"4SS4WW1SS1SR":[0.228482,0,-10,-10],
"2SS1RW1WW1SS":[0.0752885,0,-10,-10],
"1SS1WW4WW3RG":[-10,-10,-0.00240724,0],
"1SR2SS4WW3WW":[-10,0.263129,0,0],
"3WW4WW1SS3GW":[-0.001,-0.001,-10,1.08975],
"3WW1GW1SS3SS":[0,1,-10,0],
"1SS4WW1SS1SG":[-10,0.259046,-10,-10],
"2SS2GR1WW1SS":[-0.001,0,-10,-10],
"3GW2GW2WW1SS":[0.0832573,0,0,-10],
"4WW1SS4GW4GW":[-0.000216842,-10,0.00474003,0],
"4WW4RG1SG4WW":[0.123248,0,-10,0],
"1WW1SS2SS2WW":[-10,-10,-0.00117396,0.0515775],
"1RW1SS2WW2GW":[-0.159765,-10,0.0968318,0],
"1SS1SS2WW3GW":[-10,-10,0.233965,-0.001],
"2SS2SS1SS1SG":[-0.996,0,-10,-10],
"3WW4RW1SS3GW":[0.266431,0,-10,0],
"1RW1SS2GW4WW":[-0.154008,-10,0,0],
"4WW4SS1SS2WW":[2.76123,0.0801384,-10,0.00718793],
"1RW1SS2SS4GW":[-0.192813,-10,0.156308,0],
"4WW1SS3SR2SS":[0.0576032,-10,0,0],
"4WW1SS1GW2GW":[0,-10,2.85767,0],
"1SS1SS1SS3GW":[-10,-10,-10,0.0309687],
"1SS3WW3WW3RW":[-10,-0.0017804,0.791152,0],
"2WW4GW4RW1SS":[0.121487,0,0,-10],
"3GW4WW1SG4SS":[0.0178895,0,-10,0],
"1GW4GW1SS1WW":[4.44181,0,-10,-10],
"1RG4WW2GW1SS":[-0.2,0,0,-10],
"2SS3GR1SS1SS":[0.0441027,0,-10,-10],
"2WW1SS1SS2GW":[0,-10,-10,0.437605],
"1SS1SR2SS3SS":[-10,-10,-0.000522094,0],
"1SS2RW1GW4WW":[-10,0.3272,0,0],
"2WW1GW1SS1WW":[0.0233698,0,-10,-10],
"1SR2SS4WW1WW":[-10,0.0332542,-0.001,-10],
"1SG4WW4WW2RW":[-10,0.0932361,0,0],
"2RW1WW4WW1SS":[-0.001,-10,0.625386,-10],
"1SS1GW1GW4WW":[-10,3.86353,0,0],
"4GW4WW4WW2WW":[-0.0019995,-0.00354848,-0.00363033,-0.00237741],
"4GW1SS4WW2WW":[0.168239,-10,0.0365781,1.23981],
"2SS1SS2GW3WW":[-0.0019,-10,0.874928,0],
"1SS4WW4WW4GR":[-10,0.211631,0,0.0188888],
"1SS1WW4GW2SS":[-10,-10,0.0510268,-0.00137785],
"2SS3WW2WW1SS":[0.172936,0,0,-10],
"1SS1WW4RW1SS":[-10,-10,0.0553882,-10],
"4WW1SS4RW1GW":[0.588529,-10,0,0],
"2WW1SS2SS1SS":[-0.0019,-10,-0.996,-10],
"2RW1WW1SS1GW":[-0.001,-10,-10,0],
"1SG3RW4WW4WW":[-10,0,0,0.0499753],
"1SG2SS1SS1WW":[-10,-0.996,-10,-10],
"1RG4GW1SS4WW":[0.420931,0,-10,0],
"1SS2SS4WW4RG":[-10,0.0203803,0,0],
"2GW4GW1SS1WW":[1.18394,0,-10,-10],
"1SS1RG1SS1SS":[-10,-0.2,-10,-10],
"4WW1SS2RW2GW":[0,-10,0.00252163,0],
"2GW2WW1SS2SS":[-0.001,0,-10,0],
"1SS4WW2RW2GW":[-10,0.0259211,0,0],
"3GW1SS3GW3WW":[-0.001,-10,-0.001,0.132799],
"2WW1WW1SG4RW":[-0.00176205,-10,-10,-0.001],
"1WW4GW1SG3WW":[-10,0.0661396,-10,-0.00123894],
"1SS1SS1WW1SG":[-10,-10,-10,-10],
"1SS2SS1WW2GW":[-10,-0.996,-10,0],
"4WW4SS3SG1SS":[0.231437,0,0,-10],
"4WW2WW2WW1SR":[1.14732,-0.0019,0,-10],
"1GW1SS1WW4GW":[1.00956,-10,-10,0],
"4WW3SS1SS1WW":[1.89244,0.0932176,-10,-10],
"3SS3SS4WW1SS":[0,0.0133597,0,-10],
"1GW2WW1SS3GW":[1.54608,0,-10,0],
"1GW2WW1SG4WW":[0.999871,0,-10,0],
"1GW4RW1SS3WW":[2.98975,0,-10,0],
"4WW1WW1SG4SS":[-0.001,-10,-10,-0.001],
"1SS1RW4WW3SS":[-10,-0.156058,0.515983,0],
"1SS2WW4WW4GR":[-10,-0.001,0.741494,0],
"3WW4SS1SR4WW":[0.00536998,0,-10,0],
"1SS4WW1GW2GW":[-10,1.23343,1.17353,0],
"4SS1SS1SG3RG":[-0.001,-10,-10,0],
"4SS1SS2GW4WW":[-0.00271,-10,9.41443,0.161091],
"1SS1WW2SS1SS":[-10,-10,-2.66722,-10],
"4WW3GR3WW1SS":[-0.000110461,0,0,-10],
"1WW1GW1SS1WW":[-10,1.01381,-10,-10],
"2RW1SS1SG4WW":[-0.001,-10,-10,1.22819],
"1WW1GW2RG1SS":[-10,1.04002,0,-10],
"1GW3RW1SS4WW":[4.85172,0,-10,0],
"2RW2SS1SS1WW":[0.0100389,0,-10,-10],
"4GW1SR3WW2WW":[0.000850154,-10,0,0],
"2SS4WW1RW1SS":[0.16889,0,0,-10],
"3SS3WW1SS1SS":[0.29332,-0.001,-10,-10],
"1SR1SS1SS1SS":[-10,-10,-10,-10],
"1RG3WW1SG4WW":[-0.2,0,-10,0],
"2RW1SS3SS4WW":[0.239694,-10,0,0],
"3WW2GW4WW1SG":[-0.000797939,0,0,-10],
"1SS3GW4WW1GW":[-10,-0.001,0.441241,0],
"1WW4WW2GW1SR":[-10,0.00498063,0,-10],
"4GW2WW4WW1SS":[-0.0019,1.29396,-0.0019,-10],
"2GW4GW1SS4WW":[6.02677,0,-10,0],
"1RW4WW1SS1SS":[0.721793,2.74269,-10,-10],
"1SS2RW1GW1SS":[-10,0.0100781,0,-10],
"4GW1SS4WW1GW":[-0.001,-10,0.000795866,6.31246],
"1SS2SS2GW3RW":[-10,0,0,0.00317779],
"4RW2GW4WW1SS":[0.0461235,0,0,-10],
"1SG4WW1SS2SS":[-10,0.598435,-10,0],
"4GR1SS3WW4WW":[-0.001,-10,0.0977998,0],
"3WW1SS1SS3GW":[0.221912,-10,-10,-0.001],
"4WW4SG1SS1SS":[0.0681633,0,-10,-10],
"3SS2GW1WW1SS":[0.0940714,0,-10,-10],
"1SS4GW2WW3SS":[-10,0.0527134,0,0],
"1SS2SS3GW1SS":[-10,0.113736,0,-10],
"3SS1SS1GR4WW":[0.019613,-10,0,0],
"4WW4SS1SS4RW":[0.453812,0,-10,0],
"1SR4WW2SS1SS":[-10,0.0343063,0,-10],
"2WW2WW2SG1SG":[-0.001,0,0,-10],
"2WW1WW2SS1SG":[-0.996,-10,0,-10],
"3WW3RW1SS1GW":[0.00330973,0,-10,0],
"2WW3WW1SS1SG":[0.0622981,-0.001,-10,-10],
"2SR1SS2WW2WW":[-0.001,-10,0,0],
"4WW1SG1SS1WW":[1.59884,-10,-10,-10],
"3WW1SS1SS1SG":[0.00862133,-10,-10,-10],
"1SS2RW2WW3GW":[-10,-0.001,0,0],
"3SS3WW3WW1SG":[0,0,0.086272,-10],
"1WW1SS1RW1WW":[-10,-10,-0.501753,-10],
"4WW3WW2GW1SR":[0.0182759,0,-0.001,-10],
"4WW2SS1SG3WW":[0.290993,0,-10,0],
"1SG1WW3WW1SG":[-10,-10,-0.001,-10],
"4WW1GW3WW1SG":[0.480052,0,0,-10],
"1WW1SG1SG1WW":[-10,-10,-10,-10],
"4WW3SR1SS1WW":[0.303351,0,-10,-10],
"1SS2GW3WW4GW":[-10,-0.001,0.150668,0],
"4SS2WW4WW1SS":[0.00977876,0,0.217962,-10],
"3RG1SS2GW2WW":[-0.001,-10,0,0],
"4WW1SS2RG4WW":[0.0107214,-10,0.00868545,0.783418],
"1SS4RG2SS1SS":[-10,-0.001,0,-10],
"1WW4WW1SG2RW":[-10,-0.000325398,-10,0],
"4GW1WW1SS3SS":[-0.001,-10,-10,0.0196682],
"4WW1SS1SS2SS":[1.2559,-10,-10,0],
"2WW4WW2GR1SS":[0.0492076,0,0,-10],
"1SS1SS3RW2SS":[-10,-10,0.00341883,0],
"4WW3GW1SS4GW":[0.571004,0.0012134,-10,0],
"2WW4WW2SR1SS":[0,1.17906,0,-10],
"1SS4SS1GW1RW":[-10,-0.001,0,0],
"4RW1SG1SS3WW":[-0.000951859,-10,-10,0],
"2SS4GW3WW1SS":[-0.841449,0,0,-10],
"1SS1SS4SS2WW":[-10,-10,-0.001,0],
"3GW1SS1GW4WW":[-0.001,-10,3.04448,0],
"4WW3SG1SS4WW":[-0.001,0.0232141,-10,0],
"1SS1SG4SS3WW":[-10,-10,-0.001,0],
"2WW2SS1SR2WW":[-0.00126078,0,-10,0],
"2SS1SS1SS1WW":[-0.996,-10,-10,-10],
"1SS2SS3SS4WW":[-10,-0.001,0.255724,0],
"1SG1SS1GW3WW":[-10,-10,1.89989,0],
"1SS1SS3WW2GW":[-10,-10,0.211493,0.00377561],
"1SS4GW1GW4WW":[-10,0.735671,0,0],
"1SG3WW4RW4GW":[-10,0.0725214,0,0],
"1SS1RG4WW3WW":[-10,-0.2,0.204131,0],
"2RW4WW3SS1SS":[0.697646,0,0,-10],
"1SS1SR1SG1WW":[-10,-10,-10,-10],
"2SS1SS1SS4WW":[0.928565,-10,-10,0.31978],
"2WW1SG2RW4WW":[-0.000815603,-10,0,0],
"3SS4WW3RG1SS":[-0.001,0,0,-10],
"2WW2SS1SG2GR":[0.112991,0,-10,0],
"2WW1SS4RG2WW":[-0.001,-10,0,0],
"4RW1SG1SS1SS":[0.0147111,-10,-10,-10],
"1GW1SS3GW4WW":[2.03792,-10,0,0],
"4GW3WW1SS2SR":[-0.000938474,0,-10,0],
"4GW3WW1SS2SG":[-0.001,0,-10,0],
"4WW1SS2GR2WW":[-0.001,-10,-0.001,0.201905],
"3WW4WW3SG1SS":[0.0831802,0,0,-10],
"1SS4GW1WW2GW":[-10,-0.001,-10,0],
"3RW1SS3WW3WW":[-0.001,-10,0.024047,0.569061],
"4WW1WW3SS1SS":[0.281715,-10,0,-10],
"3WW2WW1SS1SG":[-0.0010577,0,-10,-10],
"3RG1WW3WW1SS":[-0.001,-10,0,-10],
"2GW4WW2SS1SS":[8.47263,0.124794,0,-10],
"3SS1SS4WW1SR":[0.000702923,-10,0,-10],
"1SS4WW4SS2SS":[-10,1.24125,0,0],
"4WW2SS1SS4RW":[1.76085,0.0123016,-10,0],
"1SS3SS1SS1SS":[-10,-0.093339,-10,-10],
"1SS1SR3GW4WW":[-10,-10,0.663273,0],
"1GW3SR1SS2WW":[1.34451,0,-10,0],
"1WW1SS1SS2WW":[-10,-10,-10,0.0577111],
"1SG1SS2WW3GW":[-10,-10,0.177952,0],
"1GW4WW1SS3SS":[4.24017,0,-10,0],
"1WW2RG2SS1SS":[-10,0.0240689,0,-10],
"2SS1SS4WW1SR":[-1.8924,-10,1.91588,-10],
"2SS1SR4WW1SS":[-0.100102,-10,0.166912,-10],
"1RW2WW4WW4WW":[-1,0,0,0],
"3GW2SS1SS3WW":[-0.001,0.865988,-10,0],
"2SS1SS1WW1SS":[-0.141138,-10,-10,-10],
"1SS3SS3WW2RW":[-10,0.00171665,0,0],
"3WW1SG1SS4WW":[0.375763,-10,-10,0.00686223],
"4WW3SG1SS1WW":[0.580298,-0.001,-10,-10],
"1SS1SS1SG3RW":[-10,-10,-10,-0.00187802],
"3WW3SS1SR2WW":[-0.001,0,-10,0],
"4WW3RW3WW1SG":[0.147323,0,0,-10],
"4WW3WW2WW1SG":[1.85847,0.0437033,0,-10],
"2SS1SS4RW3WW":[-0.001,-10,0,0],
"4WW2SS3SS1SS":[0.341329,0,0,-10],
"1RW1SS2WW4GW":[0,-10,-0.001,0],
"1SS4GR4WW2GW":[-10,-0.001,0,0],
"1SS1WW4GR1SS":[-10,-10,-0.0019995,-10],
"4WW1SS2GW1GW":[0.0386981,-10,0,0],
"3SS1SR4WW4WW":[0.165938,-10,0,0],
"1SS2WW1SG1SS":[-10,0.101866,-10,-10],
"1SS1WW4GR3SS":[-10,-10,-0.001,-0.001],
"1SS4GW4WW3WW":[-10,0.372538,2.55418,0.0260918],
"3GW1SS3SS4WW":[1.48166,-10,0,0],
"1WW3WW1SG2SS":[-10,0.236378,-10,0],
"3WW2WW1SS1RW":[-0.000672894,0,-10,0],
"1SS1WW4GW3SR":[-10,-10,0.0391436,0],
"1SS3SS4WW1SS":[-10,-4.74495e-05,1.11829,-10],
"2SS1SS1GW4WW":[0.0575482,-10,8.33633,0],
"3WW2WW1SS3RW":[0.371054,0,-10,0],
"1SS4RW1WW4WW":[-10,-0.00186607,-10,0.261173],
"4WW4WW1WW4WW":[-0.00352855,-0.0029985,-10,-0.0019995],
"4WW2WW1SS3GW":[-0.00212021,-0.001,-10,2.26633],
"2RW3GW4WW1SS":[0.00582497,0,0,-10],
"1SG4RW2GW3WW":[-10,0.0250893,0,0],
"1SS2SR1SG3SS":[-10,-0.996,-10,0],
"1SS3RG2WW1SS":[-10,-0.001,0,-10],
"1SS2WW2WW1SG":[-10,0.0630102,-0.00184934,-10],
"2WW4GW1SR4WW":[0.130809,0,-10,0],
"4SS4GW4WW1SG":[0.0878524,0,0,-10],
"2SS1SS3WW3WW":[0.0103473,-10,0.0583337,1.75592],
"2GW4WW1SS2SG":[1.21934,0,-10,0],
"1SG4WW4WW2GW":[-10,-0.001,0,0.648838],
"4GW1SS2WW2RW":[-0.000224369,-10,0,0],
"4WW3SS1SS1RW":[1.76497,0,-10,-0.0702126],
"1RW3WW1SG4WW":[-0.196779,0.448673,-10,0],
"1SS4RW3WW3SS":[-10,-0.001,-0.000422158,0],
"4WW1SR1WW3GW":[0,-10,-10,-0.001],
"3RW1GW4WW1SG":[0.00286257,0,0,-10],
"1SS4RW2WW1WW":[-10,-0.001,0.132656,-10],
"1SS2GW4WW3GW":[-10,-0.001,0.253942,0],
"2WW3GW1GW1SS":[0,-0.001,0,-10],
"1SS3WW4GW4GW":[-10,0.0457347,0,0],
"1WW2WW3SS1SR":[-10,0.000186872,0,-10],
"1WW1SS2RW1WW":[-10,-10,-0.001,-10],
"3WW3SS1SG4WW":[-0.001,-0.001,-10,0.204436],
"4GW4WW1SS3GW":[0.029443,-0.00217121,-10,0],
"1SS2WW1WW1SG":[-10,-0.598207,-10,-10],
"4WW1SR3GW2WW":[0.0112862,-10,0,0.00563753],
"3GR4WW1SS4WW":[0.072689,1.78387,-10,0],
"1WW2SR1SS3WW":[-10,-0.996,-10,0],
"4WW1SR3GW4WW":[0,-10,0,0.247014],
"1WW2WW1GW4WW":[-10,-0.00119895,1.03221,0],
"3WW4WW4GW4WW":[-0.001,-0.00145743,0,0],
"1SS1SS1WW3RW":[-10,-10,-10,-0.001],
"4WW2SG1SS4WW":[2.05125,-0.001,-10,0],
"3WW1SS3RW3WW":[0.115974,-10,0,0],
"2WW4GW4WW4WW":[-0.00188292,-0.0010995,0,0],
"3GW3RW1SS3WW":[-0.001,0,-10,0],
"1WW1SS4GR3WW":[-10,-10,-0.001,0],
"2RW3SS1SG4WW":[0.321105,0,-10,0],
"4GR1SS3WW2WW":[-0.001,-10,0,0],
"2WW4GW4GW4WW":[-0.001,-0.001,-0.001,0],
"1WW4WW1SS2RW":[-10,-0.001,-10,0.111287],
"2WW4GW4WW1WW":[-0.0021786,-0.001,-0.00222027,-10],
"2WW4WW4SG1SS":[-0.001,0.953332,0,-10],
"1GW2WW1SS4RW":[3.01175,0,-10,0.00467353],
"4WW4RW3GW4WW":[-0.001,0,0,0],
"1RW3WW4WW1SS":[-0.143578,2.84675,0,-10],
"2WW2WW1SS1RW":[0.0774921,0,-10,0],
"1SS2SS1WW1WW":[-10,-0.996,-10,-10],
"1SS4SR4WW1WW":[-10,-0.001,0,-10],
"4WW1SS4WW3GR":[0.288606,-10,-0.00118905,0],
"4WW2GW1SS2WW":[0.305047,0,-10,0.0776497],
"4WW3RG4WW1SS":[0.278875,0,0,-10],
"1SS1GW1WW1SR":[-10,1.0283,-10,-10],
"1SS3WW2WW1SS":[-10,-0.000142721,0.589193,-10],
"4WW2SS1SG1WW":[-0.000696916,-0.001,-10,-10],
"1SS4RG4WW4WW":[-10,-0.001,0.561393,0],
"2GW1SS1GW4WW":[0.650827,-10,0,0],
"4WW4RG1SS3WW":[1.85779,0,-10,0],
"4WW4RG1SG1SS":[0.00895374,0,-10,-10],
"4WW4RG1SS1WW":[0.527885,-0.001,-10,-10],
"1SR4GW2WW3WW":[-10,0.0951383,0,0],
"4RW1SS3GW2WW":[-0.001,-10,0,0],
"4GW2WW2WW1SR":[0.00364027,0,0,-10],
"1SS4GW3GW3WW":[-10,0.0360714,0,0],
"1SS3RW2GW4WW":[-10,-0.001,1.24958,0],
"1WW4WW1SS2RG":[-10,-0.00123013,-10,-0.001],
"2GW3RW1SS3WW":[0.188525,0,-10,0],
"1SS1GW4WW3GW":[-10,0,0,-0.001],
"4WW1WW1RW4WW":[-0.001,-10,-1,0],
"3WW2SG1SG4WW":[0.00286546,0,-10,0],
"1SG1SS2WW2WW":[-10,-10,-0.001,0],
"1WW3GW1SG2WW":[-10,-0.001,-10,0],
"3WW3GW1SS1GW":[0,0,-10,1.9],
"3GW2WW1SR4WW":[0,0,-10,0.0297103],
"4GW4WW2WW1SG":[0.0263211,0,0,-10],
"1SS1SR3WW4WW":[-10,-10,0.732555,0],
"4GW1WW3WW1SR":[0.0176456,-10,-0.001,-10],
"3GW2SS1SS2WW":[0,0,-10,0.155236],
"3GW1SS3WW1WW":[3.47955,-10,0,-10],
"3SS1SS1WW4WW":[0.851914,-10,-10,0.315161],
"4WW4GW1SS1RW":[1.20512,0,-10,0],
"2GW2WW1SS3GW":[1.09548,0,-10,0],
"1SS1RW4WW1SG":[-10,-0.158193,1.47631,-10],
"4WW4RW1SG1SS":[0.00510844,0,-10,-10],
"1WW3GW1SS2SS":[-10,-0.001,-10,0],
"4RW1SS1GW4WW":[-0.001,-10,6.18792,0],
"4WW1SG1SG2WW":[0.00279257,-10,-10,0],
"2SR4WW3WW1SS":[0.121242,0,-0.001,-10],
"1WW2WW4RG1SS":[-10,0.0367235,0,-10],
"3WW1RW1SS1WW":[0.0908456,-0.200627,-10,-10],
"1SS4GW2GW2WW":[-10,-0.00118905,0,0],
"2RW1SS2SG4WW":[0.0436729,-10,0,0],
"1SS1SG3WW1WW":[-10,-10,0.109587,-10],
"3SS3WW4GW1SS":[-0.001,0.0145049,0,-10],
"1SS3WW2RG1SS":[-10,0.102329,0,-10],
"1SG1SS2WW1WW":[-10,-10,0.00349297,-10],
"4WW4WW4SR1SS":[0,1.62121,-0.001,-10],
"4RW4WW2WW1SG":[0.0224932,0.121147,0,-10],
"1SR4WW2WW4GW":[-10,-0.0010995,0.0443945,0],
"4WW4WW1RG1SS":[0.597825,0,0,-10],
"1SG4WW2WW1SG":[-10,0.110038,0,-10],
"1SS1SS2SS1RW":[-10,-10,0.0382972,-0.163154],
"1RW4GW1SS3WW":[-0.195044,0.226994,-10,0],
"1SG1WW4WW4RW":[-10,-10,0.018037,0],
"1GW1SS2SS3RW":[0.999951,-10,0,0],
"1WW1WW2RW1SS":[-10,-10,-0.0204671,-10],
"3GW4WW4WW1SG":[0.485256,0,0,-10],
"1SS4SS4GW3WW":[-10,-0.001,0,0],
"1GW4WW4RW1SS":[3.85859,0,0,-10],
"2SG2SS2WW1SR":[-0.996,0,0,-10],
"4GW4WW4WW3WW":[-0.00210885,-0.00129835,-0.001,-0.00208905],
"4WW1GR4WW1SS":[0.0107725,0,0,-10],
"1SS1WW4SS3SG":[-10,-10,-0.001,0],
"4WW4WW1SS4SS":[2.05845,0,-10,0],
"1SS3SS2WW2RW":[-10,-0.001,0.0354867,0],
"1SS3GW4WW3RW":[-10,-0.001,0.746369,0],
"2SS1SS4WW4GW":[-0.001,-10,0.501246,0],
"2SS1SS4GW4GW":[0,-10,0,-0.001],
"3SS1SS1WW3WW":[0.0345233,-10,-10,0],
"3WW2WW1SS3SS":[-0.001,0,-10,-0.001],
"2WW4WW1SR1WW":[-0.0029985,0.340646,-10,-10],
"1RG3WW1SS4GW":[-0.0067279,0,-10,0],
"2WW1SR3SG4WW":[0,-10,0.00353162,0],
"1SR3WW4WW2GW":[-10,0,0,0.859016],
"1RG2WW3WW1SS":[-0.19958,0,0,-10],
"1SG2SS1WW2WW":[-10,-0.996,-10,-0.0010995],
"4GR1SS2WW2WW":[-0.001,-10,-0.001,-0.000165839],
"1SS1GW3RW3WW":[-10,1.02954,0,0],
"4WW1GW1SR4SS":[-0.001,0,-10,0],
"4GW1WW1SS4GW":[0.01272,-10,-10,0],
"1RW4WW1SS3GW":[-0.2,0.116774,-10,-0.001],
"3RW4WW1SS1SS":[0.0142945,3.41811,-10,-10],
"1WW4WW1SG1GW":[-10,0.00189382,-10,0],
"1SS2SS1SR4WW":[-10,-0.996,-10,0.49234],
"3WW1SS2SR4WW":[0.0029571,-10,0,1.02398],
"1SS2SS2WW4WW":[-10,-0.00193482,0.404365,0],
"4WW3GW1SR1SS":[0.0124728,0,-10,-10],
"4WW4WW2SR1SG":[0.018928,0,0,-10],
"4WW1SS3WW3RW":[1.70828,-10,-0.001,0],
"3SS4SS1SS4GW":[0.0233274,0,-10,0],
"3RW1SS2WW1WW":[-0.001,-10,0,-10],
"1SS1WW3GW2SS":[-10,-10,-0.001,0.0500513],
"1RW4WW1SG3WW":[-0.19968,0.598008,-10,0],
"1GW4WW1SR1SS":[2.97681,0,-10,-10],
"2GW4RW1SS1WW":[2.93921,0,-10,-10],
"3GW1SS4RW2WW":[-0.001,-10,0,0],
"3RW1SS3GW4GW":[-0.001,-10,0,0],
"1RW4WW2SS1SG":[-0.1869,0,0,-10],
"1SR1SS3WW4GW":[-10,-10,0.0206084,0.444532],
"3WW3WW1SG4SS":[-0.001,0,-10,0],
"3GW1SS1SS1WW":[3.51141,-10,-10,-10],
"1SG4GW1WW2WW":[-10,0.013291,-10,0],
"4WW4WW1SR2GW":[0.223496,0,-10,0],
"2GW1SG1WW1WW":[0.176135,-10,-10,-10],
"1WW1WW4GW1SR":[-10,-10,0.132259,-10],
"1GW1GW1SS1WW":[1.00214,0,-10,-10],
"4GW4WW2GW1SS":[-0.000240753,0,0,-10],
"1WW2WW1SS2RW":[-10,0.00291932,-10,-0.0019],
"4SS4WW1RW1SS":[-0.001,0.183911,0,-10],
"1RG1SS1WW4WW":[-0.199203,-10,-10,0.532075],
"4GW2WW2RW1SS":[-0.001,0.422823,-0.001,-10],
"4GW2WW3RW1SS":[-0.001,0,0,-10],
"4WW4RW2WW1SS":[0,0,1.053,-10],
"4GW1SR3WW1GW":[0.0544756,-10,0,0],
"1WW1RW1SS4WW":[-10,-0.200442,-10,0.210671],
"2SS1SS1GW1SS":[-0.996,-10,1,-10],
"2SS4WW1SG4SS":[-0.001,0,-10,0],
"1SR2SS3WW1SS":[-10,-0.001,0,-10],
"1RG1SS1SS3GW":[0.996676,-10,-10,0],
"1SS3SS3WW1WW":[-10,-0.001,0.121459,-10],
"1SS3SS4WW4GW":[-10,0.0087188,0,0],
"1WW4WW1RG1SS":[-10,0.838585,-0.2,-10],
"1SS1SS4WW3RW":[-10,-10,1.95369,0.0194272],
"2SS2WW1WW1SS":[-0.0226249,0,-10,-10],
"1SS2WW3GW3SG":[-10,0.00968419,0,0],
"2WW4WW3GW1SS":[0,0,1.13376,-10],
"4WW3RG1WW1SS":[0.14601,0,-10,-10],
"1SS1RW1WW4GW":[-10,-1.195,-10,-0.0019],
"1SS1GR1WW1SS":[-10,1,-10,-10],
"4WW3WW1SR1SS":[-0.00109262,0.998722,-10,-10],
"1SS3WW1RW1SS":[-10,0.281477,0,-10],
"4WW1SS1SG1SS":[0.27261,-10,-10,-10],
"1RG1WW4WW1SS":[-0.197557,-10,0,-10],
"4SS1SS3RG4WW":[-0.001,-10,0,0],
"3WW1GW1SS1RW":[-0.000583844,1.00169,-10,0],
"2SS4GW1WW1SS":[0.604833,0,-10,-10],
"1SS2GW4RW4WW":[-10,0.954465,-0.001,0],
"3WW1SS2SS1SS":[0.206041,-10,-0.996,-10],
"3WW3WW1SG2SS":[0.0130431,0,-10,-0.001],
"1SG1WW1WW4RW":[-10,-10,-10,0.00989477],
"1SS1SS1GW3GW":[-10,-10,1.01472,0],
"2GW1SR1SS1SS":[0.344703,-10,-10,-10],
"2WW1SS2GW4WW":[0.546899,-10,-0.001,0.0682286],
"1WW1SG1SS2GW":[-10,-10,-10,-0.001],
"2GW4RW1SS1SS":[0.270339,0,-10,-10],
"1SS1SS4WW4WW":[-10,-10,2.61615,2.74139],
"2WW2WW4GW1SR":[-0.0109161,0,0,-10],
"4RW1SS2WW1WW":[-0.0019,-10,0.00260756,-10],
"1SS1SR4WW1WW":[-10,-10,1.2089,-10],
"4WW3RW1SS3SS":[0.2665,0,-10,-0.001],
"2SS3SS1SG4GW":[-0.001,0,-10,0],
"4WW3WW1RW1SS":[0.0856376,2.07172,-0.139424,-10],
"1SG1SR4WW1WW":[-10,-10,-0.000779663,-10],
"1SG1SS4WW1WW":[-10,-10,9.2939e-05,-10],
"1WW1SS3SG4GW":[-10,-10,0.00580304,0],
"1SS1RW1SS1SS":[-10,-0.467281,-10,-10],
"1SS1WW4WW1RW":[-10,-10,2.09672,-0.375269],
"1WW4WW2RW1SG":[-10,-0.0019,-0.001,-10],
"4WW1SG4WW2WW":[0.159485,-10,1.76085,0.00337762],
"3WW3WW4WW1SR":[0.0939145,0,0,-10],
"3WW2RW1SS1GW":[0.179917,0,-10,0],
"1SS2SS2WW2SS":[-10,0.0316109,0,0],
"2SS1SS3GW2SS":[-0.0443551,-10,0,0],
"3WW1SS4WW1GR":[0,-10,0.165394,0],
"1SS2WW4WW2GR":[-10,0,0,-0.001],
"1SS4WW4WW4GW":[-10,0.58892,2.86477,0.187953],
"1WW4GW2RW1SS":[-10,-4.92674e-05,0,-10],
"4WW1SS2GW3WW":[0.0986922,-10,0.209733,2.29003],
"1SS4WW1RW1SS":[-10,1.582,0,-10],
"4RW1SS1SS1WW":[-0.00195306,-10,-10,-10],
"4RW1SS3WW1WW":[-0.003439,-10,0.584249,-10],
"1SS4WW2RW2SS":[-10,0.0595761,0,-0.00156749],
"4WW4GW1SG3WW":[0.000728659,0.0307061,-10,0],
"1SS4RW3GW1WW":[-10,0.0588259,0,-10],
"2GW3WW1SG2SS":[-0.001,0,-10,0],
"2WW4GR1SS1SS":[-0.0013379,0,-10,-10],
"4RW4WW1SS1GW":[0.049165,0,-10,0],
"3WW1SS2RW3WW":[0.276519,-10,0,0],
"1WW2SS4SS1SG":[-10,-0.001,0,-10],
"4WW4GR1SS4WW":[0,0,-10,-0.001],
"1SS4WW1GW2GR":[-10,0.00252352,0,0],
"1SS1SS1SS2SS":[-10,-10,-10,-1.7225],
"3RW1SS3GW2GW":[0.182056,-10,0,0],
"2SS1GW4WW1SS":[-0.001,6.28847,0,-10],
"2GW2GW1SS4WW":[1.06341,0,-10,0],
"1WW2WW3SG1SS":[-10,-0.0157208,8.3677e-06,-10],
"1GW2WW1SS4GR":[1.24498,0,-10,0],
"1SS4GW4GW3WW":[-10,-0.001,0.0366474,0],
"1WW4WW1RW1SG":[-10,0.0153196,0,-10],
"1WW1SS2RG4GW":[-10,-10,-0.00107394,0],
"1WW2SS1SG3WW":[-10,0.0380468,-10,0],
"1WW4WW1SG2SS":[-10,0.67257,-10,-1.8924],
"3WW4GW1SG1SS":[0.0941193,0,-10,-10],
"1SS4SS3SS3GR":[-10,-0.001,0,0],
"2SS3SS1SS4GW":[-0.001,-0.001,-10,0],
"1SS2SS1SG3WW":[-10,-0.001,-10,0],
"2SS1SS4GW3WW":[-0.001,-10,0.0285594,0],
"1GW1WW4WW1SG":[1.715,-10,0,-10],
"1GW4WW1SG3WW":[2.83781,-0.001,-10,0],
"3WW4SS2SR1SS":[0.020588,0,0,-10],
"3SS1SS1RW4WW":[-0.001,-10,-0.0758959,0.513942],
"2GW4WW1SG3WW":[-0.001,0.546045,-10,0],
"1SS1WW3GW1SS":[-10,-10,1.65039,-10],
"3GW4WW1SG3WW":[-0.001,0.203264,-10,0],
"4WW1RW1SS3GW":[1.09201,0,-10,0],
"4WW1SS4GW1WW":[-0.00542339,-10,0.351515,-10],
"1SS4RW3WW2WW":[-10,-0.001,0,0],
"1SS4WW1WW4RW":[-10,0.0151764,-10,-0.00424823],
"4GW1SS3GW3WW":[-0.001,-10,0,0],
"2WW2WW1SS2SG":[-0.00105989,0,-10,0],
"4WW1GW2WW1SG":[0.0921655,0,0,-10],
"1WW3GW4GW1SS":[-10,0.909613,0.000941144,-10],
"1SS1SS3GW1SG":[-10,-10,0.472895,-10],
"4WW4WW3WW1SR":[-0.001,-0.000392429,1.31407,-10],
"3SG3WW1SS1SR":[0,0,-10,-10],
"1SS1SG1SS1SS":[-10,-10,-10,-10],
"1SG1SS2WW4RW":[-10,-10,-0.001,0],
"1SS2SS4WW3GW":[-10,-0.0019,1.91835,0],
"4GW2WW3WW1SG":[0.0942903,0,0,-10],
"1SS3SS2WW2GW":[-10,-0.001,0,0],
"1WW3WW1SR4GW":[-10,0.00327825,-10,-0.00152968],
"2WW1SS4RW4GW":[0.000645102,-10,-0.000694932,0],
"4WW1SS2RW2WW":[0,-10,0,1.43423],
"1SS4GW3WW1SS":[-10,-0.00282145,0.600735,-10],
"1SS3SS4WW1SG":[-10,0.0920512,0,-10],
"1SS3SS4WW1GW":[-10,-0.001,1.03056,0],
"1RG1SS3WW3WW":[-0.2,-10,0.00829796,0],
"2WW3WW1GR1SG":[0.00571365,0,0,-10],
"1SR2SS1SS4WW":[-10,-0.0019995,-10,1.74086],
"2WW1RW1SS2GW":[-0.00209957,0,-10,0],
"3GW1SS3WW3GW":[0.976358,-10,0,0],
"4GW2SS1SR2WW":[-0.001,0,-10,0],
"1SS3SS4RW1WW":[-10,0.338843,0,-10],
"1SS1SG4GW1SS":[-10,-10,0.00326726,-10],
"3WW1GW1SR2SS":[0.00350733,0,-10,0],
"4WW1SS2SR4WW":[0.0477248,-10,-0.763826,0],
"1GW1SS1SS3RW":[1.07104,-10,-10,0],
"4WW1SS1SR2SS":[-0.001,-10,-10,0],
"1SS1SS1RW1GW":[-10,-10,-0.2,0],
"2GW1SS2SS3WW":[0,-10,-0.001,0],
"1SS1SS4RW4GW":[-10,-10,-0.001,0.125623],
"3RW3GW1SS1SS":[0.0471331,0,-10,-10],
"3SS1SS4WW3WW":[0.020462,-10,1.26609,0.118521],
"3WW4GW1SS2SS":[0.0156958,0,-10,0],
"3SS1SG1WW3WW":[-0.001,-10,-10,0],
"3WW4GW1SS1SS":[0.299719,-0.000733957,-10,-10],
"1RW1WW1SG2SS":[-0.2,-10,-10,0],
"1RW1SS4WW1GW":[-0.233752,-10,0,7.41311],
"1SR2WW2WW4WW":[-10,-0.00117549,-0.001,0.196173],
"1GW4WW1SS3GW":[0,0.114079,-10,0.661391],
"1WW1WW1SS1SG":[-10,-10,-10,-10],
"4WW1SS2GW2GW":[0.218922,-10,0,0],
"2GW4WW2RW1SS":[-0.001,0.352776,0,-10],
"1WW2WW1SR4GW":[-10,-0.996,-10,0.13006],
"4WW1WW1SS1RW":[1.33478,-10,-10,0],
"1GW4RW1SS4WW":[9.27422,0,-10,0],
"3WW1SS3RG4WW":[-1.87442e-05,-10,-0.00170385,0.427372],
"1GW1SS2SS1WW":[1.91641,-10,-0.996,-10],
"3WW1WW1SS4GW":[0.355168,-10,-10,0],
"1WW1RG2SS1SS":[-10,0.205844,0,-10],
"4SS4SS1SG4WW":[0,0,-10,0.189359],
"2WW4WW1SS4GR":[0.03082,0,-10,0],
"1SS4RG4WW1SS":[-10,0.0328989,0,-10],
"3GW2SS1SS1WW":[0.397783,-0.000305945,-10,-10],
"1SR1SS3WW1SS":[-10,-10,-0.00129456,-10],
"1SS2SS3WW1SS":[-10,0.079932,1.63134,-10],
"4WW1SS1GW4RW":[0,-10,1.00125,0],
"1SS3SS3WW3WW":[-10,-0.001,0.16976,-0.001],
"1WW1SS4SR4WW":[-10,-10,-0.000947829,0.0636284],
"4WW4GW4SS1SS":[1.19933,0,0,-10],
"3WW1SS1SR1GW":[0.0243499,-10,-10,0],
"4GW4GW1SS2WW":[0.17915,-0.001,-10,0],
"4SR4WW3WW1SS":[0,0,0.0068973,-10],
"1SS2RG4WW1SS":[-10,-0.001,1.35438,-10],
"2SS1SG3WW4WW":[0.144359,-10,0,0],
"4GW1SG3WW2WW":[0.000179749,-10,0,0],
"1SS3SS2WW3WW":[-10,-0.001,0,0],
"4WW1SS1SS3WW":[2.31638,-10,-10,1.15663],
"1SR1SG1SS4WW":[-10,-10,-10,0.000448615],
"4SS1RW1SS2SS":[-0.0010995,0,-10,0],
"4SS4WW4WW1SS":[0.201653,2.28464,0.0697426,-10],
"3SG4WW4WW1SS":[0.0320872,-0.001,0,-10],
"3SS2WW1SR1SS":[-0.001,0,-10,-10],
"1SG1SS4WW2WW":[-10,-10,0,0.189084],
"4WW4WW3RW1SG":[0.115289,0,0,-10],
"2GW1SS2RW4WW":[-0.001,-10,0,0],
"1SG1SR4WW2WW":[-10,-10,-0.001,0],
"1GR1SS3WW3WW":[1.96842,-10,0,0],
"1SS2GW1RW1SS":[-10,0.345055,0,-10],
"1WW4WW2RW1SS":[-10,0.589871,-0.001,-10],
"1SR1SS4WW2WW":[-10,-10,-0.001,0.180095],
"1SS4RW2GW1SS":[-10,0.00167446,0,-10],
"2SS4WW4WW1SG":[0.0598606,-0.001,1.64006,-10],
"3WW1SR1SS3WW":[-0.0010995,-10,-10,0.00842935],
"1SR1SS4WW2GW":[-10,-10,0.061138,0],
"4RW1SS2SS4WW":[0,-10,0,1.40243],
"3SR1SS1WW4WW":[0.0825682,-10,-10,0],
"1SS1WW1SG1SS":[-10,-10,-10,-10],
"1SG4WW1GW4WW":[-10,0.216896,6.34826,0],
"2GW2WW4RW1SS":[0.100883,0,0,-10],
"2WW3WW2SG1SS":[0.0108352,0,0,-10],
"1SG1SS2GW4WW":[-10,-10,-0.001,0],
"2GW4WW1SR2WW":[0.0985,0,-10,0],
"1SG1SS4GW4WW":[-10,-10,0,0.024016],
"3RW1SS4WW3WW":[-0.001,-10,-0.001,1.13004],
"2SG1SS3GW4WW":[-0.00111255,-10,0,0],
"1SS2SS3SS1SS":[-10,0.00798749,0,-10],
"4GW4WW4GW1SS":[0.0885978,0,0,-10],
"2GW1SS1SG4WW":[0,-10,-10,0.483109],
"4GW1SS4GW4WW":[0.0135937,-10,0,0],
"2SS2SS3RW1SG":[-0.0693522,0,0,-10],
"4GW3GW3WW1SS":[0.0164819,0,0,-10],
"4WW3GW2SS1SS":[0.295771,0,0,-10],
"3SS1SG1SS4WW":[0.156309,-10,-10,0.0113323],
"3WW1SS3SS4RW":[0.0365162,-10,0,0],
"1SG4RW1WW4WW":[-10,0.00176356,-10,0],
"4WW3SS1SS4GW":[1.41485,0,-10,-0.00086356],
"2SS1SS3RW3WW":[-0.001,-10,0.0445062,0],
"4WW4WW1RW1WW":[-0.001,0,0,-10],
"1SS1SG4SS1SS":[-10,-10,0.142687,-10],
"1SS3RW1SS1SS":[-10,0.035358,-10,-10],
"2WW4WW1SR2SS":[0,0.114146,-10,0],
"4GW1SS4RW4WW":[0.00382836,-10,0,0],
"4WW4WW1SG1GW":[0.244923,0,-10,0],
"2WW1SS1SR3WW":[0.270722,-10,-10,-0.000700829],
"2WW1SR4WW1WW":[0.0145927,-10,0,-10],
"2RG4WW1SS2WW":[-0.001,0,-10,0],
"3GR1SS1SS3WW":[-0.001,-10,-10,0],
"1SR2GW2WW4WW":[-10,0.442691,0,0],
"4GW4GW1SS2SS":[0.310836,0,-10,0],
"1SS2RW2WW4WW":[-10,0.00548927,1.55161,0],
"4GR1SS1WW1GW":[-0.001,-10,-10,0],
"4SS1SS1SS4GW":[0.323408,-10,-10,0],
"2WW2WW1SS4RW":[0.0874294,0,-10,-0.001],
"4SR1GW4WW1SS":[-0.001,1,0,-10],
"4SG2SS1SS4WW":[-0.001,0,-10,0],
"1WW1SS1SG1SS":[-10,-10,-10,-10],
"2WW3WW1SR2SS":[-0.001,0,-10,0],
"3GW4WW1SS4GW":[1.00607,0,-10,0],
"1SS4GW1SS1SS":[-10,0.554675,-10,-10],
"1SS1SS4RW2SS":[-10,-10,0,0.0262822],
"1GW4WW3SS1SS":[8.4553,0,0,-10],
"1SS4SG4WW3RW":[-10,-0.001,0,0],
"3WW1WW1SS3SG":[-0.000398046,-10,-10,0],
"3WW3GW1SS1SS":[0.028685,0,-10,-10],
"3WW3WW3RW1SS":[0,0.0256353,0,-10],
"1SS1SR4GW4WW":[-10,-10,0.838965,0],
"4GW2SS1SS1WW":[0.194369,-0.973126,-10,-10],
"1SS3WW4WW3SG":[-10,-0.001,0.777187,0],
"1WW3SG4SG1SS":[-10,-0.001,0,-10],
"4WW1SS1RG1GW":[-0.001,-10,0,0],
"1SS1SS3RW4GW":[-10,-10,-0.001,-0.0010995],
"4GW1SR4WW1WW":[-0.001,-10,0.0139651,-10],
"1SS1SR4WW2SS":[-10,-10,0.0343584,0],
"1SS1SS4SS3WW":[-10,-10,-0.001,0],
"4WW1WW1SR2SS":[0.0416917,-10,-10,0],
"1SS2GW2WW1SS":[-10,3.78398,-0.00123357,-10],
"1WW3WW4WW1SR":[-10,-0.001,0.242039,-10],
"1WW1SS4RW1GW":[-10,-10,-0.00181861,1.97824],
"1SS2WW3WW2SG":[-10,0.0336857,0,0],
"1SG3GW2WW1WW":[-10,-0.001,0,-10],
"1WW3RG1SS4WW":[-10,-0.001,-10,0],
"1SS1RW4WW3WW":[-10,-0.00902645,1.2329,-0.000777022],
"1SS1SS4RW1SS":[-10,-10,0.213193,-10],
"4WW1SR1SS2GW":[0.708175,-10,-10,0],
"3WW1GW3GW1SS":[-0.001,0,0,-10],
"1GR1SS1WW4WW":[1.02218,-10,-10,0],
"2SS1SS2WW1RG":[-0.001,-10,0,0],
"2RG4WW1SS1WW":[-0.001,1.2188,-10,-10],
"1SS1SR4WW3GW":[-10,-10,1.01669,0],
"2GW2SS1SS4WW":[-0.0019,-0.0726016,-10,1.72052],
"1SS2RW4WW4GW":[-10,-0.001,2.4603,0],
"1SS2WW4WW1SR":[-10,0.0298283,1.64901,-10],
"3GW1SS2WW2WW":[-0.001,-10,0,-0.001],
"1GW4RW1SS2WW":[5.15205,0,-10,0],
"1SS1SS3WW3RW":[-10,-10,0.689273,0.0531031],
"1SS4WW3WW1SR":[-10,0.066207,0,-10],
"3WW2WW1SS2GW":[0.000356594,0,-10,0.17473],
"4GW1WW4RW1SS":[-0.001,-10,0,-10],
"3RW1SS1WW3WW":[0,-10,-10,0.276097],
"3WW1SS1SG1SR":[-0.000752576,-10,-10,-10],
"1SS3WW3WW4WW":[-10,1.09932,1.36869,2.85676],
"1SS3GR3WW3WW":[-10,-0.001,0,0],
"4WW1SG1RW3WW":[0.00101009,-10,0,0],
"1SR1SS3WW1WW":[-10,-10,0.158309,-10],
"4GW4WW4RW4WW":[-0.001,-0.00236477,0,0],
"1SR1SS4WW1WW":[-10,-10,-0.0025148,-10],
"1SS1WW1WW1SS":[-10,-10,-10,-10],
"4GW1SS1SS3SS":[0.00156064,-10,-10,0],
"1SS3GR4WW1WW":[-10,-0.001,0,-10],
"4WW1SR4GW4WW":[1.32761,-10,0.16571,0.0862117],
"4WW2RW1SS1WW":[1.02025,0,-10,-10],
"1SS4RW3WW3WW":[-10,-0.001,0.587527,-0.0019],
"1WW4GW4WW2WW":[-10,-0.001,0,0],
"1GW3RW1SS2WW":[2.13164,0,-10,0],
"1RW3SS1SG2WW":[-0.190334,0,-10,0],
"3WW1SS1SS2RW":[0.148661,-10,-10,0],
"4WW2RG1SS4WW":[0.436719,0,-10,0],
"2WW4WW4WW1WW":[-0.0019995,-0.001,-0.001,-10],
"1SS2SS1SS1RW":[-10,-0.9969,-10,-0.0990678],
"1SS4WW1WW3RW":[-10,-0.00195071,-10,0.0273013],
"3SS1WW4WW1SG":[-0.001,-10,0.271344,-10],
"2SS2SS2RW1SS":[-0.100102,0,0,-10],
"3RW4WW2GW1SS":[-0.001,0.514568,0,-10],
"1SS1SS1SS3SR":[-10,-10,-10,0.014157],
"1WW1SS1GW4GW":[-10,-10,2.20837,0],
"2GW1SS1SS1WW":[5.0655,-10,-10,-10],
"3GW1SS2WW1WW":[-0.001,-10,0,-10],
"1WW1WW1SS2RW":[-10,-10,-10,0.0777721],
"1WW4WW1SS4WW":[-10,2.18812,-10,0.247507],
"3SS1SS4WW1GW":[0,-10,0,5.77381],
"1SG4SS2WW1WW":[-10,-0.001,0,-10],
"3GW2RW4WW1SS":[0.115257,0,0,-10],
"1GW4WW4SS1SS":[10.7459,0,0,-10],
"2GW1SS1SS1SS":[0.603975,-10,-10,-10],
"4GW3RW1SS1WW":[0.166677,0,-10,-10],
"4WW3GW3RW1SS":[0.000919169,0,0,-10],
"1SS2WW2SS3SS":[-10,0.163767,0,0],
"4RW4WW3SS1SS":[0.0156819,0.287671,-0.001,-10],
"3SS1SS4WW4SS":[0.00276541,-10,0,0],
"1SS2WW2RW1SG":[-10,0.0448988,0,-10],
"1SS3RW4WW1SG":[-10,-0.001,0.994906,-10],
"3GR1SS2WW4WW":[-0.001,-10,0.000627455,0],
"2GW1SS1WW4GW":[0.0985398,-10,-10,0],
"3SS4WW4RW1SS":[-0.001,1.62833,0,-10],
"1GW4GW1SS4WW":[5.21683,0,-10,0],
"1GW4WW1SG1WW":[4.86318,-6.91229e-05,-10,-10],
"4WW1SS2SS3GW":[0.802406,-10,0,0],
"1SS4WW4RW4SS":[-10,0.000659546,0,0],
"4WW3GW2RW1SS":[0.0140201,0,0,-10],
"1SS1SG3WW3GW":[-10,-10,0.0189447,0],
"1SS4WW1SG1SS":[-10,2.04619,-10,-10],
"1SS4WW2SS3SS":[-10,1.73469,0,0],
"1SS1SG3SS4WW":[-10,-10,0.00221713,0],
"4SS1WW4WW1SS":[-0.00163108,-10,0,-10],
"4WW1SS3WW1RG":[0.206317,-10,0,0],
"4GW4WW1GW1SS":[-0.001,0.58287,0,-10],
"1SG4WW2WW2WW":[-10,0.275786,0.0237453,0],
"1RW1SS1SS4GW":[0,-10,-10,0.394218],
"1SR1SS1WW4WW":[-10,-10,-10,1.1556],
"4GW1SS1SS2GW":[0.463196,-10,-10,0],
"1SS3GW1WW3RW":[-10,0.0188476,-10,0],
"2GR1SS1SS4WW":[0.508591,-10,-10,0],
"4WW1SS4GW1RW":[0.00200983,-10,0,0],
"1SS2SS2GW1WW":[-10,0.142796,0,-10],
"1SS2WW4WW2RW":[-10,-0.000466349,2.96958,0],
"1SS1SS2WW1GW":[-10,-10,0.39981,0],
"3RW2WW4WW4WW":[-0.001,0,0,0],
"4WW1WW1SS4GW":[0.279252,-10,-10,1.0878],
"2GW1SS1SR2WW":[-0.001,-10,-10,0.0217334],
"1WW4WW1SR3SS":[-10,0.28085,-10,0],
"4RW2WW4WW4WW":[-0.001,0,0,0],
"1SS1SS4WW2GW":[-10,-10,0.372932,6.94085],
"1SS3SS4WW4WW":[-10,0.0705462,2.12299,0.7496],
"4WW4WW3WW3WW":[0,-0.001,0,0],
"3SS2WW3WW1SS":[-0.001,-0.001,0,-10],
"1SS1SS3SG1SR":[-10,-10,0.00158178,-10],
"3SS3WW4WW1SS":[0,0,2.08889,-10],
"4WW3GW1SR4WW":[0.152084,-0.001,-10,0],
"4WW4WW3SR1SS":[1.1668,0,0,-10],
"2RW1SS3WW2WW":[-0.000719537,-10,-0.001,0.532247],
"3GW1SS2SS1SS":[0.000144386,-10,0,-10],
"3GW1SS1SR4WW":[0,-10,-10,0.0896905],
"1WW2GW2SS1SS":[-10,3.157,0,-10],
"4WW4SS1SS1RW":[1.66852,0,-10,0],
"1GW1SS4RW4WW":[3.62988,-10,0,0],
"1WW3GW2SR1SS":[-10,-0.001,0,-10],
"4WW3GW4WW1SG":[0.0985946,0,0,-10],
"4WW1SS4WW4WW":[2.42648,-10,2.41507,2.3793],
"4WW1SR2GW2WW":[-0.000869961,-10,0,0],
"3SS1SS1SS2RW":[0.140775,-10,-10,0],
"1SS3SS4WW3RW":[-10,-0.001,0.368402,0],
"1RW4SS2SS1SS":[-0.1997,0,0,-10],
"4GW1SS1WW2WW":[-0.0019,-10,-10,0.37435],
"1RW1SS4GW1WW":[-0.200796,-10,0,-10],
"3GW1SS1SS4GW":[1.13567,-10,-10,0],
"3GW1SS2RW4WW":[0,-10,0,0.0227033],
"1SS1WW2WW3RW":[-10,-10,0.16029,0],
"3WW4WW4WW1SS":[0.455344,1.5639,2.97237,-10],
"4GW1SS1RW4WW":[-0.001,-10,-0.2,0.775828],
"4WW1RW2GW4WW":[-0.001,0,0,0],
"4WW3WW1SS1RW":[0.55525,0,-10,-0.112122],
"4WW1SS1GW1RW":[0.0524248,-10,0,0],
"1SR3WW3WW4WW":[-10,0.0759415,0,0],
"1WW1SS4WW3RW":[-10,-10,0.0366805,0],
"2GR3WW1SS4WW":[-0.001,0,-10,0],
"1SS1GW1GW1SS":[-10,1.31259,0,-10],
"1GW1SS2WW3WW":[3.8045,-10,0.0547062,0],
"2WW4GW1SR2WW":[0.289421,0,-10,0],
"3WW2SS1SS1WW":[0.480537,0,-10,-10],
"4SS1WW1SS1SR":[-0.001,-10,-10,-10],
"1GR1SS4WW4WW":[3.54574,-10,0,0],
"1SS1RW2SS1SS":[-10,-0.0475286,0,-10],
"4WW1SS2SS3WW":[1.6254,-10,-0.001,-0.00129109],
"3SS1SS1WW4GW":[0.0781687,-10,-10,-0.00147738],
"2WW1WW4GR1SS":[-0.996,-10,0,-10],
"1SS2RW2GW3SS":[-10,0,0,-0.001],
"1SS2SR4WW1GW":[-10,-0.001,0,0],
"4WW1GW2SS1SS":[0.0585134,6.64029,0,-10],
"1WW4WW1SS3GW":[-10,-0.00271,-10,1.70201],
"1SR2WW4WW1GW":[-10,0.00533239,0,0],
"3GW1SS1SG4WW":[0,-10,-10,0.499],
"1SS2RW4WW3SS":[-10,0.567899,0,0],
"4GW1SS2GW4WW":[-0.001,-10,1.26183,0],
"4WW4GW1WW1SG":[0.15168,0,-10,-10],
"1WW1WW4SS1SS":[-10,-10,0.196931,-10],
"3GW4WW1SG1WW":[-0.001,0,-10,-10],
"1SS4WW3SS1SS":[-10,0.219306,0.881688,-10],
"1SS2SS1SS4RW":[-10,-0.996,-10,-0.001],
"1GW2SS1SS1WW":[2.07776,0,-10,-10],
"4SS1SS1SR2WW":[0.0114606,-10,-10,0],
"4WW2SS1SR4GW":[0.0116647,0,-10,0],
"2WW4RW1SS1SS":[-0.00226784,0.00531331,-10,-10],
"3SS2SS1SS3GW":[-0.001,-0.001,-10,0.242271],
"2RW3WW1SS1SS":[0,0.215169,-10,-10],
"1SR1WW3WW1SG":[-10,-10,-0.001,-10],
"2SS2GW3RW1SG":[0.0876684,0,0,-10],
"4SS2SS1SS4WW":[-0.001,-0.434413,-10,1.68568],
"2WW3WW1SG1SS":[0.0299051,0,-10,-10],
"1SR2SS2SS4WW":[-10,-0.0995988,0,0],
"1WW2WW4SS1SS":[-10,0.208675,-0.0019,-10],
"1RW1SS1SS2WW":[-0.090157,-10,-10,0.0861784],
"2GW4WW3WW1SS":[5.5538,0,0,-10],
"3WW2SR1SS4WW":[0,0,-10,-0.001],
"2SS1WW1WW1SS":[-2.69916,-10,-10,-10],
"2GW4WW1SS1SR":[0,0.0171417,-10,-10],
"1WW3SS1SS4WW":[-10,-0.001,-10,0.416358],
"1WW2WW1SS3SS":[-10,0.036451,-10,-0.001],
"1SS1SS1WW1RW":[-10,-10,-10,-0.401519],
"4WW1GW1SS1RW":[0,3.05801,-10,0],
"1SS3GW4WW2SS":[-10,0,1.37055,0],
"1WW2WW1SR4SS":[-10,0.2167,-10,0],
"1SR1SS1WW2WW":[-10,-10,-10,0.00265834],
"4WW1GW2GW1SS":[0.000373971,0,0,-10],
"3RW2SS1SG4WW":[0.182748,0,-10,0],
"3WW1GW1SS1WW":[0,4.91585,-10,-10],
"1SS1SS2SS4RW":[-10,-10,0.0452228,0],
"1SS4WW3RW1WW":[-10,1.30853,-0.001,-10],
"2GW2WW1SG4WW":[-0.001,0.150113,-10,0],
"4GW2WW1GW1SS":[-0.001,0.269562,0,-10],
"3WW1SS1SR2SS":[0.00121802,-10,-10,0],
"3GR1SS3WW2WW":[0.0265317,-10,0,0],
"2WW4WW2SS1SS":[0.0507842,2.52316,-1.26202,-10],
"2WW2SS1SG4WW":[0.0355824,0,-10,0],
"4WW2GW1SS1RW":[0.319227,0,-10,0],
"3RW1SS3WW1WW":[-0.001,-10,0.103599,-10],
"1SS3GW2GW3SS":[-10,0.0843983,0,0],
"3WW2SS1SG4WW":[-0.001,0,-10,0.463994],
"2WW1SS4WW2RW":[-0.00236854,-10,0.219787,0],
"1SS1SS2SS2SS":[-10,-10,0,0.0285001],
"4SS3WW4WW1SS":[-0.001,-0.0019,1.24285,-10],
"1SR4WW4GW4WW":[-10,0.436528,0,0],
"1SS2RW3WW4WW":[-10,-0.001,1.70181,-0.000125833],
"3RG2WW1SS4WW":[-0.001,0,-10,0],
"2WW1WW2SS1SS":[-0.000520619,-10,-0.996,-10],
"4SS1SS1SS2RW":[-0.001,-10,-10,0],
"3WW1RW1SG4WW":[0.0705792,0,-10,0],
"1WW1SS1SG2RW":[-10,-10,-10,0.0655479],
"1SS1SR1SS4WW":[-10,-10,-10,0.222275],
"1GW4WW1SG4WW":[8.07314,0,-10,0.0276403],
"1SG4WW2GW3WW":[-10,0.0751564,0,0],
"1SS4WW2GW3WW":[-10,2.12426,0.582892,0.311375],
"4RW4SS1SS4WW":[0,0,-10,0.0124215],
"1SS1SS3WW2SS":[-10,-10,0,0.521012],
"3WW3WW1SS3RG":[-0.001,0,-10,0],
"1SS1SS1WW1GW":[-10,-10,-10,2.61625],
"2WW1WW1SS2SG":[-0.00118402,-10,-10,0],
"4GW4WW1SS4RW":[0.0065604,0,-10,0],
"1SS3WW2GW1RW":[-10,-0.001,0,0],
"2GR4WW2SS1SS":[0,0,0.0895781,-10],
"3WW4GW1SS4RW":[0.431663,0,-10,0],
"4WW1SS2GW1RW":[0.0914513,-10,0,0],
"1SS4WW2RW4WW":[-10,0.0928993,0.00434161,2.02047],
"1SS3WW1GW2GW":[-10,-0.0010939,0,0],
"4WW2SS1SR2WW":[-0.001,0.133006,-10,0],
"1WW2WW1SG4RW":[-10,-0.00086905,-10,0],
"3WW1SS1RW2WW":[-0.001,-10,-0.380333,0.00141114],
"1SS1SS2GW1RW":[-10,-10,-0.001,-0.136825],
"3SR2SS1SS4WW":[-0.001,0,-10,0],
"1SS4RW2WW4WW":[-10,-0.00124166,0.603831,0.105892],
"1SS3GW2WW1SS":[-10,-0.001,0.681488,-10],
"3WW1GW1SS1SS":[0.139933,0,-10,-10],
"1SS4GW2WW2WW":[-10,-0.001,0.150183,0],
"4WW1SS1SG2GW":[0.222968,-10,-10,0],
"3WW2WW2GW1SS":[-0.00118008,0.165518,0,-10],
"2GW2RW3WW1SS":[0.735115,0,0,-10],
"4WW1SS3WW4WW":[3.08445,-10,1.78936,2.29594],
"1WW1SS4WW1RW":[-10,-10,1.07058,0],
"1SS2WW4WW3SR":[-10,0,0,0.276156],
"1SS1SR4WW4SS":[-10,-10,0.265853,0],
"4GW3WW1SS4WW":[-0.000400605,0.820752,-10,0.136678],
"1WW2GR4WW1SS":[-10,-0.001,0,-10],
"1SS2SS4RW4WW":[-10,-0.001,0,0.270426],
"2SS1SS3SS1SG":[-0.996,-10,0,-10],
"3WW2SS1SS1GW":[0.332143,0,-10,0],
"1SS2SS1WW4WW":[-10,-0.996,-10,0.499549],
"2SS1SS4RW1SS":[-0.001,-10,0,-10],
"1SR4GW2WW4WW":[-10,-0.0010995,-0.001,0.00332654],
"4WW3GR4WW1SS":[0.0774627,0,0,-10],
"1SS4WW2GW2GW":[-10,0,0.686251,0],
"1SS4SS2WW2WW":[-10,-0.001,0,0],
"1SS2GW2RW4GW":[-10,-0.001,0,0],
"1WW1SS4SG1RW":[-10,-10,-0.001,0],
"1WW1SG4GW1WW":[-10,-10,0.00118841,-10],
"3WW2GW1SS2SS":[0,0.18805,-10,0],
"1SG4WW1WW1RW":[-10,-0.000522583,-10,0],
"2GW1SS4SS4WW":[5.07878,-10,0,0],
"2GW1SS3GW3WW":[-0.001,-10,0,0],
"1SS4SS1RW1WW":[-10,0.342383,0,-10],
"4RW4WW1SG2WW":[-0.001,0.186939,-10,-0.00118905],
"4WW3WW1SS4GR":[0.651556,0,-10,-0.001],
"1SS1SG1RW1WW":[-10,-10,-0.200099,-10],
"3SR4GW1WW1SS":[-0.001,0,-10,-10],
"1SS4RW4GW2WW":[-10,0,0,0.000479206],
"2WW3SG1SS2RW":[0.0351168,-0.001,-10,0],
"4WW4RW2GW1SS":[0.140249,0,0,-10],
"2RG1WW1SS1SS":[0.0130748,-10,-10,-10],
"4WW2WW1SG4RW":[0.13793,0,-10,0],
"3GW1SS3WW2WW":[1.06522,-10,-0.001,-0.00220396],
"1SS3SS1GW1WW":[-10,0.0099929,5.29059,-10],
"1GW2GW1SS4WW":[3.32749,0,-10,-0.00112214],
"3RG4WW1SS2WW":[0,0.00973078,-10,0],
"1WW1SS2SS3WW":[-10,-10,0.263409,0],
"1WW4WW4GW1SR":[-10,-0.001,-0.001,-10],
"2SG1SG1SS1SS":[-0.996,-10,-10,-10],
"1WW1WW1SG4WW":[-10,-10,-10,0.198139],
"2SS3GW1SS2SS":[0.00235431,0,-10,0],
"2GW4WW4WW1SG":[1.94149,0,0,-10],
"1SR1WW3WW4WW":[-10,-10,-0.001,1.53993],
"3WW2WW1SG1SR":[-0.001,0,-10,-10],
"1SS1WW2GW1RW":[-10,-10,0.271551,0],
"2RW1GW4WW1SS":[0.00310375,0,0,-10],
"2SR2GW1SS3SS":[-0.001,0,-10,0],
"1SR1SS2WW4WW":[-10,-10,-0.00107346,1.52332],
"1RG4WW4WW1SS":[-0.0567112,1.11329,0,-10],
"4WW1SS1GW1GW":[0,-10,0,5.40759],
"3GW4WW1SS1WW":[0.105136,2.45815,-10,-10],
"2SG4WW3WW1SS":[0.0176303,0,0.00803427,-10],
"1SS4WW3WW4WW":[-10,1.6276,2.18899,3.00375],
"1SS2WW4WW4GW":[-10,0.479774,2.53406,0.0750796],
"1SG1SS3RW1WW":[-10,-10,-0.001,-10],
"3SS2SS1SS1SR":[0.0243613,0,-10,-10],
"1WW3GW1SS1SR":[-10,-0.001,-10,-10],
"1WW4GW1SS1RW":[-10,0.0138094,-10,-0.154804],
"1WW4WW1RW1SS":[-10,1.12135,-0.358411,-10],
"4RW1SS3WW2WW":[0.0694649,-10,0,0],
"1WW1RG4WW1SS":[-10,-0.195072,0.140468,-10],
"1RG4WW1SS4WW":[-0.131984,0.261651,-10,0],
"3WW1WW1SG2SG":[0,-10,-10,-0.001],
"4WW1SS2WW4RW":[0.305169,-10,-0.00140021,0],
"1WW1SG2GW1WW":[-10,-10,-0.001,-10],
"4GW1SS4WW3RW":[0.495283,-10,0,0],
"3SS1WW4WW1SS":[-0.00130604,-10,0.145947,-10],
"4WW1GW3RW1SS":[-0.0019,4.12051,0,-10],
"4WW3SS1SS2GW":[0.633512,0,-10,0],
"1GW1WW1SG2SS":[0,-10,-10,0.155387],
"3WW4WW2SS1SR":[0,0.0980197,0,-10],
"2SS4RW1SS1SS":[0.34951,0,-10,-10],
"4WW4WW1WW1SR":[0.474877,-0.0019,-10,-10],
"4GW1SS1SS1SS":[0.307452,-10,-10,-10],
"1SS1WW4RW3SG":[-10,-10,0.00335341,0],
"1SG4WW4WW4WW":[-10,2.08601,0.00106713,0.317519],
"1SS1SG2SS1WW":[-10,-10,-0.001,-10],
"1SR4WW4WW2GW":[-10,0.108209,0,0],
"2RW4WW1SG1WW":[-0.001,0.0806278,-10,-10],
"2WW1GW1SS3WW":[-0.001,0,-10,0],
"1SS4GW4WW3RW":[-10,-0.001,0.362375,0],
"3WW4GW1SS1WW":[0.630253,-0.00236408,-10,-10],
"4GW1SR1SS3WW":[-0.001,-10,-10,0],
"4WW4WW2WW1SG":[-0.00326393,0.0306918,1.18536,-10],
"1RW4GW4WW1SS":[-0.186937,0,0,-10],
"1GW1SS2WW4WW":[10.4542,-10,0.0865281,0.0851532],
"1SR4WW4WW4GW":[-10,0.0658938,0,0],
"4SR1SS2WW2WW":[0.00272367,-10,0,0],
"1GW1GW1SS2WW":[2.93468,0,-10,0],
"2SS2WW2WW1SS":[-0.000415695,0,-0.0011193,-10],
"1SS4WW2WW1SS":[-10,1.94911,0.839444,-10],
"4WW3RW3WW1SS":[0.22434,0,0,-10],
"2GW4WW1SG1RW":[-0.001,0,-10,0],
"3SS1SS4WW4GW":[0.0389105,-10,0,0],
"4WW2WW1SS3RG":[0.13622,0,-10,0],
"1SS2SS4WW2GW":[-10,0.0265978,-0.001,6.64598],
"4RW4WW1WW1SG":[0.238444,0,-10,-10],
"1SG1WW1WW4WW":[-10,-10,-10,0.382466],
"4SS1SR4WW4WW":[0,-10,0,0.660085],
"4WW2SR1SS4WW":[1.70275,0,-10,0.0889032],
"1SR4SS4WW4WW":[-10,0.0352437,0,0],
"3RW4WW1SG1WW":[-0.001,0,-10,-10],
"4WW2SS1SS1GW":[0.0700258,-0.001,-10,10.6032],
"1SS3WW4WW3SS":[-10,2.17823,0.399143,-0.000518409],
"1RW1WW1SG3SS":[0,-10,-10,0.0378832],
"1SR4GW1WW1SS":[-10,-0.000944689,-10,-10],
"1WW2WW2SS1SR":[-10,-0.001,0.070212,-10],
"4WW1SS4WW4GW":[0.121908,-10,2.80425,0.645483],
"1RW3WW1SS4WW":[-0.350254,0.587042,-10,0],
"1SS1WW2RG2GW":[-10,-10,-0.001,0],
"3RW1WW1SS1SS":[-0.000626972,-10,-10,-10],
"4WW1SG3WW2WW":[0.754253,-10,-0.00287916,-0.00271],
"3WW4GW4GW1SS":[0.0256886,0,0,-10],
"4WW1WW2GW1SS":[-0.001,-10,5.83863,-10],
"4WW4GR4WW1SS":[0.00139968,0,0,-10],
"2RW1GW3WW1SS":[0.00774033,0,0,-10],
"1SS1SS1GW4RW":[-10,-10,1.03179,0],
"2GW4GR1SS4WW":[0.823106,0,-10,0],
"3SS3WW2WW1SS":[-0.001,-0.00031728,0,-10],
"2WW3WW1SS3GW":[0.000819213,0,-10,0],
"1SS1SS1SG1SR":[-10,-10,-10,-10],
"2SR2SS3WW1SG":[-0.996,0,0,-10],
"2WW4WW1SR2WW":[-0.00216078,1.23788,-10,-0.145799],
"1SS2GW3WW3WW":[-10,0.719314,0,-0.001],
"2WW1SG1SS4RW":[0,-10,-10,-0.001],
"1WW1SG4RW4WW":[-10,-10,0.0367543,-0.001],
"2SS4SS3WW1SS":[-0.261156,0,0,-10],
"2SG4RW4WW1SG":[0,-0.001,0,-10],
"2WW1WW1SS4RW":[0.0344326,-10,-10,-0.00343545],
"4WW3GW3WW1SS":[-0.000935443,-0.001,0.159976,-10],
"1SS1SS3WW2RW":[-10,-10,0.379264,-0.001],
"4WW1RW4WW1SG":[0.679502,-0.175855,0,-10],
"4WW1SR3GW1WW":[0.104415,-10,0,-10],
"2RW2GW1SG4WW":[-0.001,0,-10,0],
"3GW1SS3RW4WW":[-0.001,-10,-0.001,0.277478],
"4WW2RW1SS4GW":[0.350197,-0.001,-10,0],
"4WW4RW1WW1SG":[0.0024465,0,-10,-10],
"1WW3RW1SS1SS":[-10,-0.00261134,-10,-10],
"1GW1SS4GW4WW":[3.75547,-10,0,0],
"4WW4SR1SS3WW":[0.435811,0,-10,0],
"1SS4WW3RW1SS":[-10,1.00661,0,-10],
"3SS4SS4SS1SS":[-0.001,0,0,-10],
"2SS1SS4WW2GW":[0.457339,-10,0,0],
"2GW2WW1WW1SS":[0.1084,0,-10,-10],
"3WW1SG1SS3WW":[0.616407,-10,-10,-0.0019],
"1SS2WW4GW3SS":[-10,0.178733,-0.000777641,0],
"1SS2SS2RW4GW":[-10,0,0,0.0259102],
"4WW2GW2RW1SS":[0,0.76084,0,-10],
"1SS1SS3RW1SS":[-10,-10,0.0498176,-10],
"2SS4WW1SG1SG":[0.0385466,0,-10,-10],
"1SR1SG4WW1SS":[-10,-10,0.0784185,-10],
"1SS1SS4GW2SS":[-10,-10,0,0.00405397],
"2GW1SS4GW4WW":[-0.001,-10,-0.001,0.781427],
"3WW2WW4WW4WW":[-0.001,-0.001,0,0],
"1WW1SR2SS4WW":[-10,-10,-0.996,-0.001],
"1WW3WW1SS1SG":[-10,-0.000316404,-10,-10],
"1SR4WW3WW1SS":[-10,0.382728,0.00638329,-10],
"2GW1SR4WW4WW":[2.27048,-10,0,0],
"1WW4WW1SR3GW":[-10,-0.001,-10,-0.00118905],
"2RW3WW1SG4WW":[-0.001,2.5601,-10,0.151255],
"3GW4WW1SR4WW":[-0.001,1.7238,-10,0],
"4SS1SS2GW1SS":[-0.001,-10,0,-10],
"1SS2SS2GW3WW":[-10,0.108802,0,0.152417],
"4WW4SS1SG4WW":[0.023777,0,-10,0],
"4WW1SR4WW4WW":[2.72095,-10,0.180495,0.814732],
"2SS3WW3WW1SS":[-0.00132257,0.0560574,0,-10],
"1RW4WW1SS4WW":[-0.37463,0.331659,-10,2.5165],
"1SS4SS2GW4WW":[-10,-0.001,0,0],
"2SS1SS1SS2SR":[-0.00118905,-10,-10,0],
"2SS1SS3WW3RW":[0.00274262,-10,0,0],
"3SS2WW2WW1SG":[0,-0.001,0,-10],
"2GW1SS2SS4SS":[1.0964,-10,0,0],
"1SS3WW2WW2GW":[-10,-0.001,0.042458,0],
"4SG1SS1WW4WW":[0.0804628,-10,-10,0],
"3WW4WW2RG1SS":[0.0135727,0,0,-10],
"3SS2SS1SG4WW":[0.00723665,0,-10,0],
"1SS3SS4WW2RW":[-10,-0.001,0.753326,0],
"3RG1SS3WW2GW":[-0.001,-10,0,0],
"1SG1SS1SS3WW":[-10,-10,-10,0.147707],
"1GW1SS3WW3WW":[8.20216,-10,0.0568072,0],
"1SS1SS4WW1SR":[-10,-10,1.9063,-10],
"1SS2WW4WW2SR":[-10,0,2.10672,-0.001],
"4WW2SS1SS1SR":[0.0838808,0,-10,-10],
"3WW2SS1SR4GW":[-0.001,0,-10,0],
"1SS1WW4WW4RG":[-10,-10,0.0578304,0],
"1GW1SS3WW1WW":[4.47855,-10,0,-10],
"3SS1SS1SS4WW":[0.108108,-10,-10,1.7393],
"4SS3WW1SG1SR":[-0.001,0,-10,-10],
"4WW3SS1SS4RW":[0.651516,-0.001,-10,0],
"1WW3WW1GW1SS":[-10,0.634968,0,-10],
"1SS1WW2WW3SR":[-10,-10,0,-0.001],
"3WW3SS1SS4WW":[0.498861,0.00165745,-10,-0.00111807],
"1SS1WW3WW2GW":[-10,-10,-0.001,-0.001],
"1GW2SS1SS4WW":[7.09476,0.00342258,-10,0.159498],
"1SS1WW2RW4WW":[-10,-10,-0.001,1.00729],
"1SG2WW4WW2GW":[-10,0,-0.001,0],
"4WW1GW3WW4WW":[-0.00119895,1.00004,0,0],
"1SS1WW4SS2SS":[-10,-10,0.0321392,0],
"1SS4WW3WW1SG":[-10,0.009747,0.300055,-10],
"3SS4WW1SG1SS":[-0.001,0.333077,-10,-10],
"1SS1GW4WW1SS":[-10,11.3232,0.00968587,-10],
"4GW4WW2WW4RW":[-0.001,0,0,0],
"4WW4WW2WW3RW":[0,-0.001,0,0],
"1SS3GW4GW2SS":[-10,0,0,-0.001],
"1RW2GW3WW1SS":[-0.200099,0,0,-10],
"3WW1SR4GW2WW":[-0.001,-10,0,0],
"1SS1SS2WW2GR":[-10,-10,0.0182157,0],
"3GW1WW4GW1SS":[-0.001,-10,0,-10],
"4WW1SS2RW3WW":[0.00800781,-10,0,2.01432],
"1SS2SS1SS2RW":[-10,-0.001,-10,0.169304],
"1SS1SG2SS3WW":[-10,-10,0,0.0689771],
"3WW4RW1SS3WW":[0.433306,0,-10,0],
"1SS4WW3WW3SG":[-10,-0.001,0,0],
"1RW1WW3WW1SS":[-0.198414,-10,0.0259009,-10],
"1SG1SS2SS1SS":[-10,-10,-0.001,-10],
"4SS4RW2WW1SS":[0.112122,0,0,-10],
"1SS4RW4WW1GW":[-10,-0.001,0.876544,0],
"1SS2GW2GW2SS":[-10,1.16035,0,0],
"1SS1SS3SG4SS":[-10,-10,-0.001,0.0462084],
"1SS4WW4WW2RW":[-10,0.399632,3.16062,-0.0019],
"1SS3GW3RW1SS":[-10,0.000971234,0,-10],
"1SS2GR4WW3WW":[-10,-0.000998687,0.297542,0],
"1GW2WW1WW1SS":[1.00816,0,-10,-10],
"3WW4RW1SS1WW":[0.338369,0,-10,-10],
"1SS3WW1WW1GW":[-10,0,-10,8.51316],
"2WW4RW4SS1SS":[0.286196,0,0,-10],
"3RW1SG4WW2WW":[-0.001,-10,0.0391171,0],
"2SS4WW4GR1SS":[0.214557,0,0,-10],
"1SS2WW3WW1SR":[-10,0.256216,-0.001,-10],
"4WW4WW3SS1SS":[2.69197,0.719872,0.465584,-10],
"2GR2WW1SS1SS":[-0.001,0,-10,-10],
"3GW2WW1SS4RW":[0.0177051,0,-10,0],
"1GW4WW1SG2WW":[2.82844,0,-10,0],
"4WW1SR3WW1WW":[0.341778,-10,0,-10],
"1GW1WW1SS1SS":[6.2583,-10,-10,-10],
"1SG2SS2WW3WW":[-10,-0.0010995,0.0107568,0],
"4GW1SR2GW2WW":[0.00429693,-10,0,-0.001],
"2GW1WW1SS4RW":[-0.000668443,-10,-10,0],
"4WW2WW4RW1SS":[-0.001,1.03172,-0.001,-10],
"1WW4GW1SS1SS":[-10,1.27552,-10,-10],
"2RW4GW1SS4WW":[0.265589,0,-10,-0.0010995],
"2WW4WW1SS2RW":[0.617163,0,-10,0],
"2WW1SS3SS1SS":[0.00553359,-10,0,-10],
"4RW1SG4WW4WW":[0.00416475,-10,0,0],
"4RW4GW1SS4WW":[0.428199,0,-10,0],
"3WW1WW1SS2SS":[0.307722,-10,-10,0],
"2RW4WW4SS1SS":[0.376613,0,0,-10],
"2GW1WW3WW1SS":[-0.001,-10,0.0570159,-10],
"3WW4WW4WW1WW":[-0.003439,-0.0030791,-0.00231878,-10],
"1WW1SR3SS4WW":[-10,-10,0.098394,0],
"4SS3WW2WW1SR":[-0.001,0,0,-10],
"1SR1SS1SS4WW":[-10,-10,-10,2.08327],
"3GW2SS1SS4WW":[0.0482484,0,-10,0],
"4RW1SG1SS4WW":[0,-10,-10,-0.000982835],
"1SS1RW1WW4WW":[-10,-0.199492,-10,0.217898],
"3RW4SS1SG4WW":[0.209291,0,-10,0],
"4SS1SS2SS1SG":[-0.0235991,-10,0,-10],
"2WW1WW1SS3SS":[-0.001,-10,-10,0.0388401],
"4WW4GW4GW1SS":[0.00598505,0,0,-10],
"1SS1GW1WW1SG":[-10,1.91506,-10,-10],
"4WW1SS4RG4WW":[0.798477,-10,0.000609392,0],
"4GW4WW3RW4WW":[-0.001,0,0,0],
"4RW3WW4WW1SG":[0.0105889,0,0,-10],
"1SS1SS4GW4SR":[-10,-10,0.201948,0],
"1SS2SG3WW2WW":[-10,-0.001,0,0],
"2SS4RG2WW1SS":[0.0142504,0,0,-10],
"4GW1RW1SS1GW":[0.000945809,0,-10,0],
"1SS2WW3WW2RG":[-10,-0.000931571,0.00445651,0],
"4RW2WW2WW1SS":[0.0122481,-0.00118432,0,-10],
"2WW2WW1SS2GW":[0,0,-10,0.270493],
"2GW3WW2WW1SG":[0,-0.001,0,-10],
"1SR1SS1WW1GW":[-10,-10,-10,1.00004],
"1SS4WW1SS2SS":[-10,2.38383,-10,-1.8924],
"1WW1SS1RG1WW":[-10,-10,-0.451683,-10],
"1SS3GW1WW4WW":[-10,0.336136,-10,-0.00271],
"1SS2RW4WW1WW":[-10,0.00712442,0.0078675,-10],
"1SS1SS1RW4WW":[-10,-10,-0.667126,3.01835],
"4WW4WW4WW1SS":[2.49476,2.60888,2.70123,-10],
"4WW1SR1SG1WW":[0.00688017,-10,-10,-10],
"1SG2SS3WW1WW":[-10,-0.0010995,0,-10],
"4GW1SS3WW4GW":[-0.00101475,-10,-0.000905946,0.186596],
"1WW1SS4RW4GW":[-10,-10,-0.0019,0.0710523],
"2WW2GW1SS1WW":[0.0034729,0,-10,-10],
"2SS2WW4GW1SS":[-0.001,-0.001,0,-10],
"2WW4WW1RW1SS":[0.0142148,1.60946,0,-10],
"3GW1WW1SS2SG":[0.0126673,-10,-10,0],
"1SS1WW2GW4RW":[-10,-10,0.926003,0],
"2SS3WW1SS1SS":[-0.00138859,0.79809,-10,-10],
"4WW1SS1GW4GW":[0,-10,2.98706,0],
"1SS2WW4WW2GW":[-10,0.76394,-0.00120312,-0.001],
"1SS4WW1RW2WW":[-10,0.291987,-0.2,-0.0011094],
"3SS1SS1SG1GW":[-0.000974613,-10,-10,0],
"4WW2WW1GW1SR":[0.126374,0,0,-10],
"1RW4WW3WW1SS":[0,0.449321,0.0116319,-10],
"2WW3RW1SS1SG":[0.191909,0,-10,-10],
"1SS2WW1WW1GW":[-10,-0.00117852,-10,1.04521],
"1SS1WW3GR1SS":[-10,-10,-0.0019,-10],
"1SS4WW2GW3RW":[-10,0.315246,0,0],
"1SG2WW2WW2SS":[-10,-0.001,0,0],
"2GW2WW1SS3SS":[0.0985,0,-10,0],
"1SS3WW3WW1GR":[-10,0.142894,0,0],
"1SS1SS1GW2SS":[-10,-10,1,0],
"3SS4WW1WW1SS":[0.659282,0,-10,-10],
"4WW4RW1SS3GW":[0.447286,0.00174245,-10,0],
"4WW4WW1SG3WW":[-0.00271,0.281089,-10,2.16511],
"4RG1SS4WW1WW":[-0.001,-10,0,-10],
"4WW4RW3WW4WW":[-0.0019,-0.001,-0.001,-0.00279955],
"1WW1SS4RW3WW":[-10,-10,-0.001,-0.00127766],
"2GW1SS4WW4WW":[7.34476,-10,0.171984,0.753721],
"4WW4WW3SG1SS":[0.570745,0.219379,-0.001,-10],
"1GW3RW1SS1WW":[1.08455,0,-10,-10],
"1SR4WW1WW3WW":[-10,0.505953,-10,-0.00063026],
"1SS3GR1WW4WW":[-10,-0.001,-10,0],
"4WW4WW4GW1SG":[0.00595629,0,0,-10],
"1WW3SS4SS1SS":[-10,-0.001,0,-10],
"2WW1SS4SS4WW":[0,-10,0.121445,2.1818],
"1SG1WW3WW4SS":[-10,-10,0.0160376,0],
"4SS3WW3WW1SS":[0.0916688,0,0,-10],
"1WW1SR4GW1WW":[-10,-10,0.0222031,-10],
"1SS2RW2WW1WW":[-10,0.0146381,0,-10],
"4WW1GW1SS3WW":[0,8.03948,-10,0],
"3RW2SS1SS2WW":[-0.00105292,-0.834986,-10,0],
"4WW1SS1WW3WW":[2.89236,-10,-10,0.203055],
"2GW4RW1SS4WW":[3.37982,0,-10,0],
"1SS2RW4WW3SG":[-10,-0.001,0,0],
"1WW1SS1SS2RW":[-10,-10,-10,-0.001],
"1WW1SS1SS3WW":[-10,-10,-10,0.120201],
"2GW1SS1RW3GW":[0.0199752,-10,0,0],
"2SS2SS4SS1SR":[-0.996,0,0,-10],
"3GW1WW1SG4WW":[-0.000975632,-10,-10,0.445204],
"4RW2SS1SS1SS":[-0.001,0.0332215,-10,-10],
"4GW1SS1SS1GW":[0,-10,-10,3.89536],
"1SS3SG4WW1WW":[-10,-0.001,0.225775,-10],
"1RW4WW4SS1SS":[-0.0924444,0.579241,0,-10],
"2SG1SS1SS4WW":[-0.000364676,-10,-10,1.06501],
"4WW1GW2WW1SS":[0.0192239,10.5739,0,-10],
"1SS2WW1GW2SS":[-10,0.000377613,0,0],
"1WW3WW1SS1RW":[-10,-0.00081369,-10,0],
"1SS3GW1WW1SS":[-10,0.135067,-10,-10],
"1SS1SS1SG4WW":[-10,-10,-10,2.61901],
"2SS1SS2GW4WW":[-0.001,-10,8.72129,0],
"3GW4WW4GW1SS":[-0.001,0.45729,0,-10],
"1GR1SS3WW4WW":[4.38789,-10,0,0],
"1WW2RW1SG3GW":[-10,-0.001,-10,0],
"4WW4GW1SS1WW":[2.51799,0.00984567,-10,-10],
"1WW1SR4WW3WW":[-10,-10,-0.001,0.0950197],
"1SS4WW4WW2SR":[-10,0.0217263,1.66799,0.182479],
"3GW1RW3WW1SS":[-0.001,0,0,-10],
"1WW2GW1SR1SS":[-10,1.38709,-10,-10],
"1SG4SS4WW1WW":[-10,-0.001,-0.001,-10],
"2GW1SS3SS4WW":[3.37356,-10,0,0],
"1SR4GW1WW1GW":[-10,-0.001,-10,0],
"3GW1SS2WW4WW":[-0.001,-10,-0.00136969,1.45052],
"1SS1SS3GW3SG":[-10,-10,0.00220893,0],
"2SS3WW3GW1SS":[0.0234836,0,0,-10],
"1SG3WW1GW4WW":[-10,0,0,-0.001],
"4RW1SS1SG4WW":[0.0379591,-10,-10,0],
"1SS1SG4WW1SS":[-10,-10,1.00473,-10],
"2GW1SS3WW3WW":[2.96102,-10,-0.00111831,0],
"1SS3WW4SS2SR":[-10,-0.001,-5.86152e-05,0],
"2SS4WW1SG1SS":[0.0546248,0.716522,-10,-10],
"1WW3SS1SS3WW":[-10,-0.0010995,-10,0.0315137],
"1SS2GW4WW1SS":[-10,0,2.40271,-10],
"3WW3WW4WW1SS":[0.272913,0.530888,2.94178,-10],
"2WW1SS2RW3WW":[0.0372394,-10,0,0],
"4WW3WW1SS1SG":[0.814129,0.056995,-10,-10],
"2RG4WW1SG2WW":[-0.001,0,-10,0],
"4WW1SS1SS4GW":[2.84827,-10,-10,0.742527],
"1WW1SS3GW1GW":[-10,-10,0.0113398,0],
"4WW4SG1SR1WW":[0.000415902,0,-10,-10],
"4GW1SS3RG4WW":[-0.001,-10,0,0],
"4GW3WW2WW1SS":[0.0432076,0,-0.0019,-10],
"1RW2SS4WW1SG":[-0.2,0,0,-10],
"1WW2SS2SS1SS":[-10,-0.9969,-0.0910918,-10],
"1GW1SS1SR1SS":[1.00956,-10,-10,-10],
"4GW1SS2WW3WW":[1.61802,-10,0.0557272,-0.0035084],
"1SS2WW1WW1SS":[-10,-0.0500378,-10,-10],
"4GW1SS1WW4WW":[2.40134,-10,-10,0.372998],
"1SS2WW1GW4WW":[-10,0.0328525,9.37293,0],
"3GW1SS2SS4WW":[4.1655,-10,-0.001,0],
"1SS3RW4WW3SS":[-10,-0.000998098,1.1925,0],
"1SS2SS1SS1SS":[-10,-3.09373,-10,-10],
"1GW1SS1SG1WW":[1.00003,-10,-10,-10],
"3GW1SS3WW3WW":[1.87253,-10,0,0.178373],
"1SR4WW1WW1GW":[-10,-0.001,-10,0],
"1RW4WW1WW1SG":[-0.104118,0,-10,-10],
"3WW3RW2SS1SS":[0.0188199,0,0,-10],
"1SS4WW4GW2SS":[-10,0.389791,0,0],
"2SS1SS4GW4WW":[0.532892,-10,0.00666969,0],
"4GW4WW3SS1SS":[2.27944,0,-0.001,-10],
"4RW4WW1SS1SG":[0.00216186,0,-10,-10],
"2WW1SS4WW4RG":[0.0233253,-10,0,0],
"3GW1SS4WW2WW":[-0.001,-10,-0.001,1.71697],
"1SS1SR4WW1SG":[-10,-10,0.86422,-10],
"2WW3WW1SS4RW":[0.0341847,0,-10,0],
"1WW1RG4SS1SS":[-10,0.0254219,0,-10],
"4WW1SS2SS4WW":[2.41101,-10,0.996372,0.947066],
"1WW1SS1SS2SS":[-10,-10,-10,-1.8924],
"2WW1SS3SG4WW":[-0.00108974,-10,0,0.67197],
"1SG4WW3WW3WW":[-10,0.711615,-0.001,0],
"1SS3WW1SS1SG":[-10,-0.0010995,-10,-10],
"3RW1GW1SG1WW":[-0.001,0,-10,-10],
"1SS3GW3WW2WW":[-10,-0.001,-0.00118905,0],
"4RW4WW1SG1WW":[-0.001,0,-10,-10],
"2SS1SS3WW1GW":[0.164444,-10,0,0],
"4RW4WW3WW1SG":[0.00569224,0,0,-10],
"3GW3WW3GW1SS":[-0.001,0,0,-10],
"1WW2WW1SG1SS":[-10,-1.12625,-10,-10],
"4WW1SG2GW1WW":[-0.0019,-10,0.00057633,-10],
"1SS4WW1GW1RW":[-10,0.868251,0,-0.19268],
"2SG2SS1SS4WW":[-0.000976849,-0.100102,-10,0.385531],
"1SS3SS4WW2WW":[-10,0.00913375,0,1.41648],
"1SS1SR2WW3WW":[-10,-10,-0.00107482,0],
"1SS3SS3GW1SR":[-10,0.00446252,0,-10],
"4WW1SS3WW2RW":[0.792999,-10,0,0],
"1WW1SS1SR3WW":[-10,-10,-10,0.0217426],
"1WW3WW1SG1SR":[-10,0.0297293,-10,-10],
"1SS1WW1GW1SG":[-10,-10,1.0008,-10],
"3WW1SS3GW2WW":[0.0117146,-10,-0.001,0],
"1SS4WW2GW1SG":[-10,0.082053,0,-10],
"3RW1GW1SS4GW":[-0.001,0,-10,0],
"2WW4WW1SR3WW":[0.00401874,-0.000694371,-10,1.1245],
"3WW2SS1SR3WW":[-0.001,0.00663127,-10,0],
"4WW2SS1SR1SS":[0.147587,0,-10,-10],
"3GW1SS4WW4GW":[1.61291,-10,0,-0.001],
"2GW4WW1SS1GW":[1.79288,0.0591302,-10,0],
"1SS1WW1SS1SG":[-10,-10,-10,-10],
"1SR1WW3WW4GW":[-10,-10,0,0.139105],
"4GW1SS4WW2RW":[0.00629273,-10,0,0],
"1SS2WW4WW1GR":[-10,0.409591,0,0],
"1SS3SS3WW1SS":[-10,-0.001,0.610915,-10],
"1SG1SS1WW2WW":[-10,-10,-10,0.0855409],
"1SS1GW1RW1SS":[-10,1.07136,0,-10],
"1SS4RW3SS1SS":[-10,-0.001,0.175059,-10],
"2SS1SS2WW4GW":[0.53784,-10,-0.00118905,0],
"1WW3GW3SS1SS":[-10,0.212876,0,-10],
"3WW4WW4WW1SG":[-0.00149139,-0.0019,1.35626,-10],
"4GW1SG2WW4WW":[-0.001,-10,0,0],
"1WW4WW1SG1WW":[-10,1.587,-10,-10],
"1SG2SS4WW3WW":[-10,0.00419173,0,0],
"1SS1GW3WW1SR":[-10,1.9161,0,-10],
"2RW1SS4WW1WW":[-0.00123794,-10,0.0467545,-10],
"2GW4WW1SR4WW":[-0.001,-0.000275175,-10,1.42484],
"2WW4WW4WW3WW":[-0.001,-0.00126964,-0.0019,-0.0019],
"3WW2SS1SG1WW":[-0.001,-0.001,-10,-10],
"3SG1SS4WW4WW":[0,-10,0.094429,0.545746],
"1SS1WW2GW1SG":[-10,-10,-0.001,-10],
"4GW1SS1SS3GW":[0.245578,-10,-10,0],
"1GW1SS4GW2WW":[0,-10,0,0.0366715],
"2WW4WW2SS1SG":[0.500792,0,0,-10],
"1WW1WW3SS1SS":[-10,-10,-0.226753,-10],
"1SS2GW4WW4GW":[-10,-0.00184915,1.54088,-0.001],
"4WW1SG4WW2GW":[0.0870368,-10,0,0],
"4RW4GW1GW1SS":[0.0140284,0,0,-10],
"4WW1SS1SS3GW":[0.97965,-10,-10,3.57969],
"1WW1SS4RW4WW":[-10,-10,-0.00545839,1.1641],
"1RW3SG1SS4GW":[-0.187362,0,-10,0],
"1SS3GW4WW1SG":[-10,-0.0019,0.414989,-10],
"4RW1SG2WW4WW":[0.0783888,-10,0,0],
"1SS1SS4WW1RW":[-10,-10,2.70586,-0.066254],
"1WW4GW1SS4WW":[-10,1.06865,-10,-0.0043462],
"1SR3SS4WW1GW":[-10,-0.001,0,0],
"1SG3WW2WW2SS":[-10,0.0208345,0,0],
"3WW4WW3RW1SS":[0.0111539,1.25819,0.0303519,-10],
"3WW1SS4RW3WW":[0.317268,-10,-0.000262011,0],
"4WW4GW1SS3GW":[0.174371,0,-10,-0.00194477],
"4WW1SR2SS2SS":[0.379089,-10,0,0],
"4GW2SS1SS3WW":[-0.001,0.0941292,-10,-0.000824288],
"1WW4WW4GR1SS":[-10,0.125646,0,-10],
"3GW4WW1SG1SS":[-0.001,0.149815,-10,-10],
"4WW3GW4RW1SS":[-0.0010995,0,0,-10],
"3WW4WW1SR3WW":[0.440638,0,-10,0],
"1SG4WW1SS1SG":[-10,0.0184672,-10,-10],
"1SS3WW4WW3GW":[-10,-0.001,-0.00126964,4.24407],
"2RW4WW3WW1SS":[-0.0010995,0.829008,-0.0019,-10],
"3WW1SS1SS3WW":[1.67267,-10,-10,0.300421],
"1WW4SS2SS1SG":[-10,-0.001,0,-10],
"1GW1SS2WW4RW":[1,-10,0,0],
"1SS4GW4WW3SS":[-10,1.31572,0,0],
"2GW4WW1SS1SS":[10.9268,-0.00159565,-10,-10],
"4GW1SS3WW2WW":[0.234358,-10,-0.001,-0.001],
"2SS1SS1WW1GW":[-0.001,-10,-10,1.15805],
"2RW3GW1SS1WW":[0.00755749,0,-10,-10],
"3RW4GW1SS1WW":[-0.00118905,0.0243276,-10,-10],
"2WW1GW1SR4WW":[-0.00063292,1.12038,-10,0],
"3WW2WW1GW1SS":[-0.000403379,0,0,-10],
"3SS4WW4WW1SR":[0.141659,0,0,-10],
"4WW2WW1SR4GW":[-0.000291508,0.331002,-10,0],
"4WW2WW3RW1SS":[-0.001,0.498724,0,-10],
"1SS4WW2WW1WW":[-10,1.5653,-0.00460005,-10],
"1SS1WW2WW3GW":[-10,-10,0.101437,0],
"2GW2WW1SS4WW":[7.90307,0,-10,0.253039],
"4SS3RW1SS4WW":[-0.001,0,-10,0],
"1RW1SS3WW4WW":[-0.358152,-10,0.172735,3.5058],
"4WW1SS1GW2WW":[0.183211,-10,10.1541,0],
"3WW1WW4WW4WW":[-0.0019,-10,-0.0019,0],
"2SR4WW1SS1SS":[-0.0019,0.489374,-10,-10],
"3SR4WW3WW1SS":[-0.001,0,0,-10],
"4WW3WW1SR3SS":[-0.000996169,0,-10,0],
"3WW2GW1SS1WW":[0.131517,-0.001,-10,-10],
"1SS1GW1SG1SS":[-10,1.00035,-10,-10],
"2GW4WW1SS4SS":[-0.001,0.655671,-10,0],
"3SS4WW1SS1SR":[0.317984,0,-10,-10],
"1SR4GW3WW3WW":[-10,-0.00198955,0.0601402,0],
"2WW3WW4WW4WW":[-0.0028194,-0.00289905,-0.0019,-0.00238276],
"1GW4SS1SS3WW":[2.80795,0,-10,0],
"3WW3WW2GW1SS":[0,0,0.919677,-10],
"4WW4SS1SG3RW":[0.0604598,0,-10,0],
"1SS4WW3SS1SG":[-10,-0.001,0,-10],
"1WW3WW1SS3SS":[-10,0.233954,-10,-0.001],
"2RW1SS2WW4WW":[0,-10,0,0.561496],
"3SS4WW2WW1SS":[0.561434,0,0.00310602,-10],
"4WW4WW1SR4WW":[0.600437,2.78209,-10,0.138717],
"2SS4WW1SS1SG":[0.682271,-0.000290824,-10,-10],
"1SS1WW2GR4WW":[-10,-10,-0.001,0],
"4WW1WW1SS1SS":[2.29296,-10,-10,-10],
"1GW3SS1SS3WW":[1,0,-10,0],
"1SR1SS2GW3SS":[-10,-10,-0.001,0],
"3SS2GW4WW1SS":[-0.001,0,0,-10],
"2WW2WW1SG1GW":[0.0784936,0,-10,0],
"3WW1SS1RW1SS":[-0.000535439,-10,0,-10],
"3WW2SS1SS3WW":[1.33078,-0.001,-10,0],
"3SS1GW4WW1SS":[-0.001,1,0,-10],
"3WW1WW3GW1SS":[-0.00156808,-10,0.089158,-10],
"4WW2RW1SS2WW":[0.941954,0,-10,0],
"4WW1RW1SS2GW":[0.677523,-0.126885,-10,-0.001],
"3GW1SS4WW4WW":[5.60173,-10,0.332874,0.384618],
"4GW2WW1SS1SR":[-0.001,0,-10,-10],
"4WW2WW1SS4RG":[-0.00110375,-0.000893364,-10,0.00508726],
"1WW1SG1SG4WW":[-10,-10,-10,-0.001],
"2SS1SS1GW1WW":[-0.996,-10,0,-10],
"1SS3WW3WW4SS":[-10,2.60182,0,0.452985],
"1SS2SS3SS3WW":[-10,-0.100102,-0.001,0],
"3WW1GR4WW1SS":[0.175867,0,0,-10],
"3WW1SS4GW1WW":[-0.187269,-10,0.0730426,-10],
"1SS1RW3WW4WW":[-10,-0.312719,1.80963,0.142219],
"1SS1GW4WW2RG":[-10,0,0,-0.001],
"2RW4WW1SS3WW":[0.637276,-0.00069658,-10,0],
"1SS3WW4WW3RW":[-10,0.1174,2.63748,-0.00217822],
"4SS2GW2WW1SS":[0.0178172,0,0,-10],
"2WW2SS4SS1SS":[0.374519,0,0,-10],
"1SS3WW3GW4WW":[-10,0.653919,0.0576887,0.000593547],
"1SS3WW3WW1GW":[-10,0.0356753,0.107857,7.55601],
"3WW2SR1SS1WW":[0.245577,0,-10,-10],
"4WW2RG1SS2WW":[0.198356,0,-10,0],
"4WW4WW1SS4WW":[2.16856,2.33045,-10,2.82099],
"4GW2SS1SS1SS":[-0.001,0.210145,-10,-10],
"4SR1SS3WW1SS":[-0.0010995,-10,0,-10],
"2WW2RW1SS2WW":[0.00263271,0,-10,0],
"1RG4WW1SS2WW":[0,0.408417,-10,0],
"1SS4GR4WW4WW":[-10,-0.001,0,0],
"4WW1RG4WW1SS":[0.236112,0,0,-10],
"1GW1RW1SS3WW":[2.00563,0,-10,0],
"1SS3WW4WW3GR":[-10,0.00380215,0,0],
"4WW1SS4RW2GW":[1.50397,-10,0,0],
"4GW1SS4WW3GW":[0.458008,-10,0,0],
"2SS2SS4WW1SS":[-0.996,0.393659,0,-10],
"1SS4SS4WW4WW":[-10,0.0712387,-0.0019,3.43831],
"4WW1SG1SR1WW":[0.258278,-10,-10,-10],
"1SS3WW4WW4SS":[-10,0.457922,2.08016,0.198245],
"1SS4WW3WW3GW":[-10,0.122106,2.32586,0],
"3WW1SS2SS2WW":[-0.0010995,-10,0.0294325,0],
"4WW2WW1SS2SR":[0.382738,0,-10,0],
"2RG1SS4WW3WW":[-0.001,-10,0,0],
"4RW1SS3SS4WW":[-0.001,-10,0,1.27136],
"2WW4WW2GW1SS":[0.876337,0,0.0675466,-10],
"2WW2WW1SG4RW":[0.000950091,0,-10,0],
"1SS1SS2GW2RW":[-10,-10,1.06954,0],
"1SS1RW4WW1SS":[-10,-0.359398,2.29683,-10],
"4SS1SS4WW3WW":[-0.001,-10,1.07893,-0.00131399],
"4WW2SS1SS3GW":[2.18739,0,-10,0],
"3WW1SS1SR1WW":[0.00992277,-10,-10,-10],
"4WW1SG4RW1WW":[-0.001,-10,0.0137204,-10],
"1GW4WW1GW1SS":[1.99035,0,0,-10],
"1SS2RW4WW3GW":[-10,-0.001,0.42259,0],
"2SS2SS4GW1SS":[-0.001,0.352773,0,-10],
"1SS3SS3GW1SS":[-10,0.00516444,0,-10],
"1SS2SS1SG2WW":[-10,-0.996,-10,0],
"1WW1WW4RW1SS":[-10,-10,0.0376645,-10],
"1SG4WW1WW1SS":[-10,0.370066,-10,-10],
"3SS1SS4WW2WW":[-0.00182393,-10,0.565059,0],
"3WW4WW1SG2WW":[-0.001,0.672552,-10,0.00261399],
"1SS1GW4WW2WW":[-10,4.78652,0,-0.001],
"1GW4WW1SS4WW":[13.0899,1.64461,-10,1.71566],
"1SS1SG3WW2WW":[-10,-10,-0.00124404,0.201543],
"1SS3WW4WW4SG":[-10,-0.00129802,1.05509,0],
"1GW1SS1SS4RW":[2.5453,-10,-10,0],
"3WW2WW1SG1SS":[0.0134394,-0.001,-10,-10],
"3SS4GW2WW1SS":[0.0638305,0,0,-10],
"3WW4WW1SR4WW":[-0.00239887,-0.00198518,-10,1.84571],
"1GW3WW1SS4WW":[11.9523,0,-10,0.449794],
"1SS1WW3GW1SG":[-10,-10,1.49765,-10],
"4GW4WW1WW1SR":[-0.00108862,0.00644024,-10,-10],
"1SS2SG4WW4WW":[-10,-0.000412356,2.23318,0],
"4WW1SS3SS4RW":[-0.00263298,-10,0,0],
"1SS4RW2GW2SS":[-10,-0.001,0,0],
"4WW2SR1SS2WW":[1.93004,-0.0019,-10,-0.000651628],
"3RW4WW1SS3SS":[0.00109931,0,-10,0],
"2GW2WW1SS1SS":[3.67236,0,-10,-10],
"3SG1SS2WW4WW":[0.405421,-10,0,0],
"2WW1WW3GW1SG":[-0.996,-10,0,-10],
"1SS4SG4WW1SR":[-10,-0.001,0,-10],
"4WW1SR1SG4WW":[0.00207299,-10,-10,0],
"1WW1SS1RW2WW":[-10,-10,-0.107648,-0.00149941],
"3WW1GW4WW1SS":[-0.00175005,9.38132,0.134391,-10],
"4WW2SG1SS1SS":[-0.001,0.0564188,-10,-10],
"2WW2WW1SR1SS":[-0.001,-0.001,-10,-10],
"1SS1SS1SR4GW":[-10,-10,-10,0.277145],
"1SR1SS4WW3GW":[-10,-10,0.0165522,0],
"4GW1WW4WW1SS":[0.367798,-10,0.0418808,-10],
"1SG4WW1WW2RW":[-10,-0.001,-10,-0.0211634],
"3RW2WW3WW1SS":[-0.001,0.210404,0,-10],
"3WW3WW1SS2GR":[-0.001,0,-10,0],
"1SS4WW1WW4GW":[-10,0.152937,-10,-0.00550958],
"4WW1RG2WW1SS":[0.0112121,0,0,-10],
"4GW3WW4WW1SS":[0.115101,2.32325,-0.00271,-10],
"1WW2WW3SS1SS":[-10,-0.00066573,0.0511053,-10],
"1SS3WW4RG4WW":[-10,0,0,0.00534671],
"3RW4WW4GW1SS":[0.00403464,0.370567,0,-10],
"1SS1SS1GR2WW":[-10,-10,1,0],
"1SS4WW3RW2WW":[-10,-0.00159252,0.00339873,0],
"3WW1SS2GW1GW":[0.00286966,-10,-0.001,0],
"1GW3SS1SG1WW":[1,0,-10,-10],
"1WW4GW2SR1SG":[-10,-0.001,0,-10],
"1WW1SS4SS1WW":[-10,-10,0.0765285,-10],
"4GW3RW1SS2WW":[-0.001,0,-10,0],
"1SG3RW4WW2WW":[-10,-0.001,0,0],
"1SS1SS3RW4WW":[-10,-10,0.836171,0.312169],
"2SS4SS2GW1SS":[-0.001,0,0,-10],
"1SS1RW2WW1SS":[-10,-0.20027,0.770488,-10],
"1SS1SS3WW4WW":[-10,-10,2.06289,2.63278],
"1SS1WW2WW4RW":[-10,-10,-0.00101356,-0.0019],
"4WW1SR2WW4WW":[1.29636,-10,0,0],
"1WW1SG4RW3GW":[-10,-10,-0.001,0],
"1SS1SS4WW2RW":[-10,-10,1.92087,0.0912906],
"2SS4WW1SS1SS":[0.228512,2.88399,-10,-10],
"3RG3WW1GW1SS":[-0.001,0,0,-10],
"2WW1RG4WW1SS":[0.0448471,-0.101455,0,-10],
"1SS2WW3WW3SS":[-10,0,0,0.290164],
"1SG4WW2WW1SS":[-10,0.984284,-0.00206626,-10],
"4GW1SS2WW4RW":[0.000419288,-10,0,0],
"4GW2SS1SS4WW":[1.29964,0.00779528,-10,0],
"3WW2RW1SS3WW":[0.274429,0,-10,-0.001],
"1SS2WW3WW2SS":[-10,0,-0.00064495,0.756473],
"4WW2WW1GW1SS":[-0.00264446,0,11.8349,-10],
"1SS1SS4GW4GW":[-10,-10,-0.001,0],
"1SS1GW3WW4WW":[-10,12.1664,0.220308,0.00540042],
"2SR1SS1SS2SS":[-0.996,-10,-10,0],
"1WW1RW4WW1SS":[-10,-0.18792,0.603341,-10],
"4WW1SS1SS1SR":[0.278819,-10,-10,-10],
"4GW2WW3SS1SS":[0,0.00666222,0,-10],
"1RW4SS1SS4WW":[-0.0116005,0,-10,0],
"1WW1SS4RW1WW":[-10,-10,-0.00256535,-10],
"1SS2WW2RW4WW":[-10,0.538279,-0.0019,0],
"4WW2WW1SG1SS":[0.0580198,2.20379,-10,-10],
"2GW1RW1SS4WW":[1.79618,-0.2,-10,0],
"1SS1SG4WW1GW":[-10,-10,0.702635,0],
"4WW4WW1GW1SS":[0.110154,0.524467,12.5681,-10],
"4WW4WW1SS3GR":[0,0.445709,-10,0],
"1WW1SS4WW1GW":[-10,-10,-0.000225523,10.409],
"1RW1SS3WW2GW":[-0.201406,-10,0,0],
"2WW3WW1SR4WW":[0.00355254,0.317483,-10,0],
"1RW1SS2WW1WW":[-0.2,-10,0,-10],
"3WW1SS1SG3WW":[-0.000956585,-10,-10,0.000107423],
"1SR1WW3WW1GW":[-10,-10,-0.001,0],
"2RW4WW1SS1WW":[-0.00302365,0.0465743,-10,-10],
"2WW1WW1SS4GW":[0.153628,-10,-10,0.0287614],
"2SS4WW1SR1SS":[0.16087,0,-10,-10],
"2SS1SS2SS2SS":[-0.001,-10,0,0],
"1SS3WW3WW2SS":[-10,-0.0012838,0.608903,-0.001],
"1SR1SS1WW1SS":[-10,-10,-10,-10],
"1SS2GW4WW1SG":[-10,0.0957526,0,-10],
"1SS2WW3GW4WW":[-10,0.345103,0,0],
"1SG4WW3WW1GW":[-10,-0.001,0,0],
"4WW1GW1SS4WW":[0.595813,12.1753,-10,-0.000333367],
"4WW1SS2WW4GW":[2.11168,-10,0.200559,-0.000467287],
"4GW2WW1SS2SS":[-0.001,0.313088,-10,0],
"1SS3SS4WW1SR":[-10,-0.001,0.321641,-10],
"2WW2WW1RW1SS":[-0.001,0.0200146,0,-10],
"1SS1SS2RG3WW":[-10,-10,0,0.00250166],
"4WW3WW4SS1SS":[1.6677,0,0,-10],
"1SS1GW2GW4WW":[-10,1.19886,0,0],
"4WW1WW1SS2GW":[0.877931,-10,-10,0],
"1SS4RW1GW2GW":[-10,-0.001,0,0],
"1GR4WW2WW1SS":[1,0,0,-10],
"4WW3WW1RG1SS":[0.135958,0,0,-10],
"4WW4SS1SG1WW":[-0.00104204,0,-10,-10],
"4RW1GW1SS4WW":[0,2.1527,-10,0],
"4RW1SS2WW2GW":[-0.001,-10,0,0],
"1SG1SS1WW1SS":[-10,-10,-10,-10],
"1WW1SG4WW2WW":[-10,-10,0.67911,-0.00306919],
"3WW1SS2SG3WW":[0.139863,-10,0,-0.001],
"1GW1SS2WW3GW":[0,-10,0,-0.001],
"3RW3SS1SG4WW":[-0.001,0,-10,0],
"2SG1SR3WW4WW":[-0.001,-10,0,0],
"1RW4WW1GW1SS":[-0.198975,0.479359,0,-10],
"4WW3SS1SS2RG":[0.283026,0,-10,0],
"1SS3SS3WW3GW":[-10,-0.001,0,0],
"3RG4WW1SS1SS":[-0.001,0.773671,-10,-10],
"2SS1SS4WW3SS":[-0.001,-10,0.231791,0],
"1WW3RW2SS1SS":[-10,0.0800045,-0.00133172,-10],
"2RW2SG1SS1WW":[-0.001,0,-10,-10],
"1SS1SS1SG1WW":[-10,-10,-10,-10],
"1WW4RW1SS1SS":[-10,-0.00361593,-10,-10],
"1WW1SS1SS4RW":[-10,-10,-10,0.0187644],
"1WW4RW1SS4WW":[-10,0.19475,-10,-0.001],
"1SS2SS1SS1WW":[-10,-0.996,-10,-10],
"2RW4WW2SS1SS":[0,1.78531,0,-10],
"2WW2RW1SS3GW":[0.0474781,0,-10,0],
"2WW4GR1SS3WW":[-0.00126964,0,-10,0],
"2SG1SS1SS4SS":[-0.001,-10,-10,0],
"2WW2GW1SS4WW":[-0.00231305,2.73721,-10,-0.0019],
"1WW1SR4SS2WW":[-10,-10,-0.00118905,0],
"1SS2WW2WW4SS":[-10,0,0.602568,0],
"2SS1SS2GW1SS":[0.210884,-10,0,-10],
"4RW1SS3GW4WW":[0,-10,-0.001,1.83838],
"4WW1SS4RW4WW":[0.44584,-10,0.0338039,3.66895],
"2GW4WW1SR3WW":[0.588383,0,-10,0],
"1GW1SS1WW4WW":[9.8719,-10,-10,0.106843],
"2WW2GW1SS2WW":[0.245824,0,-10,-0.00126123],
"1SS1SS3GW1GW":[-10,-10,0.95213,0],
"4WW1SS1RW4GW":[-0.001,-10,0.0516003,0],
"1SR1WW4WW1SS":[-10,-10,0.141641,-10],
"1SS1WW1GR4WW":[-10,-10,1,0],
"4WW1SS1SS2GW":[0.225925,-10,-10,9.00824],
"1SR1WW2SS1SS":[-10,-10,-0.001,-10],
"2WW1SR4GW4WW":[0.56156,-10,0,0],
"3GW4WW1SS1SS":[7.44498,0.325144,-10,-10],
"1SS1WW1GW1SR":[-10,-10,1.09612,-10],
"4WW4WW1SR3SS":[0.00849417,0,-10,0],
"2SG2RW4WW1SS":[-0.00118905,0,0,-10],
"4RW4WW1SS4GW":[-0.0010995,0.0061428,-10,0],
"4WW1GW3GW1SS":[-0.000946196,1.27701,0,-10],
"2WW3SS3SS1SS":[-0.001,-0.001,0,-10],
"4RW1WW3WW1SS":[0.000725183,-10,0,-10],
"4GW3WW1SS3SG":[0.00225915,0,-10,0],
"1SS4GW4WW1GW":[-10,-0.001,0.489381,0],
"2SS3WW1WW1SS":[0.244016,-0.00229622,-10,-10],
"1SS1GW4WW4GW":[-10,6.50024,0,0],
"1WW2RW4WW1SS":[-10,0,0.984909,-10],
"1WW3GW4WW3WW":[-10,-0.001,0,0],
"1WW4WW1SR4WW":[-10,1.20092,-10,0.0815387],
"1SS2SS4WW1SS":[-10,0.0017816,0.877294,-10],
"2GW3WW4WW1SS":[4.76521,1.40053,-0.001,-10],
"1SS1SS1WW4WW":[-10,-10,-10,2.26756],
"1RW1WW4WW1SS":[-0.199917,-10,0.514393,-10],
"1WW4RW4GW1SS":[-10,-0.001,0,-10],
"2WW2GW1SS1SS":[0,1.18266,-10,-10],
"1SS1GW2WW2WW":[-10,1.00255,0,-0.001],
"1WW4RW1SS2WW":[-10,-0.0019,-10,-0.00181679],
"4WW3RW4WW1SG":[0.187832,0,0,-10],
"2WW2GW1SS1GW":[-0.001,0,-10,0],
"2WW1WW1SS4SG":[0.0367078,-10,-10,0],
"3WW1SS1SS2WW":[-0.001,-10,-10,1.0925],
"4WW4WW3WW4WW":[-0.00336652,-0.0019995,-0.0019,-0.001],
"1SR2SS2WW1SS":[-10,-0.0010813,-0.001,-10],
"3WW2GW1SS4WW":[1.31435,-0.001,-10,0.00258365],
"1SR4WW1SS1SS":[-10,1.39542,-10,-10],
"1SS3SG4WW2WW":[-10,0.0016403,0,0],
"3WW2WW4RW1SS":[0.00249783,0,-0.001,-10],
"4SS1SS2WW2WW":[-0.001,-10,-0.001,0.142213],
"1SS4GW4GW4WW":[-10,-0.001,-0.001,0],
"1SS1WW4WW3SR":[-10,-10,0.546685,0],
"3SS4WW1WW1SG":[0.462702,0,-10,-10],
"4WW2WW1SS4RW":[1.27923,-0.00271,-10,0.0411313],
"1SS1SS1SS3RW":[-10,-10,-10,0.170648],
"4WW4GW1SR1WW":[-0.001,0.0206333,-10,-10],
"4WW4GW1WW1SS":[1.8477,0.0986995,-10,-10],
"2RW1SS1SS2WW":[-0.000574612,-10,-10,0.637775],
"4WW1WW2RG1SS":[0.00252658,-10,-0.001,-10],
"1SS2SG1SG1SS":[-10,-0.001,-10,-10],
"3WW4WW1SS2SS":[1.09438,0.0230775,-10,0.0100662],
"1SS1SS2WW3RW":[-10,-10,0,-0.001],
"1SG3GW3WW2WW":[-10,0,0,0.00295461],
"1SS3RW4WW2SS":[-10,-0.001,0.686292,0],
"3WW4WW4RW1SG":[-0.0010995,-0.001,0,-10],
"2WW1WW4WW1SS":[-2.26329,-10,1.64894,-10],
"1GW1SS1SS4WW":[9.96169,-10,-10,0.231146],
"1SR1SS3WW2GW":[-10,-10,-0.001,0],
"3SR1SG1SS3WW":[-0.001,-10,-10,0],
"4SS1SS1SS4WW":[0.726253,-10,-10,0.496705],
"1SS4RW4WW1WW":[-10,0.00611741,0.821668,-10],
"1SS1WW4GW1SR":[-10,-10,-0.000981498,-10],
"4WW2WW1SS1RW":[0.708843,0,-10,0],
"1SS1SS4GW2SG":[-10,-10,0.00129288,0],
"2WW2WW4WW2GW":[-0.001,-0.0010995,-0.001,-0.001],
"3WW1SR3SS4WW":[0.213214,-10,0,0],
"3WW4WW2SR1SS":[-0.001,0.926455,0,-10],
"4WW3GW4WW1SR":[0,0,0.580658,-10],
"1SS3WW4WW1GW":[-10,0.0749019,1.99758,1.11627],
"1WW1SR1GW1WW":[-10,-10,0.99991,-10],
"1SS2SS3WW1WW":[-10,0.0214349,0.0200769,-10],
"1SS1WW2WW1SR":[-10,-10,-0.0028075,-10],
"1SS1GR4WW4WW":[-10,0,1.13468,0],
"4WW1SS1SR3WW":[0.0404915,-10,-10,1.00137],
"1SS1SG4WW2RW":[-10,-10,-0.001,0.0201922],
"1WW1SS3SG4WW":[-10,-10,-0.0019,0.608889],
"2GW3WW1SS1SS":[2.61207,0,-10,-10],
"2WW1SS1SG3WW":[0.0510311,-10,-10,0.440355],
"2WW3WW1SS3RW":[0.00725602,0,-10,0],
"4WW1WW1SG1SS":[0.26568,-10,-10,-10],
"1RW2SS1SS3WW":[-0.198896,0,-10,0],
"1SS3WW1RW4WW":[-10,0.031482,-0.0721742,1.07836],
"1SS1SS2RW1SS":[-10,-10,0.277985,-10],
"4WW1RG1SS4WW":[2.04317,0,-10,0],
"1WW1SS2SS3GW":[-10,-10,-0.000137091,0],
"3WW1SS1GW1WW":[-0.100102,-10,0,-10],
"1WW2GW1SS4GW":[-10,-0.001,-10,0],
"1RW1SS2WW2WW":[-0.104926,-10,0,0],
"2SR1SS1SS4WW":[-0.001,-10,-10,1.02616],
"1SS2SG4WW1WW":[-10,0.0812322,0.451243,-10],
"1WW4WW1SS3SS":[-10,0.370286,-10,0],
"2WW4WW1RG1SS":[0.0188034,0,0,-10],
"4WW2SG1SS2WW":[-0.000418096,-0.001,-10,0.42742],
"2WW3GW1SS4GW":[-0.00233557,0,-10,0],
"2GW1SS1WW2WW":[-0.001,-10,-10,0],
"4WW2WW1RG1SG":[0,0,-0.198986,-10],
"1WW4WW1SS1SS":[-10,2.41611,-10,-10],
"1GW4GW1SS2WW":[3.89171,0,-10,-0.00154008],
"4GW1SR2WW2WW":[-0.001,-10,0,0],
"1WW4WW3SS1SG":[-10,0.0143254,-0.001,-10],
"1RW2WW1SS1GW":[-0.179112,0.198994,-10,0],
"2WW1SS1GW2WW":[0.0034614,-10,6.88664,-0.00126058],
"4WW3WW1SS2SR":[-0.000599805,0.157609,-10,-0.001],
"4GW1SS1WW4GW":[0,-10,-10,-0.00146476],
"1SS1SS1SS1SG":[-10,-10,-10,-10],
"1SS1WW4RW1SG":[-10,-10,-0.00145743,-10],
"3GW2WW1SG4WW":[-0.001,0.316331,-10,0],
"1SS2SS1SS3GW":[-10,-0.996,-10,0],
"4GR2WW3WW1SS":[-0.001,0.0679201,0,-10],
"1SS1SS1RG4WW":[-10,-10,-0.143814,1.09759],
"1SS4WW4WW4SG":[-10,-0.000691781,0.931478,0],
"3RW4WW3SS1SS":[0.290491,0.658514,0,-10],
"4SR1SS2WW3WW":[-0.001,-10,0,0],
"3WW4WW4RW1SS":[0.237995,1.98997,0.083876,-10],
"1SS1SS2SG1SS":[-10,-10,-2.60259,-10],
"1WW2WW1SS4GW":[-10,-0.000502868,-10,0.208642],
"2WW2WW1SR4SS":[0.03835,0,-10,0],
"2WW4WW4SS1SS":[0.0581734,1.76334,0.183848,-10],
"3RW3WW4WW1SS":[0.0818449,2.46532,0,-10],
"4WW1SR4GW2WW":[-0.001,-10,-0.001,0.0929466],
"4WW2GW1SS3WW":[-0.000841949,0,-10,0.11899],
"4WW1WW3RW1SS":[0.0306894,-10,0,-10],
"4RW1SS1GW1GW":[-0.001,-10,0,0],
"2WW4GW1SG1WW":[-0.001,-0.001,-10,-10],
"1SS4WW4SS1SG":[-10,0.0269761,0,-10],
"1WW1SS1SG2WW":[-10,-10,-10,0.0737437],
"4WW2SS1SS2GW":[1.21017,0.0429847,-10,8.15786],
"4GR1SS4WW4WW":[0.0942806,-10,0,0],
"1WW1SS4GW1GW":[-10,-10,-0.001,3.54677],
"1SS1WW2GW1SS":[-10,-10,2.65755,-10],
"1WW1WW3GW1SR":[-10,-10,-0.001,-10],
"1SR1SS1SG4GW":[-10,-10,-10,0.0559542],
"1WW2WW1SS4RW":[-10,-0.001,-10,0.0254664],
"1SS4WW4WW2GR":[-10,-0.00118905,0.465185,-0.001],
"1WW3RW1SS2GW":[-10,-0.001,-10,0],
"4RW2GW1SS3SS":[-0.001,0,-10,0],
"4GW2SS1SS2WW":[-0.001,0.349446,-10,0],
"1SR4WW4WW1SS":[-10,2.41393,0.0146522,-10],
"2SS2RW4WW1SG":[0,-0.001,0,-10],
"2SR1SG1SS1SS":[-0.996,-10,-10,-10],
"1SR4WW4WW2SS":[-10,0.257149,0,-0.001],
"4GW3GW1SS1WW":[0.156209,0,-10,-10],
"1SS1SS1SS4RW":[-10,-10,-10,0.136512],
"3WW3WW2GR1SS":[-0.001,0,0,-10],
"1WW1SS2GW3GW":[-10,-10,-0.001,0],
"1RW1SS4WW2WW":[-0.2,-10,0.00464395,1.68157],
"3WW1SS1RW4WW":[0.00299219,-10,-0.14837,1.70602],
"1SS2SS1GW2RW":[-10,0.108081,0,0],
"3WW4WW1SS2RW":[0.777043,0.0994793,-10,0.0126613],
"4GW2RW3WW1SS":[-0.001,0,0,-10],
"4WW3WW2WW1SR":[0.998239,0,0.623193,-10],
"4RW3WW2GW1SS":[-0.001,1.22694,0,-10],
"3WW1SS1SS3RW":[1.05563,-10,-10,-0.001],
"3RW1SS3WW4WW":[0.172575,-10,-0.001,2.64849],
"1SG4WW1RW1WW":[-10,0.149876,0,-10],
"1SS1WW2RW4GW":[-10,-10,0,0.0187405],
"4WW4WW1SR2SS":[-0.000943313,0.978745,-10,0],
"1SS4WW1RG1SS":[-10,0.57141,0,-10],
"2GW2SS1SG1WW":[0.320656,0,-10,-10],
"3GW2WW4WW1SS":[-0.001,-0.001,0.144284,-10],
"4RG4WW1SS2WW":[-0.001,0,-10,0.000614558],
"1SS1GW3GW4WW":[-10,1,0,0],
"4WW4GR1SS2GW":[0.272691,0,-10,0],
"4RG1SS1SS2WW":[-0.001,-10,-10,0],
"2WW4WW1SG4GW":[-0.000892632,0,-10,0],
"3WW4WW1SS1WW":[0.0399261,1.43266,-10,-10],
"3WW1SS4GW4RW":[-0.001,-10,-0.001,0],
"4WW1SS4GW4WW":[0.962128,-10,0.802928,2.60718],
"2RW4WW1SG4WW":[0.15828,2.74989,-10,0],
"1RW4GW1SS2GW":[0,-0.000258958,-10,0],
"1SS3GW4WW1SS":[-10,0.0017647,2.63826,-10],
"2SS1SS3WW4WW":[1.43593,-10,0.913935,2.81231],
"4WW3WW1RW1SG":[0.0607842,0,0,-10],
"4WW4GW3WW4WW":[-0.00229451,-0.001,-0.001,0],
"3RW4WW1SG4WW":[-0.001,0.73087,-10,0],
"1GW4WW1SS1SS":[11.5434,0.237625,-10,-10],
"3WW3SS1SR1GW":[-0.001,0,-10,0],
"4WW3SS1SG1WW":[0.0816027,0,-10,-10],
"1SS1SS4GW3GW":[-10,-10,0.11577,0],
"1SG2RW3WW1SS":[-10,0,0.0182641,-10],
"4RW1SS2GW4WW":[-0.000850991,-10,0,1.93215],
"4WW2WW1SR1SS":[-0.001,2.39601,-10,-10],
"1SS1SR4WW4WW":[-10,-10,3.36317,-0.001],
"1SS1GW4GW4WW":[-10,1.00056,0,0],
"3SS1SS1SG4WW":[0,-10,-10,0.581339],
"1WW4GW1SR2WW":[-10,0.134375,-10,-0.996],
"1WW1GW1SG4SS":[-10,1.12508,-10,0],
"2SS1SS4WW2RW":[0.0535343,-10,0,0],
"1SS1WW1GR4SS":[-10,-10,1.04694,0],
"3RW1SS3SG4WW":[-0.001,-10,0,0],
"3GW3WW1SS4RW":[0.000894551,0,-10,-0.001],
"2WW1WW1SR1SS":[-0.804279,-10,-10,-10],
"4WW4RW3WW1SS":[0.744271,0,-0.00134934,-10],
"4WW1SS3GW2GW":[0,-10,0,2.67493],
"4WW1RW1SS3WW":[2.09861,-0.158483,-10,0],
"4WW4SS1SS3WW":[0.338104,0.0153533,-10,1.93223],
"1SS4GW1WW1WW":[-10,0.13021,-10,-10],
"1SS4WW2GW2RW":[-10,0.0479227,0,0.0102447],
"3GW1SR4GW4WW":[0.0300127,-10,0,0],
"1SS3RW1WW3WW":[-10,-0.001,-10,0],
"2WW1SS2GW1WW":[-0.001,-10,0.0138419,-10],
"2WW2WW4WW1SR":[-0.001,-0.001,0.125195,-10],
"1SS1SS1SG1SG":[-10,-10,-10,-10],
"2WW1SR1GW1WW":[0,-10,1.00034,-10],
"2GW1SS4WW3WW":[8.38288,-10,0.0782568,0],
"2SS3WW4GW1SS":[0.0408902,0.209529,-0.001,-10],
"1WW1SS1RW4WW":[-10,-10,-0.125316,1.0479],
"1SS1SG2WW3WW":[-10,-10,0.109509,-0.001],
"4WW4WW3RW1SS":[0.136548,2.59088,0.20404,-10],
"3SS1SS1SS4SS":[-4.31155e-05,-10,-10,0],
"2WW3WW4WW1GW":[-0.001,0,0,0],
"1WW4WW3RW1SS":[-10,1.31347,0,-10],
"1SR4WW1GW4WW":[-10,0,1.0097,0],
"2GR4WW1SS4WW":[1.35648,-0.00118905,-10,0],
"3WW2WW1SR4WW":[0,0.000122922,-10,1.0579],
"1RW2GW1WW1SS":[0.61674,0,-10,-10],
"1GW2GR2WW1SS":[1,0,0,-10],
"1SR1SS2GW4WW":[-10,-10,-0.001,1.16099],
"4WW3GR1SS4WW":[0.0749393,0,-10,0],
"1SS4SS4WW4GW":[-10,0.0251428,0,0],
"4WW1SR1SS1GW":[0.378113,-10,-10,0],
"1GW1SS4WW3WW":[12.1063,-10,0.00575756,0.256022],
"1SS1SS2RW1GW":[-10,-10,0.061687,0],
"4SS1SS1WW4RW":[0.0393771,-10,-10,0],
"1SS1WW1RW4SG":[-10,-10,-0.188757,0],
"1GW2SS1SS1SS":[1.01546,0,-10,-10],
"4WW1SS1SS2RG":[0.11373,-10,-10,-0.001],
"4WW1WW3GW1SS":[-0.0021741,-10,3.84395,-10],
"1SS1WW3WW1SG":[-10,-10,0.252209,-10],
"4WW2WW4WW1SR":[0.201353,0.011302,1.76601,-10],
"1SS3WW3WW1RG":[-10,-0.00135437,0.0613565,-0.2],
"2WW1WW1SS1RW":[0.0597119,-10,-10,-0.2],
"1SS1SS3WW1WW":[-10,-10,0.269294,-10],
"4WW2WW3SS1SS":[1.68378,0,0,-10],
"1SG4WW4WW4GW":[-10,0.0822353,0,-0.001],
"1SR1SS4WW4WW":[-10,-10,0.429746,2.92437],
"3WW1SS3GW4WW":[0.00160593,-10,2.42306,0],
"1RW4WW2SS1SS":[0,1.77277,0,-10],
"2GW1WW1WW1SS":[-0.001,-10,-10,-10],
"3WW3RW4WW1SS":[-0.000996211,0.0601532,0,-10],
"3WW1SR4WW2WW":[0.0558916,-10,0.820225,0],
"3WW1RW1SS4WW":[1.80917,-0.2,-10,0.0151143],
"3GW2WW2RW1SS":[-0.001,0,0,-10],
"3GW3SS1SG3WW":[0,0,-10,0.0127548],
"4WW1SS4SS4RW":[0.0234426,-10,0,0],
"2SS1WW3WW1SS":[0,-10,-0.00201785,-10],
"4WW1RW1SS1SG":[0.314944,0,-10,-10],
"3RG1SS4WW4WW":[-0.001,-10,0,0],
"4SS1SS2GW3WW":[-0.001,-10,0.856501,0],
"2SS2SS1SS4GW":[-0.000365823,-0.001,-10,0.216619],
"1SS2GW1SS1SS":[-10,0.00921596,-10,-10],
"3SG1SS3WW3WW":[-0.001,-10,-0.001,0],
"2WW1GW4GW1SS":[0.00388986,0,0,-10],
"4WW1SS1RW2WW":[-0.000556061,-10,-0.192828,1.49045],
"1WW4WW1SS4SS":[-10,0.0329298,-10,0],
"2SS4GW1SS1SS":[0.148517,0,-10,-10],
"3GW3WW4WW1SS":[0.993922,2.46352,-0.0019,-10],
"1SS1WW2RW1SG":[-10,-10,-0.001,-10],
"1SS3SG4WW3RW":[-10,-0.001,0,0],
"4WW1GW1SS2SS":[0.79544,0,-10,0],
"1SS1SR3GW1WW":[-10,-10,0.625105,-10],
"4SS1SS2WW3WW":[-0.001,-10,-0.000349308,0.354489],
"1WW4GW1SS4GW":[-10,0,-10,-0.0019],
"4SS1GW4WW1SS":[0.101123,0,0,-10],
"1SR2SS4GW4WW":[-10,0,0,0.0498036],
"1SS3GW3WW4WW":[-10,0.145149,2.55112,0.012885],
"4WW1WW1SR4WW":[-0.0019,-10,-10,1.51121],
"3GW1WW1SS1SR":[0.0360465,-10,-10,-10],
"1SS2RW1WW1SS":[-10,-0.001,-10,-10],
"4WW1SS1GW3WW":[0.0680226,-10,10.6816,0.0149318],
"4WW3WW4WW4GW":[-0.0019,-0.00208905,-0.0010995,-0.0019],
"4WW1WW1SR1SG":[-0.001,-10,-10,-10],
"1GW1SS1WW4RW":[0,-10,-10,-0.001],
"4WW1WW2RW1SS":[0.00364304,-10,-0.0322536,-10],
"4WW1SR1WW1GW":[0.00440854,-10,-10,0],
"1SS1WW1GW3GW":[-10,-10,1.0873,0],
"2WW1SG4WW3WW":[0,-10,0.295013,0],
"2WW3GW1SS3WW":[0.349256,0,-10,0],
"1SS1SS2SG4SS":[-10,-10,-0.00109707,0],
"4RW1SS1WW1GW":[0.00305904,-10,-10,0],
"2WW3WW1SS1RG":[0.000506927,0,-10,-0.2],
"3RW1SS1SS4WW":[0.188013,-10,-10,2.37933],
"2SR1SS4WW4WW":[-0.987572,-10,-0.001,1.67257],
"1WW1GR4GW1SS":[-10,1,0,-10],
"1SR1SS3WW4WW":[-10,-10,0.0394276,2.51892],
"1WW3GW2SS1SS":[-10,0.0792296,0,-10],
"4SS4WW1SG1SS":[-0.001,0.328896,-10,-10],
"4WW1SS2SS1WW":[0.400835,-10,-0.001,-10],
"4WW4RW2WW1SG":[0.552974,0,0,-10],
"1SS4RW4WW1SG":[-10,-0.001,1.16453,-10],
"2GW1SS2WW3WW":[1.64046,-10,0,0],
"4GW4WW1SG4WW":[-0.001,1.187,-10,0],
"1SS3WW1GW1SG":[-10,-1.26894e-05,0,-10],
"4WW2SR1SS1GW":[0.24203,0,-10,0],
"1SS1SS1SG2RW":[-10,-10,-10,0.032519],
"4WW1SS2WW3GW":[2.18039,-10,-0.00147612,0],
"1SS1SS3WW1RW":[-10,-10,0.486526,-0.157433],
"1WW1WW4RW1SG":[-10,-10,-0.00199075,-10],
"1SS2SS4GW2WW":[-10,-0.00087081,-0.001,0.231526],
"1SS4RG1GW2WW":[-10,-0.001,0,0],
"2GW4WW4RW4WW":[-0.0019,-0.00232779,0,0],
"1WW1GW1SS1SS":[-10,7.69435,-10,-10],
"3WW2SS1SS4WW":[1.03289,0,-10,2.12316],
"4WW1SS4RW2WW":[-0.00150045,-10,-0.001,1.6815],
"3WW1WW4GR1SS":[-0.000197776,-10,0,-10],
"3SS4WW4GW1SS":[-0.0010995,1.48718,0,-10],
"1SG1WW1WW2SR":[-10,-10,-10,-0.001],
"1SG3SS1SS2SS":[-10,-0.232916,-10,0],
"4WW2WW4RW1SG":[-0.001,0,0,-10],
"3WW1GW1SG4WW":[-0.000815632,0,-10,0],
"4RW2WW1WW1SG":[-0.001,0,-10,-10],
"4WW1SS1SR4WW":[0.872978,-10,-10,3.27348],
"2WW1SS3SR4WW":[0.322115,-10,0,0],
"4WW1SG2RW2WW":[-0.00107254,-10,0,0],
"4WW4SS1SR1WW":[-0.0019995,0.0359455,-10,-10],
"1SS3WW2GW1SS":[-10,0.646313,-0.001,-10],
"2SS1SS2RW3WW":[0.0179853,-10,0,0],
"3WW1SS3SS4WW":[1.43797,-10,0,0.305549],
"4WW2RG2WW1SS":[0,-0.001,0,-10],
"1SS1SS2GW2WW":[-10,-10,-0.0019,0.0939461],
"1SS3SS1SG4WW":[-10,-0.287296,-10,0],
"1WW1SS2RW4WW":[-10,-10,0.0219748,-0.00162658],
"1RW1SS3WW3WW":[-0.360595,-10,0.0743841,0],
"1SS2SG4SS3WW":[-10,-0.001,0,0],
"4WW2WW2SS1SS":[1.8519,0.0118803,0,-10],
"1SS1SS2SS1GR":[-10,-10,0.20585,0],
"1SS3GR4WW2SS":[-10,0.0121278,0,0],
"1SS4RG1GW1WW":[-10,-0.001,0,-10],
"1SS1SG1WW3WW":[-10,-10,-10,-0.001],
"3WW1WW4RG1SS":[-0.00141895,-10,0,-10],
"3GR2WW3WW1SS":[-0.001,0,0,-10],
"1SR1WW1GW3SS":[-10,-10,1,0],
"2WW2WW1SS2RW":[0.103146,0,-10,0],
"3WW1SS2RW4WW":[0.0127983,-10,0,3.39955],
"1SS1RW2WW4WW":[-10,-0.2,1.18911,-0.00264042],
"3WW3WW2RW1SS":[-0.001,-0.00111351,0.0837822,-10],
"1RW2SS1SS1WW":[-0.169203,-0.001,-10,-10],
"4WW4GW1RW1SS":[0.00522621,0,-0.200846,-10],
"4WW2WW2GW1SS":[-0.001,1.78158,-0.001,-10],
"1SR1WW1WW1SS":[-10,-10,-10,-10],
"4WW3RW1SS1WW":[0.585059,-0.001,-10,-10],
"1SS3WW3RW1SS":[-10,0.00170603,0,-10],
"1SS2SS1GW1GR":[-10,0.00865746,0,0],
"3SS2SS1SS4GW":[0.0471856,0,-10,0],
"2WW4WW1SG2SS":[0.0685382,0,-10,0],
"4WW2GW2GW1SS":[0.219863,0,0,-10],
"2WW1SG4WW2GW":[-0.00170513,-10,0,0],
"1WW1SS1SS4GW":[-10,-10,-10,0.141975],
"1SS4WW4WW3SS":[-10,1.55579,3.32604,0.232116],
"3WW1SS1SG2WW":[-0.00189905,-10,-10,0.00545233],
"1SS1SR1SS1SS":[-10,-10,-10,-10],
"2GW1SS1SS2WW":[3.71702,-10,-10,0],
"1SS2WW4WW3GR":[-10,0.0622447,-0.0015765,0],
"1WW1SS2RW3WW":[-10,-10,0.00541226,0],
"2SS1SS4WW4SG":[-0.000490094,-10,0,0],
"1SS3WW2RW4WW":[-10,0,0,2.01862],
"1SS3WW1SS1SR":[-10,0.0110259,-10,-10],
"2WW4GW4WW2WW":[-0.001,-0.001,0,0],
"4WW3SS1SS3RW":[0.349153,0,-10,0],
"1SS1WW2WW1RW":[-10,-10,0.0056719,0],
"1RW3SS1SG1WW":[-0.0692132,0,-10,-10],
"2WW3WW3RW1SS":[0.0336233,0,-0.001,-10],
"2RW2SS1SS4WW":[0.274514,0,-10,0],
"3WW1WW1SR1SS":[0.0526999,-10,-10,-10],
"4WW4SS1SS1GW":[0.838513,-0.001,-10,8.8034],
"2WW1RW1SS4WW":[0.236926,-0.2,-10,-0.001],
"1SS4WW4WW3RW":[-10,0.127842,2.851,0.146206],
"2WW1SS1SS1GW":[0.597743,-10,-10,0],
"1WW2WW1SG4GW":[-10,2.11624e-05,-10,0],
"3WW1SS3RW2WW":[-0.000658029,-10,-0.001,0.0834411],
"1SS1SS3GW4GW":[-10,-10,0.491706,0],
"4WW1RW3WW1SG":[0.173139,0,0,-10],
"1SS3RW4WW2WW":[-10,-0.001,0,0],
"1SR2SS4WW1SS":[-10,0.197883,0,-10],
"3SR1SS1SS1SS":[-0.0019,-10,-10,-10],
"1WW2WW1SS1SG":[-10,0.0586469,-10,-10],
"2WW1SG1SS1SS":[0.998793,-10,-10,-10],
"2GW3SS1SS4WW":[-0.001,-0.001,-10,0.605659],
"2WW1WW3GW1SS":[-0.00173616,-10,0.978188,-10],
"2RW1WW1SS4GW":[-0.001,-10,-10,0.0176479],
"4WW3GW1SS1RW":[1.1143,0,-10,0],
"1SS1RG2WW4WW":[-10,0,-0.00178509,0],
"2WW2SS1SS3WW":[-0.0010995,-0.0535674,-10,1.13691],
"2WW1GW1SS4WW":[0.0887192,8.63381,-10,0.00560338],
"1SS4WW2WW4GW":[-10,0.119008,0.370007,0.973825],
"2WW1SS4GW3WW":[0,-10,0.0252968,0],
"1WW3WW2SS1SG":[-10,-0.001,0.121504,-10],
"1WW1SS2SG2SS":[-10,-10,0.0012575,0],
"1SS1WW4WW2SS":[-10,-10,0.0964168,0.392776],
"1SS4SS3WW2WW":[-10,0.467653,0,0],
"1SS2WW3WW1SS":[-10,1.21013,0.191092,-10],
"3RW4WW3WW1SS":[-0.0019,0.849742,-0.00159713,-10],
"1WW1SS3SR4WW":[-10,-10,-0.001,0.531783],
"1WW1SS3SR2GW":[-10,-10,-0.001,0.97235],
"1SS1SS2GW3GW":[-10,-10,1.21402,0],
"4RW2WW3WW4WW":[-0.001,0,0,0],
"4WW4WW1SR1SS":[0.626785,2.90746,-10,-10],
"4WW2GR1SS4WW":[0.406391,0,-10,0],
"4SS4WW1WW1SG":[0.127981,0,-10,-10],
"1WW1SG3SS2RW":[-10,-10,0.0707359,0],
"2SS4RW4WW1SS":[-0.001,0,0,-10],
"4WW1SR1WW4GW":[0.225528,-10,-10,0],
"1SS4WW1WW2RG":[-10,-0.001,-10,0],
"1SS2GW4WW2RG":[-10,0.0749402,0,0],
"3GW4WW1SG2WW":[0,0.000357337,-10,0],
"1WW4WW4WW3GW":[-10,-0.001,0,-0.001],
"2GW2WW4GW1SS":[-0.001,0.134758,0,-10],
"2SS4GW4GW1SS":[-0.001,0,0,-10],
"4WW1RW1SS2SS":[0.441786,0,-10,-0.000486561],
"4GW1SS3GW2WW":[0.000978764,-10,0,0],
"1SS1WW2WW1GR":[-10,-10,0.0021544,0],
"4RW2WW4WW1SS":[-0.00114751,1.6939,-0.001,-10],
"3SS1SS2WW3WW":[-0.00177402,-10,1.38378,0.29077],
"1SG4WW3WW1RW":[-10,0.0150795,0,0],
"1SS1SS1SR4WW":[-10,-10,-10,2.28735],
"4WW4WW4WW4RW":[-0.00225821,0,0,0],
"4RW2WW1WW1SS":[-0.0019,-0.001,-10,-10],
"1SS4WW3WW3SS":[-10,0.191782,1.77221,0],
"2WW4WW1SS3SS":[0.452997,0,-10,0],
"2WW4GW2SS1SR":[0,-0.001,0,-10],
"2WW4RW1SS3WW":[1.32979,0,-10,0],
"4GW3GW1SS1SS":[-0.00112475,0,-10,-10],
"4GW4WW1SS4WW":[0.17858,2.64435,-10,0.743663],
"1SS1WW4WW1GR":[-10,-10,0.250811,0],
"4WW1SS3WW1RW":[1.61899,-10,0.0575362,-0.25738],
"2WW1SS2SG4WW":[-0.00154337,-10,0.859441,0],
"1SS4WW1WW4WW":[-10,0.451573,-10,1.92127],
"4WW4GW1SS2RW":[0.728384,-0.001,-10,0],
"4WW2SS1SS4GW":[2.46211,0.00228396,-10,0.0160394],
"3WW1SS2RW1WW":[0.000351791,-10,-0.001,-10],
"1GW2WW1WW1SR":[0,-0.00117585,-10,-10],
"1SS1SS1SS4GW":[-10,-10,-10,0.363266],
"2SS4WW4RW1SG":[-0.0523886,0,0,-10],
"4WW3WW1WW1SR":[0.120218,-0.00135264,-10,-10],
"2SS3WW1WW1SG":[-0.00683942,0.171891,-10,-10],
"1SS1SS4SS4RW":[-10,-10,0.0283053,0],
"1SS1SS1SG2SS":[-10,-10,-10,-1.63199],
"4WW3WW1WW1SG":[0.547004,0.0119848,-10,-10],
"4WW1SS3WW1WW":[2.18629,-10,0.12074,-10],
"1SS4WW1WW2RW":[-10,-0.00271,-10,0.211858],
"3GW3SS1SS4WW":[0,0,-10,0.219755],
"1WW1WW1SS2SS":[-10,-10,-10,-1.8924],
"4GW2SR1SS2WW":[0.118242,0,-10,0],
"3WW1SS4WW4RW":[1.30305,-10,-0.00333815,0],
"3WW1SS4GR3WW":[0,-10,0,0.00950679],
"4WW3WW1SS2SG":[0,0.422866,-10,-0.000814731],
"1SS4WW1WW2WW":[-10,0.796856,-10,-0.78902],
"1GW1SS1GW1WW":[2.7167,-10,0,-10],
"4WW1SS4SG4WW":[0.195335,-10,0,0],
"1SG1SR1WW4WW":[-10,-10,-10,0.118601],
"2WW1SS4WW3WW":[0.270494,-10,1.9014,0.450694],
"1SS4WW4GR3WW":[-10,0,-0.001,0],
"1WW3WW3GW1SS":[-10,-0.0010995,0.0485548,-10],
"1SS2RW3WW1GW":[-10,-0.001,0.370629,0],
"4RW4WW1SG1SS":[-0.001,0.253794,-10,-10],
"3GR4GW1SS2WW":[0.00880075,0,-10,0],
"4WW4WW4GR1SS":[0,0.423493,0,-10],
"1SS4SS1GW4WW":[-10,-0.001,2.41582,0.359269],
"1RW2WW1SG2SS":[-0.2,0,-10,0],
"1WW4WW1SG1RW":[-10,-0.001,-10,-0.2],
"2WW1WW1GR1SS":[-0.996,-10,0,-10],
"2SS1SS4WW1SS":[-0.996,-10,1.22158,-10],
"1WW4WW1SG3SS":[-10,0.0314882,-10,-0.00138771],
"1WW2WW1SG1RG":[-10,-0.996,-10,0],
"3WW4SS1SS2WW":[-0.00129918,0.166018,-10,-0.001],
"1GW4WW3WW1SS":[6.25183,0,0,-10],
"3WW1SS1RG1WW":[-0.00125557,-10,0,-10],
"4WW1SS3WW4GW":[2.31734,-10,0.0333634,-0.00360915],
"2RW1WW1SS2SG":[0,-10,-10,-0.001],
"1RW3WW3SS1SS":[-0.17576,0,0,-10],
"4RW4WW4GW1SS":[-0.001,1.17616,0,-10],
"4RW1WW4WW1SS":[-0.0022355,-10,0.342683,-10],
"4WW4SS1SS1WW":[2.02364,-0.0019,-10,-10],
"1WW4WW1SS3RW":[-10,-0.00257863,-10,-0.00271],
"2WW2SS1SS1RW":[0.111048,0,-10,0],
"4WW2SS1SS1RW":[1.89079,0,-10,-0.197601],
"3RW1SS2WW4WW":[0,-10,0.182095,1.15731],
"1SS1SS2SS1SR":[-10,-10,-0.897587,-10],
"3WW1SS2SG2WW":[0,-10,-0.001,0.00159996],
"1SG1SR1SS1WW":[-10,-10,-10,-10],
"1GR1SS4WW3WW":[2.72293,-10,0,0],
"1SS1SS4WW2WW":[-10,-10,2.52626,0.277711],
"2WW4WW4WW1SR":[0.247767,0,0,-10],
"3SS2SR1SS4WW":[0.03872,0,-10,0],
"2WW2WW4GW1SS":[0.00930412,0.862983,-0.00103198,-10],
"2WW2WW2RW1SS":[-0.000948751,0.113272,0,-10],
"1SS3SS2GW4WW":[-10,-0.001,0.891089,0],
"2SS3RW4WW1SS":[0.00132239,-0.000456377,0,-10],
"4WW1SS3SS3WW":[0.628487,-10,0,0.0983791],
"4WW1SS3GW2WW":[0.0438256,-10,-0.0019,0.896704],
"4RW4GW1SS1SS":[0.0349106,0,-10,-10],
"2SR1SS1SS2WW":[-0.000765367,-10,-10,0],
"1SS3SS3WW2WW":[-10,0.190922,0,0],
"1SS3WW1WW3RG":[-10,0.0854686,-10,0],
"1SS2SS1SS1SR":[-10,-0.996,-10,-10],
"2SS4WW1GW1SS":[-0.001,1.24919,0,-10],
"4WW3WW1SS3GR":[-0.000812694,-0.001,-10,0.00311731],
"2SG3WW1WW1SR":[0,-0.001,-10,-10],
"3GW1SS1SS1RW":[0.0787799,-10,-10,0],
"2RW3WW1SS4WW":[-0.001,1.3522,-10,0.0388198],
"4WW2WW1SS3SS":[-0.00148595,0.0153233,-10,0.223829],
"1RW1SS4GW4WW":[-0.791806,-10,0.0247644,1.60117],
"3GW4GW1SS1WW":[0.559403,0,-10,-10],
"1SS3SS1GW4RW":[-10,-0.001,1.20984,0],
"1GW1SS4RW3WW":[2.00931,-10,0,0],
"1SS1SS3RG4WW":[-10,-10,-0.001,1.51133],
"1SS2RW4GW4WW":[-10,0,-0.000214833,0],
"4WW1RW3GW1SS":[0.00063719,0,0,-10],
"1SG4WW1SS1RW":[-10,0.00527207,-10,0],
"2WW2WW1SS2SS":[0.0784839,-0.001,-10,0],
"1GW2WW2WW1SS":[2.71178,0,0,-10],
"1SS4WW4SS3SS":[-10,0,0.112098,0],
"1SS2WW3WW4SS":[-10,0.130491,1.14203,0],
"4WW1WW4WW4GW":[-0.0019,-10,-0.0019,-0.0019],
"1SS1WW4RW3SS":[-10,-10,0.0346362,0],
"1SS3WW1WW4GR":[-10,0.00607053,-10,0],
"1SG4WW1WW4GW":[-10,-0.00162213,-10,-0.0011094],
"1SS4WW2GW4SS":[-10,0.144871,0,0],
"2WW4RW4WW1SS":[-0.00198583,0.00935211,0.0634504,-10],
"1SS1SS4SG2SS":[-10,-10,-0.001,0],
"1SR3WW2WW4WW":[-10,0.0127851,-0.001,-0.0010725],
"1SS4GW4WW4WW":[-10,0.494076,3.04559,0.236639],
"1SS1WW3GW3SS":[-10,-10,-0.001,0.193307],
"4WW1SS4RW4GW":[0.133782,-10,0,0],
"3WW4WW3GW1SS":[-0.000946121,0.83514,-0.001,-10],
"1WW2WW2SG1SS":[-10,0,-0.0019,-10],
"1SG4WW3WW2SS":[-10,0.324743,0,0],
"1SS4GW1RW3WW":[-10,0.12007,0,0],
"1WW2RW1SS2WW":[-10,-0.001,-10,-0.996],
"1SS1SG3WW4WW":[-10,-10,0.568261,0.0484941],
"4WW1SG3WW1GW":[0.160348,-10,0,0],
"2SG1SS1WW4GW":[0.122582,-10,-10,0],
"4WW4WW2SG1SS":[-0.00178855,2.31073,0.361701,-10],
"4WW4RW1SS1WW":[2.17445,0.0310282,-10,-10],
"3GW4WW4RW4WW":[-0.001,0,0,0],
"1WW1SR4GW4WW":[-10,-10,-0.001,-0.001],
"2SS2WW4WW1SG":[0,0.315197,0,-10],
"1SG4RW2SS1SS":[-10,-4.46344e-05,0,-10],
"1WW1SG4WW3GW":[-10,-10,0.0294569,0],
"1GW1SS1RW4WW":[3.62223,-10,0,0],
"2SR4WW1WW1SS":[0.14987,0,-10,-10],
"3WW1SS4GR4WW":[0.15191,-10,0,0.26702],
"4WW1SG3GW2WW":[-0.001,-10,-0.001,0],
"3WW2GW3SS1SS":[0.233926,0,0,-10],
"4WW1SS4SS4WW":[3.20157,-10,0.0546822,0.0425788],
"2WW1RW4WW1SS":[0.508122,-0.0483486,0,-10],
"1SS4GW3GW2WW":[-10,-0.000144693,0,0],
"4WW1SS4WW3GW":[0.028954,-10,2.00709,0.00735119],
"1SS2GW3WW4WW":[-10,6.38388,0.292935,0.011282],
"2RW3WW4WW1SS":[-0.001,2.42495,-0.001,-10],
"4WW2GW2WW1SS":[0.473606,-0.00147184,0,-10],
"2SS1SS1SS2WW":[0.0302272,-10,-10,-0.00137028],
"2RW1SS3WW4WW":[0.289019,-10,-0.00216511,2.68863],
"4SS1RW3WW1SS":[0.0411447,0,0,-10],
"4WW4WW1SG1RW":[0.000872758,0,-10,0],
"4WW2SR1SS3WW":[1.65038,0.0171986,-10,0],
"3GR4WW4WW1SS":[0.0378255,0,0,-10],
"4GW2SS1SS1RW":[0,-0.001,-10,0],
"1SS3WW4WW2RW":[-10,-0.001,2.21322,0.0435214],
"2SS3WW1SG1SS":[-0.001,0.0382505,-10,-10],
"4SG1SS1SS3WW":[-0.001,-10,-10,0],
"2WW2WW1SS1SG":[-0.100923,0.0614925,-10,-10],
"3WW3WW1SS4GW":[0.973153,0,-10,-0.001],
"1SS4GW1WW3GW":[-10,0.00139861,-10,0],
"1SS2WW4WW3SS":[-10,1.07367,0.13914,-0.0019],
"1SS4GW4WW2SS":[-10,0.0148257,2.60208,0.0594487],
"2GW3WW1SS2SS":[1.19964,0,-10,0],
"3GW1SS1SS2WW":[0.585858,-10,-10,0.2159],
"4SS1SS1WW3GW":[0.123412,-10,-10,0],
"2GW1SS2WW4WW":[7.24228,-10,0,0.000789973],
"1RW2WW1SS1SS":[-0.120888,0.546587,-10,-10],
"3GW1SS3WW4GW":[0.8609,-10,0,0],
"2RW2WW4WW1SS":[-0.0019,0.535672,-0.001,-10],
"1SS1RW4WW2SG":[-10,0,0.161098,0],
"1SR3WW2WW4GW":[-10,-0.00110656,0.00128449,0],
"2WW3RW4WW1SG":[-0.001,0,0,-10],
"2WW4RW1SS1GW":[0.161866,-0.001,-10,0],
"4RW2WW1SS3GW":[-0.001,0,-10,0],
"2RW4WW1SG4GW":[0.196057,0,-10,0.112448],
"1SS1SS1SS1RW":[-10,-10,-10,-0.11193],
"1SS4WW2GW4WW":[-10,0.214175,10.2449,0.365483],
"4RW2WW1SS2SS":[-0.001,0,-10,0],
"1SS4WW4WW4SS":[-10,2.8261,0.328035,0.693855],
"2GW1WW2WW1SS":[0.098809,-10,0,-10],
"3SS1SS4WW1WW":[-0.001,-10,0,-10],
"2SG1SG1WW1WW":[-0.996,-10,-10,-10],
"1GW1SS1RW2WW":[2.81201,-10,0,0],
"1SS1WW2WW2GW":[-10,-10,-0.00175905,0.0146233],
"1SR4WW1GW4GW":[-10,0.000962259,0,0],
"1SS2WW3WW2RW":[-10,-0.00108668,-0.001,-0.001],
"1WW1SS3SS2GW":[-10,-10,0.129565,0],
"1SS4WW2RW3WW":[-10,0.833079,-0.000668829,0.0407892],
"1SS1WW3WW2RW":[-10,-10,-0.001,-0.001],
"1SR2WW4WW4WW":[-10,0.405706,-0.001,0],
"1SS4WW1GR1WW":[-10,0,1,-10],
"2GW4WW1SR1WW":[-0.001,0.164087,-10,-10],
"3SS1SS4WW1SS":[-0.62296,-10,0,-10],
"1WW1SS4SS2RW":[-10,-10,-0.001,0],
"1WW1SS3SS4GW":[-10,-10,0.129187,0],
"1SS1SS1SS3SS":[-10,-10,-10,-0.192731],
"1SS2SS1WW1SS":[-10,-0.996,-10,-10],
"3SR1SS2WW2WW":[0,-10,0,-0.000368279],
"1WW4GW1SR3WW":[-10,-0.000623223,-10,0.0424377],
"2GW4WW1SS3WW":[-0.0019,2.44927,-10,0.000809561],
"2WW4RW4GW1SS":[-0.001,0,0,-10],
"2WW1SS4RW3GW":[-0.000544675,-10,0,0],
"1WW4WW4SS1SR":[-10,0.151176,0,-10],
"2SS1RW4WW1SG":[-0.001,0,0.260934,-10],
"4WW3SG1SS3WW":[0.00837162,0,-10,0.218309],
"3WW4GW1SG4WW":[0.0846281,0,-10,0],
"1SS2WW1WW2GW":[-10,-0.00199208,-10,-0.0019],
"1SG1SG4WW1WW":[-10,-10,-0.000724368,-10],
"4WW1SS1SG1GW":[0,-10,-10,1.01104],
"1SS1SS4WW1RG":[-10,-10,0.666129,0],
"1SS2WW3WW1GR":[-10,0.247651,0,0],
"3RW1SS2SS4WW":[-0.001,-10,0.00811747,0],
"1GW2WW1SS4SS":[1,0,-10,0],
"3WW1SS4WW2RW":[-0.00141637,-10,0.167489,0],
"1SR3WW2GW4WW":[-10,0.191701,0,0],
"2SS4WW4GW1SS":[0.100281,1.87855,0,-10],
"1SS1WW4WW3SS":[-10,-10,1.76989,0.0262887],
"1SS1SS1WW2GW":[-10,-10,-10,0.241799],
"1WW4RW1SS3WW":[-10,-0.00208905,-10,0.157483],
"1WW4WW1GR4WW":[-10,-0.001,1,-0.001],
"1SS1SS4RW1WW":[-10,-10,0.105067,-10],
"1SS1RW4WW4GW":[-10,-0.2,1.59479,-0.001],
"1SS1RW1GW4WW":[-10,-0.200179,5.06069,0],
"4WW1SS1SG2WW":[-0.001,-10,-10,1.13059],
"4RW1SS1WW2WW":[-0.001,-10,-10,0.174252],
"1WW1SS1GW1GW":[-10,-10,1,0],
"1SG1SS2WW4WW":[-10,-10,-0.00276463,1.89138],
"1SS4GW2WW1SS":[-10,-0.0019,1.32566,-10],
"4WW1SS4SS4GW":[0.84494,-10,0,0],
"4RW1SS3WW4GW":[0.0493682,-10,0,0],
"1SR1SS1SS2WW":[-10,-10,-10,0.00108281],
"1SR4WW1WW3GW":[-10,0.00284118,-10,0],
"1SS3WW2GW4RW":[-10,-0.000463292,0.305772,0],
"2RW1SS2SS2WW":[0,-10,-0.001,0],
"1SS4SS4WW4RW":[-10,-0.001,0,0],
"4RW3GW2WW1SS":[0,0,-0.001,-10],
"1GW4WW1SS3WW":[12.19,0.463068,-10,0.0158942],
"2WW3SS2SG1SS":[0.0225875,0,0,-10],
"1WW4WW4WW3WW":[-10,-0.0024676,-0.00271,-0.00209895],
"1SG2RW2WW4WW":[-10,0.107109,0,0],
"4WW2SS1SS1SS":[1.11983,0.00754597,-10,-10],
"2SS1SS1WW2GW":[-0.993047,-10,-10,0],
"1SS4WW1SG2SS":[-10,0.199982,-10,0],
"2WW4GW1SS1GW":[-0.00216584,-0.001,-10,1.02042],
"1SS3WW1WW1SG":[-10,0.22965,-10,-10],
"1WW3WW1GR1SS":[-10,0.00116904,0,-10],
"1SS4RW3GW1SS":[-10,0.00212902,0,-10],
"1WW2WW4WW1SR":[-10,0,0.530697,-10],
"2WW1RG1SS4WW":[-0.00231305,0,-10,0],
"4WW1SS1SG4GR":[0.0138826,-10,-10,0],
"1WW4WW1SS1SR":[-10,0.159892,-10,-10],
"1WW4WW4WW1SR":[-10,-0.001,1.72763,-10],
"3GW1GW4WW1SS":[0.55257,0,0,-10],
"1SS2WW1SS2SR":[-10,0.0083077,-10,0],
"3GW4GW1SS4WW":[-0.001,-0.00118905,-10,0],
"1SS1SR4GW3WW":[-10,-10,0.107098,0],
"1SS4WW2WW2SS":[-10,0.660648,0,-0.00153832],
"1SS1RW1SS4WW":[-10,-0.200353,-10,0],
"3WW1SS4SS2WW":[1.11866,-10,0,0],
"4GW2SS2SS1SS":[0.295941,0,0,-10],
"4SS1SS1SS3GW":[0.0877711,-10,-10,0],
"1WW1SS4WW4RW":[-10,-10,0.410479,0],
"3SS4WW1SS1SS":[1.56094,0.132163,-10,-10],
"2RW3WW1SS4GW":[0.03704,0,-10,0],
"1WW4RW4WW1SS":[-10,-0.0019,1.86728,-10],
"3WW1RW4WW1SS":[0.272573,0,-0.001,-10],
"4WW1SS2SS2WW":[-0.00118905,-10,-0.001,1.13504],
"2GW1SS1SG1WW":[0.445906,-10,-10,-10],
"4WW2GW1SS1SS":[0.186048,6.70122,-10,-10],
"1SS3WW2GW4WW":[-10,0.332348,7.63894,0],
"1SS1WW3GW1GW":[-10,-10,0.367364,0],
"1WW1WW1SS4RW":[-10,-10,-10,0.000734473],
"1WW1SS1RG4WW":[-10,-10,-0.2,0.573866],
"1WW4GW1SS4RW":[-10,-0.000939648,-10,-0.001],
"1SR4WW4WW2WW":[-10,0.440747,0,0.0482231],
"1WW4GW1SG4WW":[-10,0.408685,-10,-0.001],
"1SR4GW1WW3WW":[-10,0.00600502,-10,0],
"4WW1SS4SS3GW":[0.412552,-10,0,0],
"3SG4WW1SS1SS":[-0.001,0,-10,-10],
"3WW1GW1SS2WW":[0,6.0039,-10,0],
"1SS1WW1SS1SS":[-10,-10,-10,-10],
"2SS1SR2GW4WW":[-0.001,-10,0,0],
"1SS2SS1SS3WW":[-10,-0.996,-10,0.21674],
"4RW3WW1SS4WW":[0.202468,0,-10,0],
"4GR1SS1SS2WW":[-0.001,-10,-10,0],
"4RW1SS1SS4WW":[-0.0019,-10,-10,3.29173],
"1GW1WW1SS1SR":[1.90774,-10,-10,-10],
"3SS2SS1SR1SS":[-0.001,0,-10,-10],
"3GW1RW1SS4WW":[-0.0019,-0.200199,-10,0],
"3SS1SS3WW1SS":[-0.0870213,-10,0,-10],
"1SS1GW4WW2SS":[-10,9.6921,0.00429818,0.00814924],
"1WW1SS3RW4WW":[-10,-10,-0.001,0],
"1SS4WW3GR3WW":[-10,0.0143021,0,0],
"1WW1GW1SR1SS":[-10,1,-10,-10],
"4RW4WW2GW1SS":[0.0896458,0,0,-10],
"2SS1SS2WW1RW":[0.194129,-10,0,0],
"3GW1SS1SS4WW":[6.23623,-10,-10,0.0445766],
"4SS1SR1SS4WW":[0.115884,-10,-10,0],
"2GW1WW1SS4WW":[5.5094,-10,-10,0.139075],
"4GW1WW1SS4WW":[-0.00314647,-10,-10,1.25714],
"1SS4WW4WW4RW":[-10,0.379759,3.09351,0.0409741],
"1SS2SS3RG3WW":[-10,0.00616254,0,0],
"1SS1WW2SS4SS":[-10,-10,-0.001,0.0327326],
"4GW1WW3WW1SS":[-0.0019995,-10,0.374874,-10],
"1SS1GW3WW4GW":[-10,1.95425,0,0],
"1WW2RW2SG1SS":[-10,-0.001,0,-10],
"3WW1SS4WW3WW":[0.242934,-10,2.34307,0.121772],
"1WW1SS1GW4WW":[-10,-10,7.72999,0],
"4WW1SS3SS3GW":[0.254414,-10,0,0],
"2WW4WW1SG2RW":[0.00416429,0,-10,-0.001],
"4WW1SS4RW3WW":[-0.001,-10,-0.0019,1.57505],
"2SS3RW3WW1SS":[-0.996,-0.001,0,-10],
"4WW3RG1SS1WW":[0.00243756,0,-10,-10],
"1WW3WW1SS2SS":[-10,0,-10,-0.996],
"4WW1RW1SS3SS":[0.583379,0,-10,0],
"3WW1SS3GW3WW":[-0.001,-10,-0.001,0.151896],
"3GW1SS1WW4WW":[-0.001,-10,-10,0.186875],
"1GW4WW2WW1SG":[1,0,0,-10],
"1SS1GW2WW1SS":[-10,8.60778,0.18048,-10],
"3WW3WW1SS2RW":[0.223451,0,-10,0],
"1SS1SG4WW3GW":[-10,-10,0.65003,0],
"1SS1GR3WW4WW":[-10,1.00627,0,-0.001],
"4WW2SS1SS2WW":[2.59307,0.428497,-10,0.0310256],
"1SG1SS4WW4WW":[-10,-10,0.22275,2.74593],
"1SS4WW2GW2SS":[-10,0.0654664,3.70926,0.00926782],
"2SS2GR4WW1SS":[0,0,0.00768628,-10],
"2WW4WW1SS4RW":[0.477869,-0.0019,-10,-0.001],
"4WW2GW4WW4WW":[0,0,-0.0010995,0],
"2SS1SS1RW3WW":[-0.001,-10,0,0],
"2WW3WW4RW1SS":[-0.001,-0.0010995,0.0147208,-10],
"4WW4WW1SG2WW":[-0.00167667,1.04901,-10,-0.000729003],
"4WW1RW1SS1WW":[0.959007,-0.326835,-10,-10],
"1SS1SS3WW4GW":[-10,-10,2.52035,0],
"4WW3GW1SS2WW":[-0.001,0.812895,-10,0],
"4GW3WW3WW4WW":[0,-0.001,0,0],
"1SS2GW4WW1GW":[-10,0.14165,0,0],
"1SS3WW4WW1GR":[-10,0.00416704,0,1],
"4WW4RW1SS2GW":[1.74551,0,-10,0],
"1SS3RW3GW2WW":[-10,0,0,-0.001],
"4WW1SS1SS1RW":[2.86634,-10,-10,-0.515508],
"3WW1WW2SS1SS":[-0.001,-10,0,-10],
"2SS2WW4WW1SS":[-0.001,0.494052,0,-10],
"4WW2RW1SG2SS":[-0.001,0,-10,0],
"4WW1RW1SG4WW":[0,-0.198293,-10,0],
"1SS2SS4RW3WW":[-10,0.196512,-0.001,0],
"4GW1RW2WW1SS":[0.137104,0,0,-10],
"1SS1SS2SS2GW":[-10,-10,0.00131267,0],
"4RW2SS1SS3WW":[0,0.209558,-10,0],
"1SS3SR4WW2WW":[-10,-0.001,0,0],
"4WW1GW4GW1SR":[0.0612759,0,0,-10],
"1SS3GW4RW2SG":[-10,-0.001,0,0],
"1SR1SS2GW2WW":[-10,-10,-0.001,0],
"1WW1SS2RW4GW":[-10,-10,0.118377,0],
"3GW4SS1SS4WW":[0.60375,0,-10,0],
"1SS3WW4RW1SS":[-10,0.432832,-0.001,-10],
"4WW2WW1SS4SS":[-0.001,0.796686,-10,-0.001],
"1SG4WW1WW3WW":[-10,0.851449,-10,-0.00208787],
"1SS3WW4GW4RW":[-10,0.152001,0,0],
"1SS1SS1WW1WW":[-10,-10,-10,-10],
"2SS4WW4GW1SG":[0.139433,0,0,-10],
"1SS3WW2SS1SS":[-10,0.36738,0,-10],
"2GR2GW2WW1SS":[0,0,-0.00119895,-10],
"2WW3WW1SS1SS":[-0.001433,1.15544,-10,-10],
"4RW1SS4WW1GW":[0.0381408,-10,0,2.26331],
"1SS4GW2WW2GW":[-10,-0.001,0.236405,0],
"3RW1WW1SS2SS":[-0.001,-10,-10,0.0372657],
"4GW2GW1SS1SS":[0.160037,0,-10,-10],
"3WW1GW3RW1SS":[-0.001,0,0,-10],
"4WW3WW3GW1SS":[0,1.64243,-0.003439,-10],
"1SS1RW3GW4WW":[-10,0,0.0741318,0],
"1SS2SS1SS3RW":[-10,-0.996,-10,0],
"2GW4WW4WW1RW":[0,0,0,-1],
"1WW2WW4GW1SG":[-10,0.00365471,0,-10],
"3WW1SS2GW4WW":[0.00143306,-10,5.94604,0],
"3WW4WW1SR2WW":[-0.001,1.20783,-10,-0.000330257],
"3GW3WW4RW1SS":[0.000217729,0,0,-10],
"1SS4WW4WW2SS":[-10,2.81113,1.43938,0.793913],
"1GW4GW1SR1WW":[1.13911,0,-10,-10],
"4WW4WW1SS1GR":[-0.00194195,-0.001,-10,4.14414],
"4SS3WW1SS2SS":[0.00914222,0,-10,0],
"1SG1WW1WW4SG":[-10,-10,-10,-0.001],
"1SS3WW1SS1SS":[-10,1.23767,-10,-10],
"2WW4WW1SR1SS":[0.0534351,1.89763,-10,-10],
"3WW4WW2RW1SS":[-0.001,1.75488,0,-10],
"4GW2RW1WW1SS":[-0.00144575,-0.001,-10,-10],
"2WW1SS2SS4WW":[1.69475,-10,-0.588678,0.107179],
"1SS2GW2WW3WW":[-10,0.990228,0,0],
"4WW1SR4SS3WW":[0.00871187,-10,0,0],
"4GW1SS3WW3GW":[0,-10,0,-0.0010995],
"1SS2GW4WW2WW":[-10,-0.001,1.01588,-0.00115249],
"1GW2WW1SS2GW":[1.07267,0,-10,0],
"1SS3RW4WW3WW":[-10,0,2.96583,-0.00100648],
"2WW1WW3SS1SG":[-0.983934,-10,0,-10],
"4WW2RW1SS3WW":[0,1.43664,-10,-0.001],
"1RW4WW1WW1SS":[-0.0923213,0.186104,-10,-10],
"1WW1SS4RG1WW":[-10,-10,-0.001,-10],
"4RW4GW1WW1SS":[0.013482,0,-10,-10],
"1SR4WW1WW1SS":[-10,0.102963,-10,-10],
"1WW1SG4SS3WW":[-10,-10,-0.00089091,0],
"1WW2WW2SS1SG":[-10,0.00872719,0,-10],
"3WW4WW1SS2GW":[1.17779,-0.00117143,-10,0],
"4GW3WW1GW1SS":[0,0,1.96699,-10],
"1SR4WW1WW4GW":[-10,0.00773266,-10,0],
"3SS3GW1WW1SS":[-0.001,0,-10,-10],
"1SG4WW1WW2GR":[-10,0.0903241,-10,0],
"4WW1GR1SS1GW":[0.00871187,0,-10,0],
"4WW1SS1WW1RW":[2.02277,-10,-10,0],
"1SG1SS3WW2WW":[-10,-10,-0.00068938,0.519987],
"1GW4WW2SS1SS":[0,1.3906,-0.000795335,-10],
"2WW2RW1SS2SS":[0.321429,0,-10,0],
"1SS3RW4GW3WW":[-10,0,0,-0.001],
"1GW4GW4WW1SS":[1.11409,0,0,-10],
"1SR4SS4WW1WW":[-10,-0.001,0,-10],
"1SS1RW1WW1SS":[-10,-0.200115,-10,-10],
"1SS1SS3WW2WW":[-10,-10,0.183165,1.58842],
"3WW1WW4GW1SS":[-0.00203768,-10,0.296374,-10],
"1SS4WW4GW3RW":[-10,0,0,-0.0019],
"1SS4WW4GW2RW":[-10,0.00119991,0,0],
"4SS1SS1SG4WW":[0.268116,-10,-10,0.118332],
"4WW2WW2RW1SS":[-0.0019,1.62911,-0.001,-10],
"1WW3GW4WW1SS":[-10,4.37816,0.0504793,-10],
"1SS3WW4GW4WW":[-10,0.0395596,-0.00111483,1.22888],
"2RW1WW1GW1SG":[-0.001,-10,0,-10],
"4WW2WW3WW1SR":[-0.00107028,-0.001,1.3964,-10],
"2WW1SS2RW4WW":[-0.00164079,-10,0.763634,0],
"1SR1SS1SS1WW":[-10,-10,-10,-10],
"3GW1SR3WW4WW":[-0.001,-10,0,0],
"1SS2RW3WW2WW":[-10,-0.001,0.0108237,0],
"3SS2RW1SS1SS":[0.0347109,0,-10,-10],
"1GW4WW1WW1SS":[3.17551,0.0195828,-10,-10],
"1SS4WW1GW1SR":[-10,0.00119991,0,-10],
"1SG1SS3WW1RW":[-10,-10,0.00758022,0],
"1WW2SS1SS1GW":[-10,-0.001,-10,0],
"1SS1SS4RW4WW":[-10,-10,0.102732,2.99335],
"1SS4WW1GW3RW":[-10,0.270799,0,-0.001],
"1WW1SS3SS3GW":[-10,-10,-0.001,-0.001],
"1GW2WW1SS3RW":[1.11749,0,-10,0],
"3WW2WW1SS4GW":[0.632665,-0.00187437,-10,-0.001],
"1WW1WW1SG4GW":[-10,-10,-10,-0.001],
"4WW1SS4GW3WW":[0.00708827,-10,0.033661,1.83474],
"1SS1SS1WW3GW":[-10,-10,-10,0.00741146],
"1WW4WW4WW1WW":[-10,-0.00289905,-0.00271,-10],
"1SS1SS3SR1GW":[-10,-10,0.099126,0],
"3WW1SS3SS1SS":[0,-10,-0.100192,-10],
"4GW3RW4WW1SS":[0,-0.001,0,-10],
"4RW1SS1SS1SG":[0.0462115,-10,-10,-10],
"4WW4RW2SS1SS":[0.443651,-0.001,0,-10],
"1SG4SS1WW4WW":[-10,0,-10,0.148778],
"4RW3WW3GW1SS":[0.0746279,0,0,-10],
"1SS1GW2GW3WW":[-10,1.00038,0,0],
"1SS2WW3WW4WW":[-10,0.896971,1.02364,2.73903],
"1SS2GW1WW1WW":[-10,0.0889349,-10,-10],
"1SS2SS2WW3RW":[-10,-0.001,-0.001,0],
"1SS1WW3GW4WW":[-10,-10,3.33188,0.358768],
"3SS3WW1WW1SS":[0,-0.001,-10,-10],
"2WW1SS2SS4RW":[0,-10,0,0],
"1SG1SG4WW4WW":[-10,-10,0,-0.000710084],
"1SS4WW3WW1RG":[-10,0.0426022,0,0],
"4GW4WW1SS1SR":[-0.001,0.0631684,-10,-10],
"4WW2SS1SG1SS":[0.172992,0,-10,-10],
"1SS1RW4WW4WW":[-10,-0.335046,0.95317,1.45174],
"3WW3WW1SG1SR":[0.0433355,-0.000982058,-10,-10],
"1WW4GW2SS1SS":[-10,1.0388,-0.0165628,-10],
"1SS4WW1WW1SG":[-10,0.471045,-10,-10],
"4SS1SS4WW4WW":[0.109959,-10,0.660922,2.68606],
"4WW1SS4SS1SS":[0.802706,-10,0,-10],
"1SS1WW1RG4WW":[-10,-10,0,0.179635],
"4WW4GW1SS1SR":[0.37627,0,-10,-10],
"4WW1WW1SG4WW":[-0.0010995,-10,-10,1.36012],
"1SS1WW3RW4WW":[-10,-10,0.0941807,-0.001],
"4WW1GW1SS2RW":[-0.001,2.84731,-10,0],
"2RW4WW2WW1SS":[-0.000120525,0.27291,0,-10],
"3GW1SS4WW4RW":[0,-10,0.00301832,0],
"2GW4WW1SS2WW":[8.45018,-0.001,-10,0.27378],
"2SS1WW1GW1SS":[-0.001,-10,0,-10],
"1SS3SS1SS1SG":[-10,0.0178493,-10,-10],
"1GW4WW1SS1GW":[6.2812,0,-10,0],
"4WW2WW1SS2RG":[0.0141363,0,-10,0],
"2WW1SS3SS4WW":[1.73525,-10,0.069185,0.080414],
"4SS1SS1WW4GW":[-0.001,-10,-10,-0.00150769],
"1SS2GW1WW1SS":[-10,1.24707,-10,-10],
"1SS4RG4WW3WW":[-10,-0.000730158,-0.00118905,0],
"2RW4GW1SS2WW":[0.0124923,0,-10,0],
"1SG1SS2RW2SS":[-10,-10,-0.001,0],
"1RW2SG4WW1SS":[0,0,7.61351e-05,-10],
"2WW3SS3SR1SS":[0.127205,0,0,-10],
"1SS1WW1SS1SR":[-10,-10,-10,-10],
"3WW1SS1GW3WW":[0.106918,-10,4.59974,0.00863061],
"4GW3GW1SS4WW":[0,-0.001,-10,0],
"3SS1SG4WW4WW":[0.146197,-10,0,0],
"1SS2SR4WW4WW":[-10,-0.001,2.52638,0],
"2SS4WW1RG1SS":[-0.001,0.179948,0,-10],
"4WW1SS4GW2GW":[0.752856,-10,0,1.06583],
"1SS1WW1WW1GW":[-10,-10,-10,4.37458],
"1RG4WW1SS2GW":[0,0,-10,0.519556],
"3SS3WW4GW1SG":[-0.001,0,0,-10],
"4SS2SS2SS1SS":[-0.001,0,0,-10],
"1GW3WW4RW1SS":[2.73582,0,0,-10],
"1WW1SG1RW4WW":[-10,-10,-0.180005,0],
"3WW2GW4WW1SS":[0.425932,-0.0019,0,-10],
"3WW2GW1SR3WW":[0.0954418,0,-10,0],
"4GW3WW2WW4WW":[-0.001,0,-0.001,0],
"4GW1WW2WW1SS":[0.049099,-10,-0.992486,-10],
"1WW1GW4RW1SS":[-10,3.95961,-0.00126964,-10],
"2GW4WW1SS1RW":[6.46235,0,-10,-0.170139],
"4WW4GW2WW3WW":[-0.001,0,-0.0019,0],
"4WW1SS3GW4RW":[0,-10,0,0.0251585],
"2SG1SS4WW4WW":[0.051485,-10,0,1.6916],
"1SR4GW4WW4GW":[-10,0.00857649,0,0],
"1SS4WW1GW4WW":[-10,0.373063,13.2768,0.56155],
"2SS1SS1SS1RW":[-0.0876683,-10,-10,0],
"4GW2RW4WW1SS":[0.0261453,0,0,-10],
"1SG3WW3WW1SS":[-10,0.0274805,0,-10],
"4WW3RW1SS1SS":[0,0.34494,-10,-10],
"4WW4WW3RG1SS":[-0.00111039,1.1335,0,-10],
"1SS2SR2WW4WW":[-10,-0.001,0,0],
"3WW4WW1SS4WW":[0.95464,1.0766,-10,2.27749],
"2WW1WW4RW1SG":[-0.996,-10,0.0193676,-10],
"1GW4WW1SS2SS":[9.8412,0,-10,-0.00111127],
"2SS1SS3WW2RW":[0,-10,0,0.00026865],
"1SS1SS2SS4WW":[-10,-10,1.28604,0.0240313],
"1SS2GW1WW4GW":[-10,-0.001,-10,0],
"1SS1SS2WW3SS":[-10,-10,-0.001,-0.001],
"2RW4WW1SS1SS":[0.14149,2.98353,-10,-10],
"1SS2GW1WW4WW":[-10,3.06022,-10,0],
"1SG3WW4WW1SS":[-10,0.886972,0,-10],
"1SS3WW3WW3GW":[-10,0,1.97536,-0.001],
"1WW1SS3SS1RW":[-10,-10,-0.000920459,0],
"2WW4RG1SS2WW":[0.233612,0,-10,0],
"1SS2SS4GW4WW":[-10,-0.0006597,0,0.491529],
"4WW3WW2RW1SS":[-0.0019,1.98036,-0.001,-10],
"2WW4WW1SG2WW":[0.0271775,1.18635,-10,-0.00174288],
"3SS1SS3GW2WW":[0,-10,-0.000430232,0],
"4WW1GR1WW1SS":[0.0188416,0,-10,-10],
"1SS2SS3WW3GW":[-10,0.0357676,0,0],
"1SS4WW3GW2SS":[-10,0,0,0.0862434],
"4WW3GR1WW1SS":[0,-0.000311439,-10,-10],
"1SS4SG4WW1WW":[-10,0.0159293,0,-10],
"4WW4GR1WW1SS":[0,-0.001,-10,-10],
"4WW2GW1SS2SR":[0.154177,0,-10,0],
"2WW3WW1SS4WW":[0.0227887,0.26849,-10,1.468],
"1SS4GR1WW1WW":[-10,-0.001,-10,-10],
"1SS3GR1WW3WW":[-10,-0.001,-10,0],
"4WW1WW2GR1SS":[0.00473753,-10,0,-10],
"1SS1WW1WW1SG":[-10,-10,-10,-10],
"1SS1SS2WW1WW":[-10,-10,-0.676741,-10],
"1SS1WW3WW1SS":[-10,-10,0.508448,-10],
"1SS1SS3SG3SR":[-10,-10,-0.001,0],
"3GW4WW4RW1SS":[0.171608,0,0,-10],
"2WW2WW1GW1SS":[0,0,6.35977,-10],
"4WW1SG1WW2RW":[0.00151029,-10,-10,0],
"1RW4SG1SS4WW":[-0.183168,0,-10,0],
"3WW1SS4GW2GW":[-0.001,-10,0.18777,0],
"4WW4RW3WW1WW":[-0.001,0,0,-10],
"1SS4GW1WW1RW":[-10,-0.001,-10,0],
"3WW4WW4WW3RW":[0,-0.001,0,0],
"1SS2WW4WW4RG":[-10,0.428213,0,0],
"1SS2WW1WW1SR":[-10,0.0449225,-10,-10],
"4WW1SS1GR1WW":[0,-10,2.7106,-10],
"2SS2SS1SS1SS":[-0.000988736,0.597429,-10,-10],
"1RW1SS1GW4WW":[-0.2,-10,1.9,0],
"4WW1SS4RW1WW":[-0.000832067,-10,0.268249,-10],
"4WW1WW1SS1SR":[1.2101,-10,-10,-10],
"4RW2WW1GW1SS":[0,0.201187,0,-10],
"1SS1WW2GW4WW":[-10,-10,8.84739,0.717934],
"1SS1SS4GW2WW":[-10,-10,0.554817,-0.00214346],
"1GW1SS4RW1WW":[1.90118,-10,0,-10],
"2WW1GW1SS1SS":[0.200619,0,-10,-10],
"1SS4WW4RG4WW":[-10,0.0110087,0,0],
"4WW2WW4GW4WW":[-0.0019,-0.0019995,-0.0019,-0.00119895],
"3WW1SS1SS1WW":[-0.2903,-10,-10,-10],
"2WW1SS4SS3WW":[1.21503,-10,-0.000708372,0],
"4WW4WW1SS1SS":[2.00849,2.77754,-10,-10],
"3WW4RW1SS2SG":[0.114641,0,-10,0],
"1SS4WW2GW2WW":[-10,0,-0.001,1.73867],
"1SS2WW4RW1SS":[-10,0.298752,0,-10],
"2WW4GW4GW1SS":[0.179211,0,0,-10],
"2RW2WW3WW1SG":[-0.001,0,0,-10],
"2SR1SS3WW4WW":[1.20541,-10,0.0406498,1.01499],
"1WW1SR1SS2WW":[-10,-10,-10,-2.60812e-05],
"1SS1GW4WW1WW":[-10,5.2747,0,-10],
"4WW1SR2WW1WW":[-0.000753308,-10,-0.996,-10],
"1SS1SR2WW2WW":[-10,-10,0.0055884,-0.001],
"4WW1SS1SR1SS":[-0.00214253,-10,-10,-10],
"4WW1GW4WW1SR":[1.63943,0,0,-10],
"4GW2WW2WW1SS":[0.00936221,0,0,-10],
"1SS3RW2WW3WW":[-10,0.00268837,0,-0.001],
"1WW1WW1GW1SS":[-10,-10,5.72577,-10],
"1SS4GW3WW2WW":[-10,0.00919987,-0.00124172,0.108804],
"1SS4GW1WW1SG":[-10,-0.00271,-10,-10],
"2WW4WW1SS2WW":[0.029615,2.18758,-10,0.0347515],
"3WW3RW1SS4GW":[0.130594,0,-10,0],
"2GW4RW2WW1SS":[1.17364,0,0,-10],
"1SS1SS4RG3GW":[-10,-10,0,-0.001],
"1SS2RG3WW1SG":[-10,-0.001,0,-10],
"1WW4GW4WW1SR":[-10,-0.001,0,-10],
"4RW1GW2WW1SS":[-0.001,1.82553,0,-10],
"1WW3WW1SR2SS":[-10,0.0505028,-10,-0.001],
"1WW1SS1GR4WW":[-10,-10,1,0],
"3GW4WW4RG1SS":[0,0.0248539,0,-10],
"4WW1SR1SS1WW":[0.688383,-10,-10,-10],
"1WW4WW3GW1SS":[-10,1.4257,0,-10],
"2GW1SS2GR2WW":[-0.001,-10,0,0],
"4RW1SS4WW4GW":[0.0440546,-10,0,-0.000835659],
"1SS4WW1GW4RW":[-10,0.334024,0,0],
"2WW4GW1SS1WW":[-0.00273605,0.00392157,-10,-10],
"4GW1SS2WW4WW":[0.0591128,-10,0.140054,3.0176],
"1WW1SS4GW3WW":[-10,-10,0.0247196,-0.00180861],
"4WW1SS4SS3WW":[-0.001,-10,-0.001,0.131732],
"2RW1SS1GW2WW":[-0.001,-10,0,0],
"1SR4WW1GW2WW":[-10,0,1.9,0],
"3GW4WW3WW1SS":[-0.001,0.19013,2.1132,-10],
"1SS3WW2WW2SS":[-10,0.126753,0,-0.000272615],
"1WW1SG4WW1GW":[-10,-10,0.325663,0],
"3WW1SS2GW1WW":[-0.001,-10,-0.001,-10],
"4WW4SS1SR3GW":[-0.001,0,-10,0],
"1SG1SS2WW4GW":[-10,-10,-0.00130637,0],
"1SS1SS2WW1SG":[-10,-10,0.124001,-10],
"4WW4WW4RG1SS":[1.64632,0,0,-10],
"2WW1SS2SS4SS":[-0.001,-10,0,0],
"2WW3RW1SS4WW":[0.394959,-0.001,-10,0],
"1WW4GW1SS2GW":[-10,-0.001,-10,0.0169672],
"2SS1SS4WW3WW":[0.0211315,-10,0.284468,1.4748],
"4WW1WW1SS3SG":[-0.00121388,-10,-10,0.0160808],
"4SS4WW1SS2SS":[0.0279132,0,-10,0],
"4WW4SS1SS1GR":[0.10742,0,-10,0],
"2WW3GW1SS1WW":[0,-0.001,-10,-10],
"1SS4GW1WW1SS":[-10,0.30854,-10,-10],
"4RW4WW1SS2GW":[0.382496,0,-10,0],
"2SS2SS1WW1SS":[-0.996,-0.001,-10,-10],
"4WW1RW1SS2WW":[1.17982,-0.0522371,-10,-0.0019],
"1SS4RW2WW2WW":[-10,-0.001,0.0695835,0],
"1WW2WW3GW1SS":[-10,0.0864323,-0.001,-10],
"2RG3WW1SG4WW":[-0.001,0,-10,0],
"2SS1SS1SR4SS":[-0.001,-10,-10,-0.001],
"1RW1WW4GW1SS":[-0.2,-10,-0.001,-10],
"1WW4WW2SS1SS":[-10,1.64492,-0.155296,-10],
"4RW4WW1SS2WW":[0.0146609,2.05623,-10,0.0143835],
"4RW1SS1SS2WW":[0.0205454,-10,-10,0.18608],
"1SS2WW1GW2RW":[-10,0,0,0.00333619],
"4WW1SS2WW4WW":[3.43439,-10,1.33634,1.51972],
"4WW4WW1WW3WW":[-0.001,-0.001,-10,0],
"4WW4RW3WW2WW":[-0.001,-0.001,0,0],
"3SS1SS1SS1SG":[-0.001,-10,-10,-10],
"1SS2RW1SS1SS":[-10,0.103602,-10,-10],
"2SS2WW1SG1SS":[-0.001,0.179558,-10,-10],
"4WW4GR1SS3WW":[0.258615,-0.001,-10,0],
"4WW4WW4WW4WW":[-0.0143886,-0.014897,-0.0141916,-0.0130102],
"1SS2GW3GW4WW":[-10,0.960723,0,0],
"4RG3WW4WW1SS":[-0.001,0.643101,0,-10],
"1WW1WW2GW1SS":[-10,-10,1.51044,-10],
"4WW4GW2WW4WW":[-0.0010995,-0.0019995,-0.00209895,-0.001],
"4WW3GW4WW4WW":[-0.00223189,-0.001,-0.001,0],
"4GW4WW1SS3WW":[0.255168,2.67627,-10,0.389944],
"1RW1SG4WW1WW":[0,-10,-0.001,-10],
"1SS2RW3WW2GW":[-10,-0.001,0.111133,0],
"1SS4WW3GR1SS":[-10,0.286684,0,-10],
"4SS1SS1WW2GW":[0.134587,-10,-10,0],
"1SS4WW4WW3WW":[-10,2.73894,1.58501,0.52293],
"1SS1WW1WW4RW":[-10,-10,-10,0.00916643],
"4WW4GW4WW3WW":[-0.00123655,-0.001,-0.0019,-0.001],
"1RG1WW1SS4WW":[0,-10,-10,0.392998],
"4WW4GW1GW1SR":[0.219709,0,0,-10],
"4WW4GW4WW2WW":[-0.00129835,-0.0019995,-0.001,-0.001],
"4WW4GW4WW1WW":[-0.0019995,-0.001,-0.001,-10],
"1WW2GW1SG2SS":[-10,0,-10,-0.996],
"4GW4WW3GW1SS":[0.000905873,0.541868,0,-10],
"4WW4WW4WW1WW":[-0.00541617,-0.00530807,-0.0051572,-10],
"2WW1SR1SG4WW":[0.0250199,-10,-10,0],
"1GW4WW1SS4RW":[6.66711,0,-10,0],
"1SS1RW4WW1WW":[-10,-0.200199,0.160656,-10],
"2WW1SS2RW2WW":[-0.00123639,-10,-0.001,0],
"1SS3SG4WW3WW":[-10,-0.001,1.30079,0],
"1RW4WW4GW1SS":[-0.199946,1.32162,0,-10],
"1SS1WW4WW4RW":[-10,-10,1.93991,0.108939],
"3WW1GR4GW1SS":[0.0762578,0,0,-10],
"1SS4WW1WW2GW":[-10,0.248832,-10,-0.003439],
"1SS1SS4SS4WW":[-10,-10,-0.001,0.744445],
"2WW2RW1SG1WW":[-0.001,0,-10,-10],
"1SR1WW2WW4WW":[-10,-10,-0.0011094,0.452118],
"1SG2SS1WW1WW":[-10,-1.8924,-10,-10],
"1SS3WW4WW4SR":[-10,0.456533,0,0],
"3GR1SS1WW4WW":[0.0553381,-10,-10,-0.00139198],
"2WW1WW1SR2SS":[-0.000133435,-10,-10,0],
"3GW4WW3WW1SG":[0,-0.001,0,-10],
"3GR4WW1WW1SS":[-0.001,0,-10,-10],
"1SS2SS4WW1RW":[-10,0.307779,1.01093,0],
"1SS3WW2WW1GW":[-10,0,0.00853146,5.01591],
"4WW1SS2WW3WW":[4.27286,-10,0.0811837,0.485133],
"2WW1SS4SS2WW":[0.00205534,-10,0,0],
"1SS3SR1GW4WW":[-10,0,1,0],
"1SS3GW3RW3WW":[-10,-0.001,-0.001,0],
"1SS1SS2SS4GW":[-10,-10,-0.001,0.244021],
"3WW4WW1SS3RW":[0.849668,0,-10,0],
"1SS2WW2GW2SS":[-10,0,-0.001,0],
"1RW1SS4WW3GW":[-0.17121,-10,0,0],
"3GW1SS1RG1WW":[-0.001,-10,0,-10],
"3RW1SS2WW3WW":[-0.001,-10,-0.0010995,0],
"1SS4WW3WW1GW":[-10,0.045794,-0.00238727,12.5464],
"3WW1WW1SR4GW":[0,-10,-10,0.0030884],
"4GW1SS1SR4GW":[-0.001,-10,-10,0],
"1SS4WW1SR1SS":[-10,0.789491,-10,-10],
"1WW1RW1SS3GW":[-10,0,-10,-0.001],
"4WW1GW1WW1SS":[0.841784,8.03465,-10,-10],
"3WW3GW1SS3WW":[-0.00122815,0.00914962,-10,-0.001],
"4WW1SR1SS4WW":[2.83543,-10,-10,0.309314],
"1SS3WW4WW2GR":[-10,-0.001,0,-0.001],
"3WW1SR2SS2WW":[0.00361571,-10,0,0],
"1SS2GW2WW2RW":[-10,-0.001,0.11362,0],
"1WW1SS3GW4WW":[-10,-10,-0.00125956,0.418842],
"2GW1GW1SS4WW":[2.9071,0,-10,0],
"1WW4GW1RW1SS":[-10,0.00392773,0,-10],
"2WW2RW1SS1SS":[-0.00111295,-0.001,-10,-10],
"4WW3GW1SS1SS":[1.15669,-0.000592785,-10,-10],
"1SS2SS3GW4WW":[-10,0.246805,0,0],
"4GW4WW1SG2WW":[0.000881811,0.309919,-10,-0.001],
"2SS4WW1WW1SS":[1.39785,0.0246446,-10,-10],
"4GW1SS1SG2WW":[-0.001,-10,-10,-0.001],
"1SS3SR4WW3WW":[-10,-0.001,0,-0.000782129],
"1SG4WW2WW4WW":[-10,0.292896,0.00353367,2.14021],
"1SS4GW3WW3WW":[-10,-0.00271,0.879479,-0.0019],
"2WW2WW1SR3SS":[0.0306387,0,-10,0],
"2WW1GW4WW4WW":[-0.001,0,0,0],
"4GW1WW1SG4WW":[-0.00271,-10,-10,0.249733],
"1WW1GW1RW1SS":[-10,2.06961,0,-10],
"1SS3WW1SS3SS":[-10,0.191664,-10,0],
"3WW2RG4WW1SS":[0.102652,0,0,-10],
"3RW3WW3WW1SS":[-0.001,0.0372842,-0.001,-10],
"1SS3WW4WW4RG":[-10,1.59318,0,-0.001],
"1SS1SS2SG4WW":[-10,-10,0,0.273321],
"3RG1WW2WW1SS":[-0.001,-10,0,-10],
"2SS4RW3WW1SG":[0.0464762,0,0,-10],
"3WW3WW4RW1SS":[-0.001,0.626803,0,-10],
"1SS4GW2RW1SS":[-10,-0.001,0,-10],
"1SS4RW3WW1GW":[-10,-0.001,0,0],
"1WW1WW2SS1SS":[-10,-10,-1.48168,-10],
"3WW1SR1SS4WW":[0.00381873,-10,-10,0],
"1SS1WW4GW4WW":[-10,-10,0.323441,2.87637],
"2SS1SS2WW2RW":[0.0731619,-10,0,0],
"4WW3SS1SG4WW":[-0.0011094,0.00268908,-10,0],
"1SR4WW3GW4WW":[-10,0.269033,0,0],
"4WW4WW2SR1SS":[1.92155,0.209706,-0.00195469,-10],
"3GW1RG3WW1SS":[0.0264326,0,0,-10],
"1WW2GW4WW4WW":[-10,-0.001,0,0],
"1WW1SR2SS1SS":[-10,-10,-0.996,-10],
"1SS1SS1SR2SS":[-10,-10,-10,-0.86138],
"2WW1SS4WW4GW":[-0.00106058,-10,1.05697,0],
"1WW4WW1SS2GW":[-10,-0.00228956,-10,6.13905],
"2RW2WW4GW1SS":[-0.001,0,0,-10],
"4WW1SR2GW1WW":[-0.001,-10,0,-10],
"1SS1GW4WW3WW":[-10,6.54444,0,-0.001],
"2RW1WW1SS4WW":[-0.001,-10,-10,0.241247],
"1WW4RW1GW1SS":[-10,-0.0019,0,-10],
"1SS2SS2WW3WW":[-10,0,0,0.6072],
"4WW4WW4WW2WW":[-0.0068342,-0.00669122,-0.00622451,-0.00660119],
"1SS1RW3WW1SS":[-10,-0.2,1.00241,-10],
"1GW1WW1SS2SS":[2.82502,-10,-10,0.0353739],
"1GW3WW1SG3RW":[1,0,-10,0],
"4WW4RW1SS4WW":[2.70988,0.0351467,-10,0.296772],
"1SS4GW4WW2GW":[-10,-0.001,0.59699,0],
"1WW2WW1SG4WW":[-10,-0.611793,-10,1.36155],
"1WW1SS1RG3WW":[-10,-10,-0.2,0],
"1SS2GW4WW2SR":[-10,0.00509508,0,0],
"1SS1SR1GW1WW":[-10,-10,0.00500002,-10],
"3SS1SS4RW1SS":[-0.001,-10,0,-10],
"4WW3RW1SS1GW":[0.25776,0,-10,0],
"1SS1SG1SS2WW":[-10,-10,-10,0.0180971],
"3WW4GW4WW1SS":[0.00267379,-0.00271,1.08708,-10],
"1GW4WW1SS1WW":[11.5201,0.412561,-10,-10],
"1WW2WW1SS4GR":[-10,-0.99247,-10,0],
"2SS1SG4GW2WW":[0,-10,-0.000915186,0],
"4SS1SS3WW3WW":[-0.000809543,-10,1.00613,0],
"3WW1WW1SS3GW":[0,-10,-10,-0.001],
"1WW1SS1SG1WW":[-10,-10,-10,-10],
"4WW1WW1SS1SG":[1.15951,-10,-10,-10],
"1SS3WW3WW3SS":[-10,1.48528,0,0.00131211],
"1WW4WW4SS1SS":[-10,1.54663,0.51024,-10],
"1WW2GW4WW1SR":[-10,0,0.106952,-10],
"1SS4SS1SG4WW":[-10,-0.001,-10,0],
"4WW1SS3RW1GW":[-0.001,-10,-0.001,2.29729],
"3WW1WW1SS1SG":[0.0235088,-10,-10,-10],
"1SS2WW4GW1SS":[-10,0.619695,-0.0019,-10],
"1GW4WW4WW1SR":[2.00479,0,0,-10],
"4WW3WW4GW1SS":[0.0136141,1.74651,0.0853656,-10],
"1SS1RG1SG1SS":[-10,0.270549,-10,-10],
"1SS4WW4GW1WW":[-10,0.635937,-0.00756379,-10],
"3WW4WW3SS1SS":[1.54384,0.237683,0,-10],
"1SS2WW2WW2GW":[-10,-0.00241214,0.0165774,0],
"1SG3RW2WW4WW":[-10,-0.001,0,0],
"2SS1SS1SG4SS":[-0.0010995,-10,-10,0],
"2WW2WW1SS4WW":[-0.000864075,0.160173,-10,1.43484],
"1SG3WW2RW4WW":[-10,0.00440811,0,0],
"1WW1SR4WW2GW":[-10,-10,0.032493,0],
"4WW3RG3WW1SS":[0.0287092,0,0,-10],
"1WW2GR1SS1SS":[-10,-0.001,-10,-10],
"1GW1WW1SS4GW":[1.1424,-10,-10,0],
"4SS3GW2WW1SR":[0.0352818,0,0,-10],
"4GW1WW1RW1SS":[-0.001,-10,0,-10],
"3WW1WW1SG1SS":[-0.00208905,-10,-10,-10],
"4RW1WW1SS2SS":[-0.001,-10,-10,0.390997],
"2RW1SG4WW2WW":[0.087569,-10,-0.001,-0.001],
"4WW2RW3WW1SS":[0.643374,-0.001,0,-10],
"1RW1WW1SS2GW":[-0.2,-10,-10,0],
"1SS3GW3WW1SS":[-10,-0.0019,0.395073,-10],
"4WW2WW1WW1SR":[1.0594,-0.00227499,-10,-10],
"3WW4WW4WW2WW":[-0.00208905,-0.00203907,-0.00264663,-0.0029886],
"1SS4WW1GW1SS":[-10,0.619322,12.0353,-10],
"1SS4WW4GR1WW":[-10,0.0088351,-0.0019995,-10],
"3WW1WW1SS2GW":[-0.00157365,-10,-10,0],
"4WW1WW1SS1GW":[0.0126532,-10,-10,6.783],
"3WW2WW4WW1SG":[-0.00130539,0.644206,0.0775921,-10],
"4WW1SS1GR1GW":[0.0277512,-10,0,0],
"1SS4GW4RW1WW":[-10,0.0812205,-0.001,-10],
"1SS3WW2WW4RW":[-10,0.00411064,0.946783,0.0208966],
"1WW2RW3SS1SS":[-10,-0.001,0.0803403,-10],
"4SR3WW4WW1SS":[-0.001,0,0,-10],
"3WW4WW4WW2GW":[-0.00168123,0,0,0],
"2SS3WW4WW1SG":[-0.0010995,0.144543,0.00378638,-10],
"3WW4RW1SS2GW":[0.299191,0,-10,0],
"1SS1GW3WW1SS":[-10,7.05188,0.29985,-10],
"1SG1SS1WW2GW":[-10,-10,-10,0.090051],
"2SR4WW2WW1SG":[0.136462,0,0,-10],
"2WW4WW3SS1SS":[0.175023,2.0578,0.0176708,-10],
"1WW2GW4WW1SG":[-10,0,0.251678,-10],
"1SS1SR4WW2WW":[-10,-10,2.25879,-6.50793e-05],
"3WW2WW4WW4GW":[-0.0019995,-0.001,-0.001,0],
"3WW2SS1SS2WW":[-0.00196039,0.182011,-10,0],
"1RW1WW1SS3SS":[-0.200099,-10,-10,0.271271],
"1SS2SS4WW1GW":[-10,0,0,8.32201],
"1WW2WW4WW1SS":[-10,0.602817,3.38332,-10],
"1SS1GR4WW4GW":[-10,1.9358,0,0],
"2RW1SS4GW2GW":[-0.001,-10,0,0],
"2SS2SS4WW1SG":[0,0,0.157277,-10],
"4WW1SR2WW3WW":[0.0146572,-10,-0.00120003,0],
"4WW1SG4WW3WW":[1.38681,-10,0,0.00043249],
"3WW4SS1SS4RW":[-0.001,0,-10,0],
"1SS2GW2RW4WW":[-10,1.4083,0,0],
"3RW4WW2WW1SS":[0,0.302327,0,-10],
"4SS1SS2SS1SS":[0.0037509,-10,0,-10],
"4WW4WW4WW4GW":[0,-0.00271,0,0],
"4WW1SS2GW1WW":[0.170707,-10,5.469,-10],
"2WW4WW1SS4GW":[1.45529,0.00949484,-10,0],
"4WW3WW3WW1SG":[1.2278,0.156401,-0.00198955,-10],
"1SS2WW2RW4GW":[-10,0,0,-0.001],
"4WW1SS1SG4WW":[0.406159,-10,-10,2.80309],
"1SS1SR1WW1WW":[-10,-10,-10,-10],
"1SS1SS1SR1GW":[-10,-10,-10,2.20142],
"1SS1SS1SS2GW":[-10,-10,-10,0.868157],
"4WW3WW3WW4WW":[-0.001,0,0,0],
"1SS4RW4WW2WW":[-10,-0.000347609,0,0.703555],
"2RW3WW1SS3GW":[0.0186506,0,-10,0],
"4WW1SS4WW2RW":[-0.001,-10,1.21162,-0.001],
"1SS1WW1WW2GW":[-10,-10,-10,-0.0019],
"2SS2SS3GW1SS":[-0.001,0,0,-10],
"1RW2SS1SS4WW":[-0.0169014,0,-10,0],
"1SS1SG4WW1RG":[-10,-10,0.000442801,0],
"1SS1SS4GW1SS":[-10,-10,0.25049,-10],
"4WW2WW3WW4WW":[-0.001,0,0,0],
"3WW1WW1SG2SR":[0,-10,-10,-0.001],
"2WW1SS2SS2SS":[-0.0718793,-10,0,0],
"1WW1SS4WW4WW":[-10,-10,2.25149,0.190699],
"3WW4WW1SS1GW":[0.0727401,-0.0019,-10,11.0824],
"4SS3WW3WW1SR":[0.00741756,0,0,-10],
"4WW1WW4WW4RW":[0,-10,-0.001,-0.001],
"2SS1SS4RW4WW":[1.05357,-10,0,0],
"1SS1SS4WW4GW":[-10,-10,2.85069,0.426795],
"1RW4WW2WW1SS":[-0.2,-0.00150934,0.0368885,-10],
"4WW1SG2GW2WW":[0.0157368,-10,0.0985,0],
"2GW1SG3WW1WW":[0,-10,-0.00111929,-10],
"2WW1SS1GW3WW":[-0.001,-10,5.05521,0],
"4WW1SS1SS4RW":[2.92963,-10,-10,0.00276944],
"1WW4WW3SS1SS":[-10,0.171015,1.25704,-10],
"2WW1SS3RW4WW":[-0.001,-10,0.00320495,1.33559],
"4WW2WW1RW1SG":[-0.001,0.0453864,-0.200174,-10],
"1SS3RW1WW4WW":[-10,-0.001,-10,0.0961391],
"2WW4RW1SS2WW":[0.688626,-0.001,-10,-0.0019],
"2SS2GW2WW1SS":[0.0124362,0,0,-10],
"3GR1SS4WW3WW":[0.010728,-10,0,0],
"4WW1GW1SS1SS":[0.265161,10.9108,-10,-10],
"3WW4WW1SS3GR":[0.0649044,0,-10,0],
"1SS4WW4RW1WW":[-10,0.957711,-0.0019,-10],
"4RW1SS2WW4WW":[0.0117105,-10,-0.00119849,3.17525],
"1WW1SS2GW2GW":[-10,-10,0,0.81863],
"4WW1SS3RW4WW":[0.0220737,-10,0.173172,3.60889],
"4WW1RW1SS4WW":[3.06299,-0.323535,-10,0.210293],
"2WW1SS3RW1WW":[-0.0019995,-10,-0.0019,-10],
"2GW4WW1SS2RW":[0,1.31616,-10,0.0787582],
"2WW3WW1SS1GW":[-0.0014656,-0.0019,-10,1.14576],
"4WW2GW1WW1SS":[1.24618,0,-10,-10],
"1WW4WW4WW2WW":[-10,-0.0029886,-0.0019995,-0.0019995],
"4WW2SG1SS1WW":[1.15751,-0.001,-10,-10],
"4WW4WW1SG4RW":[-0.001,0,-10,0],
"4WW4RW4WW3WW":[-0.001,0,0,0],
"4WW4WW4WW3WW":[-0.00666854,-0.00615244,-0.00613324,-0.0067662],
"3WW1SS4WW4GR":[0.0499406,-10,0,0],
"1SS4GW3WW1RW":[-10,-0.0019,-0.00158191,-0.2],
"3GW1GW1SS4WW":[-0.001,0,-10,0],
"3WW1SS4WW2WW":[1.64504,-10,0.649735,0.0565261],
"2RW1SS4WW2WW":[-0.00147461,-10,-0.00107004,0.46492],
"2GW3SS1SS1WW":[-0.001,0,-10,-10],
"4WW1SG2WW3WW":[-0.001,-10,-0.00224348,-0.001],
"4WW4WW1SR3WW":[0.00132459,-0.00087423,-10,1.87572],
"4WW1SG3WW1WW":[1.32094,-10,-0.00126964,-10],
"3WW1WW1SS4GR":[-0.00231106,-10,-10,-0.00271],
"1SG2SS1SS4WW":[-10,-0.16614,-10,0],
"1SS4WW4RW3WW":[-10,0.566234,0,0],
"1SS1WW3WW2SS":[-10,-10,-0.00206616,0],
"4WW1WW4SS1SG":[0,-10,-0.00114353,-10],
"1SS4WW4WW1RW":[-10,0.0403472,3.69232,-0.243078],
"1GW2GW4WW1SS":[0,0,-0.00117849,-10],
"4RG4WW1SS1GW":[-0.001,0,-10,0],
"4WW3WW3WW1SS":[2.28651,0.642772,0.0286855,-10],
"4WW4GW3WW1SS":[-0.0019,-0.0019,0.0423306,-10],
"1SG1GR2SS1SS":[-10,1.03436,0,-10],
"1SS3GW1GW1SS":[-10,0.0189829,0,-10],
"3WW3WW1SS1SG":[0.0746859,0,-10,-10],
"2SS3WW3GW1SR":[0.0383563,0,0,-10],
"1SR2SS2WW1WW":[-10,-0.00111168,0,-10],
"2WW1SS4GW4WW":[0.0309507,-10,0.205964,2.43789],
"1WW4WW1SS1RW":[-10,0.393048,-10,-1.27441],
"4WW3SS1SR2WW":[-0.001,-0.001,-10,0],
"2SS1SS4WW1RW":[0.221932,-10,0,0],
"4WW4GW3WW1SG":[0.00744765,-0.000258958,0.0196692,-10],
"4WW1SS1SG1WW":[0.0853807,-10,-10,-10],
"4SS1GW2RW1SS":[-0.001,0,0,-10],
"4WW1SG1SS2WW":[1.87562,-10,-10,0.0714549],
"3SS1SS1RG4WW":[-0.001,-10,0.274787,0],
"1SS1GW4WW1SG":[-10,4.33676,0,-10],
"1SS2WW1WW4GW":[-10,-1.89308,-10,-0.00305081],
"1SG1SS3WW3GW":[-10,-10,0,-0.001],
"1SS3WW3WW4GW":[-10,0.144504,3.12912,-0.00288682],
"2GW3WW1SS4WW":[9.9241,0.0920685,-10,0.0508848],
"4SG4WW1WW1SS":[0.0261465,0,-10,-10],
"4SS4RW4WW1SS":[0.0809933,0,0,-10],
"4WW2RW3WW1SG":[0.331123,0,0,-10],
"4WW4WW1SS3SS":[2.48657,0.540288,-10,0.0744875],
"1SS2SS1GW1SR":[-10,0.000184771,0,-10],
"1SS1SS2WW3WW":[-10,-10,0.0141293,0.480159],
"4RW1SS4WW3WW":[0.00789413,-10,0.763088,0],
"1RW1SS4WW3WW":[-0.349558,-10,0.136616,0],
"2WW1SG4WW4RW":[0,-10,-0.00154819,0],
"3WW1WW1SS1SR":[0.0958152,-10,-10,-10],
"4WW1SS2RW4WW":[0.103993,-10,0.278279,3.07402],
"3WW2GR4WW1SS":[0.0967883,0,0,-10],
"1SS1WW1WW4WW":[-10,-10,-10,1.33812],
"4WW4WW4RW1WW":[-0.0029985,-0.0038081,-0.0037275,-10],
"2GW4WW1SG4SS":[-0.001,0,-10,0],
"1WW1WW1SR4WW":[-10,-10,-10,0.0611768],
"3WW1WW2RW1SS":[-0.001,-10,0,-10],
"2WW4GW4WW1SS":[-0.001,0.015667,1.98767,-10],
"3RG3WW1SS4WW":[-0.001,0,-10,0],
"1SS2GR1WW4WW":[-10,-0.001,-10,0.0153102],
"3GW2SS1SS1SS":[0.865657,0,-10,-10],
"1SS2SS4GW2RW":[-10,-0.001,0,0],
"4RW1SS4WW4WW":[0.0208465,-10,0.226842,2.95823],
"1SS1SS1RG1SS":[-10,-10,0.114892,-10],
"4WW1SS2RW1GW":[0.40012,-10,0,2.30356],
"1SS1GR4WW2SS":[-10,1,0,0],
"1SS4RW4WW2SS":[-10,-0.00104017,2.06221,0.0181263],
"2SS1SR1SS2SS":[-0.192692,-10,-10,0],
"2SS2SS1GW1SS":[-0.001,0.102937,0,-10],
"1SR3WW1SS1SS":[-10,0.354421,-10,-10],
"1WW4GW1SR1SS":[-10,0.911847,-10,-10],
"1SS1SS2RG4WW":[-10,-10,0,0.524915],
"4WW1SS1SS1SS":[1.92294,-10,-10,-10],
"1SG1SS1SS4RW":[-10,-10,-10,0.0490122],
"3SS1SS4RW2GW":[-0.001,-10,0,0],
"1SG1WW2WW1SG":[-10,-10,-0.996,-10],
"1GW3SS1SS1GW":[0,0,-10,2.02307],
"4GW1WW1SS1RW":[-0.001,-10,-10,0.0249645],
"3WW1WW1SR3GW":[0,-10,-10,-0.001],
"1SR4SS2WW3WW":[-10,0.139431,0,0],
"4WW3WW1SS1SR":[1.42916,0,-10,-10],
"3RG1SS4WW2GW":[-0.001,-10,0.657739,0],
"3GW4WW1SS3SS":[1.08347,-0.001,-10,0],
"1SR2SS4WW1GW":[-10,0,0,1.02273],
"4WW4WW1SS1GW":[0.461799,0.104362,-10,13.1637],
"4RW1WW1SS4WW":[-0.0019995,-10,-10,0.125468],
"4WW1SR1SS2WW":[1.72423,-10,-10,-0.0019],
"1SS2GW4WW2SS":[-10,8.04542,0,0],
"1SS4WW2GW1RG":[-10,0.184837,0,-0.0199541],
"1SS1SS2RW1WW":[-10,-10,0.30822,-10],
"2WW1SS1RW4WW":[0.0573804,-10,-0.0366939,1.58872],
"1SS3WW2WW4GW":[-10,0.130204,1.2519,-0.00103133],
"1SS2WW4WW1RW":[-10,-0.001,3.21148,-0.120816],
"2WW2GW4WW1SS":[-0.00229677,-0.001,0.711453,-10],
"2WW1GW4RW1SS":[0.128534,0,0,-10],
"2WW1SG1SS4WW":[-0.00233094,-10,-10,-0.001],
"2WW4SS1SG3GW":[0.0587929,0,-10,0],
"1SS1SS1SS3WW":[-10,-10,-10,0.381703],
"1SS1WW4WW3GW":[-10,-10,1.36941,0],
"1SS2SG4WW3WW":[-10,-0.000584144,0,0.770573],
"4GW1SS4GW2WW":[-0.001,-10,0,0],
"2WW4RG1SS4WW":[0.798495,0,-10,0],
"1RW2WW4GW1SS":[-0.2,0,0,-10],
"1GR4WW2SS1SS":[1.02657,0,0,-10],
"4GW1SS1SS3RW":[-0.000989655,-10,-10,0],
"1SR4SS4WW1SS":[-10,0.182524,0,-10],
"3WW1SS1SG4RW":[0.0617529,-10,-10,0],
"3WW1SS4RW1WW":[-0.00209895,-10,-0.0019,-10],
"3SS4WW3WW1SS":[0.0430147,0.0493701,0.607686,-10],
"2WW3GW1SS4WW":[1.0697,-0.001,-10,-0.001],
"1WW4WW1SG1SS":[-10,2.14361,-10,-10],
"4WW2WW4WW2RW":[-0.001,0,0,0],
"1WW2GW1SS4WW":[-10,2.1992,-10,0],
"2WW4GW1SS4WW":[-0.001,0.651278,-10,0],
"2SS1SS4WW3GW":[-0.001,-10,0.0359466,0],
"2RW1SS4GW3GW":[0.0289451,-10,0,0],
"4WW2RW1SS2SS":[-0.00044131,-0.001,-10,0.00105553],
"1SS2SS1GW2WW":[-10,0,1.9,0],
"4WW2GW4WW1SR":[-0.001,-0.001,0.287724,-10],
"4WW1SS1WW4GW":[0.822181,-10,-10,-0.00553813],
"4WW4WW2SS1SS":[1.64567,2.8009,0.930842,-10],
"2GW2GW3RW1SS":[-0.001,0,0,-10],
"2WW2WW1RW1SG":[0.0318638,0,0,-10],
"3WW1SS3GW1WW":[-0.0020352,-10,0.148787,-10],
"1SS4SG4GW2WW":[-10,0,0,-0.001],
"4WW4WW1SS3SR":[0.00157534,0,-10,0],
"1SS4WW4RG1SS":[-10,0,-0.001,-10],
"2SS1GW1WW1SS":[-0.848348,2.80017,-10,-10],
"1SS1SS1SS2WW":[-10,-10,-10,0.38587],
"3SG1SS1SS3WW":[-0.000510073,-10,-10,0],
"3WW4WW1SS1SS":[2.11584,0.553839,-10,-10],
"1SS2SS4RW1SG":[-10,0.0729606,0,-10],
"2GW1SR4WW1WW":[0.0985,-10,0,-10],
"3WW4WW1SS1SR":[0.801323,-0.001,-10,-10],
"2RW4WW1SS2WW":[-0.001,1.50624,-10,-0.00147869],
"4WW3SS1SS3GW":[-0.001,0.00568433,-10,2.64666],
"1SS4WW1GW1GW":[-10,0.17202,0,0],
"2SS1SS1SS4GW":[0.44273,-10,-10,0.0585828],
"1SS4WW2WW1SR":[-10,0,2.94344,-10],
"1SR4WW1WW4WW":[-10,0.00122916,-10,1.20601],
"4WW1SS3GW1WW":[-0.00271,-10,0.873887,-10],
"4SS1SS3WW4WW":[0.0474767,-10,0.946555,3.76378],
"1SS1GR4WW1SS":[-10,4.83466,0,-10],
"1SS4WW1WW1GW":[-10,0.0655325,-10,10.2626],
"4GW3WW1SS1SG":[-0.001,0,-10,-10],
"1SS1GW1SS1SS":[-10,1.97445,-10,-10],
"2SS3WW1WW1SR":[-0.00138727,0.0346887,-10,-10],
"1SG1SG2WW3WW":[-10,-10,0.00809281,0],
"2WW1SR4GW2WW":[-0.00108299,-10,0,0],
"4RW1SS3WW1SS":[-0.00132645,-10,0,-10],
"2WW4WW1SG4WW":[0.00682605,0.0424426,-10,2.15069],
"2GW1SS4WW2GW":[3.23492,-10,0,0],
"1WW4RG1SS4WW":[-10,-0.001,-10,0],
"2WW4WW1SS1SG":[0.318329,-0.00289905,-10,-10],
"1SS1SS4WW2SS":[-10,-10,1.85772,-0.00261183],
"2RW4WW1SS3SS":[0.0179887,0,-10,0],
"1SS4GW3WW4WW":[-10,-0.00112624,2.76256,0.0323682],
"1SS1RG4WW3SS":[-10,-0.133654,0.635147,0],
"1SS3WW1WW1SS":[-10,0.00989603,-10,-10],
"3GW2WW3WW1SS":[0.610624,0,0,-10],
"1SG4WW1WW1WW":[-10,0.196561,-10,-10],
"1RW4WW1SS3WW":[-0.374668,1.79514,-10,-0.001],
"2GW1SS2GW1WW":[-0.001,-10,0,-10],
"3WW2SS2SR1SS":[-0.001,0,0,-10],
"2WW4WW1SG3WW":[0.0399038,1.5343,-10,-0.00131202],
"1WW1GW1SS3WW":[-10,2.1048,-10,0],
"1RG1SS1SS3WW":[-0.124009,-10,-10,0],
"2GW1WW1SS4GW":[0.668298,-10,-10,0],
"2SS2WW2WW1SG":[0.0535814,0,0,-10],
"4SR1SS1SS1SS":[-0.001,-10,-10,-10],
"4WW2WW1RW1SS":[0.623795,-0.00207963,-0.38,-10],
"3WW4WW1SS1SG":[0.385847,-0.00271,-10,-10],
"1SS4GR1WW3WW":[-10,0.00059898,-10,0],
"1SS4WW3GW3SS":[-10,0.0527727,0,0],
"3RW1SS2SS2WW":[-0.001,-10,0,0],
"1SS3GW2WW1RW":[-10,-0.001,1.12768,0],
"3WW2WW1SS4RW":[0.216062,0,-10,-0.0019],
"1SS2SS3RW1SG":[-10,0.00174989,0,-10],
"4WW2WW3WW1SG":[1.94604,0.0886912,0.0951739,-10],
"2WW1SS4RG4WW":[0.131237,-10,-0.000129355,0],
"1WW1SS2GW1WW":[-10,-10,0.322055,-10],
"1SG1SS3WW3WW":[-10,-10,-0.0019,0.908494],
"1WW4WW1SS2SS":[-10,0.750759,-10,-0.9969],
"4WW1GW3WW1SS":[0.15638,11.6022,0,-10],
"4WW1WW2SS1SG":[0.00623085,-10,0,-10],
"2SS1SG4WW1WW":[-0.996,-10,0,-10],
"1SG2GW3WW4WW":[-10,-0.001,0,0],
"4GW4WW1SS1SG":[0.0291164,0,-10,-10],
"4WW1WW1RW1SG":[0.000428681,-10,0,-10],
"4WW1SS1GW3RW":[-0.001,-10,0,0],
"1WW1SS3SR1SS":[-10,-10,-0.001,-10],
"1SS4GW4WW1WW":[-10,-0.00516054,1.09241,-10],
"3GW4WW1SS2RW":[1.1998,0,-10,0],
"4GW2WW1SS4GW":[-0.001,0.00422483,-10,0.0811989],
"2WW4WW4WW2GW":[0,0,-0.0010995,0],
"1SR4WW1WW1WW":[-10,0.189356,-10,-10],
"1WW1RW1SS1SG":[-10,-0.380402,-10,-10],
"2RW3WW2GW1SS":[-0.001,0,0,-10],
"4WW2GW4WW1SG":[0,-0.001,0.62655,-10],
"1WW1SG3SS2WW":[-10,-10,-0.001,-0.001],
"3SS1SS1SS1SS":[-0.930335,-10,-10,-10],
"4WW3SS1SR1WW":[-0.001,0,-10,-10],
"2SS1SG2WW4GR":[0.222507,-10,0,0],
"1SS1WW4SS1SG":[-10,-10,0.0836542,-10],
"1SS3SS3WW4GW":[-10,-0.001,0.0504848,0],
"3WW4GW1SR4WW":[0.0692631,-0.001,-10,0],
"3WW1SS4RW4GW":[-0.001,-10,-0.000609279,0],
"4RW4WW2SS1SS":[1.48285,0,0.298444,-10],
"2WW1SS4RW1WW":[-0.000270959,-10,0.0224415,-10],
"2SS2SS3SS1SS":[0.00288082,0,0,-10],
"2WW4GW4WW3WW":[-0.0019995,-0.001,-0.00113907,-0.001],
"3SS4RW1WW1SS":[0,-0.001,-10,-10],
"2WW1SS1SS2RW":[-0.00134218,-10,-10,0],
"1WW1SS3SR1GW":[-10,-10,-0.00095562,0],
"1SS4RW4WW3SS":[-10,-0.001,1.82483,0],
"1SG3WW1WW4RW":[-10,-0.001,-10,-0.001],
"1SS2GW3WW1WW":[-10,0.944426,-0.00113518,-10],
"4WW1SG4WW4WW":[1.94326,-10,0.000711934,0],
"1WW1SS1SS1WW":[-10,-10,-10,-10],
"1SR4WW3WW4WW":[-10,1.50555,-0.001,0.0276506],
"1SS1SR2WW1GW":[-10,-10,0.155451,0],
"1SS1WW2GW2SS":[-10,-10,1.05272,0],
"1SR1WW3WW1SS":[-10,-10,0.0695072,-10],
"4WW1GW1SR4WW":[0,1.01802,-10,0],
"1WW1WW3GW1SS":[-10,-10,0.224333,-10],
"2WW3SS1SS2WW":[0.225183,0,-10,0],
"3RW1SS1SS1SS":[0.00532421,-10,-10,-10],
"1SS1SS2WW4GW":[-10,-10,-6.25225e-06,0.649966],
"1WW1SG4WW2RW":[-10,-10,0.00677992,0],
"2SS1SS1WW4WW":[0.16637,-10,-10,1.44904],
"2WW4GW4WW1SG":[0,0,-0.000943609,-10],
"3RW1WW1SG2SS":[-0.001,-10,-10,0],
"2RW1SS3WW3WW":[0.154714,-10,0,-0.0013134],
"1WW1SG1SR1WW":[-10,-10,-10,-10],
"3WW3SS1SS3WW":[-0.001,0,-10,0.645967],
"1SS1WW3RW1SS":[-10,-10,-0.001,-10],
"3GW4WW4WW1SS":[7.41157,2.71754,0.211432,-10],
"1SS2WW1GW1GW":[-10,0.000606738,0,0],
"1SR1WW2WW1SS":[-10,-10,-0.996,-10],
"1SS4WW2WW2GW":[-10,-0.001,-0.00261838,5.33856],
"1SS3WW1GW1GW":[-10,-0.00118905,1.04687,0],
"1WW1SG3SS3WW":[-10,-10,0,-0.00115493],
"4WW1SS4WW1RW":[0.873308,-10,-0.00125894,0],
"1SS4WW2WW1SG":[-10,0.155327,1.48865,-10],
"2WW1SS3SS3GW":[0.0530054,-10,0,0],
"3RW2GW4WW1SS":[0.0287079,0,0,-10],
"1SS2WW2WW3GR":[-10,0.0420239,0,0],
"2WW3GW1SS3RW":[0.0472984,0,-10,0],
"1RW2GW1SS3WW":[-0.199392,0,-10,0],
"1GW2WW1SS1SS":[7.76624,-0.001,-10,-10],
"4WW2WW1SG4WW":[-0.001,0,-10,1.53787],
"2SG4SS1SS4WW":[-0.001,0,-10,0],
"4WW4WW1SS2SR":[0.510515,0,-10,0.000964144],
"3SS1RW3WW1SG":[-0.001,0,0,-10],
"4GW1SG1WW1WW":[0.227162,-10,-10,-10],
"3GW1SG2WW2WW":[0.0502098,-10,0,0],
"1SS3GW3WW3WW":[-10,0.161493,0,0],
"4WW4WW2WW1SR":[1.66198,0.08265,0.024327,-10],
"2RG1SS1GW3WW":[-0.001,-10,0,0],
"3SS2WW4GW1SS":[-0.000726355,0,0,-10],
"1SS3WW2WW1SR":[-10,-0.001,0.989806,-10],
"1WW1SS2SS1SG":[-10,-10,-0.996,-10],
"1SS4WW2WW2RW":[-10,-0.00271,0.631482,-0.001],
"4RW4GW4WW1SS":[0.0073492,0,0,-10],
"1SG1SS3WW1SS":[-10,-10,0.366604,-10],
"1SS3RW3WW4WW":[-10,-0.00271,1.22024,-0.001],
"4WW2GW3WW1SS":[-0.0017354,2.37732,0.00605826,-10],
"3RW1WW4WW1SS":[0.00437962,-10,-0.0019,-10],
"1SS2SS3WW2WW":[-10,-0.001,0.139251,1.11616],
"1WW3RW1SS3WW":[-10,-0.0018475,-10,0.112257],
"1SS1SS4WW1WW":[-10,-10,1.43407,-10],
"1SG4WW4WW3SS":[-10,0.128607,0,0],
"3SS1SR1SS2GW":[0.231457,-10,-10,0],
"4GR1SS1WW4WW":[-0.001,-10,-10,0.261505],
"4WW3SG1SS2GW":[0.102353,0,-10,0],
"2SS2RW3WW1SS":[0.185248,0,0,-10],
"1SS1SS1SG1SS":[-10,-10,-10,-10],
"3GW4SS1SS3WW":[0,0,-10,0.40055],
"1SG4GW1WW4WW":[-10,0.124175,-10,0],
"4WW3WW1GW1SR":[-0.001,0,0,-10],
"2SG4WW1SG1SS":[0.0041329,0,-10,-10],
"3WW2WW3RG4WW":[0,0,0,-0.001],
"1SS2SG3RW1WW":[-10,0.0136107,0,-10],
"4WW3RW2WW1SS":[0.478501,0,0,-10],
"1WW2GW1SS1WW":[-10,0.307045,-10,-10],
"4GW3WW1WW1SS":[-0.0019,-0.00171262,-10,-10],
"2SS1SS4WW1GW":[-0.00187109,-10,1.79706,0],
"4RW1SS1WW4WW":[0.0107396,-10,-10,2.13105],
"1GW1SS2RW3WW":[0,-10,0,-0.00120007],
"2SS1SS4SS4SS":[0.0247697,-10,0,0],
"1SS4WW1WW1WW":[-10,0.635358,-10,-10],
"1SS1SS4WW4RG":[-10,-10,0.151646,0],
"1SS4RW1SS1SS":[-10,0.175804,-10,-10],
"4RW1SS4WW2WW":[0.0463246,-10,0,1.1866],
"1SS3WW4WW1RW":[-10,0.170538,3.23174,-0.138279],
"1SS4WW3GR1WW":[-10,-0.00247196,0,-10],
"1SS4WW4GW3WW":[-10,0.00295396,0.0162709,0.67178],
"1SS2GR1WW3WW":[-10,-0.00139496,-10,-0.00113027],
"3GW3SS1SS1WW":[-0.001,0.176613,-10,-10],
"1SS3RW1GW1SS":[-10,-0.000948953,0,-10],
"1SG1SG1SS4WW":[-10,-10,-10,0.112712],
"1SG4WW4WW2SS":[-10,0.390135,-0.001,-0.001],
"3WW2WW1SS4WW":[0.369017,-0.00342798,-10,2.28199],
"4RW4WW1GW1SS":[-0.001,0.744178,0,-10],
"3WW4WW1SS3WW":[0.770007,2.84568,-10,0.471742],
"4WW3WW4WW1SR":[0.0365569,0.121651,1.88503,-10],
"2WW1WW1GW1SS":[-0.00189085,-10,1.98768,-10],
"1WW1SS1SR2WW":[-10,-10,-10,0.0931129],
"4GW4WW1SS3SS":[0.546409,0,-10,0],
"4WW2RW1SS4WW":[0.255917,0.211215,-10,1.40084],
"4WW4GW2WW1SR":[0.119196,0,0,-10],
"1SS1WW1GW2SS":[-10,-10,6.1386,0],
"4WW4WW1RW1SG":[0.147246,0,0,-10],
"2SS1SS4WW2SR":[-0.0010995,-10,0,0],
"1SS1WW4WW3RW":[-10,-10,0.18216,0.383377],
"2WW1GW4WW1SS":[0.0685346,10.512,0.373427,-10],
"4RW2SG2SS1SS":[-0.00036265,-0.000266151,0,-10],
"3SS1WW2WW1SG":[0.00319735,-10,0,-10],
"1SS4WW4RW2WW":[-10,0.137598,0,-0.00148365],
"3WW2WW1SS1SS":[-0.00108675,0.514371,-10,-10],
"3WW4WW1RW1SS":[-0.0010995,1.48851,-0.531402,-10],
"1WW1SS1SR2SS":[-10,-10,-10,-0.00213677],
"1SS1SR4WW1SS":[-10,-10,2.65615,-10],
"4WW2SS1SS1SG":[0.297031,0,-10,-10],
"3GW1RW4WW1SS":[-0.001,-0.188001,0,-10],
"3WW1WW4WW1SS":[-0.00481293,-10,1.90823,-10],
"3WW4WW1SR1GW":[-0.001,-0.001,-10,1.11753],
"2GW1SS4RW4WW":[-0.000841767,-10,-0.001,0.643568],
"4GW2RG3WW1SS":[0.658591,0,0,-10],
"3WW1SS4WW1GW":[0,-10,0.120016,10.4763],
"4GW4WW3RW1SS":[0.273634,0,0,-10],
"2WW1WW1SS2RW":[0.0395656,-10,-10,0],
"1SS1SS1SR1SG":[-10,-10,-10,-10],
"1WW1SS2SS1SS":[-10,-10,-2.69916,-10],
"1WW1SS1SS2GW":[-10,-10,-10,2.56586],
"3WW4GW1SS3WW":[1.81231,0,-10,0],
"1SG4WW4WW1SS":[-10,2.35529,0.0861405,-10],
"3GW1WW4WW1SS":[1.78628,-10,-0.001,-10],
"4GW1SS2WW1WW":[0.0354578,-10,-0.101002,-10],
"1GW4RW1SS1WW":[3.85085,0,-10,-10],
"2WW2GW1SS3RW":[0.00146073,0,-10,0],
"1RW1WW2SS1SS":[-0.197656,-10,0,-10],
"4GW2WW1SS4WW":[-0.0019995,-0.00126964,-10,1.50927],
"4RW1WW1SS1SG":[-0.0010995,-10,-10,-10],
"1SG2RW3WW4WW":[-10,0.0810371,0,0],
"1SS1WW1GW4GW":[-10,-10,2.85523,0],
"1SG4WW2RW1SS":[-10,0.140622,0,-10],
"1SS2GW4WW2RW":[-10,-0.001,1.55302,0],
"1WW4WW3SG1SS":[-10,0.929976,0,-10],
"3WW3WW4WW4WW":[0,-0.001,0,-0.0013977],
"4WW1RW1SS1SS":[2.34672,0,-10,-10],
"2SS1WW4WW1SG":[-0.996,-10,0.351473,-10],
"3SS2SG1SS2WW":[-0.001,0,-10,0],
"1WW1SS4GW4GW":[-10,-10,0.00605132,-0.001],
"4GW1SS3WW4RW":[-0.001,-10,0.27012,0],
"3WW3GW1SS4WW":[1.42853,0.0329763,-10,-0.001],
"1SG3WW2WW1SS":[-10,0.0443156,0,-10],
"4WW1SS2WW1RW":[-0.000707822,-10,-0.00242406,-0.137274],
"2WW4RW2SS1SS":[0.0366169,0,0,-10],
"4SS3WW1GW1SR":[0.00167979,0,0,-10],
"2WW4WW1SS4WW":[0.961453,1.30389,-10,2.35621],
"4RW1SS1WW3WW":[-0.001,-10,-10,0.306412],
"1WW1SS3RW3WW":[-10,-10,-0.001,0],
"1WW1GW4RW4WW":[-10,1.00781,0,0],
"2WW2GW1SR2WW":[-0.0010995,0,-10,0],
"4RW1SS1SS3WW":[-0.000564554,-10,-10,0.748773],
"4SS3WW1SG1SS":[-0.001,0.0232393,-10,-10],
"1SS2RG4WW2WW":[-10,-0.001,0,0],
"3SS4WW4WW1SS":[-0.00293212,2.89792,1.50632,-10],
"4WW1SS1SG1RW":[0.133271,-10,-10,0],
"4WW1SS2SR4GW":[0.173183,-10,0,0],
"3SG4WW3WW1SS":[0.281026,0,0,-10],
"2SS4WW3WW1SS":[1.75168,0.0562538,0,-10],
"1SR4WW3WW2SS":[-10,-0.00185771,0,0],
"3WW1WW1SG4WW":[-0.00348228,-10,-10,1.37427],
"3GW1SS1RW4WW":[0.0694616,-10,0,0],
"4RW1SS3WW3WW":[0.0343533,-10,0.00834321,3.02458],
"4RW4WW1SG3WW":[-0.001,0.00300953,-10,0],
"3WW4GW1SG3WW":[0.11908,0,-10,0],
"2WW2SS1SG1WW":[-0.00160659,0,-10,-10],
"3RW4WW1SG3WW":[0.0199427,0,-10,0],
"1GW4WW1SR2WW":[4.51477,0,-10,0],
"2WW4WW4WW1SG":[0.0175093,-0.00134659,0.842716,-10],
"1SS2GW4WW3RG":[-10,-0.000401823,0,0],
"2WW4WW1SS2SS":[0.0429212,0.887592,-10,-0.00255278],
"1WW1SS4SR1WW":[-10,-10,0.0108317,-10],
"2WW1GW1SS3RW":[0,0,-10,-0.001],
"1SS1GW4RW4WW":[-10,1,0,0],
"1SS2GW3WW2WW":[-10,0.09854,0,0],
"1SS3RW1GW4WW":[-10,-0.001,1.24891,0],
"1SS4SS4GW1WW":[-10,0.314096,-0.001,-10],
"4RW3WW4WW1SS":[-0.001,2.4482,0.00599065,-10],
"1RW1SS1SS4WW":[-0.0554458,-10,-10,3.03123],
"4WW1RW2GW1SS":[-0.0010995,-0.2,0,-10],
"2WW1SS4WW1GW":[0.0377472,-10,0.0688187,9.94049],
"1WW2WW1SS2SS":[-10,-1.63712,-10,-1.97312],
"2GR1SS1SS2WW":[-0.001,-10,-10,0],
"2WW1SS1SG4GW":[-0.00129735,-10,-10,0],
"4WW1SG1SS1RW":[1.48106,-10,-10,0],
"3WW2GW1SS2WW":[0.305541,0,-10,0],
"1SS4WW2GW1WW":[-10,0.034318,3.03411,-10],
"1SS1WW2GW1SR":[-10,-10,1.10198,-10],
"1WW1WW1SS4SS":[-10,-10,-10,0.0206145],
"2SS1SS1SG4WW":[0.671918,-10,-10,0],
"1GW4WW4WW1SS":[12.4281,0.914231,0.322738,-10],
"4WW1SS1WW1GW":[-0.000236381,-10,-10,3.53171],
"1SS2GW3WW4SR":[-10,0.0100627,0,0],
"3WW3WW4WW1SG":[0.0721206,-0.0019,0.525738,-10],
"2RW2WW1SS1SS":[0.0496713,-0.001,-10,-10],
"4WW4GR1SS1SS":[0,-0.001,-10,-10],
"3WW1RW1SS3GW":[-0.000901096,0,-10,0],
"2SG1SS2WW4RW":[0,-10,0,-0.001],
"4WW4GW2SS1SS":[0.745673,0,0.00999741,-10],
"1WW1SG1SS1WW":[-10,-10,-10,-10],
"2WW1SG4WW2WW":[0.205251,-10,1.03515,-0.00113749],
"1SS1SS4WW3WW":[-10,-10,2.17502,0.709833],
"4RG1SS1SS4WW":[-0.001,-10,-10,1.36264],
"4GW3GW3WW4WW":[-0.001,-0.001,0,-0.0019],
"1SS2SS3WW3WW":[-10,-0.001,0.0352913,0.5957],
"2SS1SS1WW3WW":[0.00825356,-10,-10,0],
"3WW4SS1SS3WW":[1.05903,0,-10,0.0116199],
"4GW1WW1SS1SS":[0.197068,-10,-10,-10],
"1SS3WW2WW4SS":[-10,-0.001,0.282084,-0.001],
"1RW2SS1SS2WW":[-0.199107,0.028791,-10,0],
"1SS2WW2WW3GW":[-10,-0.0011569,-0.001,0.193985],
"4WW1RW2SS1SS":[1.14924,0,0,-10],
"1SS1SR4WW3WW":[-10,-10,3.44377,0.0358655],
"2RW1SS1WW2WW":[-0.001,-10,-10,0],
"4GW1SS3WW2RW":[0.0789173,-10,-0.001,0],
"2SS1SS2WW2GW":[0.133368,-10,0,0],
"1WW4WW3SR1SS":[-10,0.403332,0,-10],
"3SS1SS2GW4WW":[0.0820047,-10,6.34795,0],
"3WW3WW1SS1SR":[-0.00127697,-0.001,-10,-10],
"1WW1SS4SS3RW":[-10,-10,-0.001,0],
"1SS1WW2GW1GW":[-10,-10,0.276849,0],
"1SS2GR4WW2WW":[-10,-0.001,0,0],
"3SS1SS2GW4GW":[-0.000461792,-10,0,0],
"1SS1SG4WW1WW":[-10,-10,0.894036,-10],
"1SS2SS2WW1RW":[-10,0.002716,0,0],
"3WW1SS4SS3RW":[-0.00127697,-10,0,0],
"2SS1SS1SS1SS":[-6.2546,-10,-10,-10],
"1WW4WW1SS4GW":[-10,-0.00473276,-10,0.532757],
"4GW2WW1WW1SS":[-0.0010995,-0.00243522,-10,-10],
"1SG4WW2WW1GW":[-10,-0.001,0.0674377,0],
"2SS4GW1SR1SS":[-0.001,0,-10,-10],
"2SS4WW4RW1SS":[0.00692935,1.90699,0,-10],
"4WW1SR3WW3WW":[0.467497,-10,0,0],
"1SS2RG4WW2SS":[-10,-0.001,0.443383,0],
"2GW2WW2SS1SS":[-0.001,0.00683683,0,-10],
"2WW1GR1SS4WW":[0.275248,0,-10,0],
"4GW1SS2SS4WW":[1.22377,-10,0.01277,0],
"1SS4WW1WW1RW":[-10,0.0227896,-10,-0.342448],
"1SG1WW2WW4RG":[-10,-10,0.00256657,0],
"1WW1SS3GW1WW":[-10,-10,0.391093,-10],
"1SS1RW2GW2WW":[-10,0.004462,0,0],
"1SS1SS3GW4WW":[-10,-10,-0.001,2.54163],
"1SS3GW4WW4SS":[-10,-0.001,0.635278,0],
"4RW4WW1SS2SS":[-0.001,0,-10,0.32737],
"1SR3GW2WW4WW":[-10,0.08611,-0.001,0],
"1SS2GW3WW2SR":[-10,0,-0.0010995,0],
"1SS4WW3WW2GW":[-10,0.00991651,2.37172,0.000635629],
"4WW4GW3WW1SR":[-0.00047983,-0.001,0.2437,-10],
"4WW2SS1SS3WW":[2.42058,0.143269,-10,0.455296],
"1SR1SS1GW4WW":[-10,-10,3.71507,0],
"4WW1WW1SS3GR":[0.0520294,-10,-10,0],
"2SS1SG2WW3WW":[-0.00111132,-10,0,0],
"1WW4RW1SS1SG":[-10,-0.001,-10,-10],
"1WW4WW1SG2RG":[-10,0.00602039,-10,0],
"2WW2WW1SG4WW":[0.00248667,0.00089781,-10,0.455464],
"2SR1SS3WW3WW":[0,-10,0,-0.00118905],
"2WW1WW1SG1SS":[0.00902382,-10,-10,-10],
"3WW1WW4RW1SG":[-0.001,-10,-0.001,-10],
"2GW1WW1SG4WW":[0,-10,-10,0.732341],
"4GW3SS1SS3WW":[-0.001,0,-10,0],
"3RW1SG4GW2WW":[-0.001,-10,0,0],
"1SG3WW1WW1SS":[-10,-0.0111471,-10,-10],
"2SS2SS3WW1SS":[-0.001,0,0,-10],
"3GW3WW1SS3SS":[0,0.0334424,-10,0],
"1SS3WW3WW1RW":[-10,-0.001,0.440782,0],
"1GW3WW1SS2SS":[3.70211,0,-10,0],
"1SS2WW4WW2SS":[-10,1.31881,0.0433419,-0.35631],
"1SG4WW4WW4SS":[-10,0.307353,0,0],
"1SR3GW2WW1SS":[-10,-0.001,0,-10],
"1WW1WW2SG1SS":[-10,-10,0.0273182,-10],
"1SS3WW4WW2SG":[-10,-0.00111175,1.68609,0],
"2WW2WW2SS1SG":[0.139063,0,0,-10],
"2WW3WW2SS1SS":[0.040057,0,-0.001,-10],
"4WW1SG3RW1WW":[-0.000319493,-10,0,-10],
"1SG4WW4WW1RW":[-10,0.0114598,-0.001,0],
"3WW4RW1SS4WW":[-0.0010995,-0.0019,-10,0.36138],
"4WW1RW4GW1SS":[0.015543,0,0,-10],
"4SS1SR1WW3GW":[0.0352399,-10,-10,0],
"1WW1SR1SG4WW":[-10,-10,-10,-0.0010995],
"1SS3GW3WW4GW":[-10,0,0,-0.001],
"1SS4WW1RW4WW":[-10,1.60227,-0.639746,-0.001156],
"2WW1WW1SG1SG":[-0.00118905,-10,-10,-10],
"2WW1SG4WW1WW":[-0.996,-10,0.0137522,-10],
"1WW3WW1SR4WW":[-10,0.253267,-10,-0.00110308],
"1SS4WW4RW2GW":[-10,0,-0.001,0],
"3RW2SS1SS4WW":[0.00476497,0,-10,0],
"4WW1SG4WW1WW":[1.62736,-10,-0.00121931,-10],
"1SS3RW1WW4GW":[-10,-0.001,-10,-0.001],
"1SS1SS3WW1SG":[-10,-10,0.457852,-10],
"1SS4WW4GW1RW":[-10,-0.0010995,-0.001,0],
"2WW3WW4WW1SG":[-0.00163829,-0.001,0.562015,-10],
"3WW1RW1GW1SS":[-0.000904171,0,0,-10],
"1GW3WW4WW1SS":[13.1157,0.328199,-0.001,-10],
"3GW2WW2WW1SS":[-0.001,0,0,-10],
"4WW4GW1SR3WW":[0.0344752,0,-10,0],
"1SS3SS4GW4WW":[-10,-0.001,-0.001,0.147691],
"3RW1SS1SG4WW":[0.381113,-10,-10,0],
"2SS1SS2WW2SS":[-0.370566,-10,0,0],
"3WW4SS1SS4WW":[0.25679,0,-10,1.70919],
"1WW4GW3SS1SS":[-10,0.230061,0.0140392,-10],
"1SS4WW4WW1RG":[-10,-0.001,2.1413,-0.338696],
"2WW1SR4WW2WW":[-0.00187719,-10,0.188963,-0.001],
"2WW3GW1SS1SS":[0.00951423,0.111288,-10,-10],
"1WW3GW2SG1SS":[-10,-0.001,0.000509468,-10],
"1WW2WW1RW1SS":[-10,1.27129,-0.104423,-10],
"4WW1SS2SS2RW":[0.280834,-10,0,0],
"4WW2WW1SG1SR":[0.0299309,0,-10,-10],
"2WW2RW1SS3WW":[0.390956,0,-10,0.00923429],
"1RW1GW4WW1SS":[-0.200154,1.02803,0.126903,-10],
"2GW2WW1SS1SR":[0.45495,0,-10,-10],
"1SS1WW1SS2SS":[-10,-10,-10,-0.639237],
"1SS1SS3WW1SS":[-10,-10,1.03099,-10],
"2GW1SR1SS2WW":[0.194473,-10,-10,0],
"4RW2SS1SS4WW":[0.289201,0,-10,0.247575],
"1GW1WW1SR1SS":[0.911193,-10,-10,-10],
"1SS3RW3WW1SS":[-10,-0.001,0,-10],
"1SS2WW3RW1SS":[-10,0.00579625,0,-10],
"1SS1SS1WW4RW":[-10,-10,-10,0.00672409],
"1SS1WW1SS2SG":[-10,-10,-10,-0.996],
"3WW1SR4WW4WW":[1.40414,-10,0,0],
"1SS1RW4GW1SS":[-10,0.0422297,0,-10],
"1SS4WW3WW1WW":[-10,1.61439,0.0943838,-10],
"1WW3WW1SS1GW":[-10,0.0190656,-10,0],
"2WW1SS1SS1SS":[-2.16264,-10,-10,-10],
"1GW1WW4GW1SS":[1.91913,-10,0,-10],
"1WW2WW1GW1SS":[-10,0.369304,0,-10],
"2WW3GW4WW1SS":[0.00184376,-0.001,2.00478,-10],
"4WW4RW4WW1SS":[1.54833,0,0.00325504,-10],
"4WW2RW1WW1SS":[0.176922,0,-10,-10],
"1SS3WW3WW2RW":[-10,-0.001,0.193907,0],
"1SS4RW4WW4WW":[-10,0.0396062,3.00798,0.00341054],
"3WW2SG1SS1WW":[0.120781,0,-10,-10],
"2SS1SS2RW4WW":[-0.0019,-10,-0.001,1.15186],
"1SS1SS1SS1WW":[-10,-10,-10,-10],
"2WW3GR4GW1SS":[0.0739665,0,0,-10],
"1SS4WW4GW1GW":[-10,0,0,1.00528],
"2WW1SS3SS4GW":[0,-10,0,-0.001],
"4SS2SS1SS4RW":[0.0900191,0,-10,0],
"4WW4RW4WW4WW":[-0.00219574,-0.0019995,-0.00271,-0.0019995],
"3RW4WW1SS4SG":[0.0868705,0,-10,0],
"2SS1SS1SG4GW":[0.0390518,-10,-10,0],
"2GW1SS1SS4GW":[1.00905,-10,-10,0],
"4WW1SG2WW1WW":[0.536925,-10,0.00376391,-10],
"3WW1SS4WW1RW":[0.272164,-10,-0.00204007,0],
"4WW1SS1WW1WW":[0.878528,-10,-10,-10],
"1SS2RW4WW2WW":[-10,0.511659,0,0],
"1SS3WW4WW4WW":[-10,1.35795,2.0868,3.27263],
"2WW4WW1SS1SS":[1.97327,0.701164,-10,-10],
"2SS1SS1SS4SS":[0.0330589,-10,-10,0],
"3WW1WW1GW1SS":[-0.00127827,-10,3.03615,-10],
"1WW1SS1GW2GW":[-10,-10,2.08442,0],
"2GW4WW1SS4WW":[11.6873,0.555263,-10,0.286274],
"4RW4WW3WW1SS":[0.931048,-0.001,-0.00230535,-10],
"4GW4WW1RW1SS":[-0.001,1.59946,0,-10],
"3SS4GW1SS2SS":[1.51159e-05,0,-10,0],
"2WW1SS1GW4WW":[0,-10,10.867,0],
"1SS3GW4WW3WW":[-10,0.616246,0,-0.0019],
"4RW3WW3WW1SS":[-0.001,0.680726,0,-10],
"2WW2GW4WW4WW":[-0.00208089,-0.001,0,-0.001],
"4WW2GW2WW1SR":[0.57526,0,-0.00141766,-10],
"1SS1SS4SS1SG":[-10,-10,0.354019,-10],
"2RW1SS2SS2SG":[0,-10,-0.996,0],
"4GW1SG1SS4WW":[-0.00146377,-10,-10,-0.0019],
"4WW1SS3RG1GW":[0.126619,-10,0,0],
"1SS2RW3WW1SS":[-10,0.379981,0,-10],
"3RG4WW3SS1SS":[0.0282214,0,0,-10],
"3WW4RW1SS1SS":[0.109083,0,-10,-10],
"1SS1WW3WW4GW":[-10,-10,-0.00375702,0.0845819],
"1SS2SS4WW1WW":[-10,0.00476318,1.802,-10],
"4GW4WW4WW1SG":[0.392685,-0.001,0,-10],
"3WW4WW1SS4RG":[0.246133,0,-10,0],
"2WW1SS3GW3WW":[-0.00100918,-10,0.0255913,0],
"3RW1SS4WW2WW":[0.0124905,-10,-0.0019,-0.00289304],
"2SR1SS2WW3WW":[-0.001,-10,-0.001,0],
"1SS1GW3SS3SS":[-10,1.67684,0,-0.001],
"1SS1SG4WW4RW":[-10,-10,0.185617,0],
"4WW2WW1SG2SG":[0.00264393,0,-10,0],
"4SS1SS4WW4RW":[-0.00190196,-10,0,0],
"1SS4GW4WW4RW":[-10,-0.001,1.57434,0],
"1SS1SS4RW3WW":[-10,-10,-0.000415111,0.186778],
"4GW1SS4WW3WW":[2.00181,-10,-0.00158595,0.468851],
"4WW3SG1SR1WW":[0.00385537,0,-10,-10],
"4WW1SS1SS3RW":[2.82735,-10,-10,0.00822734],
"3SS1SS3WW1WW":[-0.001,-10,0.127341,-10],
"1SS4WW3WW2WW":[-10,0.0496345,0.34688,2.00511],
"4WW1WW1SS2SR":[0.635002,-10,-10,-0.00198427],
"3WW1SG4WW3WW":[0.0309972,-10,-0.00322063,-0.001],
"2SS3WW4WW1SR":[0.111421,0,-0.00188067,-10],
"1WW4WW1SS1SG":[-10,-0.00413608,-10,-10],
"4WW4WW2WW4WW":[-0.0010995,-0.00279955,-0.001,-0.001],
"4WW1SS1RW4WW":[0.457381,-10,-0.609372,2.88339],
"1RG3GW2WW1SS":[-0.171523,0,0,-10],
"4WW4SS1SS3GW":[0.708155,0,-10,0],
"4SS2WW2GW1SS":[-0.001,0,0,-10],
"2WW1SS4WW4WW":[0.570073,-10,2.81003,1.23194],
"1SS3SS4SS1SS":[-10,-0.001,-0.001,-10],
"1WW1WW4GW1SS":[-10,-10,0.302391,-10],
"2RW1SS4WW4WW":[-0.0019,-10,0.0291713,2.53613],
"3RW2WW3WW1SG":[-0.000396878,0,0,-10],
"1SS1WW1GW4WW":[-10,-10,11.3788,0.0872255],
"1SS1RG2WW1SS":[-10,-0.2,0.0170672,-10],
"4WW1SS4GW4RW":[0.223419,-10,0,0],
"1SS2GW2WW4WW":[-10,4.09829,0,0.000168331],
"3SS2SS1SS4SS":[-0.001,0,-10,0],
"1SS2GW3WW4RW":[-10,-0.001,0.247858,0],
"1SG2WW1WW1SS":[-10,-0.996,-10,-10],
"2SR1SS1WW4WW":[0.115997,-10,-10,-0.00110646],
"4SS1GW3WW1SG":[-0.001,0,0,-10],
"4GW1SS1SS2WW":[0.0893898,-10,-10,0.0723878],
"1WW4WW1SR3WW":[-10,1.33076,-10,0.00339018],
"1SS2GW4WW1SR":[-10,-0.001,1.07303,-10],
"1GW1SS1WW3GW":[0.999108,-10,-10,0],
"4GW3GW1WW1SS":[-0.001,0,-10,-10],
"3WW1SS4RW2WW":[0.062043,-10,-0.001,-0.00141751],
"3WW1SR2GW2WW":[0.00341018,-10,0,0],
"1SS1WW2WW1GW":[-10,-10,0.0494006,3.11085],
"4GW4SS1SS1RW":[0.19554,0,-10,0],
"4GW1SS4GW3WW":[-0.001,-10,-0.001,0],
"2SR1SS1SS3WW":[-0.001,-10,-10,0],
"1SS2GW2SS1SS":[-10,0.00355717,0,-10],
"1GW1WW1SS4WW":[10.3668,-10,-10,0.0245524],
"4WW4WW4WW1SG":[1.89262,0.0476404,0.27246,-10],
"1WW3GW1SS4WW":[-10,3.31065,-10,-0.001],
"1SS1SS2RW4WW":[-10,-10,-0.00279955,2.85331],
"3WW1SS4GW4WW":[0.0701593,-10,0.162384,2.48054],
"3WW3WW1SR4WW":[-0.00185367,-0.0019,-10,0.744603],
"3RG1WW4WW1SS":[-0.0010995,-10,0,-10],
"4WW1SR1SS3WW":[2.28225,-10,-10,0.0583364],
"2WW4WW4GR1SS":[0,0.00684358,0,-10],
"1GR1SS4WW1WW":[0.999901,-10,0,-10],
"3WW3RW1SS4WW":[0.544537,0.0157257,-10,0],
"2WW2RW1GW1SS":[0.00737273,0,0,-10],
"3WW1SR4WW3WW":[0.160548,-10,2.02446,-0.001],
"1SG1SS3WW2SS":[-10,-10,0.127412,0],
"2GR1SS2WW4WW":[0.722379,-10,0,0],
"1SS1SS4RW1SG":[-10,-10,-0.000599805,-10],
"1GW1SS3GW1SS":[0.981177,-10,0,-10],
"1WW1SS1SS1SS":[-10,-10,-10,-10],
"1WW4WW4GW1SS":[-10,2.44085,-0.00480279,-10],
"1SS4GW2WW4WW":[-10,0.141144,1.8304,-0.0019],
"1SS3SS1GW4WW":[-10,0.082054,3.80509,0],
"2SS1SS2GW1WW":[-0.001,-10,0.978603,-10],
"1SS2WW2GW4RW":[-10,-0.0011842,0,0],
"4SS4WW2WW1SS":[0,0.800713,0,-10],
"4WW1SG3WW3WW":[0.192313,-10,-0.0014935,0],
"4WW3GW1SS4WW":[2.55177,0.0684093,-10,-0.0019],
"1SR3WW4WW4WW":[-10,0.739184,0,0],
"4SS4RW1SS1SS":[-0.001,0.0127671,-10,-10],
"1GW3WW1SS3SS":[1.01625,0,-10,-0.001],
"1SS1WW2WW2RG":[-10,-10,0,-0.001],
"4WW3RW1SS4WW":[2.73649,-0.001,-10,0.291208],
"1SS1GR4SS1SS":[-10,1,0,-10],
"1GW2WW3WW1SS":[1.96016,0,0,-10],
"1GW2WW1SG4RW":[0.999405,0,-10,0],
"1SS3SS3WW4WW":[-10,-0.001,1.18354,-0.001],
"2RW1SS4WW3WW":[1.03991,-10,-0.0019,0.109866],
"1SS2SS4WW4RW":[-10,-0.706996,-0.00119885,0.250504],
"3SS1SS4WW4RW":[-0.001,-10,0,0],
"2GW4SS1SS3WW":[-0.001,0,-10,0],
"1WW4WW4RW1SS":[-10,1.86499,0.00122617,-10],
"4WW3RW1WW1SS":[-0.00162968,-0.0019,-10,-10],
"1SS4WW3WW4SS":[-10,0.40358,0,-0.001],
"4WW3WW4WW4WW":[-0.0029985,-0.00289905,-0.00271,-0.00305872],
"1SS4RW1WW2WW":[-10,-0.0013435,-10,-0.9969],
"2SS1SR1GW4WW":[0.055339,-10,0,0],
"3WW4WW1SG1SS":[0.239122,2.00783,-10,-10],
"4SS1SS2WW4WW":[0.303816,-10,1.52542,-0.0015678],
"3WW3WW1SG4WW":[0.00754055,0,-10,1.62569],
"1SS4GW4GW1SS":[-10,0.00880085,0,-10],
"1RW1SG1SS3WW":[-0.0418933,-10,-10,0.0817532],
"2SS3WW2WW1SR":[0.24692,0,0,-10],
"3SS1SS2WW4WW":[0.0448623,-10,0.232076,2.84633],
"1SS1SS4WW1GW":[-10,-10,0.0897891,12.206],
"2WW4WW1SS1WW":[0.0977057,1.57295,-10,-10],
"4SS2SG1SS4WW":[-0.001,-0.001,-10,0],
"2SS1SR4WW3WW":[0.870571,-10,0,0],
"4GW4WW4WW1SR":[0.788156,0,0,-10],
"1GW4WW1SS3RW":[5.15224,0,-10,0],
"1SG3RW3WW1SS":[-10,-0.001,0,-10],
"1WW1SS4WW3WW":[-10,-10,1.69052,-0.00721103],
"1SS1SS4WW3GR":[-10,-10,0.470784,-0.0019],
"1SS4SR4WW3WW":[-10,-0.001,0,0],
"2GR4WW1SS3WW":[0,0,-10,0.381315],
"2WW1SS4WW1RW":[0.67278,-10,0,0],
"3WW4WW1SS4GW":[1.8465,0.0925616,-10,0.023503],
"4WW3RW4WW1SS":[-0.000837779,0.00409219,1.2773,-10],
"4WW2GW1SS4WW":[0.164701,8.83957,-10,0.0283806],
"2WW1WW2RW1SS":[-0.996,-10,-0.0482289,-10],
"2SS2GW4WW1SS":[0,1.5222,0,-10],
"2WW1SS1SS1WW":[-0.290283,-10,-10,-10],
"3WW1SR1GW4WW":[0,-10,0,-0.001],
"4SS1SS1SS4RW":[0.59966,-10,-10,0],
"3WW4GW1SS2WW":[0.780589,-0.0010995,-10,-0.001],
"1SS3GW1GW4WW":[-10,-0.001,2.10154,0],
"2SS1SG1SS3SS":[-0.996,-10,-10,0],
"1WW1SS1GW1RW":[-10,-10,1.29297,0],
"1SS2WW4WW1SS":[-10,0.194606,2.48225,-10],
"1GW1SS1SS3WW":[7.79511,-10,-10,0.0302802],
"4GW4GW1SS1WW":[0.141074,0,-10,-10],
"1SS2SS4WW2RG":[-10,0.118642,0,0],
"1SS1SS4WW2SG":[-10,-10,-0.001,0.193199],
"1SR1SG3WW4WW":[-10,-10,0.00025961,0],
"4GW1SS1GW2WW":[-0.001,-10,1.93144,0],
"2WW1WW1SS2SS":[0.0182538,-10,-10,-0.001],
"4WW1GW1SS4RW":[0.74056,0,-10,-0.001],
"1WW3WW4GW1SS":[-10,0.623825,-0.0040951,-10],
"1SS2WW4GW4WW":[-10,0.401668,-0.0019778,-0.00163538],
"4SS1SS4RW4WW":[-0.001,-10,0.363803,0],
"4WW4RW4GW1SS":[0.000110149,0,0,-10],
"1SS4WW2WW4WW":[-10,0.644005,0.988558,2.64499],
"4GW1GW3WW1SS":[0.131048,1.9634,0,-10],
"1WW4WW1SS1RG":[-10,-0.001,-10,0],
"1SS4WW3WW2SS":[-10,-0.00162712,1.847,0.0183738],
"4SS4SS1SG1SS":[-0.001,0,-10,-10],
"2WW1SS2SS3SS":[0.184095,-10,0,0],
"1SS4WW4WW1GR":[-10,0.293696,0.162237,0],
"1SS3SS4WW3GW":[-10,-0.001,1.00884,0],
"3RG4SS1SS1WW":[0.0452242,0,-10,-10],
"4WW1SS4GW1GW":[0,-10,0.742984,0],
"2SS2SS1SG1GW":[0.144867,0,-10,0],
"1SR4WW1WW2WW":[-10,0.0181176,-10,-0.001],
"1SS1WW1RW1SS":[-10,-10,-0.479998,-10],
"1SS1RW3WW1GW":[-10,-0.182395,0,0],
"4WW1SS3WW4RW":[1.47876,-10,0.463794,0.11872],
"1SS1SS1WW3WW":[-10,-10,-10,0.947702],
"3RW4WW4SS1SS":[-0.001,0.835692,0,-10],
"1GW4WW4GW1SS":[0,0.225987,0,-10],
"4GW3WW1SS1SS":[0.00183183,1.22392,-10,-10],
"2GW3WW3GW1SS":[0,0,-0.001,-10],
"4WW3GW1WW1SR":[0.00185905,0,-10,-10],
"3RW1SS1SS2SS":[0,-10,-10,-0.00125069],
"3GW4WW2SS1SS":[-0.001,2.11897,0.0309414,-10],
"4RG1SS3WW4WW":[-0.001,-10,-0.001,1.42617],
"2RW1WW1SS3SS":[-0.001,-10,-10,0],
"4WW1GW4SS1SS":[0.381253,0,0,-10],
"2WW2SS1SS1WW":[-0.0176491,-0.0836281,-10,-10],
"2WW1SS4WW2GW":[0.0606738,-10,-0.000667669,-0.001],
"1SS1GW2WW3GW":[-10,1,0,0],
"3WW4WW4SS1SS":[1.48951,0.00552322,0.00966048,-10],
"1SS4WW4WW1WW":[-10,2.81204,0.177234,-10],
"1SS2RG2WW1WW":[-10,-0.001,0,-10],
"3RW4WW1SS2WW":[-0.0019,-0.00158624,-10,0.0630285],
"2WW1WW4RG1SS":[-0.00112268,-10,-0.0019,-10],
"1WW4WW2GW1SS":[-10,-0.000628887,2.73662,-10],
"2WW4WW1SR4WW":[-0.00329824,-0.00225911,-10,1.3493],
"3SS3RW4WW1SG":[0.0550153,0,0,-10],
"1SS2SS1SG3SS":[-10,-0.996,-10,0],
"1SS1RG3WW3WW":[-10,0,0,-0.001],
"2WW4GR4WW1SS":[-0.0010995,-0.001,0,-10],
"1SS4GW1GW2SS":[-10,0.098654,0,0],
"2WW1GW1SG1WW":[0,1.00104,-10,-10],
"4WW1SG2WW2WW":[0.668354,-10,-0.001,0],
"4GR4WW1SS2WW":[-0.001,0,-10,0],
"4WW4GW1GW1SS":[0.190169,0,0,-10],
"1SS2SG2RW2WW":[-10,0,-0.001,0],
"2SR1SS4WW3WW":[-0.001,-10,-0.001,0],
"4WW1SR3WW4WW":[2.09042,-10,-0.001,0],
"4WW3WW3WW1SR":[0.0306596,0,0.577214,-10],
"4WW3WW1SS4RW":[2.59488,-0.0019,-10,0.129271],
"1SS1SG2WW4WW":[-10,-10,-0.00118905,-0.001],
"1SR1WW2GW3SS":[-10,-10,-0.001,0],
"1SG4WW2GW4WW":[-10,0.247627,0,0],
"1SS1SS4GW4RW":[-10,-10,0.371723,0],
"2WW1GW1SR1WW":[0.000509761,0,-10,-10],
"1WW1SS4GW1WW":[-10,-10,0.0169655,-10],
"4WW1RW3WW1SS":[1.39644,-0.15803,0.00502925,-10],
"1SS4GW1GW2WW":[-10,-0.001,1.34924,0],
"1SS2SG4WW2WW":[-10,-0.001,0.685532,-0.0021562],
"1SS1WW1GW4SS":[-10,-10,2.89722,0],
"1SS1SS2SS1SG":[-10,-10,-1.89321,-10],
"1WW2GW3RW1SS":[-10,1.17052,0,-10],
"1WW1WW1SS2GW":[-10,-10,-10,-0.001],
"1SS3WW2GW1GW":[-10,-0.001,0.752828,0],
"2WW1SS4RW4WW":[0.0428356,-10,-0.0040951,1.96317],
"4WW3SS1SS4GR":[0.567458,0,-10,0],
"3WW1SS4WW4GW":[0.531114,-10,0.000641064,-0.0019995],
"3WW3GW4WW1SS":[0.459121,-0.001,0,-10],
"3GW1SS4WW1RW":[0.189324,-10,0,0],
"2WW4GR1SS1WW":[0,-0.001,-10,-10],
"1WW3WW3SS1SS":[-10,1.01311,-0.0019,-10],
"4GW1SS4WW2GW":[-0.000683441,-10,0.466137,0],
"2RW2SS1SS3WW":[-0.001,0,-10,0],
"2SS1SS1SS3WW":[-0.0019,-10,-10,0.201178],
"1GW1WW4WW1SS":[8.71463,-10,-0.001,-10],
"1WW3GR1SS1WW":[-10,-0.001,-10,-10],
"4WW3WW1SS3RW":[0,0.0564097,-10,0.38284],
"3WW1SS4WW3GW":[0.367393,-10,0.0329794,0],
"1SS1WW3WW3SS":[-10,-10,0.138323,0],
"1GW4WW2SR1SS":[1.00177,0,0,-10],
"1SS1WW4WW4SS":[-10,-10,1.78242,-0.00220743],
"4WW1SS3WW2GW":[2.75884,-10,0.0938251,-0.00271],
"4WW2SS1SR1WW":[-0.001,0.0371694,-10,-10],
"1SR4WW3WW1WW":[-10,-0.001497,-0.00110272,-10],
"1SS3SG4GR1WW":[-10,-0.001,0,-10],
"3WW2WW4GW1SS":[-0.001,0.620269,-0.0010995,-10],
"2WW1WW1RW1SG":[-0.00123245,-10,-0.146257,-10],
"1WW4GW1SR1WW":[-10,-0.00279955,-10,-10],
"2WW1SS3SS1GW":[0.0044504,-10,0,0],
"1SS4WW2RW2WW":[-10,0.318121,-0.001,0],
"1GW1SS1SS2SS":[0,-10,-10,-0.001],
"1WW1SS1RW1GW":[-10,-10,-0.137551,0],
"4SS3SS1SS4WW":[0.271457,0,-10,0],
"3SS1GW1WW1SS":[0.122732,1.04652,-10,-10],
"1SS1SS4GW1WW":[-10,-10,0.0806711,-10],
"1SS2WW3GW1SS":[-10,0.0877122,0,-10],
"4WW1SR4WW1WW":[0.228278,-10,1.2513,-10],
"1WW1SS4GW2WW":[-10,-10,-0.0019,0.07387],
"3SS2SR1SS1SS":[-0.582367,0,-10,-10],
"4WW4WW1SS1RW":[2.68676,0.0894817,-10,-0.0280536],
"1SS1SS1SR3GW":[-10,-10,-10,-0.000624327],
"3GR4WW2WW1SS":[-0.001,0,0,-10],
"4WW1SS2RW1WW":[0.673509,-10,-0.00271,-10],
"1RW1SS3SS4WW":[0,-10,0.240492,0],
"1WW1SS4GW2GW":[-10,-10,-0.0019,-0.001],
"3WW1SS4SG2GW":[0.0456596,-10,0,0],
"2WW3SS1SS4WW":[0,0.486142,-10,0.000728143],
"4WW2WW1SS1RG":[0.581516,0,-10,0],
"1SS1RW2SS1GW":[-10,-0.2,0,0],
"4RW3WW1SS2SS":[0.0166544,0,-10,0],
"4WW1SS4WW4RW":[1.30302,-10,-0.00304411,0.0566414],
"1WW4GW4RW1SS":[-10,-0.001,0,-10],
"4WW4WW1SS2WW":[2.21216,3.21202,-10,0.837231],
"1WW4WW1GW1SS":[-10,1.58069,0,-10],
"4WW2SS1SS1WW":[1.40225,0.0396803,-10,-10],
"1SS2WW2WW1GR":[-10,-0.001,0,0],
"2GW1SS4WW1WW":[3.79425,-10,-0.0019995,-10],
"2RG1SS1SS1WW":[-0.001,-10,-10,-10],
"4WW1SS3RW2WW":[-0.001,-10,-0.001,1.29087],
"2WW1SS4GR1WW":[0,-10,-0.001,-10],
"1WW1GW1SS4WW":[-10,8.50688,-10,-0.00271],
"4WW1WW1WW1SG":[0.488927,-10,-10,-10],
"1SS2WW1WW4RW":[-10,-0.997294,-10,-0.0019],
"1SS1SG4WW3WW":[-10,-10,2.32534,0.0249764],
"4GW1SS2GW1WW":[-0.0019,-10,-0.001,-10],
"4SS2WW1WW1SG":[-0.001,0,-10,-10],
"2GW1SS2SS1WW":[1.14116,-10,0,-10],
"2WW1SS1SS1RW":[0.00502829,-10,-10,0],
"4WW1WW1RW1SS":[0.103613,-10,-0.364501,-10],
"1SS4GW4WW2WW":[-10,0.0597982,1.39236,0.190084],
"3WW4WW4WW1GW":[-0.00158202,0,0,0],
"1SS1WW3RW2GW":[-10,-10,0,0.240694],
"4WW4WW2RW1SS":[0.405926,3.24555,0.169072,-10],
"1SS3WW4GW1SS":[-10,-0.0010995,0.236042,-10],
"4WW4GW4WW1SG":[0.221476,0,0,-10],
"4RW1WW1WW1SS":[-0.0058412,-10,-10,-10],
"1SS2WW4RW4WW":[-10,0,-0.00271,-0.00372253],
"1SS3WW4GW2SS":[-10,-0.00109507,0.00819548,-0.00208491],
"1SS3WW4WW2GW":[-10,-0.001,2.34767,0.345768],
"1SR1WW1WW4WW":[-10,-10,-10,0.283596],
"2WW3WW4GW1SS":[0.00573523,1.53448,0.000410871,-10],
"1SS3WW1WW2SS":[-10,-0.0011931,-10,-0.996],
"3WW1SS1SS4WW":[0.603661,-10,-10,2.4377],
"4WW1SG1SS4RW":[0.546953,-10,-10,-0.0019],
"4WW2WW1WW1SG":[0.916521,0.0156134,-10,-10],
"1SG1SS4WW4RW":[-10,-10,-0.000951272,-0.001],
"1SG3WW2WW4WW":[-10,-0.000592975,-0.0019,1.8765],
"1SS1SS2SR4WW":[-10,-10,-0.001,0.904662],
"4GW4WW3WW2WW":[-0.001,-0.001,0,0],
"1SS4RW4GW1WW":[-10,-0.001,-0.00237741,-10],
"1SS2SS1WW2WW":[-10,-0.996,-10,0.020243],
"4GW3RW1SS2SS":[0.752924,0,-10,0],
"4WW1SR1SS1SS":[1.02516,-10,-10,-10],
"4WW1SS3WW1GW":[0.674517,-10,-0.0019,12.2224],
"1SS4WW4GW4WW":[-10,2.15346,0.00532937,0.484296],
"4WW1SS3SG4WW":[0.57584,-10,0,0.250571],
"4WW1SS1SR2SG":[0.183816,-10,-10,0],
"1SS1SG4GW4WW":[-10,-10,-0.0010738,0.0224406],
"1SS3SG4WW4GW":[-10,-0.001,0,0],
"1WW3SS2SS1SS":[-10,-0.001,0,-10],
"4SS2WW1SS2SS":[-0.001,0,-10,0],
"1SG1SS4WW4GW":[-10,-10,0.00612488,0],
"4WW4GR1SS3SS":[0.0884892,0,-10,0],
"1WW4WW2SR1SS":[-10,1.06192,0.0094121,-10],
"1SS2RW4WW2SG":[-10,0.0260951,0,0],
"1SS1WW4RG4WW":[-10,-10,-0.001,0],
"1WW1WW1SR1SS":[-10,-10,-10,-10],
"1GR4GW1SS2WW":[0,0.0394176,-10,0],
"1WW3GW4WW1SG":[-10,-0.001,0,-10],
"1SS1SS1GW1WW":[-10,-10,6.36554,-10],
"2WW4WW2SS1SR":[0.133337,0,0,-10],
"2RW1SS3GW4WW":[-0.001,-10,0,0],
"3GW3WW4WW1SR":[0.0349236,0,0,-10],
"2WW4RW1SG1WW":[7.42419e-05,0,-10,-10],
"4SS1SS3WW4GW":[-0.001,-10,0.592622,0],
"1SS1WW2GW4SS":[-10,-10,0.11635,0],
"1SS1WW2WW1SS":[-10,-10,0.300991,-10],
"4WW1SS1RG4WW":[-0.001,-10,0.344406,1.19888],
"1SS4WW1GW3WW":[-10,0.600134,8.45785,-0.001],
"1SS4WW3GW3WW":[-10,0,-0.001,0.374506],
"4WW2WW1SS3GR":[0.125735,-0.001,-10,0],
"2WW2WW4RG1SS":[0.00112006,0,0,-10],
"4WW1RG1SS2GW":[0.24185,0,-10,0],
"3GW4WW4WW3WW":[-0.003439,-0.00457368,-0.0028095,-0.00209895],
"2SS4WW3GW1SS":[-0.00035514,-0.001,3.74137,-10],
"4WW3WW1WW1SS":[0.906367,-0.00616838,-10,-10],
"3WW1WW1SS4WW":[0.309402,-10,-10,2.14797],
"1SS1GW1GW1WW":[-10,1.07477,0,-10],
"1SS1GW4WW4SS":[-10,0,1.45721,0],
"1SS4WW2WW3GW":[-10,-0.00271,0.947438,-0.00271],
"3WW1SS3SS3WW":[-0.0010995,-10,0.44687,-0.001],
"1SS1SG2GW1WW":[-10,-10,-0.001,-10],
"2WW4RW1SG2WW":[0.270135,0,-10,0],
"1SG1SS3WW4WW":[-10,-10,0.189201,2.91133],
"2GW4WW1WW1SS":[2.21165,0,-10,-10],
"4WW1SS3SS4WW":[0.785558,-10,0.0548622,2.47048],
"1SG1SS3WW1WW":[-10,-10,0.102837,-10],
"4WW1SG1SS3WW":[2.87484,-10,-10,0.0612353],
"4WW4GW1SS1SS":[1.75035,0.00831471,-10,-10],
"1SS4SS1SR4WW":[-10,0.000241707,-10,0],
"4GW1RW4WW1SS":[-0.001,0,0,-10],
"1SS3WW2WW1SG":[-10,-0.001,0.386208,-10],
"3GW1SS4GW4WW":[0.0139742,-10,0,0],
"4WW4WW1SS1SG":[2.4003,0.0175979,-10,-10],
"1GW1SS4WW4WW":[12.4292,-10,0.0620382,0.694563],
"1SS1SG4WW2WW":[-10,-10,1.58084,-0.00297302],
"1SS4RW3WW4SS":[-10,-0.001,0,0],
"1WW1SS1SR1WW":[-10,-10,-10,-10],
"2WW1SS1SS4GW":[0.290281,-10,-10,-0.000935812],
"2SS1SS3WW2WW":[-0.000981375,-10,0.252421,0],
"4RW1SS1SS4GW":[0.186178,-10,-10,0],
"1WW4GW1SS1WW":[-10,0.150674,-10,-10],
"4GW4RW1SS1SS":[0.275465,0,-10,-10],
"3WW1GW1SR1WW":[-0.00117655,0,-10,-10],
"4WW1SS3RW1WW":[0.267696,-10,-0.001,-10],
"4WW3WW2GW1SS":[-0.000675798,1.94004,0.216052,-10],
"1SR1SS2SS4WW":[-10,-10,0.22168,0],
"1SS1RW3WW1SG":[-10,-0.2,0,-10],
"1GR4WW1SG1WW":[1,0,-10,-10],
"4WW1WW1SS4RW":[1.21385,-10,-10,0.3348],
"3WW1SS4GW4GW":[0,-10,-0.001,0],
"4RW1SS1SS1GW":[0.00872892,-10,-10,1.00179],
"2SS3GW4WW1SG":[0.159934,0,0,-10],
"3SS1SS1SS3SS":[-0.0019,-10,-10,-0.001],
"3WW2WW3GW1SS":[-0.001,-0.001,0,-10],
"1GW3GW1SS4WW":[6.84718,0,-10,0],
"1WW4GW1SS2WW":[-10,0.257732,-10,-0.9969],
"1SS1WW4WW2SG":[-10,-10,0.989213,-0.0019],
"3SS1SS1SS2WW":[-0.000923929,-10,-10,0],
"3WW1WW1GW1SG":[-0.00162068,-10,1.03476,-10],
"4WW4RW1SS1SS":[-0.00143116,0.309757,-10,-10],
"4GW1SS2GW3WW":[-0.001,-10,-0.001,0.486011],
"4WW3SS1SG3WW":[0.106515,0,-10,0],
"1SS1WW2GW2SR":[-10,-10,0.18894,0],
"3WW1GW1SS3GW":[0.11918,0,-10,0],
"4WW4SG1SS1WW":[0.286119,-0.000380824,-10,-10],
"4WW1WW3WW1SG":[1.4734,-10,0.0189847,-10],
"3WW4WW4WW4WW":[-0.00753389,-0.00752126,-0.00972019,-0.00822772],
"4WW2WW1SS4GR":[0.00806066,0,-10,-0.0019],
"2GW4WW1SG2WW":[-0.001,0.164856,-10,0],
"1SS3GW4WW3GW":[-10,-0.001,0.411889,0],
"4SS3SS2SS1SS":[0.00394784,0,0,-10],
"4WW1WW3WW1SR":[1.03931,-10,0.0205926,-10],
"3GW1SR1SS1WW":[0.516887,-10,-10,-10],
"1SS1SS1SR3WW":[-10,-10,-10,0.447031],
"2WW1SS3GW4WW":[-0.00059664,-10,-0.0028095,0.315762],
"1WW3WW1SS4WW":[-10,0.0671985,-10,1.15252],
"4WW1SS4WW4GR":[-0.00140224,-10,0,-0.0019],
"4WW1SG1SS2GW":[0.163135,-10,-10,-0.001],
"1SS1WW1GR3SS":[-10,-10,1.05871,0],
"1SS3WW4WW4GR":[-10,0.0346106,0,0],
"1WW1SS2RG1WW":[-10,-10,-0.001,-10],
"4WW1SS1SG2SS":[-0.001,-10,-10,0.486708],
"1SS2RW4WW4WW":[-10,0.183073,3.0086,-0.00325313],
"3WW4WW4WW4RW":[-0.0029886,-0.0028095,-0.0019,-0.0019995],
"4RW1SG2WW1GW":[-0.001,-10,0,0],
"4WW3WW4WW1SG":[0.0999718,-0.0019,1.88657,-10],
"1WW4WW1SS4RW":[-10,0.0127328,-10,-0.001],
"1WW3WW1RW1SS":[-10,0.143235,0,-10],
"1SS2WW4WW1GW":[-10,0.0162375,0.0129237,11.6283],
"1SR4WW4WW3WW":[-10,1.61061,-0.001,0],
"1SS1RG4GW1SS":[-10,-0.0105475,0,-10],
"1SS4WW2RW4GW":[-10,-0.0019,0.00937269,-0.00114139],
"4WW4SS1SG3WW":[-0.001,0.0451053,-10,0.59704],
"4WW1SR1WW4WW":[1.56973,-10,-10,0],
"3WW2SR1SG3WW":[0.00460352,0,-10,0],
"1SS3SS3WW4RW":[-10,-0.001,0,0],
"2WW3GW4WW4WW":[-0.00450789,-0.0019,-0.00270907,-0.001],
"3WW4GW4WW1SR":[0.483198,0,0.199225,-10],
"1WW2WW4WW4WW":[-10,-0.0021885,-0.0028095,-0.0019995],
"4WW1WW4WW1SS":[1.93535,-10,1.33077,-10],
"3WW3WW1SS3GW":[0,0,-10,0.491298],
"4WW2WW1SG4SS":[0.0089351,0,-10,0],
"1SS4WW2WW1RW":[-10,-0.001,2.10297,-0.37728],
"2WW4WW4RG1SS":[-0.001,0.549511,0,-10],
"1WW1SS1GW2WW":[-10,-10,1,0],
"2WW1WW4WW3GW":[-0.0019,-10,-0.001,-0.0019],
"1SS3WW2WW4WW":[-10,0.15333,0.571713,2.33508],
"4WW2GW1SS4SS":[0.202304,0,-10,0],
"2GW1SR1SS1WW":[0.420213,-10,-10,-10],
"1RW1SS4WW1WW":[-0.198919,-10,-0.00192706,-10],
"3WW3GW1SS2WW":[0.981433,0,-10,0],
"1SS2SS4WW1SG":[-10,0.0088436,0.803296,-10],
"4WW3WW4WW4RW":[-0.001,0,0,0],
"2WW4GW1SS2WW":[1.08399,-0.00266506,-10,-0.00198955],
"4WW4RW1SS4GW":[0.396831,-0.0019,-10,0],
"1SS1WW1GW4RW":[-10,-10,2.8575,0],
"1SS3WW1WW3GW":[-10,-0.00173959,-10,0.0179355],
"1SS4SS4WW1WW":[-10,0,0.824388,-10],
"1SS2RW4WW1SS":[-10,-0.00289263,2.0488,-10],
"1WW3RW4SS1SS":[-10,-0.001,0,-10],
"1RW1WW1SS4WW":[-0.200622,-10,-10,-0.00233854],
"2GW4WW4GW1SS":[-0.001,0.704171,0,-10],
"4GW4WW2WW1SS":[1.74624,0.791106,0.136904,-10],
"1GW1GW1SS2SS":[1.29248,0,-10,0],
"4GW4WW1SS2RW":[-0.001,0.158386,-10,0],
"3RW1WW1SS4WW":[-0.00185616,-10,-10,0.42304],
"3GR1SS4WW2WW":[-0.001,-10,0,0],
"3WW1WW4WW1SG":[0,-10,1.72312,-10],
"3WW1SS4RW1GW":[-0.000373265,-10,0,0],
"1SS4WW3GW4WW":[-10,-0.0019,5.98327,-0.00191285],
"3WW2WW1SS3GW":[0.425977,0,-10,0],
"1SS1WW3WW1GR":[-10,-10,0.00564866,0],
"2SS2GW1WW1SS":[0.00869144,0.574773,-10,-10],
"4GW3SS1SG1WW":[-0.001,0,-10,-10],
"4WW2SG1SR3WW":[0.0620131,0,-10,0],
"4SS3WW4GW1SR":[-0.001,0,0,-10],
"1RW1SS1SG2WW":[-0.188198,-10,-10,0],
"3RW1SS4WW4WW":[0.0213181,-10,0.091681,3.07261],
"3SS4SS3SS1SS":[-0.001,0,0,-10],
"1SS4GW4RW4WW":[-10,-0.001,0,0],
"4GW2WW4WW1SR":[0.122793,0,0,-10],
"2SS1SS3GW1SS":[-0.996,-10,0.00178853,-10],
"1GW2RW3SS1SS":[1.08405,0,0,-10],
"1SS4WW1WW3WW":[-10,0.968963,-10,-0.00549767],
"1SG2SS4GW4WW":[-10,0.0328174,0,0],
"4WW1WW2WW1SS":[0.98746,-10,-0.669176,-10],
"1SS1SS4WW4RW":[-10,-10,2.91396,0.0287917],
"1SS4GW1WW2RW":[-10,-0.001,-10,0],
"4WW3SS1SS1GW":[0.713827,-0.001,-10,5.32166],
"1GW1SS2SG4WW":[1.03982,-10,0,0],
"1SS2WW1GW1SS":[-10,0.191149,0,-10],
"3RW4WW1SS1WW":[0.00193491,-0.0013977,-10,-10],
"2SS3WW1RW1SG":[0,0,-0.2,-10],
"1SS4GW4WW1SR":[-10,0.209048,-0.00120786,-10],
"1SS1SS3RW3WW":[-10,-10,0.0655436,0],
"4RW1SS4WW1WW":[-0.0019,-10,0.0993666,-10],
"1SS4SS2WW2GW":[-10,-0.001,0.00476278,0],
"2GR4WW3WW1SS":[-0.001,0,-0.001,-10],
"1SS1WW4WW2GW":[-10,-10,0.478857,4.65283],
"1RW4WW1SS2SS":[-0.186047,0,-10,0],
"4WW1SR1SG2WW":[-0.00082699,-10,-10,0],
"4WW3WW4RW1SS":[0.0887745,2.77706,0.0751429,-10],
"1WW1WW3RW1SS":[-10,-10,-0.001,-10],
"1WW1SS3RW2WW":[-10,-10,-0.0019,0],
"1SS3WW3RW4WW":[-10,0.248633,-0.001,-0.001],
"4WW4RW1SG4GW":[0.0282326,0,-10,0],
"1WW3WW4WW4WW":[-10,-0.0020094,-0.0010995,-0.0019],
"3GW1WW1SS2SR":[0.0351133,-10,-10,0],
"4WW1WW2SS1SS":[-0.00301882,-10,-0.997021,-10],
"1WW1SS4SS2WW":[-10,-10,-0.001,0.0285744],
"4WW1WW1SS3SS":[1.34252,-10,-10,0.095978],
"2WW4GW1SS1RW":[-0.0010995,0,-10,0],
"4WW1SS1SS1WW":[2.60238,-10,-10,-10],
"1SS3RW2WW1SG":[-10,-0.001,0,-10],
"3RW4WW1SS2GW":[0.290951,0,-10,0],
"2WW4WW4WW1SS":[0.716356,1.03452,3.02138,-10],
"4SS1SS2WW3GW":[-0.000145927,-10,0.366472,0],
"2SS1SS1SS2SS":[-0.001,-10,-10,-0.400282],
"1GR4WW1SS2WW":[3.49003,0,-10,0],
"4GW4WW1SS2WW":[0.000179749,-0.00244042,-10,1.05483],
"1SS2SS4RW1SS":[-10,-0.000467951,-0.001,-10],
"4SS1SS4WW4GW":[-0.001,-10,0,0],
"1SS1WW1WW3GW":[-10,-10,-10,-0.000673548],
"4RG1SS1WW2WW":[-0.001,-10,-10,0],
"1RG1SS4WW3WW":[-0.142018,-10,0.109086,0],
"4WW1SS2SG4WW":[-0.001,-10,0.00125329,2.31427],
"2WW2WW4WW4WW":[-0.00208905,-0.0019995,-0.0019,-0.00289905],
"4GW3WW4RW1SS":[-0.001,-0.00120966,0.00149232,-10],
"1WW2WW1SR2SS":[-10,-0.001,-10,-0.996],
"4GW1SS1SS4GW":[-0.001,-10,-10,0.346946],
"4SS2WW1GW1SS":[-0.001,0,0,-10],
"4WW1SR1WW3WW":[0.686433,-10,-10,0],
"4WW1SS1WW3GW":[0.420519,-10,-10,-0.00128098],
"4RW4SG1SS1WW":[-0.0010995,0,-10,-10],
"3GW4WW4WW4WW":[0,0,-0.0019,0],
"3SS3SS1SS4WW":[-0.001,-0.001,-10,0.720493],
"3GW3WW1SG1SS":[-0.001,0,-10,-10],
"4WW4WW2SS1SG":[0.375874,0,0,-10],
"1SS4RW1WW2GW":[-10,0,-10,-0.001],
"1SS2RW4WW2SS":[-10,0.249584,0,-0.001],
"3GW1SS4WW1WW":[2.95203,-10,-0.001,-10],
"1SS4GW1GW1SS":[-10,0.0754068,0,-10],
"2GW4WW1SG4WW":[1.9011,-0.000379324,-10,0],
"4WW1SG3WW4WW":[0.692593,-10,0,0],
"4RW2GW3WW1SS":[-0.001,0,0,-10],
"1SS3GW2WW4GR":[-10,0,0,-0.001],
"1WW1SS1SS3GW":[-10,-10,-10,0.714959],
"2SS4WW1SG1SR":[-0.001,0,-10,-10],
"1SS1WW1WW4GW":[-10,-10,-10,0.0366943],
"3SS2SS2SS1SR":[0.052135,0,0,-10],
"2RW1SS3GW2WW":[0,-10,-0.001,0],
"1WW4WW4WW4GW":[-10,0,-0.0019995,0],
"2WW1SS2SS3WW":[-0.001,-10,-0.864346,0.650913],
"1SS3GW1WW2WW":[-10,-0.001,-10,-0.00181475],
"1SG3WW1WW4WW":[-10,-0.00252362,-10,0.333815],
"3WW1SS1SG4WW":[0.149756,-10,-10,2.33917],
"1SS2SS3WW4WW":[-10,0.0190072,-0.00262913,2.6034],
"2SS4WW1SS2SS":[0.1486,1.09455,-10,0],
"3WW2RW4WW1SG":[0.106581,0,0,-10],
"1WW3WW4RG1SS":[-10,0,-0.001,-10],
"1SG4SS2WW4WW":[-10,-0.001,0,0],
"4SS1SS3WW2WW":[-0.001,-10,0.101238,0],
"2WW4WW1SG1SS":[0.0240197,2.05354,-10,-10],
"4WW4WW1WW1SS":[2.78701,0.268661,-10,-10],
"4WW1SS1WW4WW":[2.77562,-10,-10,1.70247],
"1WW4WW1SG4WW":[-10,1.83915,-10,0.214606],
"3WW1SS4WW2GR":[-0.0010995,-10,0.129314,0],
"1WW4WW1SG2WW":[-10,1.05397,-10,-0.811534],
"1SG3WW3WW4WW":[-10,0.554031,-0.001,-0.001],
"4WW3WW1SS4WW":[1.98003,1.49218,-10,3.65393],
"2WW1WW4RW1SS":[-0.00110811,-10,0.207549,-10],
"1SS3SR4WW1WW":[-10,-0.001,0.147558,-10],
"1SG2SS1WW4RW":[-10,-0.001,-10,0],
"4SS1SS2RW3WW":[-0.001,-10,0.0740801,0],
"1SS4SS4WW2WW":[-10,-0.001,1.40967,-0.001],
"4WW1SS1RW3WW":[0.651246,-10,-0.53725,-0.00166613],
"2WW4WW2SG1SS":[-0.00140012,1.36347,0.00246635,-10],
"4WW1SS2SS4SS":[1.23285,-10,0,0],
"4WW1SS4GR1WW":[-0.001,-10,-0.001,-10],
"3WW4SS1SR1WW":[0.000434299,0,-10,-10],
"1SS1WW2WW4GW":[-10,-10,0.417566,-0.00271],
"1SS1SS2WW4WW":[-10,-10,0.362634,3.39271],
"1SS4WW4WW3GW":[-10,0.208201,0.0880388,3.65153],
"3GW4WW1SS4WW":[6.94832,0.0765157,-10,0.380857],
"1WW1SS2SG1WW":[-10,-10,-0.996,-10],
"1SG1WW2WW1SR":[-10,-10,-0.00113879,-10],
"4WW4WW3GW1SS":[0.0359222,1.36315,5.17548,-10],
"1SS3RW4WW2SG":[-10,0.00514144,0,0],
"4GW1SS1SR1WW":[-0.0019,-10,-10,-10],
"4WW3SR1SS3WW":[0.915064,-0.001,-10,0],
"1SS1WW2WW4WW":[-10,-10,0.213966,2.57485],
"4WW4RW1SS2WW":[2.28137,-0.0019,-10,-0.0025789],
"3SS2SS1SS1SS":[-0.371547,-0.636455,-10,-10],
"3SS4WW3WW1SG":[0.158744,0,0,-10],
"4WW4WW1SS2RW":[2.82501,0.467225,-10,0.0253213],
"1SS1SS3SS1GW":[-10,-10,0.0199352,0],
"2WW4GW1SS2RW":[0.168866,0,-10,0],
"1SS3WW4RW4WW":[-10,-0.00212201,-0.0028095,1.0771],
"1SS1GW2WW4WW":[-10,9.83454,0.217325,-0.0019],
"3SG1SS1SS2SS":[-0.001,-10,-10,0],
"1RW3GW1SS4WW":[-0.184226,0,-10,0],
"4WW4SS4SS1SS":[0.364161,0,0,-10],
"4WW1SS4WW1GW":[0.588173,-10,0.86951,12.2132],
"1SS1WW1GW1SS":[-10,-10,7.67754,-10],
"3WW2RW4WW1SS":[0.574889,-0.001,-0.00112724,-10],
"4WW4GW1SS3SS":[0.459196,0,-10,0],
"1SG4WW1WW1GW":[-10,0.0234123,-10,0],
"1SS4WW4WW1GW":[-10,0.134633,0.36967,11.9883],
"4RW4WW1WW1SS":[-0.0019,1.15958,-10,-10],
"3RW1SS4WW3GW":[-0.000884859,-10,0,0],
"1SS1WW2GR1SS":[-10,-10,-0.001,-10],
"3WW1WW1SS2RW":[0.146495,-10,-10,0],
"4WW1SS1GW1WW":[0.0245047,-10,10.3745,-10],
"4WW1SS3WW3WW":[2.67886,-10,0.612048,1.5743],
"2SS1SS1SS3SS":[-0.000358438,-10,-10,0.0156155],
"4RW4GW1SS3WW":[-0.000669709,0.462826,-10,0],
"1WW3WW4RW1SS":[-10,0.399921,-0.00279955,-10],
"1SS1SS1RG3WW":[-10,-10,0.305349,0.208822],
"3WW4SS1SS2GW":[0.326489,0,-10,0],
"4WW1SS1SS4WW":[2.30082,-10,-10,3.73333],
"1WW1SS4GR1WW":[-10,-10,-0.00198955,-10],
"4WW4WW4GW1SS":[0.324396,3.65512,0.331841,-10],
"1SR1SS2WW3WW":[-10,-10,0.034933,0.478239],
"1SS1WW4GW2SR":[-10,-10,-0.001,0.172947],
"1SR3GW2WW1WW":[-10,-0.001,0,-10],
"1WW3WW1SS4SS":[-10,0.269431,-10,0],
"4WW2SG1SS3WW":[1.60771,0,-10,0.0262511],
"1WW4WW1SR2WW":[-10,1.15311,-10,-0.00355923],
"4WW1SG1WW2WW":[0.141598,-10,-10,-0.00279955],
"4WW1SS2WW2GW":[1.84295,-10,-0.00226672,0],
"1SS4WW4WW2WW":[-10,4.04902,0.803438,0.681322],
"4WW3GW1SS2SS":[0.114657,0,-10,0],
"2WW2WW4RW1SS":[-0.0019,0.750201,-0.0019,-10],
"1SG1SS4WW3WW":[-10,-10,-0.0019,0.77293],
"1SS3RG1WW4WW":[-10,-0.001,-10,0],
"4WW4WW2RW1WW":[-0.001,0,-0.001,-10],
"1SS1SS1SR4SS":[-10,-10,-10,0.745973],
"1WW3WW1SS4GW":[-10,-0.00563711,-10,0.0429822],
"1WW1SG3SS2GW":[-10,-10,-0.000537092,0],
"1SS1GW3WW2WW":[-10,2.04863,0,0],
"1SG1WW4WW4WW":[-10,-10,-0.001,0.622233],
"1RW2GW4WW1SS":[-0.201281,1.11439,0,-10],
"2RW1WW3WW1SG":[-0.001,-10,0,-10],
"4SR1SS3WW3WW":[-0.001,-10,0.0975,0],
"3SS2SS4WW1SG":[-0.389867,0.102798,0,-10],
"3WW4WW3SS1SG":[0.879552,0,0,-10],
"2SG1SS1SS4GW":[-0.001,-10,-10,0.0117612],
"4WW1SS1SS1GR":[0.324528,-10,-10,4.88408],
"2WW1SS4WW4RW":[0.686355,-10,-0.00176647,-0.001],
"1SS1SS2RW3WW":[-10,-10,-0.001,0.015481],
"1WW4GW1SG2WW":[-10,0.0253581,-10,-0.00130758],
"4WW3WW1SS4GW":[0.130314,-0.003439,-10,1.87428],
"1SS1SS1WW2WW":[-10,-10,-10,-3.18567],
"1WW1SG4WW4WW":[-10,-10,0.0168696,-0.001],
"1SS4SS4WW1SR":[-10,-0.001,0,-10],
"4WW1SS4WW3WW":[3.01644,-10,1.64565,1.38727],
"3WW1WW1SS4SS":[0.309698,-10,-10,0],
"2WW1WW3RW1SS":[-0.996,-10,-0.0019,-10],
"1WW1WW1SG1SS":[-10,-10,-10,-10],
"2WW3SS2SS1SS":[0.259296,0,0,-10],
"3WW1WW1SR2SS":[-0.001,-10,-10,0],
"2WW3GW2SS1SR":[0,-0.001,0,-10],
"1SG1WW2WW2SS":[-10,-10,-0.001,0.106419],
"4GW1SS3WW3WW":[0.217639,-10,0.0847811,2.59051],
"2WW3SS1SS3WW":[0.237375,0,-10,0],
"4WW4RW1WW1SS":[0.276518,-0.001,-10,-10],
"1GW1SS3SS4WW":[0,-10,0,0.815509],
"4RW1SS2WW2WW":[-0.0019,-10,-0.0019,0.0209176],
"3SS2SS1SR2WW":[-0.00085562,0,-10,0],
"2WW1SG4WW1RW":[0.119016,-10,0,0],
"1SS3WW3WW1SS":[-10,0.163025,1.70671,-10],
"3WW2WW1SG2SS":[-0.000910668,0.10667,-10,0],
"4RW2WW1SS4WW":[-0.0019,-0.0010995,-10,0.934424],
"4WW3SS1SS4WW":[2.46056,0.290142,-10,1.57454],
"1SS1WW2WW1SG":[-10,-10,-0.952219,-10],
"2WW1SG4WW3RW":[-0.00143241,-10,0,0],
"1GW4WW1SS1RW":[6.74482,0,-10,0],
"4WW2WW1SG3RW":[-0.0010995,0,-10,0],
"3WW2GW1SS1RW":[0.0709853,0,-10,0],
"1SS3WW4WW1SG":[-10,0.24857,3.63656,-10],
"1GR4WW1SS4WW":[8.21608,0,-10,0],
"1SG1GW4WW1SS":[-10,0,-0.001,-10],
"2SS1SS1WW1RW":[0.0740826,-10,-10,0],
"1SR2SS2WW4WW":[-10,0.00123502,0,0],
"4WW3GW1SR2WW":[-0.001,0,-10,0],
"1WW4WW4WW4WW":[-10,-0.0120631,-0.0108632,-0.0109767],
"4WW1SS1WW2GW":[0.488909,-10,-10,-0.00271],
"1RW2WW2WW1SS":[-0.0547397,0,0,-10],
"3SS1SS1GW4WW":[-0.001,-10,7.40183,0],
"1WW1SS4SG4WW":[-10,-10,-0.0019,0.391613],
"1SS1WW3WW4WW":[-10,-10,0.336349,2.62871],
"2WW1SS2SR3WW":[0.120842,-10,0,0],
"1SS3RW2WW4WW":[-10,-0.00271,1.02088,-0.0019],
"1WW2RW4SS1SS":[-10,0.0144366,0,-10],
"4WW2RW1SS1GW":[1.074,-0.001,-10,0],
"2GW1SS4WW2WW":[5.15583,-10,0,0.349661],
"1WW2WW1SS1GW":[-10,0.00815534,-10,0],
"1SS2WW4WW4SS":[-10,0.371372,1.69487,0.301296],
"3WW1WW4RW1SS":[-0.100102,-10,0.272318,-10],
"4WW3WW1SS3RG":[0.161617,0,-10,0],
"4WW1SR4WW2WW":[0.974277,-10,0,0.0425154],
"4SS1RW4WW1SS":[0.051118,0,0,-10],
"1SS3SS2WW4WW":[-10,-0.0019,-0.001,0.755296],
"2SG1SS1SS3WW":[-0.001,-10,-10,0.147526],
"1WW1WW1SG3SS":[-10,-10,-10,0.100546],
"1SS1WW4RW4WW":[-10,-10,0.0353414,1.80246],
"1SS1SS3WW3SS":[-10,-10,0.0513441,-0.000488859],
"1SG2GW1RW3SS":[-10,0.418037,0,0],
"1SS1SS2WW2WW":[-10,-10,0.160366,-0.00200896],
"4SS3SS1SS1SR":[-0.001,0,-10,-10],
"4WW3WW3SS1SR":[0.00516789,0,0,-10],
"1WW1SS1SR4WW":[-10,-10,-10,0.595114],
"4WW4SS2SG1SS":[0.00019942,0,0,-10],
"3WW4WW1SG3WW":[-0.001,0.680668,-10,0.0714335],
"3WW3WW1SS1SS":[0.0277618,0.651851,-10,-10],
"3SS1SS4WW2GW":[0.455849,-10,0,0],
"2WW1SS1SS4WW":[0.260295,-10,-10,1.97255],
"1RG1SS2WW4WW":[-0.2,-10,0.118101,0],
"1SS4GW2SS1SS":[-10,0,0.683249,-10],
"3GW1WW1SS4WW":[0.00254534,-10,-10,1.27614],
"3WW1SS4WW3GR":[-0.001,-10,0,-0.001],
"2SS1SS3WW3GW":[0.0590007,-10,0,0],
"4GW3RW1SG2WW":[0.00259181,0,-10,0],
"1SS3GW4WW1RW":[-10,-0.001,0.795598,0],
"1SS2WW3RW4WW":[-10,0.000475677,0,-0.00232807],
"4WW4GW3GW1SS":[-0.001,0,0,-10],
"1RW1WW3GW1SS":[-0.2,-10,-0.001,-10],
"1WW3WW2GW1SS":[-10,0.376147,-0.001,-10],
"2SS1SS2WW3GW":[0.344304,-10,0,0],
"1WW3WW4WW1SS":[-10,0.499557,2.74502,-10],
"4WW1SS2GW4WW":[0.160393,-10,7.38798,0.551392],
"1WW4WW1SR2GW":[-10,-0.001,-10,0.718222],
"2SS1SS4WW4WW":[0.563741,-10,1.4535,3.34426],
"1WW1SS4WW4GW":[-10,-10,1.80391,0.0132148],
"4WW1SS2GR1WW":[0,-10,-0.001,-10],
"1WW1GW1SR4WW":[-10,0.999228,-10,-0.0019],
"4WW4GW1SS2GW":[0.717523,-0.001,-10,-0.000266151],
"1WW3WW1SS1SS":[-10,1.29401,-10,-10],
"2SS1WW2WW1SS":[-0.996,-10,0,-10],
"4GW4WW1SS2SS":[1.18723,0.0999094,-10,0],
"2WW1SS2SS4GW":[0.1497,-10,0,0],
"1SS3GW3WW3RW":[-10,-0.001,0,0],
"4WW1SS1SS2WW":[2.69447,-10,-10,0.693747],
"1WW1SG1SS1SS":[-10,-10,-10,-10],
"1SS1SS4GW4WW":[-10,-10,0.632976,2.81512],
"2RW4WW1GW1SS":[0.379401,0,1,-10],
"3RW4WW1SS4WW":[0.109116,0.00789446,-10,2.91972],
"1WW1RW2GW1SS":[-10,0,0.704682,-10],
"4RW1SS1WW1WW":[-0.00352761,-10,-10,-10],
"2SS1SS4WW4RW":[-0.00143079,-10,0.0738804,0],
"3WW1SS2RW2WW":[-0.001,-10,-0.001,0],
"2WW2SS1SS3GW":[0.015602,0,-10,0],
"2WW1SG1SR2WW":[0.0260083,-10,-10,0],
"2SG1SS3WW2WW":[0,-10,0,-0.001],
"3GW4WW1SS1RW":[0.58147,-0.001,-10,0],
"4WW4SS1SR2WW":[0.212681,0,-10,0],
"2WW1WW1SG4WW":[-0.0036215,-10,-10,0.469882],
"4WW1SS3SS2WW":[0,-10,0,-0.001],
"1SS2SS2RG1SS":[-10,0.110684,0,-10],
"1GW4WW2RW1SS":[1.02233,0,0,-10],
"2RW2WW4WW4WW":[-0.001,0,0,0],
"1WW4WW1SS1GW":[-10,-0.00290807,-10,10.0301],
"2RG4WW4SS1SS":[0.0120684,0,0,-10],
"4GW4WW4SS1SS":[0.705464,0,0,-10],
"4GW4RW1SS1WW":[0.0516121,0,-10,-10],
"4WW1SS3RG4WW":[-0.001,-10,-0.001,0.363268],
"2RW4WW1SG3WW":[-0.001,0.459828,-10,0],
"2GW1SS4SR4WW":[0.0585485,-10,0,0],
"2WW1SS2SR1WW":[0.0184735,-10,0,-10],
"2WW1SR4WW4WW":[-0.0019,-10,1.27625,0],
"1WW1SR3GW2WW":[-10,-10,-0.0011094,0],
"1GW1SS2WW1WW":[2.89383,-10,-0.001,-10],
"3GW1SS1SS1SS":[0.522081,-10,-10,-10],
"1WW1GW1SR3WW":[-10,1.16068,-10,0],
"1SS4GW3WW3GW":[-10,-0.001,0.364994,0],
"1SS2SS4WW4GW":[-10,-0.001,2.76091,0.0145019],
"1SS1SS4WW4GR":[-10,-10,1.04805,0],
"1SS2WW3SS1SG":[-10,0.152257,0,-10],
"1SG4WW1WW4WW":[-10,0.153423,-10,2.03829],
"1GW3WW1SS1SS":[3.64246,0,-10,-10],
"1RW1SS2GW3WW":[-0.2,-10,0,0],
"1SS2GW4WW4SS":[-10,-0.001,1.97726,-0.0019],
"1SS1WW3RW4GW":[-10,-10,0,0.0117246],
"1SS1SS2GR4WW":[-10,-10,-0.001,0],
"1SR4GW4WW4WW":[-10,-0.00106168,0.00256121,0],
"3SG4WW1WW1SG":[-0.001,0,-10,-10],
"2WW4WW4WW4WW":[-0.0110372,-0.00824787,-0.00765052,-0.00818208],
"1WW1SS2SS1WW":[-10,-10,-0.9969,-10],
"4WW4WW4SS1SG":[0,0,0.0304209,-10],
"1SS3RW4WW1SS":[-10,-0.001,1.82731,-10],
"4SS1SS3RW3WW":[-0.001,-10,0.0604118,0],
"3SS1SS4GW1SS":[-0.001,-10,0,-10],
"1RW1SS2WW4WW":[-0.649239,-10,0.00193545,2.4026],
"2WW1GW1SS4RW":[-0.0013699,0,-10,-0.0019],
"4WW2WW1SS3RW":[0.10103,0.0532607,-10,0],
"1SG4WW4WW2WW":[-10,0.190936,-0.00130931,0.00172386],
"3WW4WW1GW1SS":[0.0162719,-0.001,8.15393,-10],
"1SS3SR4WW1SS":[-10,0.0378703,0,-10],
"2GW4WW1SS2SS":[5.62178,-0.0019,-10,0],
"1RW4WW3SS1SS":[-0.108853,0.977177,0,-10],
"4WW4WW3RW1WW":[-0.001,-0.00119895,-0.001,-10],
"2RW1SS3WW1GW":[0.0927672,-10,0,0],
"4GW3WW1SR4WW":[-0.001,0.859645,-10,0],
"2WW3SS1SS1GW":[-0.001,0,-10,0],
"2GW3WW4RW1SS":[0.158359,0,0,-10],
"1WW4WW4WW2GW":[-10,0,-0.00118905,0],
"1WW1RW1SS3WW":[-10,-0.183795,-10,-0.000307395],
"4WW1SS2SG4SS":[-0.000468332,-10,0,0],
"2WW4WW1SS1SR":[0.9839,-0.0019,-10,-10],
"1SS1SS3WW1GW":[-10,-10,-0.001,7.57966],
"4WW1SS1GW4WW":[0.354233,-10,13.9178,0.655645],
"2GW3GW1SS3WW":[1.24426,0,-10,0],
"3WW1WW1SS2SG":[-0.001,-10,-10,0],
"4WW2WW4GW1SG":[0,0.191005,0,-10],
"1SS2RG4WW3WW":[-10,-0.001,0.394879,0],
"1SS4WW3WW4GW":[-10,0.244295,2.63759,0.00289287],
"1SS4SS3WW1WW":[-10,-0.001,0,-10],
"4WW1SS3GW1RW":[0,-10,0,-0.201419],
"1WW3WW4SS1SG":[-10,-0.001,0,-10],
"3WW1WW1SG4SR":[-0.001,-10,-10,0],
"1SS1SR3WW4GW":[-10,-10,0.0547921,0],
"1WW4WW1SG3WW":[-10,1.01597,-10,0.00663989],
"2WW3WW1SS2SS":[0.00197285,-0.00134276,-10,0],
"3SS4SS1SS4WW":[-0.001,-0.001,-10,0.286359],
"4WW4WW2RG1SS":[0.178519,1.90893,0.0288788,-10],
"1SS4RG1WW4WW":[-10,0.00138297,-10,0],
"1WW3WW4WW4GW":[-10,0,-0.001,0],
"2WW3RG1SS4GW":[0.195178,0,-10,0],
"1SS3SS4RG4WW":[-10,0.0775136,0,0],
"4GW4GW4WW1SS":[-0.001,0,0,-10],
"1SS4GW3WW1GW":[-10,-0.001,0,0],
"2WW4WW1SG1WW":[-0.00353061,0.283688,-10,-10],
"1SS2SS1SS2SS":[-10,-1.06177,-10,-0.996],
"1SS2WW2WW4GW":[-10,0.055869,1.41118,-0.00183883],
"4WW1SS2GW2WW":[0.00357942,-10,-0.001,1.68607],
"1SS3SS3RW1SS":[-10,0,0.00341883,-10],
"1WW4WW1SR1WW":[-10,0.540588,-10,-10],
"4WW1SS2SS1SS":[1.84253,-10,0,-10],
"3WW1SR1SS1WW":[-0.193857,-10,-10,-10],
"4RW4WW2WW1SS":[0.00759963,1.36843,-0.001,-10],
"1SS3WW4WW2SS":[-10,0.376006,2.62955,0.626794],
"1RW1SS1WW4GW":[-0.0542226,-10,-10,-0.00116019],
"3WW1SS4GW3WW":[0.0137546,-10,0,1.13615],
"1SS2WW2WW1SS":[-10,0.190492,-0.0866822,-10],
"1SS1SG1SG4WW":[-10,-10,-10,0.0139004],
"1SS1SG4WW1SR":[-10,-10,0.0735918,-10],
"1WW1SR3SS2WW":[-10,-10,-0.001,0],
"1GW4WW1SR4WW":[0,1.01391,-10,0],
"1RW1SS1SS1GW":[-0.0773833,-10,-10,0],
"4WW4WW4GW4WW":[-0.0019,0,0,-0.00307572],
"3WW4GW1SG1WW":[0,-0.001,-10,-10],
"4GW1SS2SS4GW":[0,-10,0,-0.001],
"3WW1SG3GW4WW":[0.0491029,-10,0,0],
"4RW4WW1SS3WW":[-0.0019,-0.001,-10,2.04064],
"4WW1SS2SS4GW":[1.48233,-10,0.236028,-0.001],
"1SG4WW4WW3WW":[-10,0.375795,0.0113586,-0.00161245],
"4SS1SS2WW4GW":[0.337598,-10,0,0],
"1SS1RW4WW2SS":[-10,0,0.943865,0],
"4WW2WW4WW4RW":[-0.0010995,0,0,0],
"1WW1GW4WW1SS":[-10,11.6893,0.33935,-10],
"4WW1SS1SS1GW":[0.0927609,-10,-10,12.8054],
"3GW4WW1SG4WW":[-0.001,1.08692,-10,0],
"3WW4WW1SG2RW":[0.000540744,0,-10,0],
"1WW3WW4RW4WW":[-10,-0.001,0,0],
"4WW3GW1SS1GW":[0.374479,0,-10,0],
"4GW3WW3WW1SG":[0,0,-0.001,-10],
"3WW4WW1SG1SR":[0.0156697,0,-10,-10],
"1SS1SG4WW3SS":[-10,-10,-0.001,0],
"1SS3WW3SS2SG":[-10,0.0217152,0,0],
"4WW1SG1SS4WW":[2.93419,-10,-10,0.0354173],
"1WW3GW1SS2WW":[-10,0.150596,-10,0],
"1SS4WW1GW1WW":[-10,-0.00231425,10.6036,-10],
"2RW4WW1SS4WW":[0.00115068,2.84431,-10,0.054647],
"1WW3RW4WW1SS":[-10,-0.001,1.18721,-10],
"1SS4GR4WW1WW":[-10,0,0.0593738,-10],
"2WW4WW4WW2WW":[-0.0019995,-0.0010995,-0.0019,-0.0019],
"1SS4GW1WW4WW":[-10,0.255481,-10,0.0436351],
"1RW1SS3GW4WW":[-0.17195,-10,0,0],
"4WW4RW1SS3WW":[3.49569,0.155614,-10,0.0458854],
"1SS4GW1WW1SR":[-10,-0.001,-10,-10],
"4WW4WW1SR1WW":[0.010781,2.59966,-10,-10],
"2GW1SS3RW2WW":[-0.001,-10,0,0],
"4WW1WW4WW3RW":[0,-10,0,-0.001],
"3GW1RW1SG2WW":[-0.001,-0.100967,-10,0],
"4WW4RW1SG2WW":[0,0,-10,-6.50793e-05],
"1SS4GW1RW4WW":[-10,-0.000973918,-0.0921801,0],
"1SS1SS3WW4RW":[-10,-10,-0.0017734,0.440968],
"2WW1SS1SG4WW":[0.164181,-10,-10,2.08923],
"3GW1SR1SS3WW":[0.731653,-10,-10,0],
"2SS4WW2WW1SS":[-0.003439,-0.0027871,1.40283,-10],
"4WW1GW4WW1SG":[1.24481,0,0.202093,-10],
"1SG1WW2WW4RW":[-10,-10,0.0130047,0],
"1SS4RW2GW1WW":[-10,0.111209,-0.001,-10],
"1WW1RW1SS1WW":[-10,-0.38,-10,-10],
"2SS1SS2WW4RW":[0.0599553,-10,0,0],
"1SS1GW1WW1WW":[-10,2.82976,-10,-10],
"1SS4WW3GW1WW":[-10,1.61098,0.00709075,-10],
"4GW1SS1GW4WW":[-0.001,-10,5.48749,0],
"3WW1SS4GR1WW":[-0.001,-10,0,-10],
"1GW4WW1SR1WW":[0,0.685889,-10,-10],
"4GW1GW1SS4WW":[0.256599,0,-10,0],
"1SS2WW4WW4SR":[-10,0,0,0.052967],
"1SS1SS2GW4WW":[-10,-10,5.68548,0.709214],
"1RW1WW1WW1SS":[-0.240314,-10,-10,-10],
"3WW1SS1SS1SS":[0.246752,-10,-10,-10],
"1SG4GW4WW1SS":[-10,0.0681562,0,-10],
"4WW1SS1RW2GW":[-0.001,-10,-0.147153,2.66639],
"1SS2WW2SS1SG":[-10,0.0437762,0,-10],
"4WW1WW4WW4WW":[-0.0019995,-10,-0.00271,-0.001],
"3WW1SS4RW4WW":[-0.00279955,-10,0.122144,2.42243],
"4GW1SR4WW4WW":[-0.001,-10,-0.0019,0.721312],
"1SS1GW1WW1SS":[-10,4.89667,-10,-10],
"4WW1SS4WW2WW":[0.734053,-10,3.46908,0.995027],
"4WW4SS1SS4WW":[3.20773,0.160062,-10,0.257027],
"3RW4WW2SG1SS":[0.154908,0,0,-10],
"1WW3WW1SG4GW":[-10,0,-10,-0.001],
"1SS2WW3WW4GW":[-10,0.194664,0.165909,1.62972],
"3WW1SS1SG4GW":[0,-10,-10,0.00923734],
"2SS4GW1WW1SR":[0.259775,0,-10,-10],
"1SS4GW3WW2SS":[-10,0.00114126,0,0],
"1SS1WW4WW4GW":[-10,-10,2.13106,-0.0057984],
"1RG4WW1SS3WW":[-0.2,0.250493,-10,0],
"1GW2WW3RW1SS":[1,0,0,-10],
"4GW1SS1SG4WW":[0.185785,-10,-10,0],
"2WW2GW1SR1SS":[-0.00118905,0,-10,-10],
"1SS4WW2SS2SG":[-10,0.00661289,0,0],
"1WW1SG4SS1SS":[-10,-10,-0.001,-10],
"3GW2SS1SG4WW":[0.0727357,0,-10,0],
"4GW1SS1WW3WW":[-0.00342152,-10,-10,1.02388],
"4WW4RW1SS2SS":[0.486718,0.00637081,-10,-0.001],
"4WW4WW1SS2GW":[0.389165,0.269769,-10,11.3141],
"4WW4WW1SS1WW":[1.22514,3.33153,-10,-10],
"4WW1SS3SR4WW":[0.0173013,-10,0,0],
"1SG1SS2WW3WW":[-10,-10,0.0776351,0],
"1SS2SG4WW1SR":[-10,-0.001,0.214231,-10],
"1SG4RW4WW4WW":[-10,-0.001,0,0],
"1RW4SS1SS3WW":[-0.0725755,0.00889641,-10,0],
"1GW4WW4RW4WW":[1.00031,0,-0.001,0],
"1SS4WW3GW2WW":[-10,1.11558,0,-0.001],
"1SS3GR2WW4WW":[-10,-0.001,0,0],
"2WW2WW1SG2SS":[0.00599619,0.0429912,-10,0],
"1SS2WW4WW2SG":[-10,0.251232,2.30708,0.221581],
"1WW1WW4GR1SS":[-10,-10,-0.0019,-10],
"2SS3SS4WW1SG":[-0.996,-0.001,0.237436,-10],
"2RG4WW1SS4WW":[-0.001,1.6884,-10,0],
"4GW1SR3WW4WW":[0.689034,-10,0,0],
"2SS1SS1SG2SG":[0.000886717,-10,-10,0],
"3WW4WW2SS1SS":[0.108194,1.98573,0.19159,-10],
"1RW4WW1SS1WW":[-0.284964,0.407676,-10,-10],
"4WW4WW4WW1SR":[0.114375,0.0364914,3.16156,-10],
"2WW4WW4GW1SS":[0.14025,2.21785,0.220219,-10],
"1GW1SS2SS4WW":[6.7106,-10,0,0.15322],
"1WW2WW1SS1SS":[-10,-0.200878,-10,-10],
"2SS4WW1WW1SR":[0.404719,0.0022121,-10,-10],
"2SR3WW1SS1SS":[-0.001,0,-10,-10],
"1SS4WW2SS1SS":[-10,0.0437853,1.66525,-10],
"3SS2WW4WW1SG":[0.000154546,0,0,-10],
"1SG1SS1SG1SR":[-10,-10,-10,-10],
"4GW1SG4WW4WW":[-0.001,-10,0,0],
"1WW3SS1SS1SG":[-10,-0.001,-10,-10],
"1SS1SS4GW1SR":[-10,-10,0.415289,-10],
"1SS4WW3WW1SS":[-10,2.75014,0.328836,-10],
"4WW4WW1SG4SS":[0.0414416,0,-10,0],
"1SR4WW2WW2WW":[-10,-0.001,-0.00104488,0.0708636],
"2SS4SG1GW1SS":[-0.001,0,0,-10],
"2WW4SS1SG3WW":[-0.001,-0.001,-10,0],
"1SS2GW4WW1WW":[-10,-0.000402523,0.044169,-10],
"3WW4WW4GW1SS":[0.161192,2.45219,0.0484209,-10],
"4WW2WW1SR1GW":[0,0,-10,0.999811],
"4SS4WW2WW1SG":[0,0,-0.0010995,-10],
"4WW2WW1SS4WW":[1.98459,0.559857,-10,3.12158],
"1WW1SS2GW2RW":[-10,-10,0,0.0277322],
"4WW1SS1WW2WW":[2.36159,-10,-10,0.0147466],
"4WW1WW4GW1SR":[-0.001,-10,0.00155164,-10],
"4SS3SS1SG3WW":[-0.001,-0.001,-10,0],
"1SS3WW1GW4WW":[-10,-0.00143191,12.6211,0.0794669],
"1SS1SG4WW4WW":[-10,-10,2.75956,0.205606],
"4WW1SS2RG3WW":[0.0172327,-10,0,0],
"4WW1GW4WW1SS":[0.372622,13.2859,1.02133,-10],
"3WW4WW1SG1WW":[-0.00439553,0.394433,-10,-10],
"4WW1SS2SR1GW":[0.104472,-10,0,0],
"3GW1WW1WW1SS":[-0.0019,-10,-10,-10],
"2SS1SS3RW4WW":[-0.00113382,-10,0.260913,0],
"1SS2WW1WW4WW":[-10,-0.392704,-10,2.16131],
"1WW2WW1SS1SR":[-10,-0.9969,-10,-10],
"1SS1GW2WW1RW":[-10,1.05235,0,0],
"4WW4SS1SG2WW":[0.0657793,-0.001,-10,-0.00140271],
"4SS3WW1WW1SR":[-0.001,0,-10,-10],
"2WW2RW1SG3SS":[-0.001,0,-10,0],
"1SS4WW2WW4RW":[-10,0.00530495,1.32022,0.0168439],
"1SS2GW1WW1SG":[-10,-0.001,-10,-10],
"1SS2SS4WW4WW":[-10,0.61927,2.54541,1.47751],
"3WW3SS1SS2GW":[0.0384162,0,-10,0],
"4WW4WW1SS4RW":[2.9141,0.226449,-10,0.0900385],
"1SS3GW1SS1SS":[-10,0.17232,-10,-10],
"4GW3SS1SS1WW":[0.00139032,0.321143,-10,-10],
"3WW4WW2GW1SS":[-0.0019,1.18773,-0.001,-10],
"3WW1SS4GW2WW":[0.0965384,-10,-0.0019995,0.266394],
"1SS1SS1WW4GW":[-10,-10,-10,0.0890803],
"2GW1WW1SS3SS":[0.123805,-10,-10,-0.001],
"1SS2WW2WW4RW":[-10,-0.0019,0.234503,-0.001],
"1SS4WW4RW4GW":[-10,-0.001,-0.001,-0.00120678],
"1SS4WW3WW3RW":[-10,0.024949,2.07573,0.028986],
"1WW3SS1SS1SS":[-10,-0.001,-10,-10],
"1SS2SR1SG4WW":[-10,-0.996,-10,0],
"4SS3WW1SS1SS":[0.250857,0,-10,-10],
"1WW3WW1SS2RW":[-10,-0.001,-10,0.0247595],
"3RW4WW1SS2SS":[0,0.45179,-10,0],
"2GW4WW3SS1SS":[-0.001,1.05774,-0.001,-10],
"1WW4GW1SG1SS":[-10,0.164702,-10,-10],
"4WW1SS1SS4GR":[0.422039,-10,-10,0],
"1SG4WW3WW1WW":[-10,-0.000934748,0,-10],
"4WW1RW4WW4WW":[0,0,-0.001,0],
"1RG2SS1SS4WW":[0.344653,0,-10,0],
"1SG4WW3GW1SS":[-10,0.0350576,0,-10],
"4WW2GW1SS2GW":[0.613898,0,-10,-0.001],
"1SS4GR4WW3WW":[-10,0,0,0.0225239],
"1SS4WW4SS1SS":[-10,1.22773,0,-10],
"2SS4WW3RW1SS":[0,0.362743,-0.001,-10],
"2WW1SG2SS4WW":[-0.001,-10,-0.001,-0.000968297],
"4GW2WW1WW1SG":[-0.001,0,-10,-10],
"4WW3GW2WW1SS":[1.40941,-0.001,-0.001,-10],
"1SS2GW3SS1SS":[-10,1.03793,0,-10],
"1GW1SS1GW4WW":[0,-10,1.90509,0],
"4WW1SS2WW1GW":[0.338784,-10,-0.00175801,10.4703],
"2SS1SS3GW2GW":[0.255769,-10,0,0],
"1SG4WW2GW1SS":[-10,0.238641,0,-10],
"1SS1WW4WW4GR":[-10,-10,0.547976,-0.001],
"1SS4SS4WW2RW":[-10,-0.001,0.449431,0],
"4RW2SS1SS2WW":[-0.00113253,-0.00137633,-10,0.0865325],
"1SS1WW1SS3SS":[-10,-10,-10,-0.0711427],
"3GW2WW1WW1SS":[0.0177051,0,-10,-10],
"4WW3SS1SS1SS":[0.668178,0,-10,-10],
"2WW4WW4RW1SS":[0.0371387,1.91772,-0.00271,-10],
"1SG3SS3WW2GW":[-10,-0.001,0,0],
"4WW4WW1SS3RW":[2.59011,0.0253469,-10,0.103282],
"4RW4SS1SS1WW":[-0.0010995,0,-10,-10],
"4WW3WW1SS2GW":[1.92279,0,-10,0],
"3WW3WW1SS4RW":[-0.001,-0.001,-10,0.0769054],
"4WW1WW2WW1SR":[0.451639,-10,-0.001,-10],
"1SS4RW2WW2GW":[-10,-0.001,0,0],
"1SS2WW4GW2SS":[-10,0.0110027,-0.0019,0],
"1SS3RW4WW4WW":[-10,0.282136,0.400017,1.25314],
"2SG1SS1WW4WW":[0.000492251,-10,-10,0],
"4WW2WW2WW1SG":[0.868913,-0.00269312,-0.00298298,-10],
"1SS2SG4WW1SS":[-10,0.145314,0,-10],
"1SS1RW3WW4GW":[-10,-0.2,0.24903,0],
"1SG2WW2WW1SR":[-10,-0.001,0,-10],
"1SR1SS1SS1SG":[-10,-10,-10,-10],
"3WW3WW1SS2SS":[0.186178,0.00402206,-10,0],
"1WW3GW1SS3WW":[-10,0.0612613,-10,-0.001],
"1GW3SS1SS4WW":[4.26984,-0.001,-10,0],
"3GW2WW1SS4WW":[2.84161,-0.00118905,-10,-0.00187339],
"3GW2GW4WW1SR":[0.265775,0,0,-10],
"1SG4RW2GW1SS":[-10,-0.001,0,-10],
"4WW1WW1GW1SS":[-0.0019995,-10,10.3102,-10],
"4WW4GW1SS4WW":[2.72725,0.0775572,-10,0.163209],
"1WW1WW1SS4WW":[-10,-10,-10,0.68269],
"1SS1GW3WW2RW":[-10,1,0,0],
"1SS3GW4WW4WW":[-10,0.187976,3.26383,0.0214448],
"1GW4WW4WW1SG":[1.05228,0,0,-10],
"3WW1WW1SS1SS":[0.450616,-10,-10,-10],
"2GR4WW4WW1SS":[1.61162,0,0,-10],
"2WW1RW2SS1SG":[0.105824,0,0,-10],
"2WW1SS1SS3WW":[1.60377,-10,-10,0.147341],
"4RW1SG3WW4WW":[0,-10,0.000532008,0],
"3GW4WW1SS3WW":[0.219498,2.66125,-10,0.119864],
"1SR1SS4WW3WW":[-10,-10,0.0110828,0.392254],
"4WW3SS1SG1GW":[-0.001,0,-10,0],
"4WW4GW4WW1SS":[0.0731731,0.0538187,4.05959,-10],
"1SG2WW2WW4WW":[-10,0,0.0619666,0],
"1GW4WW1SS2GR":[2.06394,0.0881661,-10,0],
"4WW4WW1SS3GW":[0.436956,0.0971984,-10,4.48188],
"4WW1SS1WW4RW":[0.242626,-10,-10,0.0100893],
"4GW4SS1SS4WW":[0,0.00969691,-10,0],
"4WW2WW3GW1SS":[-0.00158999,1.93261,-0.001,-10],
"1SS1SG3WW1SS":[-10,-10,0.147226,-10],
"4WW4GW1SS2WW":[2.60799,0.0311295,-10,0.0123683],
"1SS1WW4WW2SR":[-10,-10,0.426058,-0.00175806],
"4WW1SS4WW1WW":[2.01509,-10,0.332064,-10],
"1RW4WW1SG2WW":[-0.2,0.273616,-10,0],
"4WW1SG4WW1GW":[0.370622,-10,0,0],
"4RW1SS3GW1GW":[-0.001,-10,0,0],
"3GW4WW1SR3WW":[-0.001,0.306047,-10,0],
"4WW4WW1WW1SG":[1.55984,0.00342064,-10,-10],
"1SS4RW4WW4GW":[-10,-0.001,0.727693,0],
"1RW1SS1WW3WW":[-0.134638,-10,-10,0.515358],
"1SG3WW2GW4WW":[-10,0.104504,-0.001,0],
"1SS1WW3WW1RW":[-10,-10,0.466311,0],
"1SS1WW2WW2SS":[-10,-10,0.0643936,-0.0019],
"4WW2WW4WW1SS":[1.40465,1.42458,2.05477,-10],
"2WW2RW2SG1SG":[-0.001,0,0,-10],
"4WW2WW1SG2SS":[-0.000433869,0,-10,0.0653022],
"4WW1SG2SS2RW":[0.00960278,-10,0,0],
"4WW4RW4WW1SG":[0.0275623,0,0.356691,-10],
"2SG4WW1WW1SG":[-0.001,0.124076,-10,-10],
"3GR2GW1SS4WW":[-0.001,0,-10,0],
"3WW2WW1SS4RG":[-0.001,0,-10,0],
"4WW1SS4SS4SS":[0.190371,-10,0,0],
"1RW3WW1SS1SS":[-0.20009,0.219318,-10,-10],
"3WW3WW3SS1SS":[0,0.0124282,0,-10],
"1WW3GR1SS1SG":[-10,-0.001,-10,-10],
"1SR4WW3WW3WW":[-10,0.876055,0,0],
"1SG2SS4WW4WW":[-10,-0.001,-0.001,0.537564],
"1SG3WW4WW4RW":[-10,0.120975,0,0],
"1SR3GW3WW3WW":[-10,-0.000425107,0,0],
"4GW1SS1SG3WW":[-0.001,-10,-10,0],
"2WW4WW1SS4SS":[0.00704649,0,-10,0.0633797],
"3GW1SS1SG1WW":[-0.00198955,-10,-10,-10],
"1WW1SS2SS4WW":[-10,-10,-0.841321,1.39292],
"2WW4WW1SS3RW":[0.379814,-0.001,-10,-0.001],
"1SS2WW4WW3RW":[-10,0.0084503,2.03381,0],
"1WW4WW1SS1WW":[-10,1.46164,-10,-10],
"4WW1GW1SS3RW":[0.680047,0,-10,-0.001],
"1SS4SR1SS3WW":[-10,-0.001,-10,0],
"1SS2GW3WW1SR":[-10,-0.001,0,-10],
"2SS4WW4WW1SS":[-0.0375032,0.82951,3.16906,-10],
"4GR1SS2WW1WW":[0,-10,-0.00107986,-10],
"1SG4WW3WW2WW":[-10,0.140073,0,0],
"4GW3WW3WW1SS":[0.377494,-0.001,-0.00181535,-10],
"2GW4WW2WW1SS":[3.09665,0,0,-10],
"1GW1SS4SS4WW":[6.27672,-10,0,0],
"3WW1SS3RW1GW":[0.0151287,-10,0,0],
"3WW1SS1SR3WW":[0.409158,-10,-10,-0.0010995],
"4GW1SS3RW4WW":[0.0125753,-10,0.00174388,0.701274],
"2GW1SS4WW1GW":[2.45189,-10,0,0],
"1RW1SS1SS1WW":[-0.223015,-10,-10,-10],
"1WW2WW4GW1SS":[-10,1.04996,-0.00310981,-10],
"4GW3WW1SS2SS":[-0.001,0.242331,-10,0],
"2GW4WW4WW1SS":[10.35,0.667535,0.082028,-10],
"4WW2WW4WW4GW":[-0.0019,-0.0010995,-0.0019995,-0.0019995],
"1SS2SS1GW1SS":[-10,0.0643859,0,-10],
"3RW3WW1SS1SG":[0.0751418,0,-10,-10],
"3WW4WW4WW1SR":[0.0039808,0,1.13212,-10],
"4RW1SS3WW4WW":[0.952353,-10,0.0934321,3.49076],
"2SS1SR4WW4WW":[1.41582,-10,0,-0.001],
"4WW4WW4SS1SS":[0.587687,3.50238,0.0867086,-10],
"4WW1SS4SS2WW":[0.0631806,-10,0,0],
"1SS4WW3RW4WW":[-10,-0.00142425,0.00989027,1.72198],
"1SS2RW3WW1SG":[-10,0,0.0250266,-10],
"1WW1SS4GW4WW":[-10,-10,-0.00699322,1.31552],
"1SS2WW3WW1SG":[-10,-0.001,0.167352,-10],
"1SR2SS3WW1GW":[-10,-0.001,0,0],
"4WW1SS2RW4GW":[0,-10,0,-0.0019],
"1GR4WW4WW1SS":[5.13003,0,0,-10],
"1WW1SG4WW1WW":[-10,-10,0.108833,-10],
"2SS1SS2WW4WW":[0.103165,-10,0.539698,2.92563],
"2RW1WW4WW1SG":[-0.021614,-10,0,-10],
"2GW1SS1SS4WW":[9.06705,-10,-10,0.111963],
"2WW1GW4WW1SG":[-0.0966649,0,0,-10],
"2GW4RW1WW1SS":[-0.001,0,-10,-10],
"2WW1WW1GW1SG":[-0.100102,-10,0,-10],
"2SR2SS1SS4WW":[0.0813982,0,-10,0],
"1WW4RG1SG3WW":[-10,0,-10,-0.00111831],
"4SS1SS2RW4WW":[-0.001,-10,-0.001,1.36702],
"4WW4WW1SS3WW":[2.40403,2.74055,-10,1.72344],
"4WW2WW1SS3SG":[0.285266,-0.001,-10,0],
"4WW2WW4GW1SS":[-0.00234355,1.71744,0.00131428,-10],
"1GR3WW1WW1SS":[1,0,-10,-10],
"4WW4WW2GW1SR":[-0.001,0.210801,0,-10],
"1SS1RW4WW2WW":[-10,-0.19439,1.87522,0],
"4GW4WW3WW1SS":[3.01434,0.332723,0.229096,-10],
"1WW1SS1SS4WW":[-10,-10,-10,1.26873],
"4WW4WW2WW1SS":[2.46234,0.825728,0.369757,-10],
"2RW4WW4WW1SS":[0.299765,2.66338,0.115475,-10],
"3RW1SS4WW1GW":[-0.0010995,-10,-0.001,4.16872],
"2GR1SS1WW2WW":[-0.001,-10,-10,0],
"1SS3WW4WW1SR":[-10,0.05567,1.52383,-10],
"1RW1SS4WW1SS":[-1.195,-10,0.0524785,-10],
"4WW1WW1RG1SS":[0.181976,-10,0,-10],
"1SS2SS4WW3WW":[-10,0.0706039,1.65658,0.112452],
"4WW2RW2WW1SS":[0.102413,0,-0.001,-10],
"1RW2WW1SS4WW":[0,0,-10,1.72392],
"1GW1SS1SG2WW":[0.999957,-10,-10,0],
"4WW1SS1SS3SS":[0.180606,-10,-10,0],
"1RW4WW4WW1SS":[-0.684868,3.27776,0.117463,-10],
"1RG1SS1WW2WW":[0,-10,-10,0.0150856],
"1SS4GW2WW1SR":[-10,-0.001,0,-10],
"2WW4WW2RW1SS":[0.161547,1.71185,0,-10],
"1WW4WW2SG1SS":[-10,-0.00138068,0.83558,-10],
"2WW1SR4WW3GW":[0.0779051,-10,0,0],
"4WW4GW1SG4WW":[0.239151,0,-10,0],
"1SS1SG3WW3WW":[-10,-10,0.248757,0],
"1GW4WW1SR3WW":[4.85897,0,-10,0],
"2SS1SS3GW4WW":[0.266532,-10,5.37039,0],
"4WW1RW4WW1SS":[0.207486,-0.381061,1.81349,-10],
"4WW4GW4WW1SR":[1.17605,0,0,-10],
"1SS1SS1GW4WW":[-10,-10,12.1566,0.290088],
"2SS4GW4WW1SS":[-0.001,0.124954,0,-10],
"1WW1WW1SS1GR":[-10,-10,-10,1],
"1SS2RW4WW4SS":[-10,-0.00118263,0.881381,0],
"1SS2WW1RW4WW":[-10,-0.001,-0.375686,0.0181923],
"1WW1WW1SS4GW":[-10,-10,-10,0.0850696],
"1WW1SG1SS3WW":[-10,-10,-10,0.00162414],
"4WW1SS2SS1GW":[-0.00112018,-10,0,3.691],
"2SS1SS1GR1GW":[0.0114338,-10,0,0],
"1GR1SS3WW1WW":[0.980156,-10,0,-10],
"3RW1SS4GW4WW":[2.05499,-10,-0.001,0],
"4WW4WW1SS4RG":[0.53341,0,-10,0],
"1GW1SS4WW1WW":[7.54974,-10,-0.00173445,-10],
"4WW1SS4WW2GW":[0.438441,-10,0.162791,10.488],
"1SS4WW1RW3WW":[-10,0.573197,-0.20074,0.0162208],
"1WW1GW3RW1SS":[-10,1.00618,0,-10],
"4WW2WW4WW1SG":[0.0670692,0.00757671,2.52996,-10],
"1SS2SS4WW2WW":[-10,-0.162152,1.65973,0.00390345],
"1SS1RW3WW4SS":[-10,0.49356,0,0],
"1SS3SS1WW2WW":[-10,-0.001,-10,-0.001],
"4WW1WW4RW1SG":[-0.0019995,-10,-0.00105673,-10],
"1GW1SS4WW1GW":[5.22194,-10,0,0],
"3GW1SS3WW4WW":[0.0393661,-10,1.42161,0],
"2GW4WW1SS1GR":[1.10441,0,-10,0],
"2RW1SG2SS2WW":[0.00757475,-10,0,0],
"4WW4WW1RW1SS":[0.324991,2.73678,-0.522641,-10],
"3RW1SS3SS3WW":[-0.001,-10,0,0],
"1GW1SS1SS2WW":[8.7695,-10,-10,0],
"1SS1SR4GW1WW":[-10,-10,-0.00119554,-10],
"3RW4WW2SS1SS":[0.808511,0,0,-10],
"4RW3WW4GW1SS":[-0.000695152,0.513974,0,-10],
"1SS1WW4WW1GW":[-10,-10,0.0442106,10.5113],
"3WW3WW1SS1GW":[-0.001,-0.001,-10,1.01483],
"4GW4WW1SS1RW":[0.0960673,-0.001,-10,0],
"2SS1SS1WW4GW":[0.297141,-10,-10,-0.001],
"3GW3WW1SS4WW":[1.62878,-0.001,-10,0.125063],
"1WW4WW1SG1SR":[-10,-0.001,-10,-10],
"2WW2WW4GW1SG":[-0.001,0.083042,0,-10],
"4GW4WW1WW1SS":[1.66785,0.00758827,-10,-10],
"1SR1WW4WW4WW":[-10,-10,0,1.74911],
"3WW3WW4GW1SS":[-0.001,1.59448,0.00506998,-10],
"3WW1SR4WW1GW":[0.053235,-10,0,0],
"2WW4WW1SS3GW":[1.06012,0.0100377,-10,-0.001],
"1SS2WW3WW2GW":[-10,0.400179,0,0],
"1SS4WW2WW3WW":[-10,0.288417,-0.00683719,1.92194],
"1SS4WW3WW3WW":[-10,0.67082,0.556433,2.01902],
"1SS2GW2WW4RW":[-10,-0.001,0,0],
"4SS1SS4WW1SR":[-0.0974419,-10,0,-10],
"1GR1SS2WW4WW":[1.9,-10,-0.001,0],
"4WW1SR4WW3WW":[2.82398,-10,-0.001,0.065063],
"4WW4WW3SS1SR":[0.370506,0,0,-10],
"2SS4WW3WW1SG":[0.195194,-0.001,0,-10],
"1SG1SS1SS4SS":[-10,-10,-10,0.238695],
"1GW2WW4WW1SS":[10.2636,0.0867465,-0.001,-10],
"1SG2WW1RW4GW":[-10,-5.33422e-05,0,0],
"1SR4WW2WW1WW":[-10,2.26345,-0.00128166,-10],
"2RW2GW1SS4WW":[-0.001,0,-10,0],
"1SS4WW2WW2WW":[-10,1.55747,0.0143813,-0.00442775],
"3WW2WW3GR1SS":[0.0118748,0,0,-10],
"1SS2RW3WW3WW":[-10,0.301194,-0.00145042,-0.001],
"4SS2SS1SR3WW":[0.0490555,0,-10,0],
"1WW2WW2SS1SS":[-10,0.219103,-0.0899488,-10],
"3WW1WW4WW4GW":[-0.001,-10,0,-0.001],
"1SS4GW3WW3RW":[-10,-0.001,0,-0.001],
"4WW3WW1SS4SS":[1.39911,0.152293,-10,0],
"1WW1WW4WW4WW":[-10,-10,-0.00279955,-0.00279955],
"1SS2SS3WW4GW":[-10,-0.000850874,0.542383,0],
"1SS1RG1WW1SS":[-10,-0.2,-10,-10],
"2WW4WW3SG1SS":[0.60878,0,0,-10],
"1SS4GW4RW2WW":[-10,0,-0.001,0],
"4RW1GW1SS1SS":[0.0292618,0,-10,-10],
"1WW1RW3SS1SS":[-10,-0.126238,0.126008,-10],
"1SG2SS1WW1SS":[-10,-0.996,-10,-10],
"1SS4RW1GW4WW":[-10,0,7.82495,0],
"1SS2SR1GW1WW":[-10,0.157652,0,-10],
"3SS1SS1WW1GW":[-0.001,-10,-10,0],
"1SG2WW4WW4WW":[-10,0.680548,0.00428352,-0.000802106],
"1SS1GW2WW3WW":[-10,2.86006,-0.00119548,0],
"1WW1SS4SS4RW":[-10,-10,0.236683,0],
"1SS3RG2WW4WW":[-10,-0.001,0,0],
"2WW1SG4WW3GW":[0,-10,0,-0.001],
"3RW1SS4GW3WW":[-0.001,-10,-0.001,0],
"2WW4SS1SG2WW":[0.0662181,0,-10,0],
"2GR1SS4WW1WW":[-0.001,-10,-0.0019,-10],
"4WW2WW4GW1SR":[0.00487541,0,-0.0010778,-10],
"2GW1SS4GW3WW":[-0.001,-10,-0.001,0],
"2SS2WW1WW1SR":[0.372195,0,-10,-10],
"4WW3GW4WW1SS":[1.53468,-0.001,0.0415165,-10],
"1SS4WW4WW1SR":[-10,0.30302,3.18325,-10],
"1GW4WW1SS2RW":[0,0.159229,-10,-0.001],
"2SS3SS4WW1SR":[-0.001,0.0166716,0,-10],
"1SS1SS3SS2RW":[-10,-10,-0.001,0],
"1SS4GW3WW2RW":[-10,0,-0.0025206,0],
"3SS1WW2WW1SS":[-0.100102,-10,0,-10],
"4WW1SR3WW2WW":[-0.00168001,-10,-0.001,0.00180175],
"1SS3WW1WW4GW":[-10,0.0178217,-10,-0.00418821],
"4WW1WW1SS2SS":[1.89691,-10,-10,0.13542],
"1WW4WW1SS2GR":[-10,0.0107064,-10,0],
"1SG4WW4WW1GW":[-10,0,0,2.01791],
"1SS4GW4WW1RW":[-10,0,1.76761,0],
"1SR4GW3WW2WW":[-10,-0.001,0,0],
"3SS1SS1SS1GW":[0.310348,-10,-10,0],
"1WW2WW4RW1SS":[-10,0.553532,0,-10],
"2WW3WW1SS4GW":[-0.00269884,0.00925286,-10,7.61442e-05],
"4GW4SS1SS3WW":[0.300917,0,-10,0],
"4WW2WW1SS2SS":[-0.001,1.13904,-10,-0.49718],
"4SS1SS1SS4SS":[-0.0019995,-10,-10,-0.0019],
"3WW3SS1SS1WW":[0.303286,-0.00271,-10,-10],
"1WW4WW1GW1SR":[-10,0.0353019,0,-10],
"2GW1SS2WW2WW":[1.14267,-10,0,-0.001],
"1SS1SS1SS2RW":[-10,-10,-10,0.0210112],
"1SS3RW2WW1SS":[-10,-0.001,0.0216721,-10],
"1SS3GR3WW1GW":[-10,-0.001,0,0],
"1SG4WW1SS1SS":[-10,1.3467,-10,-10],
"4GW4WW1SS1SS":[0.682962,2.78818,-10,-10],
"3WW1RW1SS4GW":[0,-0.2,-10,0],
"2SS2WW3WW1SG":[0.109609,0,0,-10],
"1SG4WW3WW4WW":[-10,1.14253,0.102138,-0.00277259],
"2SS3GR1WW1SS":[0.189952,0,-10,-10],
"3GW2GW1SS4WW":[-0.001,0,-10,0],
"2WW3RW1SS3WW":[0,0,-10,-0.00107408],
"1SS4WW4WW4WW":[-10,2.88688,2.47636,2.43418],
"4WW3GW1SG4WW":[0.136399,0,-10,0],
"2GW4WW1SS2GW":[1.16557,0,-10,-0.001],
"1SS1GW2WW1WW":[-10,1.90196,0,-10],
"1WW2WW2GW1SG":[-10,-0.00118905,0,-10],
"1WW2WW1SS4WW":[-10,-2.0292,-10,0.798207],
"4WW1SS3WW2WW":[2.94257,-10,0.157853,0.692402],
"3WW1GW4GW1SS":[0,0,-0.001,-10],
"2WW4GW1SS2GW":[0.131389,0,-10,0],
"1SR2WW1WW4WW":[-10,-0.996,-10,0.18524],
"4GW1SR4WW2WW":[0.00142194,-10,-0.001,0],
"4RW4WW1SS1SS":[0.200658,2.69671,-10,-10],
"1SS1SS2GW1SS":[-10,-10,0.578193,-10],
"3SS4WW2GW1SR":[0.00522011,0,0,-10],
"4WW1RG1SS1WW":[0.786822,0,-10,-10],
"4WW1SS4WW3RW":[0.586829,-10,-0.00156674,0.0964839],
"4RW4WW1SS4WW":[0.32702,3.53907,-10,-0.00204005],
"4GW4WW4WW1SS":[1.23325,2.81033,0.595858,-10],
"2SR1SG1SS4WW":[-0.00107635,-10,-10,0],
"4SR4WW3WW1SG":[-0.001,0,0,-10],
"1RW4GW1SS1SS":[-0.192341,0.0431276,-10,-10],
"4WW1SG4WW2RW":[-0.001,-10,0,0],
"2WW1SG1SS1WW":[0.00238704,-10,-10,-10],
"1SS4RG2WW1GW":[-10,-0.001,0,0],
"1WW1SS2RG4WW":[-10,-10,-0.001,0.04094],
"3WW4WW2SG1SS":[0.151149,0.0387214,-0.001,-10],
"1SS4WW4WW1SS":[-10,2.7444,2.17576,-10],
"4WW1WW1SS2SG":[0.787486,-10,-10,0],
"1SS4SS4WW1GW":[-10,-0.000430512,0.467309,0],
"4RW2WW4WW1SG":[0.0691924,0,0,-10],
"3WW4WW1SS2WW":[0.957327,1.48007,-10,0.00178221],
"4WW1WW1SS3RW":[0.255262,-10,-10,0],
"1RW1SS1SG4WW":[-0.2,-10,-10,1.21135],
"4WW1SR4WW2GW":[0,-10,0.13079,0],
"1SS2WW2WW4WW":[-10,0.0735721,0.142669,2.29247],
"3WW1GW1GW1SS":[-0.000384013,0,0,-10],
"1SS3RW1SS2SS":[-10,0.0905794,-10,0],
"1SS4GW1WW2WW":[-10,-0.0010995,-10,0.126009],
"1SS1GW4WW3SS":[-10,7.12031,0,0],
"3RW1SS4WW1WW":[-0.00368761,-10,0.0482407,-10],
"4SS3GW1WW1SG":[0.0621744,0,-10,-10],
"4WW3WW1SS1SS":[2.71395,0.941249,-10,-10],
"4WW4WW2SS1SR":[0,0.225466,0,-10],
"1SR4GW1SS1SS":[-10,0.0148232,-10,-10],
"2SR1SS4WW2GW":[0.0406473,-10,0,0],
"4WW2GW4WW1SS":[0.0112627,-0.0019,1.56774,-10],
"1RW4WW1SS1GW":[-0.147483,0.0496676,-10,0],
"2SS1SS4WW2WW":[0,-10,0.252494,0],
"4WW1WW1SS4WW":[1.1123,-10,-10,2.78839],
"1SS3WW4WW1SS":[-10,1.26755,2.60493,-10],
"4SS1GW1WW1SS":[0.0562515,0,-10,-10],
"1WW1WW4WW1SG":[-10,-10,0.552728,-10],
"1SS3WW3WW2SG":[-10,0.592239,0,0.00253301],
"4WW2WW1SS3SR":[0.741064,0,-10,0],
"4WW3WW1SS3GW":[1.14356,-0.0019,-10,-0.001],
"1GW3WW1RW1SS":[1.02861,0,0,-10],
"1SS4GW3WW1WW":[-10,-0.001,0.0265077,-10],
"4WW1WW4WW1SR":[0.522972,-10,-0.001,-10],
"4WW1SS1RG2GW":[0.0918571,-10,0,0],
"3RW1WW1SG4WW":[-0.001,-10,-10,0],
"3WW3WW3GW1SS":[-0.001,0.615417,0,-10],
"1SS1SS3WW3WW":[-10,-10,1.22039,0.146414],
"3GW2WW2SS1SS":[0.427263,0,0,-10],
"1SS3RW3GW4WW":[-10,0.0267298,0,0],
"2WW2WW4WW1SG":[-0.00242665,0.154043,-0.00124747,-10],
"1SS1WW4WW4WW":[-10,-10,0.828423,3.00301],
"1SS4WW1SS1SS":[-10,2.48656,-10,-10],
"4RG1SS2WW1WW":[-0.001,-10,0,-10],
"1SS4WW1GW4GW":[-10,0.000965615,9.51383,0],
"1SS1GW3WW3GW":[-10,1.9,0,0],
"4GW1SS4WW4GW":[-0.00106278,-10,0.0316071,0],
"2RW2WW1SS4WW":[0.167155,0,-10,0],
"1SG1SS3WW4RW":[-10,-10,0.27094,0],
"2WW3WW4WW1SS":[0.00605095,2.2054,0.212897,-10],
"4WW2GW1SS3SS":[-0.00149033,1.84187,-10,0],
"2SS3WW2WW1SG":[-0.00131974,0,0,-10],
"1GW1SS3GW2WW":[1,-10,0,0],
"4RW4GW1SG1SS":[-0.001,0,-10,-10],
"3SS3WW3WW1SS":[-0.001,0.182188,0,-10],
"3WW1SS4RG4WW":[0.300828,-10,0,0],
"1WW3SS2SG1SS":[-10,-0.001,0,-10],
"4WW4WW1SS1RG":[1.24432,0.0204165,-10,0],
"2WW1SS4GW2WW":[0.0661917,-10,-0.001,0.399214],
"1WW1SS1SG2SS":[-10,-10,-10,-0.0962623],
"2GW2SS1SS1WW":[1.38457,0,-10,-10],
"1SS3GW4WW4RG":[-10,-0.001,0,0],
"3WW1SR4GW4WW":[0,-10,-0.001,0],
"1RG4WW3SS1SS":[0.783054,0,0,-10],
"1SS1SG2RW1WW":[-10,-10,-0.0010995,-10],
"3WW1WW2GW1SS":[0.0279896,-10,0.945654,-10],
"1SS1WW4GW2RW":[-10,-10,-0.001,0.17641],
"1WW4WW1SS2WW":[-10,1.5671,-10,-0.423178],
"2WW4WW1SS2RG":[0.129955,0,-10,0],
"1SG3RG1WW4WW":[-10,-0.001,-10,0],
"3GW1SR4WW2WW":[0,-10,0,0.00265276],
"1SR4WW2WW3WW":[-10,0.570793,0.00360735,-0.00137986],
"4WW4WW1SG1WW":[-0.001,1.43833,-10,-10],
"4GW1SG3WW2RW":[0,-10,0,-0.001],
"1SS2RG2WW1SS":[-10,-0.001,0,-10],
"1SS1SG4GW1WW":[-10,-10,-0.001,-10],
"1SS4WW4WW1SG":[-10,0.149123,2.65951,-10],
"4RW4WW1SS1WW":[-0.0019,0.0702158,-10,-10],
"3SG1SS1WW4WW":[0.0589113,-10,-10,0.652777],
"1SS3GW4RW1SS":[-10,0.0388047,0,-10],
"1SR1SS1GW3SS":[-10,-10,1,0],
"1SS4WW4WW2SG":[-10,-0.0019,2.07705,0],
"2WW1SS1RG2WW":[-0.001,-10,0,0],
"3WW1SS1SR4WW":[0.00102153,-10,-10,2.0734],
"4GW1SS4WW1WW":[1.12247,-10,-0.0019,-10],
"4WW4WW2GW1SS":[0.118631,0.204952,9.54342,-10],
"2WW1GW2SS1SS":[0.234717,0,0,-10],
"2WW1WW1SS4WW":[0.0117606,-10,-10,1.05843],
"1RW3WW1GW1SS":[-0.146934,0.370428,0,-10],
"1RW2WW1SS2SS":[-0.148039,0,-10,0],
"1SS1SS2SS2SG":[-10,-10,-0.226226,0],
"4GW2SG1SS1SS":[0.239848,0,-10,-10],
"4WW2WW1SS1SS":[2.26709,1.2239,-10,-10],
"1WW3GW1SS1SS":[-10,2.47678,-10,-10],
"1SS2GR4WW4WW":[-10,-0.001,1.10753,0],
"4RW4WW4WW1SS":[0.964626,2.77023,0.353949,-10],
"4WW3WW4WW1SS":[1.80323,1.81486,2.86812,-10],
"4GW1WW1SR2SS":[0,-10,-10,0.151515],
"1SS1RW4WW4SG":[-10,-0.0328271,0.129972,0],
"4SS1SR4GW4WW":[0.0152184,-10,0,0],
"1WW4GW2SS1SR":[-10,-0.001,0.350407,-10],
"2SS1SS4GW2SS":[-0.001,-10,-0.00110425,-0.001],
"1SS4WW2RW1SS":[-10,1.61128,0,-10],
"1GW1SS3WW4WW":[11.4515,-10,-0.00129405,0.0303255],
"2RG3WW1SS4WW":[-0.001,0,-10,0],
"1SS4RW1WW3WW":[-10,-0.001,-10,-0.001],
"3RG1SS4WW3WW":[0,-10,0,0.00116842],
"2WW4WW1SS1RW":[2.28881,-0.00149279,-10,-0.683414],
"3GW1SS1SS3WW":[-0.001,-10,-10,1.07467],
"1SR4WW3GW3WW":[-10,-0.00119696,-0.001,0],
"1SS1GW2WW3RW":[-10,1.01087,0,0],
"3WW1WW4WW1SR":[-0.00232388,-10,0.49869,-10],
"1SS3WW3WW1SG":[-10,-0.000388996,0.551111,-10],
"3GW1SS4WW3WW":[-0.00181945,-10,-0.00279955,1.51274],
"1GW3SS1SS1SS":[2.10858,0,-10,-10],
"4SS1SS1WW4WW":[0.565383,-10,-10,0.492366],
"2WW1SS1SG1SS":[0.0255581,-10,-10,-10],
"1SR2WW3WW4WW":[-10,0.0437457,0,0],
"1WW1WW1SG4SS":[-10,-10,-10,-0.001],
"1SS1RW4GW4WW":[-10,-0.198352,-0.001,0.19927],
"1SS4WW3WW1RW":[-10,0.00203865,1.78942,0.178409],
"1SS1WW2WW3SS":[-10,-10,-0.00180764,0],
"2GW4WW1SS4RW":[3.94664,0,-10,0],
"4GW1SS1WW1WW":[0.220853,-10,-10,-10],
"2WW1SS1SG2GW":[0.185483,-10,-10,0],
"1SR4WW2WW4WW":[-10,-0.00234163,0.0292403,1.44968],
"4SS1SS3GW3WW":[-0.001,-10,0,0],
"3WW1SS1RW1WW":[0.0256219,-10,0,-10],
"2WW4GW1SS3WW":[1.65453,0.0167636,-10,-0.00252594],
"4WW1RW1WW1SS":[0,-0.200709,-10,-10],
"1RG4WW1SG2WW":[-0.10051,0,-10,0],
"1SS4WW1WW2SG":[-10,0.0178821,-10,0],
"4WW4WW1SS2SS":[0.396111,3.01873,-10,0.182558],
"1WW2RW4GW1SS":[-10,0,0.0043019,-10],
"1SS3WW3RW1GW":[-10,-0.001,0,0],
"3WW3WW1SS4SS":[-0.001,1.2579,-10,0],
"3GW3WW2WW1SS":[-0.001,0.0955155,0,-10],
"4GW4GR1SS4WW":[0,-0.001,-10,0],
"2WW1WW4WW1SG":[-1.89517,-10,0.797989,-10],
"4WW1SR2SS4WW":[0,-10,0.366142,0],
"1SS4RG3WW3WW":[-10,-0.001,0,0],
"1RW4WW1SS2WW":[-0.517086,1.13848,-10,0],
"1WW4SS1SS4WW":[-10,0.0239853,-10,0],
"1RW2WW1GW1SS":[-0.2,0,0,-10],
"1WW1SS4WW2GW":[-10,-10,0.100254,4.91516],
"3WW2SS1SR2WW":[0.0124495,0,-10,0],
"3SS3WW3GW1SS":[-0.001,-0.001,1.19513,-10],
"3WW4WW1SR1SS":[0.660747,-0.0011094,-10,-10],
"4WW1SS1RW1WW":[0.34836,-10,-0.2,-10],
"1RW1SS4GW3WW":[-0.178603,-10,-0.001,0],
"1WW1WW1RW1SG":[-10,-10,-0.198201,-10],
"1GW1SS3WW2WW":[5.77847,-10,0,0],
"3WW1SS4WW1WW":[-0.243531,-10,0.904551,-10],
"3RW1SS2WW2WW":[0.14851,-10,0,0],
"1SS4RW1GW3WW":[-10,-0.001,2.17805,0],
"1SS1SS2GW4RW":[-10,-10,1.02142,0],
"1WW1WW4WW1SS":[-10,-10,2.58859,-10],
"1WW2RG1SS3WW":[-10,-0.001,-10,0],
"4WW1SG1RW2WW":[-0.001,-10,-0.026424,0],
"3GW1SS1SR1WW":[-0.00149478,-10,-10,-10],
"4WW4WW1SR2WW":[-0.00271,0.0044617,-10,2.48582],
"4WW2SS1SS4WW":[1.9314,0.533283,-10,3.06145],
"1SS4RW2SS1SS":[-10,0,0.144994,-10],
"1SS2SS1GW4GW":[-10,0.00759222,0,0],
"2WW1WW4GW1SS":[-0.00174435,-10,0.318618,-10],
"1RW3SS1SS3WW":[0.0302096,0,-10,0],
"1SS2WW2GW4SS":[-10,0.123952,0,0],
"2WW1SS4SG4WW":[-0.001,-10,0.0201863,0],
"3WW3WW1SS3RW":[-0.00118905,0,-10,0],
"4RG1SS1WW1GW":[0.0148052,-10,-10,0],
"1SS1WW4WW1SS":[-10,-10,1.6373,-10],
"4WW2WW1SS1SG":[1.67503,0.00791434,-10,-10],
"1WW1SG1SS2WW":[-10,-10,-10,-0.89532],
"4GW4WW2WW2WW":[-0.001,0,0,0],
"3WW3GW1SG2RW":[0.00914307,0,-10,0],
"3SS2WW1WW1SG":[-0.001,0,-10,-10],
"2WW2WW1SS1SS":[0.137603,-0.0018599,-10,-10],
"1SS4GW4GW1WW":[-10,-0.0010995,0,-10],
"3RW1SS3GW2WW":[-0.001,-10,0,0],
"1SS1SS4GW3WW":[-10,-10,0.0614492,0.0110141],
"2SS2SS1SR2SS":[-0.0991586,0,-10,0],
"3WW2WW3RW1SG":[0,0,-0.001,-10],
"1SG2SS1WW4WW":[-10,-0.00144329,-10,0],
"1SS2SS2WW4GW":[-10,-0.001,-0.001,0.0134824],
"1SS1RW4GW3WW":[-10,-0.0970763,0.0605273,0],
"1SS1WW1GR1SS":[-10,-10,1.9,-10],
"1SG4WW1GW1WW":[-10,0.482834,0,-10],
"1WW1SR4WW4WW":[-10,-10,1.1405,-0.0019],
"4WW2SS2SS1SS":[1.10322,0,0,-10],
"1WW1SS4SS3GW":[-10,-10,0.23031,-0.0010995],
"1SG1SS1SS4WW":[-10,-10,-10,2.21822],
"4RW1SG3WW1WW":[-0.00111831,-10,0.333561,-10],
"2WW1WW1SS3SR":[0.0482606,-10,-10,0],
"3GW2WW3RW1SS":[-0.001,0,0,-10],
"2SS1SS1SG1SS":[-4.11563,-10,-10,-10],
"1GW1SG3WW1WW":[0.99972,-10,0,-10],
"2GW4WW1SS2SR":[0.654282,0,-10,0],
"1WW1SS1SS1GW":[-10,-10,-10,5.37336],
"1SS1WW4WW4SG":[-10,-10,1.11259,-0.0019],
"1WW3WW4SG1SS":[-10,0.365681,0,-10],
"1WW4GW4WW1SS":[-10,0.00230898,2.20182,-10],
"1GW4GW1SR2WW":[1.11644,0,-10,0],
"1SS1WW4RW1GW":[-10,-10,-0.001,1.2477],
"1WW1WW1SS1SR":[-10,-10,-10,-10],
"3WW1SG1SS1WW":[-0.154484,-10,-10,-10],
"2WW1SS1SG2WW":[-0.00166023,-10,-10,-0.0601508],
"2WW3WW1SR1SS":[-6.67021e-05,-0.0010995,-10,-10],
"1SS2RW1WW4WW":[-10,-0.00169971,-10,0.25943],
"1SS1SG1SR4WW":[-10,-10,-10,0.0129174],
"4GW1WW1GW1SS":[-0.0019,-10,1.0045,-10],
"1WW1SS4WW2WW":[-10,-10,0.00967991,0.501977],
"4WW3WW1SS2SS":[1.83064,0.235026,-10,0.0294597],
"1SG3WW2WW4GW":[-10,0,-0.0010995,0],
"2GW4RW1SG2WW":[0.192445,0,-10,0],
"1WW1SS2GW4WW":[-10,-10,1.69965,0.0163114],
"3SG4WW3WW1SR":[-0.001,0,0,-10],
"3WW4SS1SG2WW":[-0.001,-0.001,-10,0],
"1SS1WW1RW1SG":[-10,-10,-0.187434,-10],
"2GW3WW3WW1SS":[-0.001,-0.001,0,-10],
"4WW1SS4WW1GR":[0.288268,-10,0,0],
"1SS4GW2WW3WW":[-10,0.674918,-0.000785418,0.000609524],
"1RG1WW1SS1SS":[-0.2,-10,-10,-10],
"1SS4WW2GW4RW":[-10,-0.001,5.11616,0],
"1SS2GW4SS1SS":[-10,1.00541,0,-10],
"4WW2WW1SR4WW":[-0.001,0.00121137,-10,2.18571],
"4WW4RW1SS1GW":[0.280024,0,-10,0],
"1SS3WW2SS1SG":[-10,-0.00049776,0.09051,-10],
"4WW2WW3WW1SS":[2.67864,0.128178,0.335265,-10],
"1SS2GW4WW4WW":[-10,10.4826,0.283318,0.1074],
"3WW2WW4WW1SR":[-0.000837713,-0.001,0.417158,-10],
"1SG4RW3WW4WW":[-10,0.00255542,0,0],
"1SS4RW4WW2GW":[-10,-0.001,0.345134,0],
"4GW4WW1SS2GW":[0.20674,0,-10,0],
"2GW1RW1SS3WW":[0,-0.156962,-10,0],
"4GW1SG4WW2WW":[-0.001,-10,0.00937941,0],
"4WW4WW1SS4GW":[2.86776,0.305404,-10,0.592975],
"1RG1SS4WW4WW":[0.557786,-10,0,0],
"4WW1GW1SS2WW":[0,7.8248,-10,0],
"1SS3WW4WW4GW":[-10,0.230805,2.75933,0.61397],
"1SS3GW4WW3SS":[-10,0.248427,0,0],
"1GW1SS1SS1SS":[0.94435,-10,-10,-10],
"1WW1GR4WW1SS":[-10,1.9,-0.0010995,-10],
"1SS1SS4WW1SG":[-10,-10,1.65759,-10],
"4WW2WW3GW1SG":[-0.001,-0.001,0,-10],
"3WW1SG4WW4WW":[0,-10,0.141645,-0.001],
"2SS2WW1SS1SG":[0.0862165,0,-10,-10],
"1SS1GW3WW1SG":[-10,2.83103,0,-10],
"1WW1GW4GW1SS":[-10,3.01846,0,-10],
"4WW3WW2SR1SS":[0.0576032,-0.00129983,0,-10],
"2SS1GW1SS1SS":[-0.293509,0,-10,-10],
"1SG4WW2WW3WW":[-10,0.0934469,-0.00198955,1.16457],
"2GW3RW1SS2SS":[1.19608,0,-10,0],
"4WW4GW3WW3WW":[-0.001,0,0,0],
"2WW4SS1SS2WW":[0.277216,0,-10,0.087819],
"1SS1SS2GW1WW":[-10,-10,3.90053,-10],
"1SS4GR3WW2WW":[-10,-0.001,0,0],
"4WW2GW1SS3SG":[0.24197,0,-10,0],
"1WW1RW1SS1SS":[-10,-0.0589834,-10,-10],
"2GW4WW4WW1SR":[0,0.0266167,0,-10],
"1SS1SR4WW4GW":[-10,-10,0.691778,0],
"1WW1SS2SG4WW":[-10,-10,0.20243,0],
"1RG1SS1SS4WW":[0.0372842,-10,-10,0],
"1SR4WW1GW3WW":[-10,0.443932,0,0],
"1WW3WW4WW1SG":[-10,-0.00473452,0.428845,-10],
"1SS4WW2RG2WW":[-10,0.0535626,0,0],
"4WW2SS1SS2RW":[2.13497,0,-10,0],
"4WW1SS3SS1GW":[-0.001,-10,-0.000989903,0],
"3WW2SS1SR1WW":[-0.001,0,-10,-10],
"1SS3RW3WW3WW":[-10,0.0129567,0,0],
"1SS1WW1RW1GW":[-10,-10,-0.155575,0],
"4WW3WW1SS1RG":[0.454485,-0.000610599,-10,-0.541952],
"1WW4GW1SS3GW":[-10,0,-10,-0.001],
"1WW1GW1SR4GW":[-10,1.00181,-10,0],
"1SS4GR4WW3SS":[-10,0.00292446,0,0],
"3SS1SS4GW4WW":[-0.0019,-10,-0.000777641,2.48701],
"1SS4WW1RG4WW":[-10,0.441302,0,0],
"1WW1SS4RG3WW":[-10,-10,-0.001,0],
"2WW1SS4WW2WW":[0.00647033,-10,1.71615,0.182615],
"2WW1SS1SG3RW":[0.0960354,-10,-10,0],
"4WW4WW1SS2GR":[0.305322,0,-10,0],
"3GW4WW1SS2WW":[0.159019,1.93675,-10,0.0795567],
"1SS1WW4WW1SG":[-10,-10,1.60998,-10],
"1SS4WW2SS1SG":[-10,0.263915,0,-10],
"1SS4GW4WW3GW":[-10,-0.001,0.178011,-0.00173938],
"4WW3WW1GW1SS":[0.0940556,-0.000463134,12.3831,-10],
"1SG4WW3WW1SS":[-10,0.867089,-0.001,-10],
"1SR4WW4WW4WW":[-10,0.192734,0.0881692,3.02424],
"4WW3RW4WW4WW":[0,0,-0.00221804,-0.001],
"2GW1RW1WW1SS":[0.793285,0,-10,-10],
"2SG2RG1WW1SS":[0.12745,0,-10,-10],
"3RW4WW4WW1SS":[0.23946,3.10109,0.147856,-10],
"1WW3SS1SS1WW":[-10,-0.0019,-10,-10],
"3GW1SS2WW3WW":[0.0777056,-10,0,0],
"4WW1SG1WW1WW":[0.919232,-10,-10,-10],
"4WW4GW1SS3WW":[2.7566,0.123612,-10,0.00411961],
"2GW1SS1WW4WW":[-0.001,-10,-10,1.22346],
"1SS4WW4WW2GW":[-10,0.0954163,0.393472,7.73509],
"1SS2WW3GW4RW":[-10,0,-0.0019,0],
"1SS2WW3SS1SS":[-10,0.0578484,0,-10],
"2WW4WW1SS3WW":[0.190772,1.90189,-10,0.382815],
"4WW1GW1SS4GW":[0.286536,0,-10,0],
"2WW1SS2SS2GW":[-0.001,-10,0,0],
"1SS3SS4WW3WW":[-10,0.0826872,2.79062,0],
"2WW1SS1SG4RG":[0.00949594,-10,-10,0],
"4GW2WW4WW1SG":[0.0751309,0,0,-10],
"1SG2RW2WW1SS":[-10,0.0154198,0,-10],
"2SS4WW4WW1SR":[0.382732,0,0,-10],
"4SS2WW3WW1SS":[-0.001,0,0,-10],
"3WW1GW1SS3WW":[0.751956,0,-10,0],
"4WW2GR1SS2WW":[0.232207,0,-10,0],
"2GW1RW1SS1WW":[-0.001,-0.092477,-10,-10],
"2WW2RW4GW1SS":[-0.0013523,0,0,-10],
"2SS3WW1SR2SS":[0,0,-10,-0.100102],
"3WW1WW1SS4RW":[0.514271,-10,-10,-0.0019],
"1SS2WW4GW4SG":[-10,0.0442193,0,0],
"3WW2SG1SS1RW":[0.0185717,0,-10,0],
"1SS4WW1RW1SG":[-10,0,-0.196796,-10],
"1WW4GW1SS3WW":[-10,1.01868,-10,0.0543479],
"1SS1SS4WW1SS":[-10,-10,2.37824,-10],
"1GW1SS4GW1WW":[1.03694,-10,0,-10],
"3SS3SS1RW1SS":[-0.001,0,0,-10],
"3WW4SR1SS1WW":[-0.001,-0.001,-10,-10],
"1SS4GW4WW1SG":[-10,-7.19639e-05,0,-10],
"1WW1WW1SS1SS":[-10,-10,-10,-10],
"3WW1SG4WW1WW":[-0.00128624,-10,0.155673,-10],
"1SS4WW4GW2WW":[-10,1.43309,-0.00194636,0.00779366],
"1SS4WW1RW1WW":[-10,2.86984,-0.380189,-10],
"1SS2SS4GW1WW":[-10,0.842609,-0.00250776,-10],
"4WW4WW3WW1SS":[3.10847,0.531465,0.735644,-10],
"2WW1SG1SS1RW":[-0.001,-10,-10,0],
"2SG1SS1WW3WW":[0.0593465,-10,-10,0],
"3SS4WW2RW1SS":[-0.000607986,1.00226,0,-10],
"1SS1WW1WW2RW":[-10,-10,-10,-0.0019],
"1WW1SS2SS4RW":[-10,-10,0.00866538,0],
"1SS1SS1SS4WW":[-10,-10,-10,2.45749],
"1SS2WW2WW1GW":[-10,-0.00112198,0.316344,0],
"1SS4WW3GW1SS":[-10,0.23768,5.54637,-10],
"1WW4WW4WW1SS":[-10,1.42872,2.70059,-10],
"4GW2WW1SG4WW":[-0.001,0.12903,-10,0],
"2GW4WW3SR1SS":[0.189659,0,0,-10],
"4GW3WW3RW1SS":[-0.001,0.177986,0,-10],
"2WW3WW3GW1SS":[-0.000665572,0.178808,0,-10],
"2WW1SS4WW1WW":[0.1548,-10,1.00614,-10],
"1SS3GW2GW4WW":[-10,0,2.43457,0],
"4WW3WW1SG4WW":[-0.000352805,1.67374,-10,0],
"4WW4GW1SG1SS":[0.21148,0,-10,-10],
"3RW1SG4WW1WW":[-0.001,-10,0,-10],
"3GW1SS1RW1WW":[0,-10,-0.196528,-10],
"1SS1SG4RW1GW":[-10,-10,0.185404,0],
"1WW2WW4WW1SG":[-10,-0.00257348,0.511901,-10],
"1SG1SS1WW3WW":[-10,-10,-10,0.291554],
"4WW1SR1WW1WW":[0.36132,-10,-10,-10],
"3WW4WW1SG4WW":[0.217453,1.95356,-10,0.0275583],
"1GW3GW1SS3RW":[1.15951,0,-10,0],
"1SS2SS4WW3RW":[-10,-0.001,1.97032,0]
}
