AGENT_3044922726

CONFIG
{"EPISODES":10000,"SAMPLE_PER_REPLAY":10000,"MAX_STEPS":1000,"frame_time_ms":100,"board_x":10,"board_y":10,"alpha":0.1,"gamma":0.9,"epsilon":1,"epsilon_decay":0.999,"epsilon_min":0.01,"statefn":"FIRST_AND_NEXT_NON_EMPTY","reward_advance":-0.01,"reward_green":1,"reward_red":-1,"reward_death":-1}

QTABLE
{
"0WSGSWGS":[0.0418568,0,0,0],
"SSWSWSG":[0,-0.1,0,0],
"SG0WSSSS":[0,-0.1,0,0],
"RS0WSS0S":[0,-0.1,0,0],
"SWSSRS0S":[0,0,0,-0.1],
"WRG0WSS":[-0.1,0,0,0],
"SGWWSR":[-0.1,0,0,0],
"0W0SSSSR":[-0.00518597,0,0,0],
"SW0R0WSG":[-0.1,0,0,0],
"0GSWRWW":[0,0,-0.1,0],
"SRSSWSS":[-0.1,0,0,0],
"0WSGSSRW":[0.0234989,0,0,0],
"SS0SSS0W":[-0.1,0,0,0],
"RW0G0SSS":[0,0,0,0.025396],
"WRWSG0G":[0,0,0,-0.1],
"0W0WSRGW":[0.0270914,0,0,0],
"SSSSW0S":[0,0,0,-0.1],
"SSSWW0S":[0,-0.1,-0.001,0],
"RWSG0G0W":[0,0.0192587,0,0],
"0WSWRGW":[0,0,-0.1,0],
"SWRGSWSW":[-0.1,0,0,0],
"SSSWRSW":[0,0,-0.1,0],
"GR0WSSSS":[0,0,-0.1,0],
"0WSSSWRG":[0,0,-0.0107679,0],
"SWSWGWGR":[0,0,0,-0.1],
"SWSWSGGW":[0,0,0.167376,0],
"W0SSSSR":[0,0,0,-0.00697945],
"SWSWGWGW":[0,0,0,-0.1],
"0WRGSSSS":[0,0,-0.1,0],
"SWSW0SRG":[0,0.00511402,0,0],
"SSSS0R0G":[-0.1,0,0,0],
"0WSWGS0S":[0,0,0,-0.1],
"SSSS0WGR":[0,0,0.107227,0],
"0G0GSRW":[0,-0.1,0,0],
"WSWSSGS":[0,-0.1,0,0],
"SW0G0WRG":[0,0,0,0.0206905],
"0WRWSSSG":[0,0,-0.1,0],
"WWRGSS":[0,-0.0745497,0,0],
"0GGRSSSS":[0,0,-0.1,0],
"GG0WSRW":[0.123879,0,0,0],
"0W0RSG0S":[0,0,0.0121659,0],
"GW0SSW0G":[0.127527,0,0,0],
"SGGW0WSW":[0,0.0364078,0,0],
"SWRS0S0W":[0,0,0.0270222,0],
"SSSGSW0W":[0,0,0.0179172,0],
"SWGS0RW":[0,0,0,0.12841],
"SWSWGRW":[-0.1,0,0,0],
"0G0G0SSS":[0.0911335,0,0,0],
"SSSSSWSR":[0,-0.1,0,0],
"SWGWRG0W":[0,0,0,0.134007],
"0W0GSGRW":[0,0,-0.0846395,0],
"SS0SGWRG":[0,0,-0.0117399,0],
"SS0WGGSW":[-0.1,0,0,0],
"W0RSS0S":[-0.1,0,0,0],
"RG0G0WSS":[0,0,-0.1,0],
"SWRGWSS":[-0.1,0,0,0],
"SSRS0WSW":[0,0,-0.1,-0.0953258],
"SS0SSWSS":[0,-0.1,0,0],
"GWSSSSGW":[0,0,0.126052,0],
"RW0GSW0S":[0,0,-0.001,0],
"SWSS0SGS":[-0.1,0,0,0],
"0SWSWSG":[0,0,-0.1,0],
"SW0SRW0G":[0,-0.0686612,0,0],
"SSSR0WGW":[-0.1,0,0,0],
"0S0SSWSS":[0,0,0,-0.001],
"0WRGWSW":[0,-0.1,0,0],
"RWW0SSS":[-0.0774257,0,0,0],
"0S0G0GSS":[-0.001,0,0,0],
"SSSR0SW":[-0.1,0,0,0],
"0RSW0W0S":[0,0,-0.001,0],
"GWWGWSW":[0,0,0,-0.1],
"SWGW0R0G":[-0.1,0,0,0],
"RW0GSWSW":[0,0,-0.1,0.140225],
"0WRWSGW":[0.0291129,0,0,0],
"SSRS0WGW":[-0.1,0,0,0],
"SR0WGWSW":[0,0.136633,0,0],
"RSSW0WGW":[0,0,0,-0.1],
"0RGW0SSW":[0.0235888,0,0,0],
"0W0WSGRS":[0,0,-0.0736021,0],
"RGGWWSS":[0,0,-0.1,0],
"SSW0RSW":[0,-0.001,0,-0.1],
"RG0WSS0G":[0,-0.1,0,0],
"WSW0R0S":[0,0,0,-0.1],
"SWRSSS0W":[0,0,0.0283101,0],
"0GSSSS0S":[0,0,0.0357711,0],
"0WSG0GRW":[0.105524,0,0,0],
"RGSWSW0S":[0,0,0.025231,0],
"RG0WSSSW":[0,0,0,0.0191473],
"SWW0SSR":[0,-0.001,0,0],
"WSGSSSS":[0,0,-0.1,0],
"SW0RGWSS":[-0.1,0,0,0],
"RW0SSG0W":[0,0,0,0.0207464],
"SS0RSSSS":[-0.1,0,0,0],
"SW0SSW0G":[0,0,0.0935092,0],
"SGW0WGS":[-0.1,0,0,0],
"0RSWWGW":[0,0,0,-0.1],
"0WSR0SSG":[0.0240737,0,0,0],
"0SSS0WSW":[-0.02539,0.0732586,0,0],
"GWSG0WW":[0,0,0,-0.1],
"SWSWWRW":[0,0,0,-0.1],
"SGSW0RSW":[0,0.023011,0,0],
"0W0GRSSS":[0,0,-0.1,0],
"SWSWRWW":[-0.1,0,0,0],
"RSGW0WSW":[0,0.0438868,-0.1,0],
"WSS0SGG":[0,0,0,-0.1],
"RWSWSG0S":[0,0,0,-0.1],
"SSSSSSW":[0,0,0,-0.1],
"SWGG0WW":[0,0.0259234,0,0],
"0R0WSG0G":[0,-0.1,0,0],
"SWSGGSW":[0,0,-0.1,0],
"WGWSSSG":[0,0,0,0.110086],
"SS0WGGSS":[-0.1,0,0,0],
"0SGRWSW":[0,-0.1,0,0],
"RG0SSWW":[0,-0.1,0,0],
"GSWSWSW":[0.181,0,0,-0.1],
"0W0SSWGR":[0,0,0.123367,0],
"SSSR0S0W":[0,0.00362198,0,0],
"WSR0G0G":[0,0.0704911,0,0],
"GGSSSWW":[0.11522,0,0,0],
"SSW0SSS":[0,0,0,-0.1],
"WGSSWW":[0,-0.1,0,0],
"RS0S0WSW":[-0.0991228,0,0,0],
"SWWSWSS":[-0.1,0,-0.1,0],
"RWSWGSSS":[0,0.101355,0,0],
"0SSGSW0S":[0,0,-0.001,0],
"0SGWSW0S":[0,0,-0.001,0.130061],
"SGSSSWSW":[-0.1,0,0,0],
"GS0W0WSG":[0,0,-0.1,0],
"SSRWWSS":[0,0,0,-0.0795348],
"0WSSRSW":[0.0342618,0,0,0],
"0W0SSSSG":[0.0274671,0,0,0],
"SGSS0WSW":[-0.1,0,0,0],
"SWGS0S0W":[0,0,0,0.105391],
"RGSS0GW":[-0.0732739,0,0,0],
"SR0GGW0W":[-0.1,0,0,0],
"0WSWGR0G":[0,0,0.115936,0],
"0G0GSWSR":[0,0,-0.1,0],
"SWRG0GW":[0,0,-0.1,0],
"0W0RSGSS":[0,0,-0.1,0],
"GWSWRWW":[0,0,0,-0.1],
"W0S0SSW":[0,0,0,-0.001],
"SWW0GGS":[-0.1,0,0,0],
"SWSW0GRG":[0,0.0222093,0,0],
"0WRSSGW":[0,0,-0.1,0],
"SWSS0G0S":[-0.1,0,0,0],
"SW0G0RGW":[0,0.0183714,0,0],
"SWSWSSGW":[0,-0.1,0.118676,-0.1],
"SSRSSS0W":[0,0,0.00302622,0],
"SRSWWSS":[0,-0.1,-0.1,0],
"GW0SSR0W":[0,-0.1,0,0],
"SSSSSRW":[0,0,0,-0.1],
"SSWSSSS":[-0.1,-0.1,-0.19,-0.1],
"SGSSSR0W":[0,0,0,-0.1],
"0RSS0SW":[0,0,0,-0.1],
"GR0WSW0G":[0.24197,0,0,0],
"SSGS0G0W":[-0.1,0,0,0],
"SRSWGW0W":[0,0,0.0965697,0],
"SWSWGWW":[-0.1,0.127158,0,0],
"0SRG0WSS":[0,0.0180504,0,0],
"SSSG0RSW":[0,0,0,-0.1],
"SG0G0WSS":[0,0.031483,0,0],
"0WSSSSRG":[0,0,-0.0827604,0],
"0WGWSG0S":[0.0244178,0,0,0],
"SGGWW0W":[0,0,-0.001,0],
"RSW0GSS":[-0.1,0,0,0],
"SWSWGWSS":[0,0.104314,0,0],
"WSG0S0W":[-0.1,0,0.0232984,0],
"0GSWRS0S":[0,0,0.0221188,0],
"SSSS0WSS":[0,0,0,-0.1],
"GW0WWSR":[0.629572,0,0,0],
"0GSS0S0R":[0,0,0,-0.1],
"SWWSS0S":[-0.1,-0.1,-0.001,0],
"GGW0RSS":[0,0,-0.1,0],
"0WSGRW0W":[0.00965318,0,0,0],
"GG0R0WSW":[0,0.0239826,0,0],
"SWSW0GGS":[-0.1,0,0,0],
"W0GSWGR":[0,0,0.105766,0],
"SS0GGR0W":[0,0.229891,0,0],
"GSW0RSS":[0,0,-0.1,0],
"0WSSSRSW":[0.0253914,0,0,0],
"SS0WSWSG":[0,-0.1,0,0.0326074],
"SSSG0R0W":[0,0.0189191,0,0],
"0GSSSW0R":[0,-0.1,0,0],
"SRSSGWSS":[0,0,0,-0.1],
"SWW0R0S":[-0.1,0,0.023613,-0.1],
"SRW0WGS":[0,0,0.102148,0],
"SWSWGS0R":[0,0,0.0244852,-0.1],
"SSSSSWGS":[0,-0.1,0,0],
"0GWGSSS":[0,0,-0.1,0],
"0WSRGS0W":[0,0,0.0236558,0],
"SG0WRSSS":[0,-0.0764288,0,0],
"RSSS0WW":[-0.109,0,0,0],
"GRWSSSS":[0,0,-0.1,0],
"WSWGSW":[-0.1,0.0996905,0,0],
"GWSWSWSW":[0,0,-0.1,0],
"0G0SSS0R":[0,-0.1,0,0],
"SS0WWGS":[-0.1,0,0,0],
"SG0W0G0S":[-0.1,0,0,0],
"SSWGSSW":[-0.1,0,0,0],
"SS0GW0S":[-0.1,-0.1,0,0.12468],
"SWSS0SW":[0,-0.001,0,0],
"0SWSSSW":[-0.011791,-0.1,-0.1,-0.1],
"0SSW0WGG":[0,0.072324,0,0],
"SR0SGWW":[-0.1,0,0,0],
"SSW0SSW":[0,0,-0.1,0],
"SS0GGWRW":[-0.1,0,-0.0767569,0],
"0WSWGSRW":[0,0,-0.0803678,0],
"SSWGSSR":[0,0.1,0,0],
"0SWSSSS":[0,0,0,-0.1],
"SS0W0SSG":[0,0.01629,0,0],
"SRGW0GSS":[0,0.111467,0,0],
"0G0RSWGW":[0.188513,0,0,0],
"SW0SSSW":[-0.1,-0.1,0,-0.001],
"SS0SGGW":[0,0,0,0.0346791],
"SGGWWSS":[0,0,0,0.122019],
"SWRWWSW":[0,-0.1,0,-0.0324361],
"GSSR0W0W":[0.108033,0,0,0],
"SSGW0WSR":[0,0,-0.1,0],
"WSWSSGG":[0,0,0.102164,0],
"0RSWSG0G":[0,-0.1,0,0],
"SW0WGR0G":[0,0,0.191459,0],
"GWWSR0G":[0.115846,0,0,0],
"0RSGWW":[0,0,-0.1,-0.1],
"SS0RSWSS":[0,0,-0.1,0.0199718],
"SW0S0SW":[0,-0.001,0,0.00395758],
"RG0WGWSS":[0,0,-0.1,0],
"WGGSSSW":[0,0,-0.1,0],
"W0WSWRS":[0,-0.1,-0.0857602,0],
"GWSGWW":[0.103048,0,0,0],
"RSSWWW":[-0.109,0,0,0],
"SW0R0SSS":[0,0.00912058,0,0],
"0GSRSW0G":[0,0,0,-0.1],
"GWSWRS0G":[0,-0.1,0,0],
"GWRWSW0G":[0,0,0.0206032,0],
"SWSG0RGW":[0,0.0160145,0,0],
"RGGW0WSW":[0,0,0,0.115189],
"SG0WW0G":[0,0,0.00701198,0],
"0GSGSWSW":[0,0,0,-0.1],
"SWGR0W0S":[0,0,0,0.118594],
"WGW0RSS":[-0.1,0.0291139,0,0],
"SW0SRS0G":[0,0,0.0264309,0],
"W0GRSSS":[0,0,-0.1,0],
"SWW0S0S":[0,0,0.0167008,-0.1],
"0GSW0SSS":[0.0126223,0,0,-0.1],
"0WGSSW0G":[0,0,0,0.192655],
"0GGW0SSW":[0,0,0,0.23357],
"SW0SSSSS":[0,-0.1,0,0],
"SSSG0SGW":[0,0,0.118949,0],
"SWGWGWSS":[-0.1,0,0,0],
"GWSWSS0S":[0.280924,0,-0.001,-0.1],
"0RWSSSG":[0.0342615,-0.1,0,0],
"0GRWWSS":[0,0,-0.1,-0.0718611],
"SSSWWGR":[0,0,0.1,0],
"SR0WSGSW":[-0.1,0,0,0],
"SSSW0WGS":[0,0,0,-0.1],
"0WGSSS0G":[0.0301504,0,0,0],
"SSRGSWSW":[-0.1,0,0,-0.0533432],
"GW0GSSSS":[0,-0.1,0,0.133266],
"SS0G0RSS":[-0.1,0,-0.1,0.0233402],
"SW0WGRSW":[0,0.209479,0,0],
"SWSWGWRG":[0,0.125499,0,0],
"0SSWSS0G":[0,-0.1,0,0],
"0SSWSWSR":[-0.001,0,0,0],
"SW0SRWGG":[0,-0.0783005,0,0],
"W0SSS0G":[0,-0.1,0.107645,0],
"SWSGSSSW":[0,0,0,-0.1],
"0SWSR0S":[0,-0.1,0,0],
"0SW0RSS":[-0.001,0,0,0],
"RGWGWSS":[0,0.1,0,0],
"0WGWSR0G":[0,-0.1,0,0],
"SSSWGW0S":[0,0,0.00704496,-0.1],
"0GSSWGW":[0.0222787,0,0,0],
"GWSWSRSS":[0,0,-0.1,0],
"SGSS0WSS":[-0.1,0,0,-0.1],
"SWWSGSW":[-0.1,0,0,0],
"SWWGRSS":[-0.1,0,0,0],
"RG0WSWW":[-0.0940666,0,-0.1,0],
"GGSSWW":[0.118931,0,0,-0.1],
"SWWSSSW":[-0.1,-0.1,0,-0.1],
"RWSW0SSW":[-0.0685793,-0.001,0,0],
"WWRWSS":[0,0,-0.1,0],
"0R0SWSW":[-0.001,0,0,0],
"0WSSSG0G":[0,0,0,-0.1],
"0G0SSGW":[0.0170905,-0.1,0,0],
"SG0G0RSS":[0,0.0191432,0,0],
"RG0GSWW":[0,0,-0.1,0],
"0WSS0SRW":[0,0,-0.0743189,-0.1],
"WSRSW0G":[0,0,0.107779,0],
"WSGSWSW":[0,0,-0.1,0],
"RGSWSG0W":[-0.0941873,0,0,-0.1],
"SGW0GSS":[-0.1,0,0,0],
"SWRWWSS":[-0.1,0,0,0],
"WSWSWRS":[-0.1,-0.1,-0.109,-0.1],
"SSSWGS0R":[-0.1,0,0,0],
"0G0SSWRG":[0,0,0,-0.001],
"WGWSWGW":[0,-0.1,0,0],
"RW0SSSW":[0,-0.1,0,-0.001],
"0WSWSG0S":[0.0413811,0,0,0],
"W0WSWGS":[-0.1,-0.1,0,0],
"SW0W0RSG":[0,0,0,0.0210672],
"SW0SSWW":[0,0,0,-0.001],
"0SGWSWSG":[0,0,0,0.130434],
"SS0SSRSS":[0,-0.1,0,0],
"SS0GWSR":[0,0,-0.1,0],
"0GSWGS0W":[0,0,0.12581,0],
"SWSRGS0W":[0,0.190309,0,0],
"0GRWSSSS":[0,0,0,-0.0603745],
"RW0WSSGW":[0,-0.1,0.179565,0],
"GGSW0R0W":[0,0,0,-0.1],
"GW0RSSSW":[0,-0.1,0,0.0232554],
"0WGRSWSS":[0,0,0,0.127399],
"SW0SGS0G":[0,0,0.0852947,0],
"GWWSWRS":[0.194659,0,0,0],
"SSSWGGW":[0,0,-0.1,0],
"SS0SGR0W":[-0.1,0.201609,0,0],
"SSSGGWW":[-0.1,0,0,0],
"SS0GWGR":[0,-0.1,0,0],
"SS0S0GGW":[-0.1,0,0.132597,0],
"0WSSGWRW":[0,0,-0.0811743,0],
"SWSW0WGR":[0,0.034651,0,0],
"GS0WSRSW":[0,0,-0.1,0],
"SWWGWRS":[0,0,-0.088826,0],
"SRGS0W0W":[0,0.122028,0,0],
"0SSSSSW":[0,-0.1,0,-0.1],
"RSSSSS0W":[0,0,-0.001,0],
"0WRG0SSW":[0,0,-0.1,0],
"SS0SRWSW":[-0.1,-0.0758806,-0.1,0],
"WSG0SGW":[0,0,0.33221,0],
"SWSSSSSS":[-0.1,0,-0.1,-0.1],
"WSS0SSS":[-0.1,-0.000185871,-0.1,-0.1],
"SW0WGS0S":[-0.1,0,0.00699314,0],
"0SSGSSW":[0,-0.1,-0.1,-0.1],
"SWSSWRW":[0,-0.1,0,0],
"RSSS0G0W":[0,-0.001,0,0],
"WSRGG0W":[-0.1,0,0,0],
"SWSSSWGG":[0,-0.1,0,0],
"GS0R0WSW":[0.246227,0,0,0],
"WGWRSSS":[0,-0.0979245,0,0],
"0S0WSGSS":[0,0,0,0.0286551],
"GS0WSG0S":[0.1,0,0,0],
"SSSG0RW":[0,0.0260519,0,0],
"SWSWGSSS":[0,0,0,-0.1],
"0SW0GSS":[0,0.0180561,0,0],
"0GSSWRW":[0.0880612,0,0,0],
"SSW0GRS":[0,0.00799276,-0.0966739,0],
"0SSGSW0G":[0.000182151,0,0,0],
"0SSS0R0W":[0,0,0.083446,0],
"SS0RGWSG":[0,0,-0.1,0],
"0WSSSRGG":[0.0382948,0,0,0],
"SWSRSWSS":[0,-0.1,0,0],
"0SSS0R0G":[0,0,0,-0.1],
"WGWSRSS":[0,0,-0.1,0],
"0GSWSRSW":[0,0,0,-0.1],
"SWSWSS0S":[-0.1,0,0.0452299,0],
"0WSS0S0R":[0,0,0.141719,0],
"0RW0SSS":[0,-0.001,0,0],
"SWSG0S0G":[0,0,0.0128548,0],
"WSWSGRW":[0,0,0,-0.1],
"GSRWSWSW":[0,-0.1,-0.1,0],
"SW0GSS0S":[0,-0.1,-0.001,0.0553916],
"0SSGSWSW":[0,0,-0.1,0],
"SSSS0SGW":[-0.1,0,0,0],
"RW0G0GSS":[0,0,-0.1,0],
"0RGWWSS":[0,0,-0.1,0.342637],
"SW0WRGW":[0,0,0,0.134119],
"GW0WSRW":[0,0,0,0.029254],
"SS0WGS0S":[-0.1,0,0,0],
"SW0SSWGW":[0,0,0,-0.001],
"SW0SRSGW":[0,-0.074198,0,0],
"SGWW0G":[0,-0.1,0.00189763,0],
"0RWSWGS":[0,-0.1,0,0],
"GSGWWSW":[0,0,-0.1,0],
"SRGW0WW":[0,0.0190445,0,0],
"SS0R0SSW":[-0.1,0,-0.1,0],
"RWWSWGS":[0,0,0.100713,0],
"RW0GWSW":[-0.075773,-0.1,-0.1,0],
"WWSSGR":[0,-0.1,0,0],
"RWWGGSS":[0,0.320325,0,0],
"W0WGGSW":[0,0.155456,0,0],
"0W0GGRSW":[0,0,-0.1,0],
"SWSS0WSG":[-0.1,0,-0.1,-0.1],
"GSSS0W0G":[0,0.00496934,0,0],
"0SSW0WGS":[-0.001,0.010246,0,0],
"SS0WSGSS":[-0.1,0,-0.1,0],
"WSSGS0W":[0,0,0.0406807,0],
"0RGSSWW":[0,-0.1,0,0],
"SSGSGW0W":[0,0,0,0.192092],
"SWSW0RGG":[0,0,0,-0.1],
"W0W0SSR":[-0.1,0,0,0.103296],
"SW0G0GRW":[-0.1,0,-0.0761056,0],
"SR0SW0W":[0,0,0,0.143936],
"0WRGSS0G":[0,0,0.216856,0],
"SW0WRSSS":[0,-0.0728108,-0.1,0],
"WRWSW0S":[0,0,0,-0.0814503],
"SSSG0G0W":[-0.1,0,0.0558652,-0.1],
"0S0SSWSW":[0,-0.1,-0.1,0.0174988],
"GWWSWGS":[0.223974,0,0,0],
"GWSGW0R":[0.119068,0,0,0],
"0WWSGSW":[0.0354606,0,0,0],
"SWSWRS0G":[-0.1,0,0,0],
"W0GGSSS":[0,0.10341,0,0],
"GRWSWSS":[0.104805,0,0,-0.1],
"SS0S0S0G":[-0.1,0,0,0],
"SS0S0S0S":[-0.1,-0.001,0,0],
"0WSWGSGR":[0,0.1,0,0],
"SS0S0S0W":[-0.1,-0.000638125,0.137204,-0.001],
"0WGWSSGR":[0,0,0.103182,0],
"RS0WGWSW":[0,0,0,0.0362],
"GG0WSSSS":[0,-0.1,0,0],
"SS0SW0G":[-0.1,-0.1,0,0.0275898],
"SW0R0WGS":[0,0,0.1,0],
"0WW0SSR":[0.0623071,0,0,0],
"0WGR0GSS":[0,0,-0.1,0],
"SWSS0SRW":[0,0,0,-0.1],
"SGSG0R0W":[-0.1,0,0,0],
"GWSRSSW":[0.116876,0,0,0],
"SG0GRW0W":[0,-0.0748645,0,0.0420661],
"0SSWW0S":[0,0,-0.001,-0.1],
"SWSGWW":[0,-0.1,0,0],
"GRGWSSSW":[0,0,-0.1,0.221468],
"SGSS0GSW":[0,0,-0.1,-0.1],
"SW0W0S0R":[-0.1,0,0,0],
"0GRGSS0S":[0,0,0.0155982,0],
"SS0S0WSG":[-0.1,0.0272001,0,0],
"SS0SGWGW":[0,0,0,-0.001],
"SSSSW0G":[0,-0.1,0.0433656,0],
"SS0RWW":[-0.1,-0.1,-0.1,0.00216902],
"GW0RSWW":[0.320512,-0.1,0,0],
"GWWSWGR":[0.116327,0,0,-0.1],
"0SSS0GW":[0,0.0452485,-0.1,0],
"0WGGSWSW":[0.0459366,0,0,0],
"WSW0GRG":[-0.1,0,-0.0836089,0],
"SSSWWGW":[0,-0.1,0,0],
"0S0R0WSG":[0.0347507,0,0,0],
"SW0S0WGR":[0,0.0557288,0,0],
"W0S0SSS":[0,-0.001,0,-0.001],
"0WSW0SRG":[0.0847525,0,0,0],
"0R0G0WSG":[0.033802,0,0,0],
"SWSG0WSG":[-0.1,0,0,0],
"0SSWSSW":[0.0469122,-0.1,-0.1,-0.1],
"0SSSWSW":[-0.0181,0,0,0],
"SWSG0G0R":[-0.1,0,0,0],
"SW0GRWSW":[0,0,-0.1,0],
"SGW0R0S":[0,0,0,-0.1],
"SS0WRWSS":[0,-0.0778003,0,0.0275804],
"RWSW0S0S":[0,0,0.0190309,0],
"GWSRSS0W":[0.233851,0,0,0],
"WSWSRSS":[-0.1,-0.1,0,0],
"SW0GSW0S":[-0.1,-0.1,0,0.0731588],
"SSGWSSSS":[0,0,-0.1,0],
"SSWSSSW":[-0.1,-0.19,-0.19,-0.1],
"0GRGSWW":[0,0,0,-0.0806369],
"WSWSWGS":[-0.1,0,0,-0.1],
"GWGWSW0S":[0,0,0,0.524252],
"SWSW0RGS":[0,0,0,-0.1],
"SSSSSWSW":[-0.1,0,0,0],
"0WSG0S0R":[0.179804,0,0,0],
"GGWSWRS":[0,-0.1,0,0],
"SSSSGS0S":[0,0,-0.000591476,0],
"0SWSS0S":[0,-0.1,0,-0.1],
"0SSS0WSS":[0,0.0186227,0,0],
"0WSSRWGG":[0.0453306,0,0,0],
"WSWSSSW":[-0.1,-0.1,-0.1,-0.19],
"SW0WSG0S":[0,-0.1,0,0.0374499],
"W0SSGGW":[0,0,0,-0.001],
"SSSSRS0W":[-0.1,0,0,-0.1],
"SWW0SSS":[0,-0.001,0,-0.1],
"GWRW0WSS":[0,0.00896523,0,-0.0545972],
"SWSWWW":[-0.1,0,-0.1,-0.1],
"0GWSR0W":[0.0828097,0,0,0],
"SWSSSG0S":[0,0,0,-0.1],
"0RSSSWGS":[0.0324835,0,0,0],
"SG0RSWSW":[-0.1,0,-0.1,0],
"0WGWSSSR":[0,-0.1,0,0],
"SG0S0GSW":[-0.1,0,0,0],
"SS0RSSSW":[-0.1,0,0,0],
"0G0SSRW":[0,-0.1,0,0],
"0WSS0SSS":[0,0,-0.1,0],
"RW0WGGSS":[0,0,0,0.0203366],
"0SSR0SSW":[0.0104233,0,0,0],
"SSSSSWSS":[0,0,0,-0.1],
"WGG0SSS":[0,0.025584,-0.1,0],
"0R0WGGSS":[0,0.116828,-0.1,0],
"SSSWSWSR":[-0.1,-0.1,-0.19,-0.19],
"SR0W0WSG":[0,0.0307378,0,0],
"SGSW0WRW":[0,0,-0.0785031,0],
"RSSSSWW":[-0.0850334,0,0,0],
"SS0SGS0W":[0,0,0.056567,-0.001],
"GWSWSW0S":[0,0,0.0269193,-0.1],
"RW0WWSG":[-0.071772,-0.1,-0.1,0],
"SS0GSW0S":[0,0,0,0.24044],
"SSRGGW0W":[0,0,0.0676432,-0.0800426],
"0SSSSWSW":[0.0230169,0,0,-0.1],
"SWWGGRW":[0,0,-0.0792813,0],
"SWSGRW0W":[0,0,0.11938,-0.1],
"SSWRWSW":[-0.1,0,0,0],
"0S0S0RSG":[0,0,0,0.00124442],
"SS0SGWRW":[0,0.1218,0,-0.001],
"GW0GSRSW":[0,0,-0.1,0],
"SSGGRWSS":[0,0,0,0.119819],
"0R0SSGW":[0,0,0,0.0178997],
"0GSSSR0W":[0,-0.1,0,0],
"GS0RSW0S":[0,0,-0.001,0],
"0S0S0WSW":[0,0.111526,0,0],
"0WSWSWGR":[0.0633822,-0.1,0,-0.1],
"SWSW0RGW":[0,0,0.226221,0],
"0GWSGSW":[0,-0.1,0,0],
"0WWRSSG":[0,0,0,-0.1],
"0WWGSSS":[0,0,0,-0.1],
"RW0WGWSW":[0,0,0,0.0572458],
"0WGRSW0S":[0,0,0,0.113945],
"SW0SRGW":[-0.1,-0.0815731,0,0.0185786],
"GWRWSWSW":[0.231719,0,0,0],
"SS0SGS0R":[0,0,0.0255135,0],
"SGSRW0W":[-0.1,0,0,0],
"SW0RWSG":[0,0,0,0.00405991],
"SW0RWGW":[0,0,0,-0.001],
"GRSS0G0W":[0.19,0,0,0],
"0WSR0SGW":[0.238662,0,0,0],
"SS0SGW0G":[-0.1,0.116448,0,-0.001],
"SSGS0WW":[-0.1,0,-0.1,0.302285],
"0WRGSW0S":[0.0472965,0,0,0],
"SSRW0GSS":[0,0,-0.1,0],
"WGRSWSW":[0,0,-0.1,0],
"SG0WSRSS":[-0.1,0,0,0],
"GSWWSS":[0.1,0,0,0],
"SRGWWSS":[0,0,0,0.355318],
"RG0W0GSS":[-0.1,0,-0.1,0.0413759],
"RGWSS0W":[0,-0.1,0.0479574,-0.1],
"SWSG0SSW":[0,0.0236069,0,0],
"SWGS0GW":[0,0,0,0.420809],
"SSRGWSS":[0,0,-0.1,-0.021648],
"RWSW0WGG":[0,0,0,-0.1],
"0WSSSS0R":[0,-0.1,0.058509,0],
"SSSWSGSW":[0,0,-0.1,0],
"SS0G0GSS":[-0.1,0.0772426,-0.1,0],
"SGSW0R0G":[-0.1,0,0.0130392,0],
"W0G0SSR":[-0.1,0,0,0.0250428],
"W0GSWSR":[0,0,0,0.0518247],
"W0WGWSG":[0,0,-0.1,0],
"SSSG0S0S":[0,-0.001,0,0],
"SG0GWSS":[-0.1,0,0,0],
"SS0WSSSS":[-0.1,-0.1,0,0.0659847],
"RW0WSW0S":[0,0,0.074157,0],
"SW0WSR0S":[0,0,0,0.108335],
"SW0G0WRS":[-0.1,0,0,0.0754032],
"0SSWSWSS":[0,0,0,-0.1],
"0RGWSG0S":[0,0,0.0136696,0],
"SRSW0G0G":[0,0.0363883,0,0],
"0SSWGG0W":[0,0,0,-0.1],
"SWGG0WRW":[0,0,-0.0965,0],
"SWSRW0S":[-0.1,0,0,0],
"SRSSSWSS":[-0.1,-0.1,0,0],
"SWSSGW0G":[0,0,0.332816,0],
"WSW0SSW":[0,-0.0181,0,-0.1],
"SSGW0RW":[0,0,-0.1,0],
"SSSS0RGW":[0,0.0225,0,0],
"GGSWSSSS":[0.164158,0,0,0],
"RW0G0GSW":[0,0.159123,0,0],
"0WGWSRSS":[0,-0.1,0,0.119495],
"0SSW0GSW":[0,0.0990297,0,0],
"SW0SRG0W":[0,-0.0832298,0,0.192323],
"SWSW0SSR":[0,0,0,-0.1],
"0W0SSWGG":[0.0230947,0,0,0],
"0WSWRSW":[0.011033,0,0,0],
"SWSSSWSS":[-0.1,-0.1,-0.1,-0.1],
"0GRSSS0W":[0,0,0.0482686,0],
"SW0RGSSW":[-0.1,0,0,0],
"SW0WGWRS":[0,0.431663,0,0],
"WSGSS0W":[0,0,0.0145185,0],
"SW0WRS0S":[0,-0.0975288,-0.001,0],
"SSSSRWSW":[0,-0.0816927,0,0],
"SWGWRWSW":[-0.1,0,-0.1,0],
"SS0WSSSG":[-0.1,0,0,0],
"SS0WGWGR":[-0.1,0,0.212527,0],
"SWRWW0G":[-0.1,-0.1,0,-0.0846312],
"W0WSSGR":[-0.1,-0.1,0,0],
"SS0R0G0S":[0,0,0.0219362,0],
"SSGSW0W":[-0.1,0,0,0],
"0WGRSWGW":[0.0409611,0,0,0],
"SSSSSR0W":[0,0,0.0201032,0],
"SSSGW0W":[0,-0.1,0,-0.1],
"WSWSGSS":[-0.1,-0.1,0,0],
"0WSWRSSS":[0.0588428,0,0,0],
"SWSWSRSS":[-0.1,0,0,0],
"WSWSSSS":[-0.271,-0.19,-0.19,-0.19],
"0WSWGS0R":[0,0.382154,-0.001,-0.1],
"SSRGWSW":[-0.1,0,-0.1,0],
"SWWRW0S":[0,0,0,-0.1],
"0G0WSR0S":[0,0,0,0.0211211],
"0W0WRSSG":[0,0,-0.1,0],
"0WSR0SW":[0.0475339,0,-0.1,-0.1],
"0SSG0WGW":[0,0.0292666,0,0],
"GW0WRGSW":[0.116452,0,0,0],
"RSSWGW0G":[0,0.117291,0,0],
"WGG0SSW":[0,0,0,0.596868],
"SWSS0WGR":[-0.1,0.0340048,0,0],
"GGW0SSS":[0.118517,0,0,0],
"0WGWRSSW":[0,-0.0794708,0,0.328078],
"SWRG0WSW":[-0.1,0.0228449,0,0],
"0WSS0GGR":[0,0,0.219452,0],
"WSSGW0G":[-0.1,0,0,-0.1],
"0W0WGWSG":[0.055458,0,0,0],
"0WSSSWGR":[0,0,0.356556,0],
"WWSGSS":[0,-0.1,0,0],
"SSSWSGSR":[0,0,0,-0.1],
"0WWGGSW":[0.025231,0,0,0],
"SW0WGSSS":[0,0,0,0.106587],
"0RSW0SSS":[0.102375,0,0,0],
"GRW0WSW":[0,0.00138737,-0.1,0],
"SGWRG0W":[0,0,0.103863,0],
"SSSSRGSS":[-0.1,0,0,-0.1],
"RSSS0W0W":[0,0,0.0369184,0],
"0GGWSSSS":[0.100227,0,0,0],
"SSSW0GSS":[-0.1,0.0925074,-0.1,-0.1],
"RWGWSSW":[0,0,0,0.119649],
"GWRWSW0S":[0.359358,0,0,-0.0724364],
"SW0WRGSW":[-0.1,0,-0.1,0],
"0SGWSWSS":[0.0533589,0,-0.1,0],
"0WWSSRS":[0.0668808,0,0,0],
"SRGWW0W":[0,-0.1,-0.001,0.234342],
"0GSG0WW":[0.0465125,0,-0.1,-0.1],
"SSSRSGW":[0,0,0,-0.1],
"SRSWSWSG":[0,-0.1,0,0],
"SRGW0WSS":[0,0.0500675,0,0],
"SR0GW0G":[0,-0.1,0,0],
"WSSSW0S":[-0.1,-0.1,-0.0019,-0.1],
"0S0GSWSG":[0,0,0,0.221177],
"0SRWWSG":[0,-0.1,0,0],
"RWWSSSS":[-0.148005,-0.1,-0.1,-0.19],
"SSSSGR0W":[0,0,0.0146007,-0.1],
"GS0WRWSW":[0.501936,0,0,0],
"0WSWGRW":[0,0,-0.1,-0.1],
"SSRS0W0G":[0,0,0.0744215,0],
"GGSWSSW":[0,-0.1,0,0],
"SSSG0WGW":[-0.1,0,0,0],
"SWSRSSSW":[-0.1,0,-0.1,-0.1],
"GRSW0W0G":[0,0,0.144906,-0.1],
"RWSS0S0G":[0,0,0.0137535,-0.1],
"SWSSSWSW":[-0.19,-0.271,-0.19,-0.271],
"W0WGSSS":[0,0.1,0,0],
"SSGR0WSS":[0,0,-0.1,0],
"0S0G0RSS":[0,0.0170891,-0.1,0],
"0GWSWRS":[0.094921,-0.1,0,0],
"SRSS0W0G":[-0.1,0,0.252909,-0.1],
"SW0RGGW":[0,0,0,0.0171571],
"GS0WSWSW":[0.855082,0,-0.1,0],
"SS0WSS0S":[-0.1,0,-0.001,0.0533346],
"0GWSWGS":[0.095411,0,0,0],
"SGGW0R0W":[0,0,0.106161,0],
"SGGW0WSS":[-0.1,0,-0.1,0],
"0GSW0SGW":[0.192605,0,0,0],
"WGG0WSS":[0,0,0,0.396789],
"SWGWSGSW":[0,0,-0.1,0],
"RSGWWSW":[0,0,-0.1,0],
"0WRWSSGG":[0,0,0,-0.0863816],
"0SSGSWW":[0,0,0,-0.1],
"SW0SSR0W":[0,0,0.0195284,0],
"0G0W0SSR":[0,0,-0.1,0],
"GRGWSSSS":[0,0,0,0.113945],
"SGSS0RSW":[0,0.0374737,0,0],
"SWRWGWW":[-0.1,0,0,0],
"SWGW0G0S":[0,0.349667,0,0],
"WSG0GRW":[-0.1,0,0,0],
"SWRW0WSS":[0,0.255017,0,0],
"0G0WSSGS":[0.162553,0,0,0],
"GS0R0WSS":[0,0,-0.1,0],
"SS0SGWSW":[0,0.371355,0,0],
"SSSSSS0W":[-0.1,-0.1,0.10344,0],
"0WRWSWGW":[0.0904162,0,0,0],
"SSSWRSSW":[0,0,0,-0.1],
"SWSW0RSS":[0,-0.001,0,0],
"WSSSGSR":[0,0,-0.1,0],
"SSSS0GRW":[-0.1,0,-0.0861753,-0.1],
"SWSSSR0W":[0,-0.1,0.0242987,-0.1],
"SWSWWSG":[-0.1,0,0,0],
"0S0GWSS":[0,0,0,0.330426],
"GSW0GSW":[0.19,0,0,0],
"SR0S0WGG":[0,0.0165427,0,0],
"SRGW0W0S":[-0.1,0,0.0206077,0],
"0GSW0S0S":[0.0792052,0,0,0],
"GWSWSR0S":[0.284582,0,0,0],
"0GSSSGW":[0,-0.1,0,-0.1],
"SSSWW0R":[-0.1,-0.1,-0.00109,0],
"0GSWRS0G":[0,-0.1,0,0],
"SSSS0WRW":[-0.1,0.0549792,-0.1,-0.1],
"SRSW0G0W":[0,0,0.190072,0],
"W0WSWGG":[-0.1,0,0.67728,-0.001],
"SSGW0RSW":[0,0.0885311,0,0],
"SG0WW0S":[0,0,0,0.0724984],
"0GRGSW0W":[0,0,0.027352,0],
"0S0GRGSW":[0,0,-0.1,0],
"SS0WSRSW":[0,-0.1,0,0.117805],
"WRGSSSW":[0,-0.1,0,-0.0824732],
"SW0RWSW":[-0.1,-0.1,-0.1,0.0392632],
"0S0WSRSW":[0.0068758,0,-0.1,0],
"0WSW0SGG":[0,0.0593034,0,-0.1],
"GWGRSWW":[0,-0.1,0,0],
"WSSSSGW":[-0.1,-0.1,0.687678,-0.1],
"0SSGWRW":[0,0,0,-0.1],
"WW0RSS":[-0.1,-0.00468559,-0.1,-0.1],
"WRG0SSW":[-0.1,0.0264366,-0.1,-0.0792232],
"W0RSSSG":[0,0,0,-0.001],
"SWSGGW0W":[-0.1,0,0.0293049,-0.1],
"SW0S0GGW":[0,0.297904,0,0],
"SGSSSW0W":[-0.1,0,0,-0.1],
"0S0SSSW":[-0.001,0,-0.1,0],
"0RWSWGG":[0.0109507,0,0,0],
"RS0GWSW":[0,0,-0.1,0],
"SS0WGWSG":[-0.1,0,-0.1,0],
"W0WSGSR":[-0.1,0,0,0],
"GW0WSWGS":[0,0,0,0.0579143],
"SSGG0WSS":[0,0.0604227,0,0],
"SWGG0W0S":[0,0,-0.001,0],
"0SSRSWSG":[0.00282736,0,0,0],
"WGWSSW":[-0.1,0,0,0],
"0S0SSS0G":[0,-0.1,0,0],
"SSSWWSS":[0,0,-0.1,-0.1],
"0GSSSWGW":[0,0,0.325627,0],
"0SSWSSSW":[-0.001,0,-0.1,0],
"WSSRG0G":[0,0,0.0198912,0],
"SWSS0WSS":[0,0.223139,0,0],
"GWSSSRW":[0.117312,0,-0.1,0],
"SSGR0WW":[0,0,0,0.50838],
"RSSW0WSW":[-0.1171,0,-0.1,-0.1],
"W0S0GSW":[-0.1,0,0,0],
"GSSW0W0W":[0,0.0557936,0,-0.1],
"0S0WSS0S":[0.0307764,0,-0.001,0],
"WSSRSSW":[0,-0.1,0,0],
"SSSSGS0W":[0,0.20214,0,0],
"SWSW0WRS":[0,0.0201977,0,-0.1],
"0WSRSW0S":[0,0,0.011464,0],
"GSWSSSS":[0.19,-0.1,0,0],
"RWWGWSW":[-0.0906644,0,0,0],
"SRWW0G":[0,-0.1,-0.001,-0.1],
"SWSWSR0S":[-0.1,0,0.0724625,-0.1],
"GWGWSSRW":[0,-0.1,0,0],
"0W0WRWSG":[0,-0.0775653,-0.1,0.0651691],
"WSWGS0R":[0,0,-0.001,0],
"SSSW0GRW":[0,0.190662,0,0],
"WSSSSRG":[0,-0.1,-0.0750008,0],
"0WSR0WGG":[0.059225,0,0,0],
"0GSWRGW":[0,0,0,-0.1],
"WSWRWGW":[0,-0.0757025,0.220277,0],
"0SGWWSS":[0,0,0,0.523923],
"SS0GRGSW":[-0.1,0,-0.1,0],
"0SSW0SSW":[0.0178248,-0.001,-0.1,-0.1],
"WWGWSW":[0,0,-0.1,0],
"W0RSSSS":[-0.1,-0.1,-0.1,0.0357442],
"0SSWRW0W":[-0.001,0,0.152462,-0.1],
"RGSW0W0W":[-0.0422902,0.144333,0,-0.1],
"0S0RGWSW":[0,0,0,0.00300972],
"0WSGSRW":[0.0155474,0,0,0],
"SWSWSR0G":[-0.1,0,0,0],
"SS0G0WSG":[-0.1,0,0,0],
"SS0W0RGW":[0,0,0.211378,0],
"SR0W0GW":[-0.1,0.0896465,-0.1,0],
"GWSW0RW":[0.311443,-0.001,0,-0.1],
"SGSW0GSW":[0,0,-0.1,-0.1],
"GR0GWSW":[0,0,0,0.01295],
"RWSWSW0S":[0,-0.1,0.126587,0],
"SW0WGSSW":[-0.1,0,-0.1,0],
"SS0S0G0R":[0,0,0,0.0520188],
"SSSW0SSW":[-0.1,0.00241464,-0.1,-0.1],
"0S0RSWSG":[0,-0.1,0,0.0375057],
"SR0G0WSS":[0,0,-0.1,0.0585755],
"GR0WGWSW":[0.1,0,0,0],
"SW0G0WSR":[0,0,0,0.342811],
"GW0G0SSW":[0.453579,-0.001,-0.1,0],
"SS0WSRSS":[0,-0.1,0,0.0397666],
"SWSSSWGW":[0,-0.1,0.33076,-0.1],
"0WSWSRW":[-0.108109,-0.19,-0.19,-0.19],
"SWGRSSSW":[-0.1,0,0,0],
"0WRW0SSG":[0,0,0,-0.086577],
"0S0SSW0W":[-0.001,-0.1,0.264195,-0.001],
"0GSR0S0W":[0,0,0.10706,0],
"0GSSRSSW":[0,0,-0.1,0],
"0G0WSWGS":[0,-0.1,0,0.0857294],
"0SSS0WGR":[0.0201988,0,0,0],
"SW0SGR0W":[0,0.473776,0,0],
"SWW0WGR":[-0.1,0,0.133696,0],
"GR0WSWSW":[0.453335,0,-0.1,0],
"WSSRSW":[0,-0.0857974,0,0],
"0SSSSG0W":[0,0,0.0340277,0],
"0SSSGW0W":[-0.001,0.582043,0,0],
"0G0RSWSS":[0,0,0,0.0914181],
"0WGSSW0R":[0,-0.1,0,0],
"WSS0SRW":[0,0.00595888,0,-0.1],
"SWSW0S0S":[0,0,0.0362682,0],
"WGWSWRW":[0,-0.1,0,0.127983],
"SW0GSSSG":[0,0,0,0.0176697],
"GS0RSWSW":[0,0,0,0.0392084],
"0GSWSGSS":[0,-0.1,0,0],
"SG0WRGSW":[0,0,-0.1,0],
"RSSW0WSS":[0,0.0949445,0,0],
"GWRWSSSG":[0.124468,0,0,0],
"0R0WSGW":[0,0,0,0.0165166],
"0SSWSW0G":[0,0,0.0204347,-0.1],
"SWSWSSGR":[-0.1,0,0,0],
"0WSWSSRS":[0,0,0,-0.1],
"0WSSSSGG":[0.0370596,0,0,0],
"0RGW0GSW":[0,0.0179556,0,0],
"GS0WSS0S":[0.424076,-0.1,0,0],
"0G0G0SSW":[0.392468,0,-0.1,0],
"0RSWSSSS":[0,-0.1,-0.1,0],
"0R0GSSW":[0.0692067,0,0,-0.001],
"SSSWSS0W":[0,0,0.16172,0],
"0WRGSS0S":[0,0,-0.001,0],
"SG0S0S0W":[0,0,0.021947,-0.001],
"SR0SSS0G":[-0.1,0,0,0],
"SS0SWSW":[-0.1,-0.1,-0.1,0],
"0SSS0W0S":[0,0.0168725,0,0],
"GWSG0RW":[0,0,0,-0.1],
"SSSW0GGS":[0,0,0.1,0],
"SS0WSWSR":[-0.1,-0.1,-0.1,0.0543176],
"SW0RW0S":[0,0,0.0429685,0],
"WSSSSRW":[-0.1,-0.1,-0.0767518,-0.1],
"RWSGWW":[0,0,0,-0.1],
"WWSRGG":[0,0,0,-0.1],
"RWSSSW0G":[0,0,0.0799283,0],
"0WGRSWSW":[0,-0.1,-0.1,0],
"SWSS0WSR":[-0.1,0.0756769,-0.1,0],
"WGR0WSS":[0,0,-0.1,0],
"SS0WGSRS":[0,0,0,0.0265556],
"0S0WGWSG":[-0.001,0,0,0],
"SW0SSW0S":[0,-0.1,0.0349065,0],
"WSWSWSG":[0,0,-0.1,0],
"0GRWSWSS":[0.201301,-0.1,0,0],
"GWRSSSSW":[0,0,-0.1,0],
"0WSW0SSG":[0.0319959,-0.01,-0.1,-0.1],
"SW0SRS0W":[-0.1,-0.0847505,0.16548,0],
"SWGS0G0W":[0,0,0.0823475,0],
"0SSS0G0W":[0,0.580146,0,0],
"RWGW0WSS":[-0.0812391,0.062437,0,0],
"SWSSSSW":[0,-0.1,-0.1,0],
"GW0WSSRS":[0.585274,0,0,0],
"0G0R0WSS":[0,0,0,0.102322],
"0SSW0GSS":[-0.001,0,0,-0.1],
"0W0WSSRS":[0,0,0,0.159331],
"0GRGSW0S":[0.123571,-0.1,-0.001,-0.0949475],
"SW0GSSSR":[0,-0.1,0,0],
"WGRSGSW":[0,-0.1,0,0],
"WGWSRSW":[-0.1,-0.1,0,0],
"WSGSW0W":[-0.1,0,0,0],
"WGWSG0W":[0,0,-0.001,0],
"0WSGWRW":[0,-0.1,0,0],
"0WSWSWGS":[0.248754,0,0,0],
"SSWGWSR":[-0.1,0.229896,0,0],
"RS0WGWSS":[-0.0847456,0,-0.1,0],
"WSG0SW":[0,0.0200727,0,0],
"SS0GSWSS":[0,0,0,0.0588996],
"W0GSR0W":[0,-0.1,0,0.147874],
"0SSSSW0W":[0,0,0.182082,0],
"GW0GSS0R":[0.739871,0,0,0],
"SGWSSSW":[0,-0.1,0,-0.1],
"RGSW0WGW":[0,0,0.218589,0],
"SWGWWSW":[-0.1,0,0,0.328975],
"0G0GSWRS":[0,-0.1,0,0],
"SWSWW0G":[-0.1,-0.19,0.0474875,-0.1],
"0RSG0WW":[-0.000150429,0.0236273,0,-0.1],
"SSSSGRW":[0,0.287115,0,0],
"SWGS0WSW":[0,0,-0.1,0.303543],
"0RSG0W0G":[0,0,0,-0.1],
"WSSSSGG":[0,-0.1,0.205567,0],
"WSG0WRW":[0,0.0918834,0,0],
"SWWGG0R":[0,0,0,-0.1],
"0GRW0SSS":[0,0,-0.1,0],
"GWSRSW0W":[0.121204,-0.19,0,-0.1],
"SW0SGSRW":[0,0,-0.0752939,0],
"SGWRWSW":[0,-0.087903,0,0],
"0G0WSRSS":[0.116718,0,0,0],
"WWSRSG":[0,-0.1,0,0],
"SW0W0S0S":[0,0.0776789,0,0],
"SW0SSGSS":[0,0,-0.1,0],
"RSSWGW0W":[0,0,0,-0.1],
"SGSW0G0W":[0,0,0.0524905,0],
"WGW0WSG":[0,0.0248369,0,0],
"SSSWWRG":[0,-0.1,0,0],
"SWGW0WSR":[0,0.0358872,-0.1,0],
"SW0S0WSG":[0,0,0,0.110173],
"0WSWSSSR":[0.0972857,0,0,0],
"GGWSW0R":[0.316377,0,0,0],
"SRSS0S0W":[0,0.02085,0,0],
"GS0RSWSS":[0.1,0,0,0],
"RWWSG0G":[0,0,0,-0.1],
"SWGW0WGW":[0,0,0.312828,0],
"SW0GGW0R":[0,0.23534,0,0],
"SSW0GSG":[0,0.217119,0,0],
"SWWSWSW":[-0.1,-0.1,0,0],
"GGWRWSS":[0,0,0,-0.1],
"SGWGR0W":[0,0,0.016271,0],
"SG0G0R0W":[-0.1,0.124507,0,0],
"GS0W0RSS":[0,-0.001,0,0.0433778],
"RGSWSS0W":[0,0,0,-0.1],
"0RWSG0W":[0,-0.1,0,-0.1],
"0RWSS0G":[0.0973936,0,0,0],
"0GSW0SSW":[0,0,0,-0.1],
"0WSWSSGS":[0,-0.1,0.206485,0],
"SWSG0S0S":[0,0,0,-0.1],
"SW0W0RGG":[-0.1,0,0,0],
"0S0WRGSS":[0.0567319,0,0,0],
"0W0RGWSW":[0,0.229114,0,0],
"RGSS0G0W":[-0.0982094,0,0,0],
"SG0W0RSW":[0,0.148391,0,0],
"WSSRW0G":[0,0,0.156739,0],
"SRSS0S0G":[-0.1,0,0,0],
"SSWGRSW":[-0.1,0,-0.1,0],
"SWWWGW":[0,-0.1,0,0],
"SW0GW0R":[0,-0.1,0,0.00144398],
"0S0WSW0G":[0,-0.1,0,0],
"SR0GWSS":[0,0,0,0.193983],
"0SSSRW0G":[0,-0.0399035,0.0928271,0],
"SWW0RSW":[-0.1,0,0,-0.1],
"RS0G0WSS":[0,0,-0.1,0],
"SS0S0WRG":[-0.1,0,-0.016394,0.0244445],
"SWSGSWSR":[0,-0.1,0,0],
"SG0GRWW":[0,-0.143374,0,0],
"0S0GSWSS":[0,0,0,0.172092],
"SWSW0SRW":[-0.1,0.0124668,-0.0829303,-0.1],
"GW0WSWSG":[0.122302,-0.1,-0.1,0],
"RG0WWSW":[-0.0495961,-0.1,0,0.0819501],
"SWSSGRW":[0,0.221233,-0.1,0],
"SW0S0SSW":[-0.1,0.0102658,0,-0.001],
"SS0S0R0G":[0,0.0201908,0,0],
"0GSW0WRW":[0.231118,0,0,0],
"GW0GSS0S":[0.236517,-0.1,-0.001,0],
"0W0GSSSR":[0.124162,0,0,0],
"0RGWGWSW":[0,0.125272,0,0],
"SSGWWSG":[-0.1,0,0,0.0578297],
"SW0S0RGW":[-0.1,0,0.263973,0],
"0RSWSSSW":[0,-0.1,0,-0.1],
"0WGWSRSW":[0.0355248,0,-0.1,0],
"SS0GGWSW":[0,0.539953,-0.1,-0.001],
"0GSWSS0S":[0.650333,0,-0.001,0],
"SWSW0WGG":[0,0,0.308924,0],
"SWSRGW0G":[0,0.121456,0,0],
"0SSSSWW":[0,-0.1,-0.1,-0.1],
"SW0GRWW":[-0.1,-0.0779812,0,0.141535],
"SWRG0W0S":[0,0.00772308,0,0],
"0GSWSSSS":[0.34845,-0.1,0,0],
"WSRSS0W":[-0.1,-0.1,0.0570544,-0.1],
"0WRWSSSS":[0.0174566,0,0,0],
"SSSWSG0W":[-0.1,0,0.0214532,0],
"SWGW0SSR":[0,0,-0.1,0],
"SS0S0G0G":[0,0.347553,0,0],
"WSWRSW":[-0.1,0,0,0],
"0WSGSWGW":[0,-0.1,0,-0.1],
"SR0W0GSW":[0,0,0,0.149541],
"SGSGRW0W":[-0.1,0,0.0188711,-0.1],
"0GSSSSGW":[0.189246,0,0,0],
"SSWSWSR":[-0.1,-0.19,-0.1,-0.1],
"GGWWSS":[0.562415,0,-0.1,-0.1],
"GWSWRW0W":[0.119682,-0.0802899,0,0],
"GG0SSWW":[0.19,0,0,0],
"SWW0GRS":[0,0.0312682,0,0],
"SG0S0GW":[0,0,0,0.0240101],
"0RWSGSW":[-0.01,0,0,0],
"0G0WSRGW":[0,-0.1,0,0],
"SR0W0GSS":[0,0.26649,0,0],
"0WSSRSGW":[0.0426831,-0.0704557,0,-0.1],
"WSG0S0S":[0,-0.001,0,0],
"WGWSS0S":[-0.1,-0.1,-0.001,0],
"SWSSSR0S":[-0.1,0,0,0],
"0GSWSR0S":[0.103807,0,0,0],
"0GSSRS0W":[0.160999,0,0,0],
"0R0WSS0S":[0,0,0,0.260845],
"0G0WSWSG":[0.335579,-0.1,0,0],
"0WSG0S0S":[0.110826,-0.00109,0,-0.1],
"SWGG0R0S":[0,0,0,0.122281],
"GWGWSSSW":[0.117961,-0.1,-0.1,0],
"0R0GSGSS":[0.00264852,0,0,0],
"0RSSSS0G":[0.0475333,-0.1,0,0],
"SW0S0SSS":[-0.1,0,-0.1,-0.001],
"GR0GSS0S":[0,0,0,0.124356],
"SRSW0WW":[0,0.0639525,0,0],
"SG0GWSW":[0,0,0,0.0367117],
"SSSS0RSW":[0,0.0319837,-0.1,0],
"SW0WGGRW":[0,0,0,0.0626001],
"SW0RGWSW":[-0.1,0,-0.1,0],
"0W0GWSR":[0.22473,-0.1,0,0],
"SW0GW0S":[-0.1,-0.1,-0.001,0.149472],
"SWSSSSRW":[0,0,-0.0749036,-0.1],
"SS0RGG0W":[0,1.05198,0,0],
"SSSS0GSR":[0,0.0946039,0,0],
"WRSSW0W":[0,0,0.0804416,0],
"SWGRGW0W":[0,0.1267,0,0],
"SS0R0WSG":[-0.1,0,0,0],
"SW0R0G0G":[0,0,0.335981,-0.001],
"SSSS0GGW":[0,0,0.320268,0],
"RWWSG0S":[-0.0795185,0,0,0],
"SSSWRG0W":[-0.1,0,0.0440921,0],
"0WGGWSS":[0,0,-0.1,0.361431],
"SSRW0GGW":[0,0,0.227511,0],
"SSSSRW0W":[-0.1,-0.0775908,0.201819,-0.1],
"GWSWSW0R":[0,0,0.0500508,0],
"0WSWRS0S":[0.113843,0,0,0],
"WSR0WGW":[0,0.0965604,0,0],
"0R0WSW0S":[0.13051,0,0,0],
"SS0GGRSS":[0,0,0,0.117604],
"0WSWSSSS":[0.324048,-0.1,-0.1,-0.1],
"GR0GSW0S":[0.198083,0,0,0],
"SG0W0GSW":[0,0,-0.1,0.0222307],
"0GSWSW0G":[0.46437,0,0,-0.1],
"0RWSSSS":[0.128923,-0.1,-0.1,-0.1],
"RG0WWSS":[-0.0827878,-0.1,-0.19,0.235251],
"SWGWSWSR":[-0.1,0,0,0],
"SWGWSSSW":[-0.1,-0.1,0,0.122963],
"GWWSSSS":[1.1087,-0.1,-0.1,0],
"SW0S0RSW":[-0.1,-0.001,-0.1,0.0392454],
"0SSR0GW":[0,0.0450468,0,0],
"GSSW0WW":[0.195206,0,0,0],
"0SWRWSW":[0.00861216,0,-0.1,-0.1],
"SWSW0GSS":[-0.1,0,-0.1,0],
"SWSWRW0S":[0,0,0.0328567,0],
"GW0WSSSR":[0.238994,-0.1,0,0],
"GW0GSW0R":[0.430541,0,0,0],
"RW0GSSW":[-0.0770416,0,0,0],
"SS0SSSW":[0,-0.1,-0.1,0],
"SWRSGW0W":[-0.1,0.582608,0,-0.0795948],
"0RSW0WGG":[0,0,0,-0.1],
"SWSG0WSS":[0,0,-0.1,-0.1],
"SWGWGW0S":[-0.1,0,-0.001,0],
"SGSWWGW":[0,-0.1,0,0],
"WSWSWRG":[0,0,-0.0816181,0],
"0SRWSWSW":[-0.001,-0.1,-0.1,-0.0562597],
"GWWSSRW":[0,-0.1,-0.1,-0.1],
"RG0W0SSW":[0,0,0,0.0724935],
"WSG0W0R":[0,0.182046,0,0],
"SWGS0WSS":[-0.1,0,-0.1,0.464151],
"0GSWSWSS":[0.207899,-0.1,-0.1,-0.1],
"SWSG0R0G":[0,0.0223077,0,0],
"0GSRSSW":[0.101003,-0.1,0,-0.1],
"SGSWGW0W":[0,0,0,-0.1],
"WSRSG0W":[-0.1,0,0,0],
"0SSSGW0G":[0,0,0.00533147,0],
"SS0S0WGR":[-0.1,0,0,0],
"SW0WSGSR":[0,0,0,0.0583993],
"W0WRSSS":[-0.1,0,-0.1,0.0373937],
"W0SSSSS":[-0.1,0,0,-0.001],
"SS0GRWSS":[0,0,0,0.0541439],
"WGSSWSW":[0,0,0,0.1],
"0GSWSSSG":[0,-0.1,0,0],
"SWSSRW0G":[-0.1,-0.0805229,0.136073,-0.1],
"SRSSWSW":[-0.1,0,-0.1,-0.1],
"0WSW0SSS":[0.266988,0,-0.1,0],
"0GSS0W0R":[0,0.0604308,0,0],
"0SSWWSS":[0,-0.1,0,0],
"SSWW0S":[-0.1,-0.1,-0.0040951,-0.1],
"WGWSSSS":[-0.1,-0.1,0,0.991117],
"GWWRWSW":[0,0,-0.1,0],
"SS0R0WSS":[0,0.134615,-0.1,0],
"0GSR0S0S":[0,0,0,-0.1],
"WSSSGGW":[0,-0.1,0,0],
"SW0S0GSS":[0,0.118376,0,0],
"SW0S0S0G":[0,-0.001,0.171888,-0.001],
"SSSWSSW":[-0.1,-0.1,-0.1,-0.1],
"0WRW0SSW":[0,0.0302462,-0.1,0],
"SW0SGWSW":[0,0.3383,-0.1,0],
"SW0SWSW":[-0.1,-0.1,-0.1,-0.0019],
"0RSGWGW":[0,0,0.116691,0],
"RW0GSSSS":[0,-0.1,0,0.0482698],
"0R0GSSSS":[-0.001,-0.1,0,0],
"GW0RSSW":[0,0,0,0.122378],
"SSWSWSW":[-0.19,-0.19,-0.19,-0.19],
"SS0SGRW":[0,0,-0.1,0],
"SWGWW0G":[0,0,0,0.499505],
"SWGWWSS":[-0.1,-0.1,-0.1,1.05667],
"GR0WSSSW":[0,0,0,0.0660686],
"SW0WGWSG":[0,0,-0.1,0],
"SRWWSS":[-0.1,-0.1,-0.1,-0.1],
"SG0S0RSW":[0,0.0542483,-0.1,0],
"SRSWSWSW":[-0.1,-0.1,-0.1,0],
"SSSWGR0W":[-0.1,0,0.0395493,0],
"SS0G0R0S":[-0.1,0,-0.001,0],
"0RSSSW0W":[0,0,0.363409,-0.1],
"SSSS0GSW":[0,0.0548516,-0.1,0],
"SWSSGS0W":[-0.1,0.720223,0,0],
"SW0GSSSS":[-0.1,0,0,0],
"0RSSSW0G":[0.165227,-0.1,-0.001,-0.1],
"SW0R0GGW":[0,0,0.230183,0],
"0S0S0WSS":[0,0,0,0.0596575],
"SWSWSSRW":[0,-0.1,0,-0.1],
"WSSRGW":[0,0,0,-0.1],
"RWGWSWW":[0,0,0,0.127854],
"SSSWGWSW":[0,0.233503,0,0],
"0WSRSWGW":[0,0,0.76898,0],
"SS0W0WGS":[0,0,0.289829,0],
"SS0RWSS":[0,-0.1,0,0],
"0WSRSSSG":[0,0,0,-0.1],
"SS0GGW0S":[-0.1,0,0,0],
"SWRS0WW":[-0.1,0.235779,-0.1,-0.0736305],
"0WGW0SSS":[0.240572,0,-0.1,0],
"0WGG0SSW":[0,0,0,0.426445],
"0W0GSSRG":[0,-0.1,-0.0984327,0],
"0W0GSWRG":[0,0,0,-0.001],
"SWRW0SSS":[0,0.00025997,0,0],
"SWSSSG0R":[0,0,0,-0.1],
"RG0WSW0W":[-0.037548,0,0,0.0289482],
"WSR0GW":[-0.1,0.0670122,-0.1,-0.1],
"0GSW0R0G":[0.0129229,0,0,0],
"0WSSGW0R":[0.0352675,0,0,0],
"WSSRWGW":[0,-0.077514,0,0],
"0WRG0SSS":[0,-0.001,0,0],
"0WSWSSSG":[0.121826,-0.1,0,0],
"RW0WSS0S":[0,-0.1,0,0.171476],
"SW0S0WSS":[0,0.214925,0,-0.001],
"0W0GSWSG":[0,0,0,0.379033],
"SWSSW0S":[-0.1,-0.1,-0.003439,-0.1],
"RGSG0W0W":[0,0,0,-0.1],
"SRWW0S":[0,-0.1,0.0121801,-0.1],
"SWGR0WW":[0,0.0744208,-0.1,0],
"GSSGSWW":[0,-0.1,0,0],
"0RGWSSSW":[0,-0.1,0,0.31353],
"SSGWWRW":[0,0,0,0.487714],
"GS0WWSW":[0,0,0,0.212492],
"SS0S0WRW":[0,0.296911,-0.038856,-0.001],
"GWWSWSG":[0,-0.1,0,0],
"SWSR0SSW":[0,0,-0.1,0],
"SSRWGWSS":[0,0.327805,0,0],
"SWGWW0S":[-0.1,0,0,0.356955],
"SWSWSS0R":[-0.1,-0.1,0.0307514,-0.1],
"0W0RSSSS":[0.081172,0,0,0],
"GW0GWSS":[0.229268,0,0,0],
"0SSW0GRW":[0,0,0,-0.1],
"SW0S0GSW":[-0.1,0.471907,-0.1,-0.001],
"0SSGWW":[-0.001,-0.1,0,-0.1],
"SS0WSGRS":[0,-0.1,0,0],
"0S0GWSR":[0.03196,-0.1,-0.1,0],
"GWGW0SSW":[0,0,0,0.250587],
"0RSW0SSW":[0,-0.001,-0.1,-0.1],
"0G0SSW0G":[0.284168,0,0,0],
"SSSWSSSW":[-0.1,-0.1,0,0],
"0S0G0WSS":[0,0.287284,-0.1,0],
"0GSWSS0R":[0,-0.1,0.0145642,0],
"SSSS0S0R":[0,0,0.0205587,0],
"SSWWGG":[0,0,0.100053,0],
"RG0WSSW":[0,-0.1,-0.1,0],
"WSSSWSS":[-0.19,-0.19,-0.1,-0.19],
"W0SSWSG":[0,0,0,-0.001],
"SSSSRW0G":[0,-0.0905438,0.185562,0],
"WWSWGS":[0,0,0.1,-0.1],
"SR0GWSW":[-0.1,0,0,0.0269021],
"SWSS0SSW":[-0.1,0.0416683,-0.1,-0.1],
"0WGGSSSW":[0.0414237,0,0,0],
"0S0G0RSW":[-0.001,0.120374,-0.1,0],
"GW0WSGSS":[0,-0.1,0,0],
"SW0SGW0G":[-0.1,0,0,0],
"SWRWGW0S":[0,0,0.0166832,-0.0792449],
"SG0S0W0W":[0,0,0.149808,0],
"SS0WRGSW":[0,0,0,0.14463],
"0GGWSW0R":[0,0,0,0.616851],
"W0SSGSW":[0,-0.1,0,0],
"SWSRWSW":[-0.1,0,0,0],
"SWSW0WGS":[-0.1,0,0.19,0],
"SSSS0G0G":[0,0.342125,0,-0.1],
"GWWSR0W":[0.113834,-0.1,0,0],
"0WSGSW0G":[0.0829785,0,0,-0.1],
"SSGR0W0G":[-0.1,0,0,0],
"SSSSGWSW":[0,0.131586,0,-0.1],
"0WRWGWSS":[0,0.247294,0,0],
"SW0W0GGW":[0,0.6057,0,0],
"SRSWW0S":[-0.1,-0.1,0,0],
"SSGWRW0W":[-0.1,-0.0755631,0.0141471,0],
"SWGW0SSW":[0,0.0320986,-0.1,0],
"0GSSRWGW":[0.160585,0,0,0],
"SW0GGWSW":[0,0,0,0.279267],
"WSSSS0R":[-0.1,-0.1,0.0529581,-0.1],
"GSSWSWW":[0,0,-0.1,0],
"SS0SSWW":[-0.1,-0.1,-0.1,-0.00126651],
"0GSS0S0G":[0,-0.001,0.30636,0],
"GSSWW0W":[0,0,0.0263555,0],
"WSWGG0W":[0,0.578551,0,0],
"RWSWSS0W":[-0.0740309,-0.1,0.249919,-0.1],
"SW0WGGSR":[0,0.118589,0,0],
"0WSWSRGW":[0.0653902,-0.1,0,-0.1],
"W0GRWSW":[-0.1,0,0,0.0262912],
"WSWSG0G":[0,-0.1,0,-0.1],
"SWSWSSSR":[0,-0.1,0,0],
"SWSSSWSR":[-0.1,-0.1,-0.1,-0.1],
"GSW0WSS":[0.350959,0,-0.1,-0.1],
"0GSSSWSW":[0.314258,0,0,0],
"SSSG0WSS":[-0.1,0,0,-0.1],
"0GSSSW0G":[0,0,0.530021,0],
"0R0WSGSS":[0,-0.1,0,0],
"0RSW0SGW":[0.0867886,-0.001,0,-0.1],
"GWSS0W0R":[0.459069,0,0,0],
"0SRW0WSS":[0,0.0914889,-0.1,-0.0755648],
"0SSWRW0G":[-0.001,-0.0716065,0.173524,-0.1],
"SWSWRGSW":[0,0.0158255,0,0],
"0S0SWSW":[0,0,-0.1,0],
"SS0S0R0W":[0,0.158236,0,0],
"RWGW0SSW":[-0.0859679,0,-0.1,0.254705],
"SWGS0R0W":[-0.1,-0.001,0,0.334401],
"RWSSSS0W":[0,-0.1,0.189544,-0.1],
"W0RSSGW":[0,-0.1,0.368749,0],
"SS0W0SSS":[0,0,0,0.202191],
"SW0G0SSS":[-0.1,-0.001,-0.1,0.130389],
"RSSGWW":[0,-0.1,0,0],
"WGWSWSS":[-0.1,-0.1,-0.1,0.810471],
"SW0GWRW":[0,-0.1,-0.1,0],
"SSSSSWW":[-0.19,-0.271,-0.19,-0.271],
"SWGS0WW":[-0.1,0,-0.1,0.97836],
"SWSRGWW":[0,0.299001,0,0],
"GW0GSSW":[0,-0.1,0,0.177937],
"GW0SSSW":[0,0,0,0.162276],
"0GSGWW":[-0.000887635,0,0,0],
"SRW0G0S":[-0.1,0.0873322,0,0],
"SSSWSWRW":[-0.1,-0.1,0,-0.1],
"W0SSWGW":[0,0,0.839883,0],
"SS0G0WSS":[-0.19,0,0,0.411089],
"SSGG0WSW":[0,0,0,0.396983],
"SS0WSW0S":[-0.1,-0.1,-0.001,0.202026],
"GWSW0S0G":[0,0,0.116922,0],
"RWW0GSW":[-0.0937469,0,-0.1,-0.1],
"SW0SSWSS":[-0.1,-0.1,-0.1,-0.0503454],
"GWSGSSW":[0,-0.1,0,-0.1],
"W0SSWRW":[-0.1,-0.1,-0.0599794,-0.0024703],
"WSG0S0G":[0,0,0,-0.1],
"GRWGWSW":[0,0,0,-0.1],
"0WWRSSW":[0.0516501,0,0,0],
"WSSSWSR":[0,0,0,-0.1],
"0RSSSSW":[0.0174435,-0.1,-0.1,-0.1],
"0G0SSSW":[0,0,0,0.179967],
"SWSS0WGG":[0,0.0437931,0,0],
"0RWGWSW":[0,0.213371,-0.1,0],
"0WGGWSW":[0,0,-0.1,0.223572],
"0WSWRSSW":[0.0300106,0,0,0],
"0G0WRGSS":[0,0,-0.1,0.0619552],
"0GSS0WGR":[0.344841,0,0,0],
"0WSSSW0S":[0.225365,-0.1,0,0],
"0SSG0WW":[-0.000261913,0.130902,0,0],
"0WWSRGW":[0.0270008,0,0,0],
"SSSSSW0W":[-0.1,-0.1,0.099678,-0.1],
"0GSWSSSW":[0.257077,0,0,-0.1],
"SGGWSWSW":[-0.1,0,0,0],
"0WWSGRW":[0.0172841,0,0,0],
"0WSSGSW":[0,0.1,0,0],
"SW0WGG0S":[0,0,0,0.120418],
"SRSS0G0W":[0,0.0296056,0,0],
"SWSSSSSW":[0,-0.1,-0.1,-0.1],
"0WGGSWSS":[0,0,0,0.208348],
"0R0G0SSS":[0.0305138,0,-0.1,0],
"0RWSWSS":[0.0792954,-0.1,-0.1,-0.1],
"GWGWSS0R":[0.48829,0,0,0],
"SGSS0R0W":[-0.1,0,0.13983,0],
"0SWWSS":[-0.00583475,-0.1,-0.1,-0.1],
"SW0R0S0S":[-0.1,0.0438181,-0.001,0],
"W0WSWGR":[-0.1,0,0.14613,-0.0012234],
"W0RSWSW":[-0.1,-0.1,-0.1,0],
"SWWGWSS":[-0.1,0.591091,0,-0.1],
"SSRWWGW":[0,0,0.287535,0],
"SW0G0R0G":[-0.1,0,0,0],
"GSSSW0W":[0.408911,0,0,-0.1],
"SG0GSWSS":[0,0,-0.1,0],
"0WSWSWRW":[0.168952,0,-0.0854832,-0.1],
"RWGWSW0S":[0,-0.1,0,0],
"0GWSG0R":[0,0,-0.001,0],
"0GSS0WRW":[0.22739,-0.000420868,-0.0885667,-0.1],
"SSSS0G0S":[-0.1,0,0,0],
"SW0SSWSW":[-0.1,-0.1,-0.1,-0.0092652],
"GWW0SSS":[0,-0.001,-0.1,-0.1],
"SSWGG0S":[0,0.107906,0,0],
"0GW0SSS":[0.197831,0,0,0],
"0GSWRS0W":[-0.001,-0.0896195,0.120791,-0.1],
"SG0WRG0W":[0,0,0,0.058196],
"0SGS0WSW":[0,0,0,0.352541],
"0SGW0WSR":[0.0671876,0,0,0],
"GG0WSWW":[0.562781,0,0,0],
"WWSSSG":[-0.1,0,0,0],
"WRWSS0G":[0,-0.1,0.00290335,-0.1],
"WSR0W0G":[0,0,0.283995,0],
"SR0WGWSS":[0,0,0,0.0986477],
"0SSGWSW":[0,0,-0.1,0],
"SSGWW0S":[-0.1,0,-0.001,0.120002],
"0S0RSSSG":[0,0,-0.1,0],
"RWGWSS0G":[-0.0886952,0,0,0],
"WSW0WGR":[0,0.0756954,0,0],
"SWRWWW":[0,-0.1,0,-0.0813645],
"0G0SSWRW":[0,-0.1,0,0.0582377],
"GR0WSWW":[0.219042,0,-0.1,0],
"0WSS0SGS":[0.055166,-0.00109,0,-0.1],
"0WSR0S0S":[0.113313,0,0,0],
"SWSSRG0W":[-0.1,-0.0909986,0.219111,-0.1],
"SGWSWSW":[-0.1,0,0,-0.1],
"GWGWSWSS":[0.323637,0,0,0],
"SS0GSRSS":[0,-0.1,0,0],
"SWGWSSSS":[-0.1,-0.1,0,0],
"0WSG0G0R":[0,0,0.0368038,0],
"0WSW0SGR":[0.128144,0,0,0],
"0WSG0RW":[0.0176347,0,-0.1,-0.1],
"0WWSRSG":[0.0257757,0,0,0],
"SW0SSS0W":[-0.1,-0.1,0.221394,0],
"RSSSW0W":[-0.0990007,0,0.0690952,0],
"0WWSGRS":[0.00882367,0,0,0],
"GWSSSSW":[1.0549,0,0,0],
"GGSWW0W":[0,0,0.0053105,0],
"SSSSGWGR":[0,0,0.119073,0],
"SW0SGW0R":[0,0.322222,0,0],
"SSSWGS0W":[0,0,0.130327,0],
"GWSS0GW":[0.586888,0,0,0],
"SSRW0WSW":[-0.1,0.340717,-0.1,-0.0614318],
"SW0S0RW":[0,0,0,0.231131],
"WSS0WRG":[0,0.1143,0,0],
"0SSWW0G":[0.104213,0,0.00188063,0],
"SSSSSS0G":[-0.1,0,0,0],
"SW0S0RGG":[-0.1,0,0,0],
"0SSWGWW":[-0.001,0.22782,-0.1,-0.1],
"SSRWSWSS":[0,-0.1,0,0],
"0WRSSWGW":[0,0,0.224941,0],
"GWWSS0S":[0.683309,0,0,-0.1],
"GW0WSG0R":[0,-0.1,0,0],
"WRW0SSS":[0,0.0716998,0,0],
"SWSSRWSS":[0,-0.0477263,0,0],
"0RWSG0S":[0,0,0.0479777,0],
"0RGWSWSS":[0.066748,0,0,0],
"SWWGR0S":[0,0,0.0259473,-0.1],
"GS0GRWSW":[0,0,0,0.0134365],
"SR0WW0S":[0,0,-0.001,0.213164],
"SWSWGS0W":[0,0.717913,0,0],
"RW0GSSSW":[0,-0.1,0,0.113735],
"SWSGSW0R":[0,-0.1,0,0],
"SS0WGR0G":[-0.1,0,0.125475,0],
"0SRS0WSW":[0,0.0242963,-0.1,0],
"SWGS0WGW":[-0.1,0.0244967,0,0],
"GRSWSS0W":[0.257754,-0.1,0,0],
"0GWSSSG":[0.106171,0,-0.1,-0.1],
"0GSWSW0S":[0.39093,0,0,-0.1],
"SW0WGWSR":[0,0.34998,0,0],
"SWSW0S0G":[0,0.0768788,0,-0.1],
"SWGS0WRW":[0,0.0269203,0,0],
"WSW0WGG":[0,0.162308,0,0],
"GG0WSS0S":[0,0,0,0.151297],
"WSWSWSS":[-0.271,-0.271,-0.271,-0.3439],
"RWSWSWSS":[-0.0640742,-0.1,-0.1,-0.1],
"GS0SSS0W":[0,-0.1,0,0],
"GG0RSS0W":[0,0,0.0106893,0.178327],
"0G0GSR0W":[0.107257,0,0,0],
"SWSGSS0G":[0,-0.1,0,-0.1],
"GWSWSWRW":[0.217889,0,0,0],
"SG0RW0W":[0,-0.1,-0.00109,0.00605203],
"GWSSSWW":[0.666632,-0.1,-0.1,0],
"0SSRSWSW":[0.120034,-0.1,-0.1,0],
"GGRWSS0W":[0,-0.1,0.0162703,-0.0886696],
"0WSW0RGG":[0.062677,0,0,0],
"W0RSWSS":[-0.1,-0.1,-0.1,0.0144632],
"W0RSGSW":[0,0,0,-0.001],
"SSW0GSS":[0,0.222364,0,0],
"SW0WGGSS":[-0.1,0,0,0],
"RW0WSSSW":[0,-0.1,0,0.324398],
"SS0WSGSW":[0,-0.1,0,-0.001],
"GSGW0WSW":[0.393076,0,0,0],
"0WSR0SSW":[0.0844952,-0.001,0,-0.1],
"SRSSW0S":[-0.1,0,0,0],
"0SSS0WGW":[0.120769,0,1.16801,0],
"0WSWSGSS":[0.00616949,0,0,0],
"SWSRSWSW":[-0.1,-0.1,0,0],
"0RSSSS0W":[0,0,0.20737,0],
"SS0RW0G":[-0.1,-0.1,-0.00271,-0.00261258],
"SW0GW0G":[-0.1,-0.1,-0.000830688,0.0600473],
"0G0RSSGW":[0,-0.1,0.407506,0],
"GWSSRW0G":[0.414148,0,0,-0.1],
"SW0GSWSG":[-0.1,0,0,0],
"0S0GRWSW":[0,0,-0.1,0.0410082],
"SSSGSWSS":[0,-0.1,0,0],
"0WSGSWRW":[0,-0.1,0,0],
"SWSW0SSS":[-0.1,-0.0163521,-0.1,-0.1],
"0WSSSWRW":[0.170945,-0.1,0,0],
"SGSWSW0W":[-0.1,-0.1,0.0181393,0],
"SSGGWSS":[0,0,0,0.246897],
"SWWSSSG":[0,0,0,-0.1],
"SW0RGW0G":[0,0.119917,0,0],
"SW0WGRSS":[0,0.313073,0,0],
"RWSGSWW":[-0.0891706,-0.1,-0.1,0],
"GW0R0WSW":[0.210396,0,0,0],
"SWSSW0G":[-0.1,-0.1,0.0823827,-0.1],
"SWWSSSS":[0,-0.1,0,0],
"0GSRSSSW":[0,0,0,-0.1],
"SSSS0R0W":[0,0,0.227991,0],
"SWWW0S":[-0.1,-0.19,-0.00709122,-0.1],
"GW0SSSRW":[0.1,-0.1,0,0],
"SSGW0WSS":[0,0.217694,-0.19,0],
"WSSSRSW":[-0.1,-0.1,-0.1,-0.1],
"SGSG0WW":[-0.1,0,0,0],
"SS0S0RSW":[-0.1,0.173531,-0.1,-0.001],
"SS0WSWSS":[0,0,0,0.285035],
"SW0SRWSW":[0,0,0,0.0946467],
"0SSS0W0R":[0,0.105287,0,0],
"SSSW0WGR":[0,0,0.367287,0],
"GG0WSSRW":[0,0,-0.0792556,0],
"0RSWSG0W":[0.0463667,0,0,-0.1],
"0WSWSS0S":[0.293511,-0.1,-0.001,-0.1],
"SW0SGG0W":[0,0.806903,0,0],
"SW0WSS0S":[-0.1,-0.1,-0.0236403,0.260987],
"0W0GGSSS":[0,0.20025,0,0],
"WWSSSS":[-0.40951,-0.40951,-0.3439,-0.3439],
"WSSSR0G":[-0.1,-0.1,0.0171596,0],
"GW0WSSSS":[0,-0.19,0,0.348787],
"SSSSGW0W":[0,1.20687,0,0],
"RWSWSSW":[-0.0838402,-0.1,-0.1,-0.1],
"0WSWSWGG":[0.0357901,0,0,0],
"SS0G0RW":[0,0,0,0.179913],
"SS0S0WSS":[0,0.0693675,-0.1,0],
"0G0RSSW":[0,-0.1,-0.1,0.0615376],
"GWSW0SW":[0.108292,-0.001,-0.1,-0.1],
"WRW0WSG":[0,0,-0.1,0],
"0G0WSRW":[0,0,-0.1,0.0934174],
"0RSWSSGW":[0.040805,0,0,0],
"SG0W0GSS":[0,0.148323,0,0],
"WGGSWSW":[0,-0.1,0,0],
"SWSG0G0W":[-0.1,0,0.185954,-0.1],
"SSSW0R0G":[0,0.101879,0,0],
"WGW0SSS":[-0.1,-0.001,0,1.06584],
"SW0W0GRS":[-0.1,-0.001,-0.0811434,0.201909],
"SS0W0RSS":[0,0.183178,0,0],
"SG0W0RSS":[-0.1,-0.001,0,0.192428],
"SW0S0S0S":[-0.1,-0.001,-0.001,0],
"SS0G0GSW":[-0.1,0.692432,0,0],
"GR0WSSW":[0,0,0,0.0474575],
"SWSG0GW":[-0.1,0.125915,-0.1,0],
"0WGSSWGW":[0,0,0,0.1],
"WSWSG0R":[-0.1,0,0,0],
"SWW0GRG":[-0.1,0,0,0],
"GWRWSSW":[0,-0.1,0,0],
"GS0G0WSW":[0,0.139121,0,0],
"SSRW0WGW":[-0.1,0,0.674134,-0.0985618],
"SSSGSGW":[-0.1,0,0,0],
"0SSW0GW":[-0.001,0.199397,-0.1,-0.1],
"SR0S0WGW":[-0.1,0,0,0.0530703],
"SWSSGWSW":[0,0.245578,0,0],
"SWSS0S0W":[0,-0.001,0.300052,0],
"SSSWRW0G":[0,-0.0715843,0,0],
"WSGSR0W":[0,0,0,-0.1],
"0GRGSWSW":[0,0,0,-0.080407],
"SW0S0SRW":[-0.1,0.0223444,0,0],
"W0R0SSS":[0,0.107423,-0.1,0],
"SWGS0W0G":[-0.1,0.0463843,0,0],
"0GRWSSSW":[0.211736,0,-0.1,-0.0637121],
"0W0SSWRW":[0,0,0,0.139349],
"0W0GRSSW":[0.0730965,0,0,0],
"0G0WGWSR":[0.0276574,0,0,0],
"0WRSSW0G":[0.0865432,0,0,0],
"RG0WSG0W":[0.0165081,0,0,0],
"0WSSW0G":[0.232066,-0.1,0.00770362,-0.1],
"0WSG0W0R":[0.239262,0,0,-0.1],
"0WSS0G0R":[0,0.603367,-0.00109,-0.1],
"0SSW0WSW":[0,0.256518,-0.1,-0.1],
"0WWSRSW":[0.134236,-0.1,-0.1,-0.1],
"SS0W0GSS":[-0.19,0,-0.19,0.428558],
"SSSW0W0G":[-0.19,0.399445,0,0],
"SR0S0SW":[0,0,0,-0.001],
"GW0WSSSW":[0.166084,0,-0.1,0.326137],
"SRWSSSS":[0,0,0,-0.1],
"GW0W0GSW":[0,0,-0.1,0.231413],
"WSW0G0R":[0,0.546406,0,0],
"WSW0WW":[-0.1,0.214828,-0.40951,-0.19],
"0SSW0WW":[0,0.257855,0,-0.19],
"W0GSWSS":[-0.1,-0.1,-0.1,0.404198],
"WSWGS0G":[0,0,0.0166728,0],
"SW0G0WRW":[-0.1,-0.0012357,-0.0963442,0.146908],
"0SSS0W0W":[-0.000513487,0.305864,0.00941657,-0.1],
"SWSSGGW":[0,0.236871,0,-0.1],
"RWSWSW0G":[-0.0773542,-0.1,0.374003,-0.1],
"SWRW0WSW":[-0.1,0.169722,0,-0.0904936],
"SS0SGG0W":[-0.1,0,0.081669,0],
"SR0S0W0W":[-0.19,0,0.2738,0],
"SWSWW0S":[-0.1,-0.1,0.0162591,0],
"SGSW0WW":[-0.1,0,-0.1,-0.1],
"SW0R0W0G":[0,0.229984,0,-0.0019],
"0SSG0W0W":[0,0.183639,0,0],
"GWSSRS0W":[0,0,0.0495075,0],
"SRWWSW":[0,0,-0.1,0],
"0WSG0SW":[0.021672,0,0,0],
"0W0RSW0S":[0.226407,0,0,0],
"0GSW0GW":[-0.0019,-0.001,-0.1,-0.1],
"0WGWSWSG":[0,-0.1,0,0],
"SWRW0WW":[-0.1,0.251877,0,-0.0538935],
"SWGW0WSS":[0,0,0,1.42687],
"0WWGRSW":[0,0,0,-0.1],
"0WGRSW0W":[0,-0.1,0,0.772378],
"0WSRSWW":[0.199519,0,-0.1,-0.1],
"WSG0GW":[-0.1,0,-0.1,0],
"WRW0WSW":[-0.1,0.313227,0,-0.100272],
"0GSS0S0W":[0.971741,-0.001,0,-0.1],
"0WSSSW0G":[0,0,0.933191,-0.19],
"WSS0WGW":[-0.1,0,1.22198,0],
"SS0R0W0W":[-0.686189,0.383882,0.0502831,0.0534194],
"0WSRSS0G":[0,-0.1,0.0995947,0],
"RWSWW0G":[0,0,-0.001,-0.1],
"SSGGW0W":[-0.1,-0.1,-0.001,0.68484],
"GW0WRWSW":[0,-0.0986066,-0.1,0.224317],
"0WSR0G0W":[0,0.710166,0,-0.1],
"SWRW0W0G":[0,0,0.318362,-0.0952088],
"W0WSRSS":[-0.1,-0.1,-0.1,0.112203],
"SS0SRW0W":[-0.1,0,0.0905581,0],
"0W0G0RSS":[-0.001,0.229391,-0.1,0],
"W0GSS0S":[0,0,0,0.107871],
"0WSW0R0G":[0.0220878,-0.0019,0.910332,-0.271],
"SWGG0WSW":[0,0,0,0.1],
"0W0GSSSW":[0,-0.1,-0.19,0.375738],
"W0WSRGG":[0,0,0,-0.00108347],
"GR0W0WSS":[1.09331,-0.001,0,-0.00169506],
"WSW0SW":[-0.1,0.0188721,-0.1,-0.1],
"SSWSS0S":[-0.1,-0.1,-0.00271,-0.1],
"SS0GWW":[-0.1,-0.1,-0.1,0.313852],
"SWSSRS0W":[0,-0.0710916,0.0988981,-0.1],
"0G0WGWSW":[0,0.853311,0,0],
"0WGRSS0W":[0.191855,0,0,0],
"SSW0RSG":[0,0,-0.1,0],
"SW0WRW0G":[-0.1,-0.170014,0.501018,0],
"SW0WGWSW":[0,1.25861,0,0.0242286],
"SW0R0WGW":[0,0,0.924247,0],
"GWSWSRSW":[0,0,-0.1,0],
"0G0WRSSS":[0.0161238,0,0,0],
"W0WSW0S":[-0.1,-0.1,-8.09199e-05,0.21911],
"SSSW0WSR":[0,0,0,-0.1],
"WSS0R0G":[0,0.0183247,0.379039,0],
"SS0WRGW":[0,-0.0747021,-0.1,0.0743558],
"SS0WGWRW":[0,1.32706,0,0],
"SR0SSW0W":[0,0,0.0242786,0],
"RWWSW0S":[-0.0949337,0,0.128476,0],
"GWRWSSSW":[0,0,-0.1,0],
"SSSG0WRW":[-0.1,0.0954078,0,0],
"GWRWSW0W":[1.21966,0,0,-0.0888905],
"SWSS0W0W":[-0.794109,0.192417,0.349354,-0.686189],
"0GWGWSS":[0,1.10037,-0.1,0],
"0WSGSSSR":[0,0,0,-0.1],
"WWSWSW":[-0.3439,-0.271,-0.271,-0.3439],
"SSGWGW0W":[0,0.121503,0,1.32572],
"0S0WWSG":[-0.001,-0.1,-0.19,0.24552],
"0W0SSW0R":[0.281493,-0.1,0,0],
"SGSWSS0W":[-0.1,0,0.0465581,0],
"WSSSWGR":[0,0,0.390518,-0.1],
"0RSSGW0W":[0,0.957325,0,0],
"GWWSW0W":[1.23584,-0.1,0.0227169,-0.19],
"0WSWSWSS":[0.35475,-0.1,-0.1,-0.271],
"SW0WWW":[-0.19,-0.3439,-0.3439,0.218116],
"0WWSSSW":[0.227414,-0.521703,-0.3439,-0.468559],
"GRSSSWW":[0,0,-0.1,0],
"SW0W0WRW":[-0.271,-0.0018115,-0.135679,0.263553],
"0G0WSGSS":[0,0,-0.1,0],
"RSSW0G0W":[-0.0892826,0.158183,0,-0.19],
"SSWSWSS":[-0.3439,-0.3439,-0.40951,-0.3439],
"WW0RSW":[-0.1,0.000684144,-0.1,-0.1],
"0GW0GSS":[-0.00468559,0.306272,-0.1,-0.1],
"0W0GSSRS":[0.0451947,0,0,0],
"SW0WWRG":[0,0,0,0.0218443],
"0GSSRW0G":[-0.001,-0.0932136,0.38604,0],
"WSG0G0W":[-0.1,0.0407712,0,-0.1],
"0W0WGSSS":[0.0674181,0,-0.1,0],
"SSSWRWW":[-0.1,0,-0.1,-0.1],
"0GW0SSW":[0.216224,-0.0019,-0.1,-0.1],
"SG0WSWSR":[-0.1,0,0,0],
"SRW0W0G":[0,0,0.464841,0],
"SW0S0W0R":[-0.1,0.200155,0.0178752,-0.001],
"WSW0WRW":[-0.1,0.24349,-0.0861039,-0.271],
"RSSW0W0W":[0,0.189628,0,-0.1],
"WSWGR0W":[0,0.373139,0,0],
"0GWSRSW":[0,-0.1,0,0],
"0G0WSWGR":[0.0909979,-0.1,0,0],
"SSW0WSW":[-0.1,0.22707,-0.1,-0.1],
"SWGW0RSW":[0,0.02006,0,0],
"0W0GGWSW":[0,1.13234,0,-0.00027216],
"SWGWGW0W":[0,1.1406,0,0],
"SWSS0GGW":[0,0,0,-0.1],
"0RW0WSW":[0.129743,-0.00363063,-0.1,-0.271],
"GW0WSR0G":[0.237558,0,0,0],
"SSW0WRW":[0,0.0599832,-0.100126,-0.1],
"SSRW0WW":[-0.1,0.195217,-0.1,-0.08245],
"SG0S0R0W":[0,0,0.0605563,0],
"0RSW0WGW":[-0.000860238,0.0169372,1.28594,0],
"SW0W0G0S":[-0.1,0.115224,0.0110869,0.397707],
"0W0WSG0R":[0.174121,-0.1,0,0],
"SWRWWGW":[0,0,0.109545,0],
"SW0W0GSS":[-0.1,0.697421,-0.1,0],
"SW0WSSSS":[0,-0.1,-0.1,0.225488],
"SWW0W0S":[0,0,0.200954,-0.1],
"0WSWGSW":[0,0,-0.1,-0.1],
"RS0GSGSW":[-0.1,0,0,0],
"WSWSR0W":[0,0,0.217234,0],
"GWSSSGW":[0,0,-0.1,0],
"SW0WWSR":[-0.1,0,0,0.120185],
"SGRW0W0W":[0,0.0515038,0,0],
"0S0WSSSS":[-0.001,-0.1,-0.1,0.0771977],
"SWSW0WSW":[0,0.307144,-0.19,0],
"0W0W0GSG":[-0.001,0,-0.1,0.131666],
"0WSSSWSS":[0.153895,-0.19,-0.19,-0.1],
"SWSR0S0W":[0,0.020771,0,0],
"SWSR0W0W":[0,0.0219992,0.26546,0],
"RWSS0W0G":[0,0.244861,0.0679063,-0.271],
"GW0SSSRG":[0,0,-0.00969859,0],
"0WWGWSS":[0,1.16266,-0.1,-0.1],
"SGW0W0G":[0,0.0407927,0,-0.19],
"GG0SSR0W":[0,-0.1,0,0],
"W0WSWSS":[-0.1,-0.1,-0.1,0.199468],
"SGSSRW0W":[0,0,0,-0.1],
"RW0GWSS":[-0.0812625,0,-0.1,0],
"SWSWSS0W":[0,0,0.255778,0],
"0WSWWGW":[0.0317592,-0.1,0,0],
"W0WSSSS":[-0.1,0,0,0.197679],
"W0W0GSR":[0,0.25267,0,0],
"SGGWRW0W":[0,0,0.0233432,0],
"SRWGG0S":[0,0.110784,0,0],
"0W0RSW0W":[0.329193,-0.71757,0.0916661,0.0424356],
"GWW0GSS":[1.07004,0,0,0],
"SW0G0WSG":[0,0.106873,0,0],
"GWWSW0R":[1.1762,0,0,0],
"0WWSWSG":[0.206561,0,0,0],
"0R0WSWSW":[-0.000341903,-0.1,-0.1,0.435445],
"0WWSSGS":[0,0,0,-0.1],
"GGWWSR":[0,-0.1,0,0],
"0R0W0GSS":[0,0.0170452,-0.1,0.45828],
"0WGWWSW":[0.0134656,-0.19,-0.1,1.41237],
"0RSS0G0G":[0,0,0.746341,0],
"SSGWSWSS":[-0.1,0,-0.1,0],
"RG0W0WSW":[0,0,0,0.175987],
"SS0W0SSW":[0,0.0511703,-0.19,0],
"0WSSGR0G":[0.0576206,0,0,0],
"0GSSWW":[0.284426,-0.19,-0.1,-0.1],
"SG0W0W0G":[0,0,0,0.0397574],
"0R0GSW0S":[0,0,0,0.120657],
"SW0WWGW":[-0.1,-0.1,1.01724,0.00285572],
"W0RSWW":[-0.1,-0.1,-0.1,0.00248907],
"0WWSWRW":[0.242284,-0.1,-0.0907082,-0.19],
"RW0WSS0G":[-0.0981415,0,0.548464,-0.001],
"SWSSW0W":[-0.271,0,0.203693,0],
"SRGWWW":[0,0,-0.1,0],
"0W0WGRSS":[0.018472,1.19313,0,0.0179606],
"SGSW0SW":[-0.1,0,0,0],
"RWSW0WGW":[-0.1,0,0.731101,-0.1],
"0GSWRSSS":[0,0,0,-0.1],
"SG0W0WRS":[0,0.000949722,0,0],
"GW0WGWSW":[0,0.694593,0,0],
"0S0RSWSS":[0.0348294,0,0,-0.001],
"SS0W0GRW":[-0.19,0.892541,-0.0865432,-0.00079046],
"WSWGW0R":[0,0.236632,0,-0.1],
"SR0WWSG":[-0.1,-0.1,-0.1,0.0899077],
"WWSG0S":[0,0,-0.00319338,0],
"0W0WSG0S":[0,0,0,0.492744],
"0SSRGWW":[0,0,0,-0.1],
"0WRWWSW":[0,-0.1,-0.1,-0.0688685],
"0W0GSRW":[0,0,-0.1,0.225448],
"GR0W0WSW":[0.940161,0,0,0],
"0R0G0SSW":[0.09899,-0.00093131,0,0],
"SWSG0WRW":[0,0.10013,0,0],
"0RSWW0G":[-0.00109,-0.1,0.0419251,-0.1],
"WW0GSW":[-0.1,0.0708101,-0.1,-0.1],
"SSSR0GW":[-0.1,0.152877,0,-0.1],
"GG0W0WSS":[1.65242,0,0,0],
"SW0SSWRW":[-0.1,-0.1,-0.0789991,-0.0863283],
"GWSWSS0W":[1.36793,-0.19,0.0278192,-0.1],
"0WRW0SSS":[0.0641382,0,-0.1,0],
"SW0SW0W":[-0.1,-0.1,0.227795,-0.000333538],
"SWW0WSG":[0,0.0630705,-0.1,-0.1],
"WSSSWRG":[0,-0.1,0,0],
"GWGWWSW":[0,-0.1,-0.1,0.121029],
"0WRWSSGW":[0,-0.1,0.671048,-0.0984383],
"SW0R0WSW":[0,0.260023,-0.1,0],
"WGGSWSS":[0,-0.1,0,0],
"GWWSWRW":[0.331939,-0.1,-0.0901642,-0.1],
"SS0WGW0R":[0,1.43373,-0.000540826,0.0251832],
"W0WSG0R":[-0.1,-0.1,0.0379233,0],
"SWRW0WGW":[0,0.0781948,0,-0.1],
"WWSW0G":[-0.19,-0.3439,0.201209,-0.1],
"0WSSRW0G":[0.023904,-0.0920366,0.877917,-0.1],
"GW0GRWSS":[0,0,0,0.0240027],
"WSR0WW":[-0.1,0.165468,-0.1,0],
"0S0WSW0S":[0,0,0,0.453061],
"GGWSW0W":[0,0,0.192695,0],
"W0G0WSG":[-0.1,0,0,0],
"SS0W0R0W":[-0.271,-0.00423361,0.314116,0.0316331],
"SWWGW0R":[0,1.11012,0,-0.1],
"0GGWRWSW":[0,0,-0.1,0],
"0WSSGWGW":[0,0,1.28794,0],
"W0WSSRS":[-0.1,-0.1,-0.1171,0.0134934],
"0GSRWW":[0.0456584,-0.1,-0.1,-0.1],
"SSGWRWSW":[-0.1,0,-0.1,0],
"0WGW0GSS":[0,0,0,0.924106],
"RS0WWSW":[-0.0398596,-0.1,-0.1,0.117293],
"0WSSGG0W":[-0.000917921,0,0.210404,0],
"GWSW0G0W":[0.971671,0,0,0],
"RGSWSWSW":[0,0,-0.1,0],
"0WSSSSSR":[0,0,0,-0.1],
"SWSG0RSW":[-0.1,0,-0.1,-0.1],
"SRSWGW0G":[-0.1,0,0,0],
"SWSRW0W":[-0.1,-0.1,0.13784,-0.1],
"0W0G0WSS":[0.0806407,0.28394,-0.686189,0.0827132],
"SSW0W0G":[-0.19,0.0078513,0.426158,-0.271],
"W0GSSRW":[0,-0.1,-0.0786612,-0.001],
"0WSSSWW":[0.129866,-0.1,-0.1,-0.19],
"0WSW0G0R":[0,0.2615,-0.001,-0.1],
"0GGWSWRS":[0,0,0,0.126231],
"GWW0SSW":[0.324247,-0.001,-0.1,0],
"0GSSSW0W":[0,0,0.260914,0],
"WSG0S0R":[0,0,0,-0.1],
"SWWWRW":[0,-0.1,0,0],
"SWSWSR0W":[-0.1,-0.1,0.278369,-0.1],
"WSWSSRW":[-0.271,-0.271,-0.231771,-0.271],
"WW0SSS":[-0.1,0.0205716,-0.1,-0.1],
"WSS0GRW":[-0.1,0.24483,-0.0961206,-0.1],
"0R0WGWSS":[0,1.22019,0,0.000649847],
"SWRWSS0S":[0,0,-0.001,0],
"WSSRWW":[-0.1,-0.154006,-0.19,-0.1],
"0RW0WSG":[0.033792,0,0,-0.1],
"0WGWSSGW":[0,0,0.293365,0],
"RW0SSWW":[-0.0802651,-0.1,-0.1,0.0481884],
"GWSWWW":[0.108226,0,-0.1,0],
"SS0S0SW":[0,-0.001,0,0],
"WGWRWSS":[0,-0.0901862,-0.1,0],
"0WSR0G0G":[0,0,0.23949,0],
"RG0W0WSS":[-0.0269067,0.0113494,0,0.367026],
"0R0GSS0S":[0,0,0,0.0186058],
"SSSSWW":[-0.468559,-0.40951,-0.40951,-0.468559],
"0WRW0GSW":[4.17243e-05,0,-0.1,-0.100334],
"0G0GSWSW":[0,0,-0.1,0.33614],
"SSRG0W0W":[0,0.320404,-0.0012847,0],
"SW0GWW":[-0.1,-0.1,-0.1,0.152223],
"GW0WSSW":[1.2011,-0.1,-0.1,0],
"SW0SRW0W":[-0.1,0,0.430073,0],
"SWSG0WGW":[-0.1,0.138233,0,0],
"0WSWSWGW":[0.00207476,0,1.25347,-0.1],
"SS0W0RSW":[-0.19,0,-0.1,0.367461],
"0WSW0GGR":[0,0,0.127935,0],
"0RSG0W0W":[-0.001,-0.001,0.148542,-0.1],
"GRWSW0S":[0,0,0.0829278,-0.1],
"SW0SRWGW":[0,0,0,-0.001],
"SS0W0W0G":[-0.40951,0.151758,0.853468,0.0736534],
"0W0GSWSS":[0,-0.1,-0.19,0.39531],
"RW0W0GSS":[-0.172376,-0.001,-0.1,0.378781],
"SG0S0WSS":[-0.1,0,0,0],
"GWSSSS0G":[0,-0.19,0.355734,0],
"SG0WWSS":[-0.1,0,-0.1,0.292219],
"0GSW0WGW":[-0.001,-0.00115563,1.21484,-0.1],
"0W0G0SSS":[0,0,-0.1,0.502824],
"SSSW0R0W":[0,0,0.2564,0],
"SWSW0RW":[-0.1,0.062819,-0.1,-0.1],
"0W0GSW0G":[0.254206,-0.1,0,0],
"0G0GSSRW":[0.281127,0,-0.0831339,0],
"0W0RSWSW":[0.276628,-0.19,-0.1,-0.00189325],
"0RSW0SW":[0,0,0,-0.1],
"SWW0WSS":[-0.1,-0.115584,-0.1,-0.19],
"GGWSS0W":[0,0,0.144267,-0.1],
"0GSW0SW":[0.0476539,-0.001,0,0],
"0WW0GSR":[0,0.0687464,0,0],
"0G0GWSS":[0.386719,0,-0.1,-0.001],
"RSSW0WW":[-0.109,0,0,0],
"GWSS0GRW":[0,0,0,-0.1],
"GW0W0WSR":[0.659813,0,0,0],
"SS0G0WSR":[0,0.0252699,0,0],
"SWSWSW0W":[-0.1,0,0.265384,-0.1],
"WSSSRSS":[0,-0.1,0,-0.1],
"0SSW0WGR":[0,0.00892618,0,0],
"0GWGSSW":[0,0,-0.1,0],
"0G0GWSR":[0,0,0,0.129243],
"SWRWSWSG":[-0.1,0,0,0],
"0S0G0WSW":[0.036531,0.383022,0,0.0571484],
"SW0S0W0G":[0,0.262241,0,0],
"RW0W0WSW":[-0.333699,0.00848481,-0.271,0.324745],
"SWSS0R0W":[-0.1,0.0220828,0.239237,-0.1],
"0SSW0W0G":[0.00365809,0.0614451,0.733367,-0.1],
"0G0SSW0W":[0.640048,-0.271,0.0120749,-0.000692746],
"GG0WSWSW":[0.468054,0,-0.1,0],
"SSWRW0W":[0,-0.0830067,0,0],
"0GSRGW0W":[0,0,0,-0.1],
"SSRWGW0W":[-0.1,0,0.226937,-0.159088],
"WSSSWGG":[0,0,0.492155,-0.1],
"SWSS0GW":[-0.271,0.274989,-0.19,-0.19],
"SWGW0R0S":[0,0.0524575,0,0],
"0R0WSG0W":[0.120714,0,0,0],
"0WSRSWSW":[0.170478,-0.1,-0.1,-0.1],
"SSSGSSW":[0,-0.1,0,0],
"SWSW0SW":[-0.1,-0.0040951,-0.1,-0.1],
"0WWWSS":[0.287761,-0.468559,-0.3439,-0.19],
"0WWRGSS":[0.138056,-0.1,-0.1,-0.1],
"0RSW0W0W":[0.0633352,0.0169104,0.390002,-0.569533],
"0SSRSWW":[0.00495159,-0.1,-0.1,-0.1],
"GWSWSWW":[0.280174,-0.1,0,0],
"0WSS0SGG":[0.0756124,0,0,0],
"RWSS0WGW":[-0.0775733,0.0112286,1.38683,0],
"SWSG0WW":[0,0.179569,-0.1,-0.1],
"SW0WW0S":[-0.19,0,-0.0019,0.299872],
"W0WSGSW":[-0.19,-0.1,0,0.18675],
"SRSSWW":[-0.19,-0.1,-0.19,-0.1],
"SSSSGW0G":[0,0.102789,0,0],
"0W0GSS0R":[0.288718,-0.1,-0.001,0],
"0W0W0WSR":[0.190255,0.0544146,-0.40951,0.416915],
"SG0WWW":[-0.1,-0.1,-0.1,0.0674539],
"SS0WGGRW":[0,0.419699,-0.0807623,0],
"GW0W0GSS":[0,-0.001,0,0.328928],
"0W0WGWSR":[0.11491,0,0,0],
"0W0GSG0W":[-0.00184182,-0.1,0.115126,-0.00177023],
"WSWSG0S":[0,0,-0.01,0],
"SW0WSW0S":[-0.1,-0.1,-0.001,0.240834],
"0G0W0GSW":[0,-1.44666e-05,-0.1,0.253187],
"GWWWSW":[0.616934,0,0,-0.1],
"SG0WWRW":[-0.1,0,0,0],
"SW0W0WSG":[-0.1,0,0,0.232303],
"0W0WSSRG":[0.264236,-0.1,-0.00426849,0],
"GG0W0WSW":[1.23164,0,-0.1,0],
"0WSG0G0W":[0,0.537633,0,-0.1],
"SS0G0W0S":[-0.1,0,0,0.383164],
"SWSW0WGW":[0,0,1.30948,0],
"RWSW0SGW":[0,0.0194995,0,0],
"0WSWRS0W":[0,0,0.300355,-0.1],
"0WGG0WSS":[-0.00219095,0.208046,0,0],
"SS0W0GW":[-0.271,0.0629221,-0.40951,0.318494],
"0SGR0WSW":[-0.001,0,0,0.563479],
"SRGW0WSW":[-0.1,0.0989697,-0.1,0],
"0WSSGWGR":[0.0164968,0,0,0],
"SWWGWSW":[0,0.348527,-0.1,0],
"0GSSSSW":[0.341532,0,0,0],
"GGSW0W0W":[0,0,0.0502076,-0.1],
"0WRSSSSW":[0.0243914,-0.1,-0.1,0],
"0W0WGGSS":[-0.001,1.71385,-0.1,0],
"W0WSWRW":[-0.1,0,0,0.0917709],
"SGSWSW0S":[-0.1,0,0,-0.1],
"SSWGW0W":[-0.1,1.21605,0,-0.1],
"RGSS0S0W":[-0.011921,-0.001,0,-0.1],
"WGW0RSW":[-0.1,-0.001,-0.1,0.651762],
"W0GSWSW":[-0.19,-0.1,-0.19,0.344612],
"SWWGG0W":[0,0,0.230935,0],
"0GRWSS0S":[0.120615,0,0,-0.060764],
"SSSW0GGW":[0,0,0.119216,-0.1],
"0WGWSS0W":[0.0376484,-0.40951,0.0553638,1.29784],
"GWW0GSW":[0,0.00562475,-0.1,-0.1],
"GWSWSW0W":[0,-0.19,0.26144,-0.1],
"GWSSW0W":[1.18868,-0.1,0,0],
"WGWSW0S":[0,-0.1,0,0],
"0WSWGS0G":[0,0.373482,0,0],
"SWGW0GSW":[-0.1,0.384601,-0.1,0],
"GW0RSWSW":[0.245714,0,0,-0.000770911],
"GW0WSW0R":[1.40068,-0.1,0.0201903,-0.00111362],
"SWGWGW0R":[-0.1,0,0,0],
"RG0W0GSW":[-0.0684428,0,-0.1,0],
"W0R0WSS":[-0.1,0.208014,-0.1,-0.001],
"0W0GRWSW":[0.0184422,0,-0.1,0.395103],
"0G0WSWGW":[0.888918,0,0,0.0160126],
"0SSWGW0G":[-0.001,0.418391,0,0],
"GWRWSS0W":[1.32814,0,0,0],
"SSGWGW0R":[-0.1,0.443906,-0.001,0],
"0W0WSG0W":[0.244068,-0.61258,0.036277,-0.00574291],
"SGWRW0W":[0,0,0.0916066,-0.1],
"0RSWSGW":[-0.001,0,0,0],
"RW0GSS0W":[-0.0928501,0,-0.00151864,0.326799],
"RWSS0GGW":[0,0,0.50423,-0.1],
"GWWGWSS":[0.665745,0,0,0],
"W0WSW0G":[-0.271,-0.3439,0.515552,0.00039274],
"SWSG0RW":[-0.1,0.0230742,-0.1,-0.1],
"GRGWSW0S":[0,0,0,0.144038],
"SWGW0GRW":[0,0.071935,0,0],
"0W0GWSS":[0.269756,-0.1,-0.271,0],
"W0GGSSW":[0,0.1,0,0],
"0WRW0WSG":[0,0.127504,-0.1,0],
"W0R0WSG":[-0.1,0,0,0],
"0R0WSW0G":[0,0,0.454132,-0.00109922],
"0GGR0WSW":[0,0,-0.1,0],
"0WSWSWSG":[0.241714,-0.1,0,-0.1],
"WWSG0W":[-0.1,-0.1,0.0975784,0],
"W0RSS0W":[-0.1,-0.1,-0.00369866,0.09774],
"WSSSS0W":[-0.1,-0.19,0.192456,-0.1],
"SW0GRG0W":[-0.1,0,0,0],
"GWSS0WGW":[0,0.000905711,1.25073,-0.1],
"WSGRS0G":[0,0,0.0177095,0],
"SS0WRW0S":[-0.1,-0.0740861,-0.001,0],
"SSGW0GW":[0,0,-0.1,0],
"0RSS0WGG":[0.101957,0,0,0],
"SWRWW0W":[-0.1,-0.1,0.169041,-0.0908002],
"0WGW0RSW":[0.21964,-0.001,-0.1,0],
"SW0S0S0W":[-0.1,-0.001,0.29074,-0.001],
"0GWRWSS":[0.00681504,-0.1,-0.1,-0.1],
"SWGW0W0G":[-0.1,0,-0.001,0.858244],
"0W0GSRSW":[0,0,-0.1,0.381649],
"SS0RW0W":[-0.19,-0.19,0.115553,0.00154696],
"0SSSRW0W":[-0.001,-0.0685312,0,-0.1],
"SWRG0WSS":[0,0.0395164,0,0],
"0W0GWSW":[0.316979,-0.3439,-0.19,-0.001],
"0SGG0WSW":[0,0,-0.1,0.532085],
"0WSWSWSR":[0.272068,-0.1,0,0],
"SWGR0G0W":[-0.1,0.326936,0,0],
"0WSW0WGG":[0,0,1.86065,0],
"SGSWSWSS":[0,-0.1,0,0],
"RWSWW0W":[-0.174034,0,0.206889,-0.1],
"SWSG0S0R":[0,0,0.079955,-0.1],
"0GSS0RW":[0.00137709,-0.00234675,-0.1,-0.1],
"GWWSWSW":[1.15203,-0.1,0,-0.1],
"WSS0W0W":[-0.745813,0.281331,0.0640829,-0.794109],
"SGSWSSSW":[-0.1,0,0,0],
"0GSW0WGR":[0.040022,0,0,0],
"0WRGSS0W":[0.297755,-0.1,-0.00127703,-0.0944386],
"SW0RSW0S":[-0.1,0,0,0],
"SW0S0S0R":[-0.1,0,0.0458668,-0.001],
"SWRGW0W":[0,0,0.146198,0],
"GGSW0WW":[0,-0.001,0,0],
"SWW0WRS":[0,0.0304607,0,0],
"0GWSS0S":[-0.001,-0.1,0.21922,-0.1],
"W0W0SSW":[-0.1,0.275871,-0.1,0.0131961],
"0SSRW0W":[0.00760741,-0.1,0.213988,0],
"SW0G0W0R":[0,0.252624,-0.001,-0.00109],
"0RSS0GW":[-0.0019,0.0365323,-0.1,-0.1],
"RW0WSWSS":[-0.0762228,0,-0.1,0.113674],
"0RSWSW0W":[0.271484,-0.19,-0.00216278,-0.19],
"GW0GSWRW":[0,0,0,0.00604833],
"SWW0G0G":[-0.1,-0.001,0.602279,-0.1],
"0SSSGRW":[0,0.103771,0,0],
"GWWSSGW":[0.119043,0,0,0],
"SWSW0GW":[-0.1,0.23657,-0.1,-0.19],
"0W0WSR0G":[0,0,0.590682,-0.001],
"0G0WSSSW":[0.786629,-0.3439,0,0],
"SS0WRWW":[-0.1,-0.100314,-0.1,0.223537],
"GW0GSS0W":[1.28241,0,0.0109026,0.0080361],
"GR0SSSSW":[0,0,-0.1,0],
"0SSW0RSW":[-0.001,0,0,0],
"GW0W0WSG":[0,-0.00157447,-0.1,0.0410115],
"SSSWGW0G":[0,0.342825,0,-0.1],
"0WRG0WSW":[0.10855,0,0,-0.0965957],
"RGSWSWSS":[0.0199158,0,0,0],
"0WRWSWSS":[0.162386,0,0,0],
"0W0WGWSS":[0.0403597,1.29303,-0.40951,0.112117],
"SS0WGW0G":[-0.19,1.31926,0.0304579,0.0241952],
"SRSS0WSW":[-0.1,0.0912816,0,0],
"GWSSWW":[0.561452,0,0,0],
"GW0W0W0W":[0.103311,0,0,0],
"SG0WRWSW":[-0.1,-0.0861855,-0.19,0.0264526],
"0W0G0W0W":[-0.00109,0,0,-0.001],
"W0GSSSW":[0,0,-0.1,0.411504],
"SWW0WSW":[-0.1,0.162823,-0.1,-0.1],
"WSRSW0W":[-0.1,-0.1,0.0567499,-0.1],
"SW0GRW0W":[-0.1,-0.160245,-0.00167492,0.379532],
"SR0S0G0W":[0,0,0,0.022253],
"0WWSRSS":[0.157029,-0.1,0,0],
"W0WSSSW":[-0.3439,-0.1,-0.1,0.222588],
"0WSW0SRW":[0.381859,0,-0.09269,-0.1],
"GWSW0WGW":[0.504283,0,0,0],
"0GW0GSW":[-0.0019,0.0502122,-0.1,-0.1],
"WW0GSG":[-0.1,-0.00120494,0,0],
"RSSS0WSW":[0,0,-0.1,0],
"0R0WSSGW":[0,0,0.722453,0],
"0WSWSS0W":[0.104992,-0.61258,0.251968,-0.849905],
"W0WSWSR":[-0.1,0,0,0.125449],
"GW0WSSGS":[0,0,0,0.0141089],
"GW0WSS0G":[1.33317,-0.19,0.0641038,0],
"WSW0W0R":[-0.1,0.269956,0.0101165,0],
"W0WSW0R":[-0.1,-0.1,0.254335,-0.00467256],
"0WSSSSGS":[0,-0.1,0,-0.1],
"0WGW0SSR":[0,0,0,0.309925],
"0G0RSS0W":[1.06435,-0.271,0.00519672,-0.001],
"SR0G0WSW":[-0.1,0.156754,-0.19,0],
"0WSG0WRW":[-0.00135186,0.245531,-0.100695,-0.1],
"RW0W0WSG":[-0.10009,0.0528127,-0.1,0],
"SW0R0GSW":[0,0.427151,0,0],
"SSSRGW0W":[-0.1,0,0,0],
"SSGW0WRW":[-0.1,0.181078,-0.0959249,0],
"0W0WSRSW":[0,0,-0.1,0.361792],
"0WSW0S0W":[0.187379,0.122904,0.369682,-0.686189],
"0R0WSS0G":[0,-0.1,0.754426,0],
"W0WRWSG":[0,-0.0698074,0,0],
"0WSWRW0G":[0,-0.095311,0.849406,0],
"0WSW0SGW":[0.0286586,0,1.27949,-0.1],
"0W0SGSSW":[0,0,-0.1,0],
"SGSW0WSW":[-0.1,0.0374871,-0.1,-0.1],
"WSWSW0W":[-0.40951,-0.521703,0.227968,-0.40951],
"0W0GSR0S":[0.0296484,0,0,0],
"GWSW0GW":[0.194274,0,0,0],
"WWGWSS":[0,0.291215,0,0],
"SS0RGW0W":[-0.1,1.38384,0,0],
"SW0GGW0W":[0,0,0.180167,-0.001],
"0WRWSG0W":[0.0504875,0,0,-0.0738362],
"SWSS0SSS":[-0.1,-0.001,-0.1,-0.1],
"0GSSW0G":[0.114941,0,0,0],
"SWSR0WSW":[0,0.245297,0,0],
"0G0GSW0R":[0,0,0.0311094,0],
"WRGSW0S":[0,0,-0.001,0],
"0WSWSGSR":[0.124831,0,-0.1,0],
"W0RSSSW":[-0.1,-0.1,-0.1,0.0161638],
"0W0G0GSW":[-0.0019,0.58377,-0.19,-0.00146526],
"SS0G0R0W":[-0.1,0.215028,0,-0.001],
"0WSWSWW":[0.141009,-0.19,-0.19,-0.19],
"SW0W0GGR":[-0.1,0,0.126938,0],
"0GRWSW0W":[0.94485,-0.1,0,-0.0677692],
"0W0RSWGW":[0,0,1.05508,0],
"0WSGSGW":[0,0,0,-0.1],
"GWWSWSR":[0.240402,-0.1,-0.1,0],
"SSSSGGW":[0,0,-0.1,-0.1],
"GWSS0WGR":[0,0.145865,0,-0.1],
"SSSGW0S":[0,0,-0.001,0],
"SW0W0W0S":[-0.468559,0.100621,0.0476305,0.424775],
"0WRGSW0W":[0.246082,-0.19,-0.0012909,-0.0802301],
"SWSWRS0W":[-0.1,0,0.146681,0],
"WGGSSSS":[-0.1,-0.1,0,0],
"RWW0WSS":[-0.0969641,0.211598,-0.19,-0.1],
"0GWSW0G":[-0.001,-0.1,0.530528,-0.1],
"0GSW0R0W":[-0.001,0.103743,0,0],
"SWSR0WGG":[0,0.0351677,0,0],
"WWSS0G":[-0.19,-0.19,0.196575,-0.19],
"WRWSWW":[0,-0.1,-0.1,-0.0958112],
"0G0WGWSS":[0,0,-0.1,0.304316],
"GW0WSW0G":[1.28982,-0.1,0,0],
"SW0W0WW":[-0.569533,0.0588701,-0.771232,0.259387],
"0WGGSW0R":[0,0,0,0.101508],
"SS0RGWGW":[0,0.354204,0,0],
"0W0WSS0R":[0.450753,-0.40951,0.0609016,0.0640801],
"0WWGSSW":[0,0.468559,-0.1,0],
"SGSR0WW":[-0.1,-0.001,0,0],
"0WWSWGG":[0.075718,0,0,-0.1],
"GR0WWSS":[0,0,-0.1,0.17213],
"0S0W0WSS":[0.0969925,0.140817,-0.1,0.453664],
"WSSRW0W":[0,0,0.188656,0],
"0GW0WSS":[0.464732,0.0397263,-0.3439,-0.40951],
"SW0SW0R":[0,0,0,0.0269932],
"WWSS0R":[-0.1,-0.1,0.107675,-0.1],
"SW0G0R0W":[-0.1,-0.00235694,-0.0025574,0.454927],
"WW0WSG":[-0.1,0.0581706,-0.1,-0.1],
"0W0WWSR":[0.376318,-0.1,-0.1,-0.0014613],
"WGWGWSS":[0,0,0,0.123351],
"W0WSRGW":[0,-0.1,0.0991759,-0.001],
"SWSSRWSW":[0,-0.0722303,-0.1,0],
"SWSWWSS":[-0.1,-0.1,-0.19,-0.19],
"0GSR0G0W":[-0.000252873,0.10651,0,0],
"0G0WSW0R":[0.861021,-0.1,0.0102294,-0.00146486],
"W0GSG0W":[-0.1,-0.1,0,0.0425727],
"GW0WSSSG":[0.441324,0,0,0],
"SW0GWSW":[-0.19,-0.1,-0.1,0.21148],
"GSSS0W0W":[0,0,0.020214,0],
"0WGWSWSW":[0.283827,-0.1,-0.1,0],
"SSGR0W0W":[0,0.308104,0,0],
"SW0WGWGW":[0,0,0,0.0847373],
"SWSSWSW":[-0.19,-0.19,-0.19,-0.19],
"0WSW0WGR":[0,-0.00137292,1.22819,0],
"0SRSSWW":[-0.001,0,0,0],
"0GWWSW":[0.196852,-0.1,-0.1,-0.1],
"RWW0WSG":[0,0,0,-0.1],
"0SGWWSR":[0,0,-0.1,0],
"SG0RSWSS":[0,0,-0.1,0],
"0W0WSWSS":[0.360401,-0.521703,-0.61258,0.110467],
"SSW0G0G":[0,0.323683,0,-0.1],
"SW0SRWW":[0,-0.0760086,-0.1,0.0453178],
"0WSSSS0G":[0.307232,0,0.0857785,0],
"SS0S0G0W":[0,0,0.253603,-0.001],
"0WSG0WGW":[-0.001,0,0.539068,0],
"SSW0R0W":[-0.1,-0.001,-0.000621445,-0.1],
"0G0WSS0R":[0.922815,-0.19,0,0],
"W0G0WSS":[-0.271,0.281294,-0.1,0.062822],
"GW0WGSSW":[0,0,0,0.0093843],
"0SSW0G0G":[-0.001,0,0.330035,-0.1],
"SG0W0WRG":[0,-0.00191945,0,0],
"SW0R0WW":[-0.19,0.273785,-0.3439,0.0136772],
"SW0S0WRG":[-0.1,0,0,0.122347],
"GGSS0W0W":[1.54304,-0.001,-0.00249347,-0.1],
"SW0WGWSS":[0,1.30006,0,0],
"RWSS0WW":[-0.1,0.109991,-0.1,-0.19],
"SSWGWSW":[-0.1,1.17764,-0.1,-0.19],
"RWSSSWSW":[-0.0891434,0,0,0],
"SW0RGW0W":[-0.1,0,0.228044,-0.0014927],
"GS0WSSSW":[0.486604,0,0,0],
"SSW0G0W":[-0.271,0.0357102,0.249867,-0.19],
"SW0WSSSG":[-0.1,-0.1,0,0.0307204],
"SW0S0WW":[-0.1,0.0409242,-0.3439,0.198298],
"0G0RSWW":[0,-0.1,0,0.150625],
"0W0WSW0S":[0.289236,-0.19,0.059435,0.0569274],
"0SWGWSS":[0,0.390499,-0.1,0],
"WGWSW0W":[-0.1,0,0,1.11775],
"RWWWSG":[0,-0.1,0,0],
"GWRWSWW":[0.232445,0,0,0],
"SWGWSWSS":[0,0,-0.1,0],
"WWSSSR":[-0.1,0,-0.1,-0.1],
"GGWSSSR":[0.117802,0,0,0],
"0SSSW0G":[0.0621848,0,-0.001,-0.1],
"0WSWGWW":[-0.00128603,1.12767,-0.1,-0.1],
"0WSW0WRW":[-0.00275009,0.270822,-0.100549,-0.1],
"SWGRWSS":[-0.1,0,0,0],
"WSR0S0W":[0,0,0.0987707,0],
"SS0W0WGW":[-0.3439,0.0370449,1.33408,0.0132968],
"0WSWW0W":[0.0384167,-0.71757,0.245049,-0.61258],
"0GSW0RW":[0,0,-0.1,-0.1],
"SG0W0G0W":[-0.1,0,0,0.28867],
"SWSG0W0G":[-0.1,0.189827,0,0],
"SG0WWSW":[-0.1,-0.1,-0.1,0.228735],
"0SSS0WGG":[0,0,0,-0.1],
"SWRGSGSW":[0,0,-0.1,0],
"SW0S0GSR":[0,0,0,0.021734],
"RWSS0W0W":[0,0.249257,0.0392671,-0.19],
"0G0WSR0W":[0.889632,-0.1,0.00903081,0],
"SWSR0GGW":[0,0.0168674,0,0],
"SR0W0W0W":[-0.40951,0.3023,0.02172,0.157613],
"SWRW0GW":[-0.1,0.199833,-0.1,-0.07722],
"RGWSW0S":[0,-0.1,0,-0.1],
"WSS0S0G":[-0.1,0.211671,-0.001,-0.271],
"0W0GSS0W":[0.0520563,-0.71757,0.101442,0.63684],
"WSR0SGW":[0,0,0.246212,0],
"SWSRSSW":[0,0,0,-0.1],
"0WGR0WSS":[0,0.258715,0,0],
"0W0GSWRW":[0.267186,-0.1,-0.0999471,-0.00271],
"SS0WGGW":[0,0,0,0.21332],
"0GSWW0W":[0.640458,-0.19,0.0196203,-0.3439],
"0WWSW0G":[0.0512877,-0.271,0.590628,-0.468559],
"0WSW0W0G":[0.190917,0.155695,0.853009,-0.92821],
"0W0WSSW":[0.0820382,-0.468559,-0.468559,0.289678],
"GWW0WSR":[0,0,0,-0.1],
"0GSW0S0W":[0.951946,0.000970534,0.0173331,0],
"0WRGSWW":[0,-0.1,-0.1,-0.1],
"GWSSSW0G":[0,0,0,-0.1],
"GWSWW0W":[1.13022,0,0,0],
"0GSWW0R":[0,0,-0.001,-0.1],
"W0SSSSW":[-0.1,-0.1,-0.1,0.0175957],
"0W0WSSRW":[0.315776,-0.19,-0.0999732,0.0287047],
"SW0W0GW":[-0.19,0.0143579,-0.271,0.315904],
"0GGWWSR":[0,0,0,0.234047],
"SR0WWGW":[0,0,0.634391,0],
"SW0G0W0G":[-0.1,0.168309,-0.001,0],
"SW0WGG0W":[0,1.90787,0.00377812,0.0361329],
"GGWWSW":[0,-0.1,-0.1,-0.1],
"GW0WSWGW":[0,0,0.912687,0],
"0SSR0W0W":[0.152988,0,0,-0.19],
"RW0W0WSS":[-0.144254,0.0305123,-0.521703,0.433683],
"SWSW0W0W":[-0.833228,0.381259,0.198067,-0.878423],
"0GWWSS":[0.390086,-0.19,-0.19,-0.19],
"0RSW0WW":[-0.0026762,0.0872826,-0.1,-0.1],
"0W0WSRGS":[0,0,0,0.0275828],
"SGWRW0S":[0,0,0,-0.1],
"SWWRG0S":[0,0,-0.001,0],
"0GGWSWRW":[0,-0.1,0,0],
"SSSGWW":[-0.1,-0.1,0,-0.1],
"0RWSSSW":[0.131912,-0.1,-0.1,-0.1],
"SS0WWGG":[0,0,0.108224,0.1514],
"WSWRGW":[0,-0.1,0,0],
"0WSWGR0W":[0,0.717729,0,0],
"GW0WSGW":[0.465655,0,0,0],
"GW0SSWRW":[0.226361,0,0,0],
"WSWSS0G":[0,-0.1,0.390813,0],
"0RSS0G0W":[-0.001,-0.001,0.288382,0],
"RS0WWSG":[-0.1,0,-0.1,0],
"SW0GW0W":[-0.19,-0.19,-0.00571505,0.500385],
"GWSW0S0R":[0,-0.001,0,-0.1],
"0W0RSSSW":[0.313773,-0.1,-0.1,-0.000161338],
"0G0W0GSS":[0,-0.0019,0,0.319215],
"SGW0WSS":[-0.1,0.0374864,0,0],
"0G0WSSSG":[0,0,-0.1,0.127568],
"SS0RWGW":[-0.1,-0.1,0.543468,-0.001],
"0G0WSGW":[0,-0.1,0,-0.00205436],
"GW0WSWW":[1.22091,0,0,0.0324641],
"SS0WGWRG":[0,0.528479,0,0],
"0WGW0WSW":[0.0436014,0.0938443,-0.3439,1.49541],
"SW0W0R0W":[-0.569533,0.0390576,0.25947,0.000871385],
"W0WGSSW":[0,0,0,0.0147802],
"0RGWSWSW":[0.0390392,0,-0.1,0],
"SW0WSGSS":[-0.1,0,-0.1,0],
"SW0W0WGS":[-0.1,0,0,0.103185],
"0WGWRGSW":[0,0,0,0.107796],
"W0WSSW":[-0.19,-0.271,-0.19,0.214252],
"SGWSWSR":[0,-0.1,0,0],
"SSWGW0R":[0,0.99855,0,0],
"SSWW0R":[-0.1,-0.1,0.00559716,-0.1],
"W0R0WSW":[0,0.252497,0,-0.0019],
"0WSRWGW":[0.0568056,0,0,-0.1],
"WWSSSW":[-0.40951,-0.40951,-0.468559,-0.40951],
"GWSSSSSW":[0.124631,0,0,0],
"SWW0RSS":[-0.1,0,0,-0.1],
"SS0W0S0S":[-0.1,0,-0.001,0.0924209],
"SSSWGWW":[-0.1,1.12847,0,0],
"WSG0R0W":[-0.1,0.0455301,-0.001,-0.1],
"0W0W0GSS":[0.037399,0.666038,-0.686189,0.243666],
"0WSW0G0W":[0.0236536,0.701765,0.066838,-0.833228],
"SWSW0W0R":[-0.1,0.293035,0.0153036,-0.19],
"0W0W0RSG":[0.129806,-0.001,-0.1,-0.00208279],
"SW0W0G0G":[-0.1,0,0.722055,0.00577321],
"0GSSW0W":[0.480303,-0.468559,0.00116743,-0.271],
"0WGWSW0W":[0.00451442,-0.3439,-0.00102555,1.3674],
"0SSSGWGW":[0,0.12008,0,0],
"W0SSWW":[-0.1,-0.1,-0.1,-0.00526012],
"SSGWW0W":[-0.1,-0.1,0.00146412,1.13726],
"0W0WWSS":[0.161456,-0.849905,-0.864915,0.530951],
"SW0G0RSS":[0,0,0,0.114931],
"0WRWWSS":[0.0900882,-0.1,-0.1,-0.0812261],
"0R0GWSW":[-0.0012224,-0.1,-0.1,0.238532],
"WSG0RGW":[0,0.0181192,0,-0.1],
"W0W0RSS":[-0.1,0.160527,-0.19,0.0413051],
"SS0R0WSW":[-0.19,0.315791,-0.1,-0.001],
"0RSGSS0W":[0,0,0.0444246,0],
"SS0W0WGR":[0,-0.000937504,1.00415,0],
"SWSG0R0W":[0,-0.001,0.242725,0],
"GWSSSWSW":[0,0,-0.1,-0.1],
"GWSWGW0W":[0,0.356003,0,0],
"WSRSWW":[0,0,-0.1,-0.1],
"0RGWWSW":[0,0,0,1.05428],
"0SSWSWW":[0.0456634,-0.1,-0.1,-0.1],
"0R0GSSSW":[0,0,0,0.246581],
"0WSSW0R":[0.04814,-0.1,-0.002791,-0.1],
"SSSSWSS":[0,0,0,-0.1],
"SW0W0GSR":[0,0.553635,0,0],
"0SW0WSS":[0.0479484,0,-0.1,0],
"WWSR0W":[-0.1,-0.1,0.207073,-0.271],
"SWGR0WSW":[-0.1,0.060867,0,0],
"SWSW0WRG":[-0.1,0.163296,-0.0195895,0],
"W0GSGW":[0,0,0,-0.001],
"0WGWSR0W":[0,0,0,0.418663],
"0WSRGW0G":[0.0118441,0,0,0],
"SW0W0G0W":[-0.974968,0.861885,0.121133,0.229922],
"GWGW0RSW":[0,-0.001,0,0.112058],
"SSSSW0W":[-0.1,-0.1,0.115269,-0.1],
"RW0WSWW":[-0.1,0,0,0.20969],
"SW0SSSSW":[-0.1,-0.1,0,-0.001],
"WSS0SGW":[0,0,0.768909,0],
"0WGR0SSW":[0,0,0,0.355427],
"0W0SSWGW":[0,-0.1,1.28264,-0.001],
"RWWSS0G":[0,0,0.271411,-0.1],
"WSS0WGR":[0,0.0411241,0,-0.1],
"0RSW0W0G":[0,0.038856,0.925462,0],
"GR0GSW0W":[0,0,0,0.152022],
"0WGWSW0G":[-0.00175452,0,0.330755,0],
"GWSWSWGW":[0,0,0.12121,0],
"SWRS0GW":[-0.1,0.0476174,-0.1,-0.0794708],
"WSS0RW":[-0.1,0.0978103,-0.1,-0.1],
"SS0SGW0W":[-0.1,0,0.254264,-0.001],
"0GSWWRW":[0,0,0,-0.1],
"0W0RGSSW":[0,0.131128,0,0],
"SR0WSSSS":[-0.1,0,0,0],
"0SSW0R0G":[0,0,0.378014,0],
"0WSWSWSW":[0.30537,-0.1,-0.19,-0.19],
"SS0WGG0W":[-0.19,0,0.220459,0.018052],
"SSSW0W0W":[-0.40951,0.0303102,0.345193,-0.19],
"0WSGW0G":[0,0,0.0121224,0],
"0WSWW0G":[0.218812,-0.19,-0.00199,-0.19],
"SWSW0WRW":[0,0.252425,0,0],
"GW0W0RSW":[0,0,-0.1,0.160179],
"SS0GGW0W":[-0.19,0.119305,0.0112324,0.533612],
"0SSS0W0G":[0,0.287647,0,0],
"0W0WSS0S":[0.115266,-0.61258,0.0593435,0.272603],
"SSSWGW0W":[0,0.13198,0.237412,-0.1],
"SWSR0SW":[-0.1,0,0,0],
"SS0S0GW":[-0.1,0.273724,-0.1,0.0341284],
"SS0SRGSW":[-0.1,0,-0.1,0],
"RGSS0WW":[-0.1,0.0521659,-0.1,-0.1],
"0WWSW0W":[0.121624,-0.957609,0.391704,-0.979724],
"0GSS0WGW":[0.0417673,-0.00118472,1.24845,-0.19],
"0W0WWSG":[0.344592,-0.521703,-0.1,0.0502152],
"SS0R0GGW":[0,-0.00130951,0.775536,-0.001],
"0GSWSR0W":[0,-0.1,0.108398,0],
"WSWGW0G":[0,0,0.0451668,0],
"WSS0S0W":[0,0.0308797,0.210868,-0.1],
"0WSGRWW":[-0.001,-0.100755,0,-0.1],
"0WSWSSGG":[0,0,0,-0.1],
"0WSSSS0W":[0.0806141,-0.1,0.313123,-0.271],
"GW0WSWRW":[1.15973,-0.1,0,0],
"0S0WRWSW":[0,-0.0871921,-0.1,0.419658],
"0WSGGW0W":[0,0,0.0534392,-0.1],
"0WSW0R0W":[0.0331855,0.0436517,0.339873,-0.3439],
"0WSSRW0W":[0.0102454,-0.125733,0.287812,-0.19],
"SSSSSS0S":[0,-0.1,0,0],
"SS0WGWSW":[-0.1,1.43462,-0.1,0],
"SWW0GSS":[-0.1,0.403229,-0.19,-0.1],
"RW0G0WSS":[0,0,-0.1,0.377987],
"SW0RWW":[-0.1,-0.1,-0.1,0.00132612],
"SW0G0WGW":[0,0,0.735675,0],
"0RWWSW":[0.0366154,-0.1,-0.1,-0.1],
"SWW0W0W":[-0.40951,0.0121984,0.273982,-0.521703],
"SW0GSSSW":[-0.1,-0.1,-0.1,0.198721],
"0G0G0WSS":[0.00950585,0.197251,-0.1,-0.00114923],
"SWSS0S0S":[-0.1,-0.001,-0.001,-0.1],
"SW0W0GSG":[0,0,-0.1,0.0738524],
"SSWGGSW":[0,0.805618,-0.1,-0.1],
"SS0GWSS":[-0.1,0,-0.19,0.559152],
"0GGW0WSS":[0.736247,-6.95679e-05,-0.1,0],
"0R0SSSW":[0,-0.1,0,0.0336271],
"RWSS0SW":[0,-0.001,0,0],
"SSW0WGW":[0,0,0.686917,-0.1],
"SG0SRW0W":[0,0,0.215838,0],
"0WWRWSW":[0.144528,-0.0881892,-0.1,-0.1],
"0WSSGRGW":[0,0,0.308861,0],
"0WSWSW0G":[0.0368446,-0.3439,0.74401,-0.19],
"RWSW0G0G":[0,-0.001,0.0135345,-0.1],
"0W0WGRSW":[0,0.814054,0,0],
"RWSW0G0W":[-0.1,0,0.166829,0],
"0GWSW0W":[0.0320623,-0.61258,0.343991,-0.19],
"RS0SSWSW":[0,-0.1,0,0],
"0GRW0WSW":[0.176453,-0.000340068,0,0],
"SGW0G0R":[0,0.0179274,0,0],
"0W0GSSW":[-0.00362409,-0.19,-0.1,0.346984],
"SS0R0GSS":[0,0,0,0.0415242],
"SWW0G0R":[-0.1,0.0157469,0.239482,-0.1],
"0W0R0GSS":[0.0885369,0,-0.1,0],
"SWGS0RSS":[0,0,-0.1,0],
"WSSSWSW":[-0.1,-0.1,-0.1,-0.1],
"RW0WWSS":[-0.0815664,-0.1,-0.1,0.302906],
"W0WSWRG":[-0.1,0,-0.0789721,0.0139883],
"SSWSW0S":[-0.1,-0.1,-0.100239,-0.1],
"0WSWSR0G":[0.213426,-0.1,0,0],
"0G0WSSW":[-0.001,-0.1,-0.1,0.28321],
"SS0R0WW":[-0.1,0.0250505,-0.1,0.248356],
"0GSSRWW":[-0.001,0,0,-0.1],
"0RSWW0W":[0.0100608,-0.19,0.24761,-0.271],
"0RSWSWSG":[0.0487915,0,0,0],
"0WRWSSSW":[0.24136,0,0,0],
"0GSRSW0W":[-0.001,0,0.208175,-0.1],
"SWW0GSW":[-0.1,0.370074,-0.1,-0.1],
"RGSS0W0W":[0,0,0.208017,0],
"SWSR0GW":[-0.1,0.175657,-0.19,-0.1],
"W0GSW0W":[-0.3439,-0.1,0.0148435,0.33026],
"0G0GWSW":[0.473815,-0.1,0,-0.001],
"WGWSWSW":[0,-0.1,-0.1,0.693503],
"W0GSWRW":[-0.1,-0.1,-0.0950722,-1.34571e-05],
"SW0WSRSW":[0,0,0,0.269492],
"0R0W0WSS":[0.00935133,0.104035,-0.40951,0.473693],
"SR0G0G0W":[0,0,0.0149118,0],
"0GWSG0W":[-0.000722471,-0.1,0.0256149,-0.1],
"GRSSW0W":[0.390613,-0.1,0,0],
"0WWSSGG":[0,0,0.372831,0],
"WSR0G0W":[-0.1,-0.001,0.19124,-0.1],
"SGSW0W0G":[0,-0.001,0.195387,0],
"0WSRSW0W":[0.298876,-0.1,0,-0.1],
"SG0W0RW":[0,0,0,0.0519499],
"0SSS0WW":[0,0.249865,0,0],
"GRSWSWW":[0.1,0,0,0],
"SR0GW0S":[0,0,-0.001,0],
"W0W0WSG":[-0.19,-0.00246021,-0.1,0.0948836],
"0WWSS0S":[0.290848,-0.1,0.0344921,-0.271],
"GSSW0W0G":[0,0,0.117585,0],
"SW0S0G0W":[-0.271,0.382879,0.0715466,0.129854],
"WRWSS0W":[-0.1,-0.19,0.143737,-0.12439],
"SWGW0S0S":[0,0,-0.001,0],
"SWW0GRW":[0,0.243592,-0.1,0],
"W0SSSGW":[0,0,0.192927,-0.001],
"SR0W0W0G":[-0.1,0,0.767207,0],
"SW0SWSS":[0,-0.1,0,0],
"0W0WGWSW":[-0.001,1.28347,-0.19,0.0045651],
"SRWW0W":[-0.1,-0.1,0.156208,-0.1],
"GWGWSS0S":[0,-0.1,-0.001,0.395918],
"SSWW0G":[-0.1,-0.19,0.0512318,-0.1],
"GWRWSSSS":[0,-0.1,0,0],
"RW0WSWSW":[-0.10048,0,0,0.222417],
"SWRS0S0S":[0,0,-0.001,0],
"WSSGW0W":[0,0.791524,0,-0.1],
"0WSRWW":[0.116076,-0.19,0,0],
"W0W0WSR":[0,0.249093,0,-0.000506016],
"0GGRSW0W":[0,0,0.204204,0],
"SS0SW0R":[0,0,0.0084848,0],
"SW0WGW0W":[-0.521703,1.3609,0.139435,0.0829329],
"RWSSSWW":[-0.0800123,0,-0.1,-0.1],
"SG0WW0W":[-0.271,-0.19,0.0886848,-0.00499183],
"WRGSSW":[0,0,-0.1,0],
"SWSWRWGG":[0,0,0.143334,0],
"SSSW0WRG":[-0.1,0.0394004,-0.0123039,-0.1],
"0W0GSW0W":[0.188273,-0.745813,0.0176683,0.37641],
"SGWW0R":[-0.1,-0.1,-0.00199,-0.1],
"SS0RSWSW":[0,0,0,0.110086],
"SSW0WSG":[-0.1,0.145776,-0.1,-0.1],
"0W0SSG0R":[0,0,0,0.0016777],
"SG0W0W0W":[-0.651322,-0.00940041,-0.00889387,0.285798],
"SWRGSWSS":[0,-0.1,0,0],
"SG0R0G0W":[0,0.0714473,0,0],
"WSW0SRG":[0,0.0267969,0,0],
"0RSS0SGW":[0,0,0,-0.1],
"GGWSWSR":[0.119089,0,0,0],
"W0RSG0W":[-0.1,0,0.0212612,0],
"W0RSWSG":[-0.1,0,0,0],
"0W0WSWW":[0.0283174,-0.521703,-0.71757,0.362585],
"SW0WW0W":[-0.794109,-0.911371,0.0823278,0.302779],
"0GWSWSW":[0.208575,-0.19,-0.1,-0.19],
"SRSS0WGW":[0,0,0.124034,0],
"SW0W0WGG":[0,0.0219718,0.263413,0],
"0GWWSG":[0.157485,-0.1,-0.1,-0.1],
"SRSG0W0W":[0,0.114138,0,0],
"0WSW0W0R":[0.336296,0.00612647,-0.00638825,-0.40951],
"SW0GGR0W":[0,0,0.00440994,0],
"0W0GSS0S":[0.372639,0,-0.000508157,0.0242951],
"W0WSG0W":[-0.3439,-0.19,0.211621,-0.00290541],
"0GSWGW0W":[-0.000621261,0,0.084583,0],
"0GSRSWW":[0.143269,0,0,-0.19],
"WSS0GRG":[0,0.0484556,0,0],
"WSW0G0W":[-0.468559,0.500375,0.0231791,-0.40951],
"WSW0RW":[-0.1,0.0769184,-0.1,-0.1],
"0GWSW0R":[0,-0.1,0.242738,-0.1],
"0WGWSWSS":[0.198194,-0.1,-0.1,1.36403],
"0W0W0WSG":[0.0127351,0.286104,-0.686189,-0.00492135],
"0W0WWSW":[0.410321,-0.864915,-0.890581,0.127856],
"0SSW0W0W":[0.0409816,0.52276,0.0312494,-0.271],
"0RWSS0W":[0.00392095,-0.1,0.233007,-0.19],
"GW0GWSW":[0.1,0,0,0],
"0WW0GSW":[0.0139057,0.286539,-0.40951,-0.61258],
"0WSS0WGR":[0.00986144,0,1.24176,-0.19],
"RWSGSW0W":[0,-0.1,0.0115791,0],
"SG0WWGW":[0,0,0,-0.001],
"WW0WSW":[-0.1,0.0859775,-0.1,-0.271],
"0RSSWW":[0.100329,-0.1,-0.1,-0.1],
"RWSSGW0G":[0,0.117538,0,0],
"SW0G0RSW":[0,0,0,0.203243],
"SWW0GGW":[-0.1,0,0,-0.1],
"GWSS0W0W":[1.34136,-0.0019,0.0595472,-0.19],
"WSS0G0W":[-0.3439,0.556547,0.0224636,-0.271],
"SW0SGS0R":[-0.1,0,0,0],
"0GGWSW0W":[0.92048,-0.1,-0.001,0],
"0W0GSS0G":[0.218076,-0.1,0,-0.001],
"0W0W0RSW":[0.0504784,0.0418578,-0.521703,0.375861],
"SW0S0GW":[0,-0.001,-0.19,0.265876],
"0SGW0WSS":[0,0,-0.1,0.755307],
"0G0SSW0R":[0.361578,0,0.00112432,-0.000141499],
"SWGW0WSW":[0,0,0,1.32531],
"WSGSW0S":[0,-0.1,0,0],
"SGWW0W":[-0.1,-0.1,0.119824,-0.1],
"SSGW0GSW":[0,0.499983,-0.1,0],
"0W0WRWSW":[0.229232,-0.251503,-0.1,0.0319742],
"SSSR0WSW":[-0.1,0.0696281,0,0],
"WW0RSG":[0,0,-0.1,0],
"SSGS0W0W":[0,0.200921,0,0],
"0RWSGSS":[0,0,-0.1,0],
"WWSWRW":[-0.271,-0.271,-0.213963,-0.271],
"SWRGGWW":[-0.1,0,0,0],
"SSSSSWSG":[0,0,-0.1,0],
"SS0W0W0R":[-0.3439,0.392877,0.0582953,0.0328271],
"0SSW0WSG":[0,0.0815806,0,-0.1],
"SR0WW0W":[-0.271,-0.1,0.0199504,0.27352],
"0GSWSG0W":[0,-0.1,0.227127,-0.19],
"GS0G0WSS":[0,0,-0.1,0],
"0W0WSW0G":[0.034316,-0.651322,0.928377,0.00731763],
"0GWSWGW":[0,0,0.983092,-0.1],
"0WWSWGR":[0.0749547,0,0,0],
"0G0G0RSW":[0.0173924,0,0,0],
"0WSS0W0G":[0.284681,0.220384,1.0466,-0.99293],
"0WSWGSGW":[0.0201585,0,0,0],
"0R0WSSGG":[0,0,0.106536,0],
"SS0W0G0S":[0,0,0,0.325679],
"0GSWSSW":[0.392293,0,0,0],
"SWSS0W0G":[0,0,0.869034,-0.1],
"0W0RSSW":[-0.00223739,-0.1,-0.1,0.176535],
"SGW0WRW":[-0.1,0,0,0],
"SWWGW0S":[-0.1,0.116428,0.201413,-0.1],
"SGW0W0W":[-0.19,0.0102578,0.249812,-0.1],
"0G0WGRSS":[0,0,0,0.0223964],
"0RSG0S0S":[0,0,-0.001,0],
"SWW0WGS":[-0.1,0,0,-0.1],
"0WGWSGSW":[0,0,0,0.214576],
"GW0W0WSS":[1.28654,0.0151845,-0.40951,0.0815075],
"SG0RWSW":[0,-0.1,0,0],
"0SSRGW0W":[0,0,0.0178993,0],
"0G0WSSGR":[0,-0.1,0,0.00252289],
"0S0WGGSW":[-0.00061636,0.383574,-0.1,0],
"GWSGSW0W":[0,-0.1,0,0],
"0W0WSRW":[0.0166832,-0.1,-0.19,0.303199],
"0WGWSSW":[-0.00156703,-0.1,-0.1,0.530472],
"SWSSSS0R":[0,-0.1,0,-0.1],
"WWSW0R":[-0.1,-0.1,0.05172,-0.1],
"GS0W0RSW":[0.552082,0,-0.1,0],
"0GSRW0G":[-0.001,0,0,0],
"0W0WSW0W":[0.398915,-0.999999,0.19634,0.224829],
"SSSSW0R":[0,-0.1,0.000805937,-0.1],
"0R0W0GSW":[0,-0.001,-0.1,0.324409],
"0WSR0S0W":[0.306118,0,0.0545517,0],
"0WWSSRW":[0.29958,-0.1,0,-0.1],
"SW0G0W0W":[-0.61258,0.353757,0.0550049,0.136294],
"0G0GSSW":[-0.001,-0.1,-0.1,0.134104],
"0WSRSSSW":[0,0,0,-0.1],
"GR0WSS0G":[0.609448,-0.19,0,0],
"GSSW0R0W":[0,0,0,-0.1],
"SW0SSW0R":[-0.1,0,0.0806206,-0.01],
"SWSWRW0W":[-0.1,0,0.298395,0],
"GW0GSWSW":[0.109292,0,0,0],
"0S0W0RSW":[-0.001,0,-0.1,0.404526],
"0W0WSW0R":[0.360848,-0.569533,0.0293138,0.0353577],
"SWSWRW0G":[-0.1,-0.0930962,0.0792474,-0.1],
"0W0R0WSW":[-0.00794165,0.266656,-0.19,-0.00565669],
"SWW0GSR":[-0.1,0.196154,-0.1,-0.1],
"SS0GSSSS":[0,0,0,0.0212319],
"0WWGWSW":[0,1.16103,0,0],
"WSR0W0W":[-0.1,0.27268,0,0],
"SSGW0W0W":[0,0.0796659,0.0522453,1.382],
"SW0G0G0R":[-0.1,-0.00116587,0.0590906,0],
"GWSS0W0G":[0,0.0101209,0.896766,-0.1],
"0W0G0WSW":[0.223246,0.0663891,-0.947665,0.273597],
"SSSWSWSG":[0,-0.1,-0.1,-0.1],
"0W0W0WSS":[0.238681,0.241536,-1,0.428922],
"SSWGG0W":[0,0,0.109913,0],
"0SSW0R0W":[0,0.160403,0,-0.19],
"0GSR0SGW":[0,-0.001,0,0],
"SW0RW0G":[0,-0.1,-0.001,0],
"0WSSW0W":[0.268472,-0.569533,0.0533319,-0.745813],
"SR0WSWSS":[0,0,0,0.156659],
"0RSWSWSW":[0.180007,0,0,-0.1],
"W0G0WSW":[-0.3439,0.295657,-0.19,-0.003439],
"RWSW0GGW":[-0.0791606,0,0,0],
"0G0WWSS":[0.777825,-0.271,-0.3439,0.060262],
"0WSS0GW":[-0.00708268,0.316311,-0.40951,-0.271],
"GW0WSWRG":[0,-0.1,0,0.035945],
"SS0W0WRW":[-0.40951,0.350095,-0.190729,0],
"SWSWWGW":[0,-0.1,0,0],
"GW0RSS0G":[0,0,0.146988,0],
"SWW0W0G":[-0.1,-0.00370335,0.671324,-0.1],
"GWWSSSR":[0,-0.1,-0.1,-0.1],
"0W0G0WSR":[-0.00121758,0.269604,-0.1,-0.00154264],
"W0RSW0W":[-0.1,-0.1,0.172395,-0.00154786],
"WRW0WSS":[0,0.189451,-0.1,-0.0661043],
"0S0WRWSS":[-0.000639269,-0.0784686,-0.1,0.375137],
"SW0W0W0W":[-0.999999,0.371533,0.203746,0.189812],
"0WWSG0W":[0.211993,-0.19,0,-0.19],
"0WSG0WW":[-0.00631584,0.211981,-0.3439,-0.271],
"SS0SSSRW":[-0.1,0,0,0],
"0RSW0S0S":[0.207363,-0.001,-0.001,-0.1],
"SW0GWGW":[-0.1,0,0,0],
"GRSWW0W":[0.19486,0,0,0],
"SS0WSSSW":[-0.1,-0.1,0,0.202924],
"0W0WSSGW":[0.0161043,-0.19,1.37668,-0.00171035],
"0WGWSGSS":[0,0,0,0.129643],
"SWSRGW0W":[0,0,0.078361,0],
"SW0G0G0W":[-0.1,0.935933,0,0.00763823],
"WSS0WRW":[-0.19,0.230473,-0.0614229,0],
"W0W0RSW":[-0.271,0.015401,-0.19,0.20893],
"SS0W0G0W":[-0.977472,1.03121,0.200988,0.27949],
"0G0W0WSS":[0.730095,0.179247,-0.878423,0.234193],
"W0W0WSW":[-0.849905,0.268886,-0.651322,0.020917],
"W0W0GSW":[-0.19,0.563675,-0.3439,0.00133989],
"0WSG0W0W":[0.0128903,0.248502,-0.0115639,-0.569533],
"SS0GW0W":[-0.3439,-0.1,-0.00662193,0.498298],
"0W0RSWSG":[0.162274,0,-0.1,0],
"SS0WGW0W":[-0.878423,1.49804,0.138808,0.176539],
"0WGWSWSR":[0.0641998,0,0,0],
"0WSGSSW":[0.175221,-0.1,-0.1,-0.1],
"SSW0W0R":[-0.1,0.216786,-0.0019,-0.1],
"0WWSG0S":[0,0,0.122505,0],
"RW0WSG0S":[-0.0816693,-0.1,0,0],
"SG0G0WW":[0,0,-0.1,0.0620436],
"0WWSG0R":[0.0614575,0,-0.00109,0],
"WWSW0S":[-0.271,-0.1,0.0227376,-0.1],
"0R0GWSS":[-0.000188681,-0.1,-0.1,0.362579],
"SS0G0W0W":[-0.864915,0.124572,0.07373,0.457527],
"GWGWSW0R":[0,-0.1,0,0.224048],
"0W0WSGRW":[0.108999,-0.1,0,-0.0013883],
"0WSWSG0G":[0.0477772,-0.1,0,-0.1],
"0WSSSSRW":[-0.001,0,0,-0.1],
"W0WSW0W":[-0.833228,-0.878423,0.272625,0.0214832],
"0WGWSWW":[0,0,0,1.28816],
"SSSW0G0S":[0,0,0,-0.1],
"SWSSSRSW":[0,0,0,-0.1],
"SG0WRW0G":[0,-0.0932321,0,0],
"0WSGSWSR":[0.0202465,0,0,0],
"GG0WSW0S":[1.45564,0,0,0],
"SR0W0G0W":[-0.1,0,0.233984,0.0231319],
"SSSRSWSW":[0,0,0,-0.1],
"0WSWRG0G":[0.0508484,-0.0182315,0,-0.1],
"0WSW0GW":[-0.00769566,0.220835,-0.1,-0.19],
"SGRG0W0W":[0,0,0,-0.0776916],
"0G0G0WSW":[0.0594108,-0.00101489,-0.1,0.500255],
"0W0W0WSW":[0.206517,0.207011,-1,0.466378],
"0S0WWSW":[0.248201,-0.19,-0.1,0.0198258],
"SWW0SSG":[-0.1,0,-0.1,0],
"0WRWSWSW":[0.313991,-0.1,-0.1,-0.0806694],
"0WSS0W0W":[0.311444,0.232108,0.22599,-0.999997],
"0W0WRWSS":[0.0151709,-0.292989,-0.40951,0.398242],
"SW0WWGR":[-0.1,0,0,0.0140805],
"0R0G0GSS":[-0.001,-0.001,0,0],
"SWSSSW0W":[0,-0.1,0.243464,-0.19],
"SWSW0W0G":[0,0.000849079,0.788847,-0.3439],
"WSS0W0G":[-0.19,0.253869,0.12624,-0.19],
"GGRW0WSW":[0,0.0355658,0,0],
"0RSWSS0S":[0.0306779,0,0,0],
"0WSWSGW":[0.0649437,-0.1,-0.1,0],
"SWGWW0W":[-0.19,-0.19,-0.001,1.25609],
"SSRGWW":[0,0,0,-0.0887953],
"0WSSSSSW":[0.43101,-0.19,0,-0.1],
"SSGWWW":[-0.1,-0.1,0,0.387776],
"0W0WSWSW":[0.19162,-0.864915,-0.849905,0.473363],
"GRSS0GW":[0.1,0,0,0],
"SWSSGWRW":[0,0,-0.082996,-0.1],
"SWGWGWRW":[0,0.11637,0,0],
"GWSGSWW":[0,-0.1,-0.1,0],
"SS0S0WGW":[0,0,1.05005,-0.001],
"GWSSRS0G":[0,0,0,-0.1],
"0WWSS0W":[0.134478,-0.814698,0.245092,-0.878423],
"0WWSW0R":[0.24981,-0.40951,0.0372582,-0.569533],
"GWSWSS0G":[0.446854,-0.1,0,-0.1],
"GW0G0WSS":[0,0.0656842,-0.1,0],
"RGWSSSW":[-0.0767875,-0.1,-0.1,-0.1],
"W0WSRSW":[0,-0.1,-0.1,0.0469307],
"0WGRSSSS":[0,0,0,0.137882],
"SWSW0R0S":[0,0,0,-0.1],
"RW0WSW0W":[-0.265336,-0.1,0.00763434,0.314925],
"0WW0WSG":[0.230331,-0.00391361,-0.271,-0.271],
"SS0G0S0W":[-0.1,0,0,0],
"SW0GRW0S":[0,0,-0.001,0],
"GR0WSW0S":[0,0,0,0.3077],
"W0WSWW":[-0.1,-0.19,-0.1,0.212934],
"SS0WGR0W":[-0.19,0,0.277592,0],
"0RWSW0W":[-0.00271,-0.271,0.260436,-0.1],
"SR0S0WSW":[-0.1,0,0,0.0786372],
"0GSWSW0W":[0.802577,0,0.00567938,-0.19],
"W0WSR0G":[-0.1,-0.1,0.219025,-0.001],
"0SSSGG0W":[0,0,0,-0.1],
"0WWSSRG":[0,-0.1,-0.1,-0.1],
"0GSW0W0R":[0.272362,0,0,-0.1],
"0WSWGW0W":[-0.00374289,1.37233,-0.00162155,-0.1],
"0W0RSWW":[-0.00449793,-0.271,-0.521703,0.233357],
"GWGRSS0W":[0.408638,0,0,0],
"GS0WSWSS":[0,-0.1,0,0.0326413],
"0WSR0W0W":[0.371628,0.0679801,0.145879,-0.651322],
"SSSSSS0R":[0,-0.1,0,0],
"0WRWSW0W":[0.284,-0.1,-0.00133338,-0.270621],
"RWSG0W0W":[0,0.046573,-0.00127551,-0.1],
"SG0SSG0R":[0,-0.1,0,0],
"SWRW0SSW":[-0.1,0.0556874,-0.1,0],
"WSSGG0W":[-0.1,0.1,0,0],
"0RSSSWW":[0.0279132,0,-0.1,-0.1],
"0W0GSR0W":[-0.001,-0.1,-0.0019,0.383527],
"0WSS0R0W":[0.0736278,0.247148,0.11573,-0.521703],
"0GSS0SSW":[0,0,-0.1,-0.1],
"RWSSW0W":[-0.099784,-0.1,0.235085,-0.1],
"0WSWGW0G":[0,1.05799,0,-0.1],
"0W0RWSW":[0.114787,-0.1,-0.1,-0.0019],
"0WSWRG0W":[0,0,0.226059,0],
"GG0SSW0W":[0,0,0,-0.001],
"W0WGRSW":[0,0,-0.1,0],
"GS0WWSS":[0,0,0,0.0989762],
"GWSSRWW":[0,-0.0888765,0,-0.1],
"0WSSWRW":[0.0307213,0,-0.0967685,-0.1],
"GW0WSWRS":[0,0,-0.0864095,0.122174],
"SWSGW0W":[-0.1,-0.1,0,0],
"0SSGW0W":[0.0412726,0,0,0],
"WSW0W0W":[-0.849905,0.265122,0.137504,-0.849905],
"SSW0W0W":[-0.61258,-0.0076282,0.243455,-0.569533],
"GSWGWSS":[0.1,0,0,0],
"SWWSSSR":[-0.1,0,-0.1,-0.1],
"0W0RSG0W":[0.123356,0,0,-0.00153343],
"RWWSW0G":[0,-0.1,0.225891,0],
"0W0W0W0W":[-0.00633483,-0.00612502,-0.00585198,-0.00576553],
"SS0SSW0W":[0,0,0.147443,0],
"0G0WSW0S":[0.577008,-0.521703,0.138085,0.058891],
"WSSGSGW":[0,0,0,-0.1],
"GSSR0WW":[0.104854,0,0,0],
"SGSWRW0W":[0,0,0.0801903,-0.1],
"SW0W0WSW":[-0.686189,0.0823262,-0.745813,0.347039],
"GWSSGW0W":[0.200535,0,0,0],
"WSS0R0W":[-0.271,0.206071,0.0552199,-0.19],
"SSSSRGW":[-0.1,-0.0761422,-0.1,0],
"WSSSG0R":[0,-0.1,0.012862,-0.1],
"SWSRSGSS":[0,-0.1,0,0],
"GWSW0W0G":[0,0,0.889972,0],
"WRW0SSW":[0,0.262036,0,-0.1],
"SS0G0W0G":[0,0.270157,-0.001,-0.001],
"SW0WGRW":[-0.1,0,-0.1,0.0922344],
"SSSS0S0W":[-0.1,0.0360976,-0.001,-0.1],
"SWGW0R0W":[0,-0.001,0.123624,0],
"SRSWSG0W":[0,0,0,-0.1],
"SS0W0G0G":[-0.19,1.00179,0.0727042,0.0232182],
"W0RSW0S":[0,-0.1,0.00273013,0],
"0RWGWSG":[0,0,0,-0.1],
"SWWGW0W":[0,0,0.26018,0],
"SS0WRG0W":[0,0,0,0.152941],
"0S0RSWSW":[0,0,0,0.150087],
"0W0R0SSW":[0,0,-0.1,0.0454488],
"0SSW0W0R":[0.0884807,0,0,0],
"SS0G0WW":[-0.3439,0.0238342,-0.19,0.30584],
"GGSSSW0W":[0.829668,0,0,0],
"0WSW0G0G":[0.0114274,0.039459,0.904828,-0.19],
"SWW0WRG":[0,0.0108852,-0.1,0],
"SW0W0W0R":[-0.745813,0.346592,0.0157717,-0.00184388],
"SG0S0WW":[-0.19,0,-0.1,0.0488974],
"SSSG0W0W":[-0.19,0.271175,0,0],
"0WRWSS0W":[0.0408147,-0.19,0.295731,-0.232936],
"0WRSSW0W":[-0.001,-0.1,0.274128,-0.0786589],
"0SSW0G0S":[0,0,0.0196156,0],
"0W0W0GSW":[0.0355417,0.518767,-0.814698,0.147069],
"RGWSWSS":[-0.1,0,-0.1,0],
"0RSSW0W":[-0.00411247,-0.1,0.261027,-0.19],
"0WSS0WGW":[0.209626,0.133376,1.43646,-0.911371],
"W0WSRW":[0,0,-0.1,0.144861],
"SW0WRG0G":[0,0,0.125455,0],
"0WGRSSSW":[0,-0.1,0,0.199013],
"0WSWSR0W":[0.270475,-0.271,0.0099223,-0.19],
"GRSS0W0W":[0.954198,-0.00126124,0,-0.1],
"W0WSR0W":[-0.19,-0.3439,0.218288,-0.000772305],
"0SSWGW0W":[0,0.960877,0,0],
"W0GSSRS":[0,0,-0.1,0],
"0S0GGWSW":[0,0.493546,0,0],
"RW0WSW0G":[0,0,0,0.0350132],
"0WSS0R0G":[0.0202312,0.0547835,0.923048,-0.19],
"SS0GSWSW":[-0.1,-0.1,-0.1,0.0543527],
"0G0WSWSR":[0.752219,0,0,0],
"0GRW0WSG":[0,0.014995,0,0],
"GWSR0WW":[0,0,-0.1,-0.1],
"GWSS0WW":[1.18111,-0.0019,-0.1,0],
"SS0R0W0G":[-0.1,0.297119,0.00751811,-0.001],
"0WGWSSSS":[0,0,0,1.25609],
"WRWSSGW":[-0.1,0,0,-0.0994697],
"SWSR0WGW":[0,0,0.454381,0],
"GWRWWSW":[0,-0.1,0,0],
"SRSSGWSW":[0,0.128495,0,0],
"RWSS0G0W":[0,0,0.289546,0],
"0WWWSW":[0.217738,-0.19,-0.468559,-0.19],
"0W0WSSGS":[0,0,0,0.0844495],
"SSSS0W0R":[-0.1,0,0.0794926,0],
"0R0WWSG":[0.149499,-0.1,-0.1,-0.00160371],
"SWW0R0G":[0,0,0.197904,-0.1],
"SSSW0RGW":[0,0,0.338443,-0.1],
"0WGWSSRW":[0,-0.1,0,0.60398],
"0WGR0WSW":[-0.00267874,0,-0.1,1.07646],
"W0GSW0S":[-0.1,0,-0.0019,-0.001],
"0WSW0GRW":[0,0.0666144,-0.0604031,0],
"0WSR0W0G":[0.00167728,0,0.919508,-0.1],
"0RSSGWW":[0.000281347,0,-0.1,0],
"0WSRW0W":[0.294816,0,0.00526567,0],
"SSSRGWW":[0,0.422053,0,0],
"SW0WRWSW":[-0.1,0,-0.1,0.316187],
"WW0SSG":[-0.1,-0.001,0,-0.1],
"0WSS0WW":[0.0458127,0.210837,-0.849905,-0.794109],
"SWRW0W0W":[-0.19,0.310357,0.0401303,-0.186],
"0G0W0WSG":[0.296738,-0.00121163,0,0],
"0G0GSW0W":[0.928898,-0.1,-0.0031599,0.114361],
"GW0WSSGW":[1.2496,0,0,0],
"SS0S0W0W":[-0.19,0.0356409,0.261255,0.0346595],
"GWSW0WW":[0.928591,-0.00199,-0.1,-0.1],
"W0G0GSS":[0,0.391459,-0.1,0],
"0GRWSSW":[0.108584,0,0,-0.0797583],
"0GGSSW0W":[0,0,0,0.237931],
"0R0WSW0W":[0.265926,-0.3439,-0.0076738,-0.0100883],
"W0W0GSS":[-0.1,0.410652,-0.19,-0.00152861],
"SW0RGW0S":[0,0.45414,0,0],
"SGSWW0W":[-0.1,-0.1,0.0162253,-0.1],
"0W0GSGSS":[0,-0.1,0,0.120059],
"0GGRSWW":[0.0180643,0,0,0],
"0GSS0G0W":[-0.001,0.00221991,0.243278,-0.1],
"SW0W0WRG":[-0.1,0.194161,0,0],
"SSRWWSW":[-0.1,-0.1,-0.1,0],
"0S0GSWSW":[-0.001,0,-0.1,0.192009],
"GW0GSW0W":[1.27494,0,0,-0.00131499],
"RS0W0WSS":[-0.0788954,0.289265,-0.1,0],
"0R0WSWW":[0.164624,-0.1,-0.1,0.0224904],
"0WSGSW0W":[0.321969,-0.1,-0.00361691,-0.1],
"0GSR0W0W":[0.624282,-0.00173705,0,-0.1],
"WSWRS0G":[-0.1,-0.0452917,0,-0.1],
"0G0GSS0W":[0,-0.271,0.0195657,0.668465],
"SRSW0W0W":[-0.1,0,0.271639,-0.1],
"0W0SSWW":[0.00277903,-0.19,-0.19,0.223481],
"0WSS0W0R":[0.0188746,0.27341,0.011686,-0.271],
"GGSS0WW":[0.824913,-0.000605802,-0.1,0],
"SSSWSWRS":[0,-0.1,0,0],
"0R0GGWSW":[0,0,0,0.0391798],
"RW0WWSW":[-0.0967744,-0.1,0,0.308223],
"RG0WSSSS":[0,-0.1,-0.1,0],
"0W0GSWW":[0.0206722,-0.271,-0.19,0.359156],
"0WSSSWSR":[0,-0.1,0,0],
"SRW0W0W":[-0.1,0.0214963,0.291389,-0.19],
"SWGR0W0W":[0,0,0.023331,0.898565],
"0S0WWSS":[-0.001,-0.1,-0.1,0.364564],
"SW0WRG0W":[-0.1,-0.147615,-0.00127791,0.237026],
"0WSSWW":[0.254103,-0.1,-0.1,-0.1],
"0WW0GSS":[0.0215878,0.327128,-0.468559,-0.61258],
"GW0WSW0W":[1.30919,-0.569533,0.0582436,0.0576897],
"0WW0WSS":[0.0967415,0.217464,-0.995825,-0.991272],
"0GSW0S0R":[0,0,0.000300471,0],
"GW0WSR0W":[0,0,0,0.209356],
"0WSWSRSW":[0.241861,-0.1,-0.1,-0.19],
"SS0WWW":[-0.19,-0.271,-0.19,0.204225],
"RG0WSWSW":[0,0,0,0.148804],
"WWSRGS":[-0.1,0,0,0],
"SG0W0WSW":[-0.1,0.250697,-0.1,-0.000124026],
"0WSSSSSG":[0,0,0,-0.1],
"GRSSSSW":[0.1014,0,0,0],
"SWGW0W0R":[-0.1,0,0,1.11126],
"SWW0G0W":[-0.19,0.119707,0.246166,-0.271],
"GR0WSW0W":[0,-0.1,-0.0012649,0.313147],
"0WSSGW0W":[0.0132407,1.25473,-0.00195239,-0.271],
"GGSS0RW":[0,0,-0.1,0],
"SR0WSWSW":[-0.1,-0.1,0,0.264298],
"0GSS0GW":[0.0357309,-0.0019,-0.1,-0.1],
"SWWW0W":[-0.3439,-0.19,0.157326,-0.1],
"SRWGW0S":[0,0,0,-0.1],
"SSRW0G0W":[-0.19,0.934037,0,-0.0906524],
"SW0W0WGR":[-0.1,0,0.236595,-0.0011675],
"SSW0G0S":[0,-0.001,0.167652,0],
"GW0WSRSS":[0.439289,0,0,0],
"0WGWGRSW":[0.0146452,0,0,0],
"SRSW0WSW":[-0.1,0.15323,-0.1,0],
"WGRSG0W":[-0.1,0,0,0],
"SSSS0RW":[-0.1,0.0893933,-0.1,-0.1],
"SS0G0W0R":[-0.1,-0.00174235,0.118445,-0.0019004],
"0SSW0WSR":[-0.0181,0,-0.1,-0.1],
"WW0WSS":[-0.271,0.151252,-0.1,-0.1],
"0RSGW0W":[-0.00126391,-0.1,0.0339192,-0.1],
"SWGW0W0W":[-0.468559,0.416243,0.0246206,0],
"0GSSSSRW":[0.10503,0,0,0],
"0SW0GSG":[0,0,0,-0.1],
"RWWSSSW":[-0.284121,-0.271,-0.271,-0.271],
"SSSW0RSW":[-0.1,0.0733953,0,-0.1],
"0WSSSWSG":[0.032777,0,0,-0.1],
"GWW0WSW":[1.2231,-0.001,-0.1,-0.1],
"0GSS0W0W":[0.777829,0.00917486,-0.000151696,-0.794109],
"0RGW0WSS":[0,0.207152,-0.1,0],
"SWSG0W0W":[-0.19,0.353025,0.0659428,-0.1],
"0WSWSG0W":[0.0140349,-0.1,0.202024,-0.1],
"SSSW0GW":[-0.1,0.27339,0,-0.1],
"0GSWSWSW":[0.33638,0,0,0],
"WRGSS0W":[-0.1,-0.1,0.0636083,-0.100191],
"0WSWSSGW":[0,-0.19,1.38512,0],
"0WRW0WSS":[0.321664,-0.00227833,-0.1,-0.100244],
"0R0WWSW":[-0.00383257,-0.1,-0.19,0.310764],
"GW0WSS0R":[1.34601,-0.1,0.0261606,0],
"WWSWSR":[-0.19,-0.1,-0.1,-0.19],
"SS0G0SSW":[0,0,-0.1,0],
"SWSG0W0S":[0,0,0.0120992,0],
"WWSWGW":[0,0,0.782608,-0.1],
"0GSRW0W":[-0.001,0,0.161942,0],
"W0GSSGW":[-0.1,0,0.605854,0],
"W0W0WSS":[-0.40951,0.323175,-0.19,0.00563954],
"SW0W0WSR":[-0.19,0,-0.19,0.172761],
"SW0GSWSW":[0,-0.1,0,0.31028],
"SWSS0SSG":[0,0,-0.1,0],
"GS0W0GSW":[0,0.140005,0,0],
"0W0WSWRW":[-0.00466517,-0.19,-0.183074,0.276212],
"0WSGSW0R":[0.103008,0,0,-0.1],
"WRWSG0W":[0,0,-0.001,0],
"SWSSSS0G":[0,0,0.543488,0],
"0G0RSSSW":[0.509687,0,0,0],
"0W0WGGSW":[0,0,-0.1,0.140974],
"0W0RWSG":[0,0,-0.1,8.23954e-05],
"SWRW0W0S":[0,0.125978,-0.000330699,-0.0828695],
"0S0WGGSS":[-0.001,0,0,0],
"0SWWSG":[-0.0873487,-0.1,-0.1,-0.1],
"SSRW0G0G":[0,0.595361,0,0],
"WWSS0S":[-0.1,-0.1,0.00419924,-0.1],
"0W0WSS0G":[0.080996,-0.771232,0.755822,0.0504117],
"W0SSRSG":[0,-0.1,0,0],
"0R0GSGW":[0.0292369,0,0,0],
"W0GSGSW":[-0.1,-0.1,-0.1,0.138053],
"0WGW0WSS":[0.0100807,0.0664833,-0.271,1.40799],
"GW0WWSS":[1.36687,-0.1,0,0.208058],
"GG0WWSS":[0,0,0,0.18117],
"0W0WRSSS":[0.139692,0,0,0],
"0WSWSW0S":[0.279262,-0.468559,0.0520612,-0.271],
"SR0W0WW":[0,0.249027,-0.1,0],
"SW0SWSG":[0,-0.1,0,0],
"SR0S0S0W":[0,0,0,-0.001],
"WSS0WW":[-0.3439,0.20939,-0.271,-0.19],
"0WWSWSW":[0.228695,-0.468559,-0.40951,-0.3439],
"SS0WW0R":[-0.19,-0.271,0.0044705,0.212617],
"SW0W0R0S":[0,-0.0011227,0.126613,0],
"0W0SSG0W":[0,0,0.235686,-0.00135909],
"SW0W0G0R":[-0.1,0.913983,0,-0.00109],
"0RSS0WW":[0.0954907,-0.00642922,-0.1,-0.19],
"WSW0W0G":[-0.3439,0.263091,0.127401,-0.651322],
"0SWSWSS":[0,-0.1,-0.1,-0.1],
"0WSWWW":[0.0658406,-0.19,-0.271,-0.271],
"SS0WW0G":[-0.40951,-0.468559,0.0102237,0.182649],
"WRWSWSS":[0,0,0,-0.0886764],
"SWSS0G0G":[0,0.232961,0,0],
"0S0WSWSG":[0,0,0,0.204472],
"SW0WSWSS":[-0.1,-0.1,-0.1,0.285719],
"GWWWSG":[0,-0.1,-0.1,-0.1],
"WSS0G0R":[-0.1,-0.001,0.113571,-0.1],
"GW0WSW0S":[1.30516,0,0.0278981,0.0434077],
"W0GSRW":[-0.1,0,-0.1,0.173913],
"0G0WRWSS":[-0.00095773,-0.1,0,0.380093],
"SSSWRW0W":[-0.1,0,0.265132,-0.19],
"RW0G0SSW":[0,0,0,0.136542],
"0G0WSSRW":[0.985542,-0.1,-0.0787863,0.0151645],
"RWGG0WSS":[0,0,0,0.235267],
"0W0WRGSS":[-0.001,-0.122255,-0.1,0.370399],
"0WSGSS0R":[0.0170087,0,0,0],
"0WGWSWRW":[0.0921199,-0.1,-0.100794,0],
"0W0WSSSG":[0,-0.1,0,0.279201],
"SSRS0WW":[-0.1,0,0,0],
"RWW0WSW":[-0.0948431,0.0915401,-0.1,-0.1],
"SG0W0WSG":[-0.1,0,0,0],
"SR0GW0W":[-0.1,-0.1,-0.00110743,0.0517529],
"SW0S0R0G":[0,0.0999312,0,-0.001],
"0GSWGWW":[0,0,-0.1,0],
"WSW0S0S":[-0.1,-0.00822761,0.0157905,-0.1],
"WRWSW0G":[0,0,0.0157689,-0.0984178],
"GW0WSS0W":[1.37876,-0.911371,0.126963,0.27079],
"0W0SSRSW":[0.127557,0,0,0],
"0G0WSWSW":[0.732646,-0.19,-0.3439,0.0297927],
"0WSR0WW":[-0.0284666,0.246147,-0.19,-0.19],
"0GSGSW0W":[0.102294,0,0,-0.1],
"0WSWW0R":[0.159403,-0.1,-0.001,-0.1],
"SSGW0R0W":[0,0,0,0.379428],
"GG0WSSW":[0.197875,-0.1,-0.1,0],
"SSSSWGW":[0,-0.1,0,0],
"0W0W0WGW":[0,-0.001,0.106427,-0.001],
"WSW0S0W":[-0.40951,0.190119,-0.00154331,-0.3439],
"WSW0GRW":[0,0.317675,-0.0820502,0],
"GW0WWSW":[1.31686,0,0,-0.001],
"0SSG0G0W":[0,0,0.0137378,0],
"WSRGW0W":[0,0,0.0325439,0],
"0WGGSS0W":[0.185852,-0.1,-0.001,0],
"W0SSWSS":[0,-0.1,-0.1,-0.001],
"GW0W0G0W":[0.09991,0,0,0],
"0G0WSWSS":[0.119397,-0.1,-0.271,0.375616],
"0RWWSG":[0.0513652,0,0,0],
"0GSWSWRW":[0,-0.1,-0.079458,-0.1],
"SSSW0SSS":[-0.1,-0.00099269,-0.1,-0.1],
"SS0WRWSG":[-0.1,0,-0.1,0],
"SSRG0WW":[0,0.0930316,0,0],
"RGWWSS":[-0.0954728,-0.1,-0.1,-0.1],
"SW0RW0W":[-0.19,-0.1,0.14116,-0.0019],
"SWSSRGSW":[0,0,-0.1,0],
"SR0W0WSW":[0,0.296043,-0.1,-0.00148154],
"GGW0WSW":[0.808546,0,0,0],
"W0GSS0W":[-0.19,-0.1,0.00565848,0.522358],
"W0GSSSG":[0,-0.1,0,0],
"WSS0W0R":[0,0.237395,0.00860699,0],
"WWSSGW":[-0.1,-0.1,0.231248,0],
"SWGW0WW":[0,0.268174,0,0],
"0WSSRS0G":[0.105441,0,0,0],
"GWW0WSS":[1.20791,-0.0019,-0.1,-0.1],
"0SSW0RW":[0,0.00875608,-0.1,-0.1],
"SW0WGWW":[-0.1,1.27653,-0.1,-0.00327588],
"0WW0WSR":[0.262451,-0.00421248,-0.19,-0.1],
"0GGWSWSW":[0,-0.1,0,0.667373],
"SW0G0WSW":[-0.19,-0.00194423,-0.19,0.260675],
"0GRGSS0W":[0,-0.1,0.16276,-0.0819762],
"SS0S0SRW":[0,0,-0.0822325,0],
"0GGWSWW":[0.0467918,-0.1,0,0],
"0W0S0SSS":[0,0.00349065,0,0],
"0SSSGWW":[0,0.113756,0,0],
"0W0GGRSS":[0,0,-0.1,0],
"0WRGSSW":[0.0923322,-0.1,-0.1,-0.0775772],
"0G0WSS0W":[0.944698,-0.983577,0.225258,0.247639],
"SGSWW0G":[-0.1,-0.1,-0.001,-0.1],
"0WSWWGG":[0,-0.1,0,0],
"0RWSSGW":[-0.001,0,0,0],
"SSSW0S0G":[0,0,0.10972,0],
"0WGWWSS":[-0.00109,-0.1,-0.1,1.32741],
"SW0SWRG":[0,-0.1,0,0],
"SS0WGWGW":[0,0,1.28679,0],
"0WSG0W0G":[0,0,0.82371,0],
"0SSS0G0G":[0,0.0780562,0,0],
"0W0GSWGW":[0,-0.1,0.619154,0],
"SWW0WGW":[0,0,0.385728,0],
"0G0WSSGW":[0,-0.1,1.31344,0.0274499],
"0WSS0WGG":[-0.00210527,0.0339701,2.09634,0],
"0WSR0WGW":[0,-0.00183062,1.23056,-0.1],
"SWSSWGW":[0,-0.1,0.25237,-0.1],
"0WSSGRW":[0,0.606164,0,0],
"SWRW0G0W":[-0.19,0.86634,0.0125962,0],
"SSSWSSRW":[-0.1,0,0,0],
"W0WSS0W":[-0.864915,-0.972187,0.253037,0.0365612],
"SW0R0G0W":[-0.19,0.853395,0.0125463,0],
"SSW0WSR":[0,0.093605,-0.1,-0.1],
"0WGWRWSW":[0,-0.0679513,-0.1,0.540992],
"WGW0GSS":[0,0,0,0.650971],
"RWSS0GW":[-0.0887393,0.021664,-0.1,-0.1],
"0GWSSRW":[0,-0.1,0,0],
"GWGWSS0W":[1.31464,-0.1,0,0],
"0GGW0WSW":[0.0435475,0,-0.1,1.25449],
"SSRWW0W":[-0.19,-0.1,0.166527,-0.0898991],
"WWSS0W":[-0.40951,-0.521703,0.173308,-0.40951],
"WW0GSR":[-0.1,-0.0012439,-0.1,0],
"0SSWSR0W":[0.0165713,0,0,0],
"0WGWSS0G":[-0.00147038,0,0,1.09132],
"W0WSSGG":[0,-0.1,0.895498,-0.000837411],
"SG0WGW0W":[0,0.511665,0,0],
"SG0W0W0R":[0,0,0.178832,-0.00114411],
"SWRW0G0G":[0,0,0.202823,0],
"RW0GSWSS":[-0.0609604,0,0,0],
"WSSGR0W":[0,0,0.0126312,0],
"0G0WSG0W":[-0.001,-0.1,0.155709,0],
"GG0WSSSW":[0.73489,0,0,0],
"SW0WRW0W":[-0.1,-0.255895,0.269772,0.0323305],
"SRSW0W0G":[-0.1,0.270048,0,0],
"SWSG0W0R":[0,0.186833,0,0],
"SS0G0GRW":[-0.1,0.473506,-0.0995642,0],
"0SSW0R0S":[0,0.0208678,0,0],
"SW0WRG0S":[0,-0.0380036,0.011322,0],
"0S0SSS0W":[-0.001,0,0,-0.001],
"GWSSSW0R":[0.1,0,0,-0.1],
"SWSW0G0G":[0,0,0.548942,0],
"0WWSG0G":[0.0457423,-0.1,0,0],
"WRG0WSW":[0,-0.00104044,0,-0.0750103],
"SWW0W0R":[-0.19,0.00802006,0.229859,-0.1],
"SWSWGR0W":[-0.1,0,0,0],
"SS0RWSW":[-0.1,-0.1,-0.1,0.0555912],
"0GRWSWW":[0.0466378,0,-0.1,0],
"SG0WW0R":[-0.1,-0.1,-0.001,0.054344],
"SS0R0G0W":[-0.468559,0.923113,0.144691,0.00789305],
"0W0R0WSS":[0.277859,0.0257708,-0.271,-0.002881],
"0WSG0GW":[0,0.00810523,0,0],
"W0WSG0G":[-0.1,-0.1,0.0583593,-0.001],
"0W0G0RSW":[0.0224688,-0.000850875,-0.19,0.456214],
"0WSWRWGW":[0,0,0.926486,-0.1],
"WSW0R0W":[-0.19,0.240959,0.00863327,-0.40951],
"0RGW0GSS":[0,0.0383564,-0.1,0],
"0G0WSWW":[-0.00475572,-0.271,-0.19,0.342967],
"0RSWSW0S":[0,-0.1,0.186615,-0.1],
"0GSWWW":[0.145471,-0.1,-0.19,-0.19],
"SS0R0GW":[-0.1,0.278195,-0.1,-0.00158805],
"WSW0WGW":[-0.19,0,1.26614,-0.19],
"0WWSS0G":[0.0343318,-0.40951,0.729027,-0.1],
"0S0WGWSW":[0,1.29615,0,0],
"SGSWSWW":[0,0,-0.1,-0.1],
"WSSSR0S":[0,-0.1,0,-0.1],
"RGSW0S0W":[0,0.032507,0,0],
"SS0GWRW":[-0.1,-0.1,-0.1,0.0384778],
"0SRWSWSS":[-0.001,0,0,0],
"RWGWGWSW":[-0.098741,0,-0.1,0],
"0G0WWSW":[0.568221,-0.3439,-0.271,0.011467],
"0GW0WSW":[0.213839,-0.003439,-0.1,-0.521703],
"SW0WGW0R":[-0.1,1.29146,-0.00117893,0.0124209],
"0G0WSW0G":[1.03694,-0.1,0.0620074,0.0249493],
"SW0SWGW":[0,0,0.213204,0],
"0GRSSW0W":[0.177478,0,0,0],
"GR0WSS0W":[1.27209,-0.1,-0.000806034,0],
"WGWSW0G":[0,0,-0.001,0],
"SS0W0WSW":[-0.61258,0.411386,-0.521703,0.0993199],
"0RSS0W0G":[-0.000585644,0.0292657,0.95675,-0.40951],
"SSSWSWSS":[-0.19,-0.271,-0.271,-0.3439],
"0S0RWSW":[0,0,0,0.00564494],
"SSGW0G0W":[0,0.133189,0,1.39334],
"WSSGRW":[0,0.1,0,0],
"SSGW0WW":[0,0.224739,-0.1,0],
"W0G0RSS":[-0.1,0,0,0.570693],
"0WSGWW":[0.0508701,-0.19,-0.1,-0.1],
"SW0WWSW":[-0.40951,-0.19,-0.271,0.322897],
"SW0RSGSW":[0,-0.1,-0.1,0],
"SS0WWRW":[-0.1,-0.1,-0.168372,0.185227],
"WSS0G0G":[0,0,0.536211,0],
"GGSWSS0W":[0,0,0.052113,0],
"W0RSWGW":[-0.1,-0.1,0.216962,-0.001],
"SSSW0RW":[-0.1,0.0876452,-0.1,-0.1],
"W0SSRSW":[-0.1,0,0,0],
"0R0WWSS":[0.0122606,-0.1,-0.19,0.511348],
"GW0W0WSW":[1.32378,0.0164693,-0.19,0.0493843],
"SGWW0S":[-0.1,-0.1,0.00648895,-0.1],
"0WWRWSS":[0.228274,-0.0966201,-0.19,-0.1],
"0W0WSSSR":[0.300141,0,0,0],
"GWSSSR0W":[0,-0.1,0,0],
"SS0RSS0S":[0,0,0.0111034,0],
"SG0WRG0S":[0,-0.0224852,-0.001,0],
"SW0SGSW":[-0.1,0,0,-0.00109],
"0WGW0GSW":[-0.00109,0,0,1.23936],
"0W0WSRSG":[0.0620812,0,0,0],
"0G0SSS0G":[0,0,0.405069,0],
"0WGWGWSS":[0.176995,0,0,0],
"RW0WSS0W":[-0.232541,-0.271,0.407811,0.0199416],
"0W0W0GSR":[-0.001171,0.521675,-0.1,-0.00135046],
"SS0WRWSW":[0,0,0,0.390836],
"GW0R0WSS":[0.118721,0,-0.1,0],
"SWSGSW0W":[-0.19,-0.1,0.113091,0],
"0WGWSS0R":[0,-0.1,0.105849,0],
"0G0RSW0W":[0.952796,-0.1,-0.001,0.0196305],
"SSW0WGG":[0,-0.001,0,0],
"0WGW0WSG":[0,-0.000938247,0,0.635296],
"SW0S0WGG":[-0.1,0,0,0],
"0G0SSSGW":[0,0,0.476879,-0.001],
"SWSS0G0W":[-0.19,0.624611,0.0545332,-0.3439],
"RWWSS0W":[0,-0.1,0.222711,0],
"0RW0WSS":[0.237393,0.0211815,-0.1,-0.271],
"SS0G0G0W":[-0.19,0.930567,0.00844571,0.0607749],
"0G0WSS0S":[0,-0.19,0.251731,0.0691085],
"RG0WSS0S":[0,0,0,0.0662167],
"SWSS0S0G":[0,0,0.233754,0],
"SW0R0SSW":[0,0,0,0.118088],
"SW0G0R0S":[0,0,5.18201e-05,0],
"SW0SWW":[-0.1,-0.1,-0.1,-0.023274],
"SWW0G0S":[-0.19,0.228861,-0.001,-0.1],
"RW0WSGSW":[0,0,0,0.0966873],
"0WW0RSS":[0.222974,-0.0040951,-0.271,-0.1],
"0GSS0RGW":[0,0.12405,0,0],
"WGWSGSW":[0,-0.1,-0.1,0],
"WSG0WW":[-0.19,0.126604,-0.1,-0.1],
"SG0SW0W":[-0.1,0,0,-0.001],
"0G0WSS0G":[0.135015,0,0.781926,-0.0015348],
"SW0W0GSW":[-0.271,0.755249,-0.40951,0.0768203],
"WGWSR0W":[-0.1,0,-0.00109419,0.176141],
"W0RSW0G":[-0.1,-0.1,0.0209646,-0.0019],
"W0GRWSS":[0,0,0,0.0213788],
"0G0W0WSR":[0,-0.0012591,-0.1,0.314157],
"0W0RSS0W":[0.480187,-0.521703,0.069742,-0.00457794],
"SWRS0W0G":[-0.1,0.208358,0,0],
"0GSW0W0W":[0.917986,-0.00341589,0.0367807,-0.814698],
"WSWSRW":[-0.1,0,-0.1,0],
"SRSSW0G":[0,0,0.0125216,-0.1],
"0RSW0SSG":[0,0,0,-0.1],
"0RSW0G0G":[-0.001,-0.000840858,0,0],
"SSRG0W0G":[0,0,0,-0.0820315],
"0WSG0R0W":[-0.00123342,0.107774,-0.00207494,0],
"0GSW0W0G":[0.0550126,0,0.868105,-0.1],
"SSSR0G0W":[-0.1,0,0.0874146,0],
"0WSSRSGS":[0,0,0.1,0],
"SS0WWGW":[-0.1,-0.1,1.09448,-0.00109],
"0RSWSS0G":[0.0815982,-0.1,0,-0.1],
"W0R0GSW":[-0.1,0.184365,0,-0.001],
"SGSW0W0W":[-0.1,-0.001201,0.193807,-0.1],
"SS0G0WGW":[-0.1,0,1.09037,0],
"0G0WWSG":[0.474235,-0.1,0,0],
"0WGWSW0R":[-0.00144301,0,0,0.666679],
"SWW0WGG":[0,0.0134229,0,0],
"0GW0WSG":[0.0573222,0,0,0],
"0WSWSW0W":[0.29127,-0.878423,0.164047,-0.947665],
"SWSWGW0R":[0,0.409356,0,0],
"0RSW0G0W":[-0.001,0,0.231182,0],
"0G0WSW0W":[0.91378,-0.935389,0.150347,0.191657],
"SWRG0W0W":[-0.1,0.226608,0,-0.0829154],
"0SWSWSR":[0,0,0,-0.1],
"0GRW0WSS":[-5.91214e-05,0.0369724,-0.1,-0.060217],
"0R0G0WSW":[-0.00147479,-0.00215642,-0.271,0.466792],
"GW0WSGSW":[0.919426,0,0,0],
"0GSSW0R":[0,0,-0.001,0],
"WRGSW0W":[0,0,0.0481409,-0.0888967],
"SWSWSG0R":[-0.1,-0.1,0,0],
"RW0SSWSW":[-0.0806285,-0.1,0,0],
"SSW0GSR":[-0.1,0.0483341,0,0],
"0SSWRWW":[0,0,0,-0.1],
"0GGWSS0S":[0,-0.1,0,0.304106],
"GRWSW0W":[0,0,0.165168,0],
"GWSS0R0W":[0,-0.001,0.32828,-0.1],
"SRSW0WSS":[-0.1,0.166449,0,0],
"WSW0GW":[-0.1,0.216182,-0.1,-0.1],
"0W0WSGSR":[0,0,-0.1,0],
"SW0GWSS":[-0.1,-0.1,-0.1,0.401518],
"W0WSS0G":[-0.569533,-0.271,0.44238,-0.00427938],
"GW0WSG0S":[0,0,0,0.0174817],
"0WWSGSS":[0,-0.1,0,-0.1],
"SWSWW0W":[-0.1,-0.271,0.197339,-0.1],
"GWRSSSW":[0,-0.1,0,0],
"SSWW0W":[-0.1,-0.1,0.193226,-0.1],
"0W0GSW0R":[0.240722,-0.1,-0.0019,-0.0019],
"0RSSSG0W":[0.0320926,0,0,0],
"0G0RSW0S":[0.65286,0,0,-0.000281907],
"SSRG0WSW":[0,0.142579,0,0],
"0WSWWRW":[-0.00213347,0,0,0],
"0SRGSWSS":[0,0,0,-0.0763477],
"WGR0SSW":[0,0.0197731,0,0],
"0W0WGSSW":[0.138163,0,0,0],
"RWSW0S0G":[0,0,0.32398,0],
"0S0WRGSW":[-0.001,0,-0.1,0.0581389],
"WGW0WSS":[-0.1,0.0220997,-0.1,1.28873],
"SWSWW0R":[-0.1,-0.1,-0.0019,-0.1],
"0R0GSW0W":[0.0249145,-0.1,-0.00111675,-0.001],
"SSGW0WRG":[0,0,-0.0839893,0],
"0R0WSS0W":[0.00312055,-0.3439,0.258857,0.0140306],
"0SSW0SSS":[0.00260833,0,0,0],
"0RSWWW":[-0.00246764,-0.1,-0.1,-0.1],
"W0G0SSW":[0,0,0,0.525171],
"GWSR0W0W":[0.619565,0,-0.00156204,-0.1],
"0RWSWSW":[0.170191,-0.1,-0.1,-0.1],
"GRSSSW0W":[0,-0.1,0.0396329,0],
"SWSW0G0R":[0,0.440936,0,0],
"SWWW0G":[-0.1,-0.1,0.0219553,-0.1],
"WSWRW0W":[0,-0.162948,0.222934,-0.1],
"0WSS0WRW":[0.341839,0.0304719,0,-0.1],
"0S0RSS0S":[0,0,-0.001,0],
"SSSSGWW":[-0.1,0.904232,0,-0.1],
"SWSW0R0W":[-0.19,0,0.278068,-0.271],
"SW0W0W0G":[-0.61258,0.0795874,0.654389,0.0369319],
"WSSRS0W":[0,-0.0783414,0.0726543,-0.1],
"RW0WGSSW":[0,0,0,0.0310838],
"SG0G0W0W":[0,0,0.0725682,-0.00154605],
"0WSSSG0W":[0.181198,0,0,-0.19],
"SSW0W0S":[0,0.192774,0,0],
"0WSS0G0G":[0.00288145,0.759267,0.239359,-0.19],
"WSWSWW":[-0.468559,-0.468559,-0.468559,-0.468559],
"SR0G0W0W":[-0.1,-0.00218239,0,0.551947],
"SW0G0W0S":[-0.1,0.0105371,-0.001,0.582866],
"SWGR0WSS":[-0.1,0.0231257,-0.1,0],
"SWRWSWSW":[-0.1,-0.1,0,-0.068381],
"0GWSSSS":[0.25429,-0.1,0,0],
"0R0WSWGW":[0,-0.1,0,0.0108689],
"SW0R0W0W":[-0.40951,0.321433,0.0185867,0.0126105],
"WSW0WRG":[-0.1,0.0292463,-0.0866422,0],
"WGW0WSW":[-0.271,0.00591132,-0.1,1.21066],
"GRGWSS0W":[0,0,0.00657266,0],
"SWRG0W0G":[0,0.0345886,0,-0.1],
"0WSW0RGW":[0.0208897,0,1.29646,0],
"SW0G0WW":[-0.521703,0.0239091,-0.271,0.375534],
"SS0W0W0S":[-0.1,0.0258647,0.114574,0],
"SW0S0W0W":[-0.745813,0.167087,0.257384,0.0887021],
"GWSRWW":[0,-0.1,0,-0.1],
"SWSGSW0G":[0,0,0.123067,0],
"SW0G0G0S":[0,0,0,0.340866],
"SWRS0WGW":[0,0.0634441,0,-0.0931119],
"0WSGSWW":[0.131417,-0.1,-0.1,-0.19],
"0W0GRWSS":[0.21157,-0.0713036,-0.1,-0.00149517],
"GWSS0S0G":[0,0,0.0223126,-0.1],
"SW0R0GW":[0,0.263021,-0.1,0],
"SWGG0WSS":[0,0.0389241,-0.1,0],
"0WWGGSS":[0,1.19349,-0.1,-0.1],
"0RSWSW0G":[-0.000539946,0,0.663554,-0.1],
"WSSSWW":[-0.569533,-0.569533,-0.569533,-0.569533],
"SWSSSGSS":[0,0,-0.1,0],
"SG0W0GW":[0,-0.001,-0.1,0],
"0WSSGS0W":[0,0.954727,0,-0.1],
"0W0WSWGG":[0,-0.1,1.68111,0],
"SW0WGR0W":[0,1.24231,-0.00123203,0.00286694],
"SS0S0WSR":[-0.1,0.112132,-0.1,-0.01],
"RWSSGWW":[0,0,0,-0.1],
"SSGS0WSW":[0,0,-0.1,0.103866],
"0G0W0RSW":[0.00828986,0,0,0.326864],
"SS0R0WGW":[0,0,1.11608,0],
"0RSW0S0W":[0,-0.001,0.283873,-0.1],
"0WRG0WSS":[0.0176455,-0.00178315,-0.1,0],
"SGRWW0W":[-0.1,0,0,-0.0848905],
"0RSWSWGW":[0,0,0.116939,0],
"SS0W0W0W":[-1,0.409689,0.238272,0.265452],
"0W0GSWSW":[0.288269,-0.271,-0.19,-0.00249852],
"0W0WRGSW":[0,0,0,0.236801],
"SR0GSWSS":[0,0,0,0.0480841],
"0WSG0R0G":[0,0,0.0322269,0],
"GWSWSSW":[0.894587,-0.1,-0.1,-0.1],
"WW0WSR":[-0.271,0.134934,-0.1,-0.1],
"0WSGSW0S":[0,0,-0.001,0],
"WSSRS0G":[0,-0.0913428,0,-0.1],
"SWSWSG0W":[-0.1,-0.1,0.112743,-0.1],
"0WRWSS0G":[0,0,0.601847,0],
"SGSSRWW":[0,0,0,-0.1],
"0WGWSW0S":[0.249324,0,0,0],
"SS0SGWW":[-0.1,1.00534,-0.1,0],
"0W0W0SSW":[0.0360693,0.285383,-0.521703,0.0551034],
"0G0W0WSW":[0.654308,0.0253573,-0.864915,0.0078939],
"SRWGW0G":[0,0.117232,0,0],
"SW0RSG0S":[-0.1,0,0,0],
"0WSSRWW":[0.132096,-0.204604,-0.1,-0.1],
"RSSWGWSS":[0,0,0,-0.1],
"SWRG0WW":[-0.1,0.11314,-0.1,-0.0742603],
"0W0WSR0W":[0.477625,-0.19,0.0180794,0.0591149],
"0G0WWSR":[0.48244,0,0,-0.00179534],
"WSW0G0G":[-0.1,0.49285,-0.001,-0.1],
"GW0WGRSS":[0,0.12021,0,0],
"SWGG0W0W":[0,0,0,0.792665],
"SW0SSS0G":[0,0,0.222564,0],
"WSG0W0W":[-0.1,0.240031,0.017954,-0.1],
"0WSGW0W":[0.00463536,-0.271,0.153733,-0.19],
"0WSWSSW":[0.192991,-0.19,-0.19,-0.19],
"0GRWSS0W":[0.926731,-0.1,0.00264028,-0.148785],
"GWGWSW0W":[1.13831,0,0,0],
"SGWSW0S":[0,-0.1,0,0],
"SSGW0W0G":[-0.1,-0.00153581,0,1.13598],
"SS0R0GSW":[-0.1,0.346558,-0.1,0],
"0RGWSW0W":[0,0,-0.00128518,0.629988],
"RW0SSS0W":[-0.0644659,0,0,0],
"SS0W0WGG":[0,0,1.59949,0.0125701],
"SS0GRW0W":[-0.1,-0.0771282,0,0.11594],
"SWWRW0W":[0,0,0.021915,-0.1],
"0W0RSS0G":[0,-0.1,0.524386,-0.001],
"SGW0G0W":[-0.1,0.58322,0,0],
"SW0WW0G":[-0.19,-0.19,-0.00523528,0.214636],
"0RSWGW0W":[-0.001,0.831061,0,-0.1],
"0R0GSG0W":[0,0,-0.00147445,0],
"0GSGSS0W":[0.0525152,-0.1,0,0],
"SWSW0GSW":[0,0.361832,0,0],
"0W0WSWSG":[0.381149,-0.1,-0.1,-0.00109],
"0WGW0WSR":[0.234763,-0.00236561,-0.1,0],
"WSG0W0G":[-0.1,0,0.453477,0],
"SW0RSWSW":[-0.1,-0.1,-0.1,0.0785302],
"0GSS0WW":[0.40177,0.011126,-0.19,-0.3439],
"0R0GWSG":[0,0,-0.1,0.119801],
"0GSWRW0W":[-0.001,-0.100417,0.154869,-0.1],
"SW0RSS0S":[-0.1,-0.1,0,0],
"0SSWGWGW":[0,0.340127,0,0],
"RS0G0WSW":[0,0.208061,0,0],
"0GWSWSS":[0.222709,-0.1,-0.1,-0.19],
"0WWSS0R":[0.0386432,-0.1,0.278735,-0.271],
"0SW0WSG":[-0.001,0.0529321,-0.1,-0.1],
"SWGW0G0W":[0,0.0766049,0,1.29157],
"SR0WWSS":[-0.1,-0.1,-0.1,0.317822],
"0W0WSSSW":[0.140786,-0.40951,-0.40951,0.350514],
"0WRGSWSS":[0.0356608,0,0,-0.0718739],
"0G0RWSW":[0,-0.1,-0.1,-0.001],
"0WSGSSSW":[0.063247,-0.1,0,-0.1],
"SG0W0SSS":[-0.1,0,0,0],
"SSSRSSSW":[0,0,-0.1,0],
"SS0W0RW":[-0.1,-0.00199,-0.19,0.2917],
"0WSS0G0W":[0.0723709,0.661108,0.102003,-0.71757],
"SR0GSWSW":[0,0,-0.1,0.0708554],
"0WSWSSRG":[0.134726,-0.1,0,0],
"GW0SSW0R":[0,-0.1,-0.001,0.00305622],
"GW0RSS0S":[0,0,0,0.0439208],
"0WWSWRG":[0.153972,-0.1,0,-0.1],
"0RSW0GW":[-0.001,0.000418455,-0.1,-0.1],
"0WSS0RW":[-0.0106089,0.181527,-0.19,-0.1],
"WSWRWW":[0,-0.0958657,-0.19,-0.1],
"0R0GSWW":[0,0,-0.1,0.121115],
"SS0W0R0G":[0,-0.00127033,0.570999,0],
"GWSSGWW":[0,0,-0.1,0],
"0W0G0SSR":[0.121757,0,0,0],
"GG0WSW0W":[1.95307,-0.1,0,0],
"0WRWSWW":[0.0557998,0,-0.1,0],
"0W0G0WSG":[0,0.0783266,-0.1,-0.00141338],
"0WSG0RGW":[0,0.062298,0,0],
"0SSW0G0W":[-0.001,0.795587,0.00769835,-0.1],
"SS0GGWSS":[-0.1,0.128389,0,0],
"0W0WSR0S":[0.230483,0,0,0],
"RGSWSW0W":[-0.0741992,0,0.0741006,-0.1],
"0G0RSW0G":[0.118046,0,-0.001,0],
"SSRW0GW":[0,0,-0.1,0],
"SS0GRW0S":[0,-0.0836971,0,0],
"0WSW0WRG":[0.0604901,-0.001,0,0],
"SS0S0SSW":[-0.1,0.0280618,-0.1,-0.001],
"SSSWSWSW":[-0.271,-0.3439,-0.271,-0.3439],
"GWSWSWSS":[0.229161,-0.1,0,0],
"RS0WWSS":[0,0,0,0.0815086],
"W0GSRSS":[0,0,0,0.0383037],
"0GSS0W0G":[0.779665,-0.00171635,0.228173,-0.40951],
"SSGG0WRW":[0,0.0234506,0,0],
"0WSSSRGW":[0,0,0.374333,0],
"RGW0WSS":[-0.0623697,0.164603,-0.1,-0.1],
"W0WGWSS":[0,0.851041,-0.1,0],
"W0G0GSW":[-0.19,0.321112,0,0],
"0RWSWSG":[0.0264023,-0.1,-0.1,-0.1],
"0GWSWSG":[0.0996559,0,0,0],
"0WSW0S0G":[0.15864,0,0.646901,-0.3439],
"WGWSSGW":[0,0,0.197233,0],
"SG0R0WW":[-0.1,0.0340549,-0.1,-0.001],
"0W0WSRSS":[0,-0.19,-0.1,0.311386],
"0SWSSSG":[-0.001,0,0,0],
"WWSRSW":[0,-0.1,0,-0.1],
"SW0WWSS":[-0.271,0,-0.271,0.373329],
"0G0GSS0S":[0.534938,-0.1,-0.001,0],
"GW0W0RSS":[0,0.1981,0,0],
"0R0GSWSW":[0,0,0,0.233263],
"RW0WSGW":[0,-0.1,0,0],
"0WSS0S0W":[0.325547,0.0120816,0.107569,-0.1],
"0SGW0WSW":[0,0.0230142,-0.19,1.33926],
"SWWWSW":[-0.1,-0.1,-0.19,-0.1],
"SWSS0GSW":[0,0.548427,0,0],
"GGSSRW0W":[0,-0.09538,0,0],
"SWSS0RSW":[0,0.0717756,-0.1,0],
"SGWWSS":[0,-0.1,0,0],
"SS0GGW0R":[-0.1,0.331321,0,0],
"SSSW0G0W":[-0.1,0.112402,0.307551,-0.1],
"SWSRSG0W":[0,0,0,-0.1],
"WGW0GSW":[0,0,0,0.775392],
"SW0R0W0S":[-0.1,0.335717,0,0],
"SSGG0W0W":[0,0,0,1.22754],
"0G0SSS0W":[0,0,0.278434,0],
"SRSWSS0W":[-0.1,0,0,0],
"SSRW0WSS":[0,0.164999,-0.1,-0.1],
"GWSW0W0W":[1.3187,-0.00172983,0.0522343,-0.19],
"WSWSWSW":[0,-0.1,-0.1,-0.1],
"SGW0W0R":[-0.1,0,0.0822389,-0.1],
"WSWSW0G":[-0.19,-0.19,0.248359,-0.19],
"0GGWWSW":[0.334341,0,0,0],
"0WSSGR0W":[0.113496,0,0,0],
"WWSR0G":[-0.1,-0.1,0.316264,-0.1],
"SWGWSSSR":[0,0,-0.1,0],
"GS0W0WSW":[1.25729,-0.000981021,0,0],
"0GSWSSRW":[0.117556,-0.1,0,0],
"RWSW0GW":[0,-0.001,-0.1,-0.1],
"GW0RSSGW":[0,0,0.417121,0],
"0W0RWSS":[0.213369,0,-0.1,0],
"GRSS0WGW":[0,0,0,-0.1],
"SW0WSWSW":[0,-0.19,-0.271,0.333585],
"RW0W0GSW":[0,-0.001,0,0.350949],
"SSW0GSW":[-0.1,0.519841,-0.19,-0.1],
"0WSR0GGW":[0,0,0,-0.1],
"SSSGSWSW":[-0.1,0,0,-0.1],
"W0GRSSW":[0,0,0,0.0181558],
"SSWGG0R":[0,0.198491,0,0],
"0W0WSWGR":[0,-0.1,0,0.0771218],
"0R0GSSGW":[0.0144909,0,0,0],
"SR0W0G0G":[0,0.114598,0,0],
"SSGWW0R":[0,-0.19,0,0.867139],
"WGWSS0R":[-0.1,0,-0.000179319,0.204932],
"0WSWSSSW":[0.266194,-0.1,-0.1,-0.1],
"SS0S0S0R":[0,-0.001,0,0],
"GW0RSW0W":[1.31563,-0.1,0,0.0257569],
"0WWWSG":[0.198863,-0.1,0,0],
"GRW0WSS":[0,0.102316,0,0],
"SWSWRG0W":[0,0,0.0691219,0],
"SWSS0WRG":[0,0.0538353,0,0],
"SR0WGW0W":[0,0.862206,0,0],
"RWSW0S0W":[-0.0826587,0,0.243296,-0.1],
"0WSWSS0R":[0.304943,-0.19,-0.0015641,0],
"0SSG0G0R":[0,0.0829883,0,-0.1],
"0WSSRGW":[0.00615856,-0.1,-0.1,-0.1],
"0WSSRGGW":[0.068241,-0.025435,0,-0.1],
"0WGWSG0W":[0,0,0.0331225,0],
"GG0WSW0R":[0,0,0,0.135929],
"RGSS0W0G":[0,0,0.423385,0],
"0WSWGG0W":[0,0,0.154758,0],
"RGWSSSS":[0,0,-0.1,-0.1],
"GGSWSW0W":[0.407324,0,0,0],
"SWSSWSS":[-0.1,-0.1,-0.1,-0.19],
"GW0SSWW":[0,0,0,0.204091],
"SSW0WSS":[-0.19,-0.151291,-0.19,-0.19],
"0WGWSSSW":[0,0,-0.19,1.24907],
"GGW0WSS":[0,0.169365,-0.1,-0.1],
"SS0WWSW":[-0.1,-0.19,-0.19,0.173017],
"0R0WSSSW":[0.199805,-0.1,0,0],
"WSWSS0W":[-0.19,-0.271,0.0801417,-0.19],
"GWSS0SW":[0.226022,0,0,0],
"0S0W0WSR":[0,0.162175,-0.1,0],
"SWSWSSSS":[-0.1,-0.19,-0.19,-0.19],
"GWWSSSW":[1.22145,-0.1,-0.1,-0.1],
"0WGWRWSS":[-0.001,-0.0775053,0,0.637009],
"0SW0GSW":[0,0.414248,-0.1,0],
"RGW0WSW":[-0.1,0,-0.1,-0.1],
"RW0G0WSW":[0,0,0,0.233466],
"SWSS0RSS":[0,0.0183435,-0.1,0],
"0SGW0RSW":[0,0.106152,0,0],
"SS0SSWSW":[-0.1,-0.1,-0.1,-0.0294986],
"0WSWSS0G":[0.32475,-0.19,0.00987277,-0.271],
"SSSSWSG":[0,-0.1,0,0],
"SW0SW0G":[-0.1,0,0.0400424,-0.001],
"GWSSRWGW":[0,0,0.107678,0],
"WSSSSSS":[-0.1,-0.19,-0.1,-0.19],
"0SSSWGW":[0,0,0,-0.1],
"RS0W0WSW":[0,0.0217104,0,0.37388],
"0WSSSWSW":[0.204174,-0.1,-0.1,-0.1],
"0GSGW0W":[-0.001,0,0,0],
"SSWSG0S":[0,-0.1,0,0],
"SWSSRWW":[-0.271,-0.215517,-0.19,-0.19],
"WWSWSG":[-0.1,0,0,-0.1],
"RGWSW0W":[-0.0750921,-0.1,0.0755317,-0.1],
"WWRSSS":[0,0,-0.1,0],
"0WSWSSGR":[0.111195,-0.1,0,0],
"0GRWSW0S":[0.513842,0,0,0],
"RWWWSS":[-0.145917,-0.1,-0.1,-0.19],
"SWRW0GSW":[-0.1,0.159042,-0.1,-0.0730414],
"SSGWSWSW":[0,0,-0.1,0],
"0G0GSWSS":[0,-0.1,0,0.343795],
"0S0RSW0S":[-0.001,0,-0.001,0.00589726],
"WSSSW0W":[-0.569533,-0.569533,0.274734,-0.468559],
"SS0GRWSW":[0,0,0,0.171392],
"SS0GW0R":[-0.19,-0.1,-0.00284849,0.0387928],
"SWSRSS0W":[-0.1,-0.1,0.175232,-0.1],
"0WSSGGW":[-0.000949366,0.877778,-0.1,-0.1],
"0RGWWSG":[0,0,-0.1,0],
"0RSS0S0G":[0,-0.000660724,0.0280466,-0.1],
"WRWSW0W":[-0.1,-0.1,0.193421,-0.0733999],
"GRWWSS":[0.603406,0,0,0],
"GWSWSR0W":[0.126897,-0.1,-0.001,-0.1],
"0WSRGS0G":[0,0,0.113823,0],
"0GWSS0W":[0.016164,0,0.26564,-0.3439],
"0RGWSSSS":[-0.001,-0.1,0,0.125639],
"SG0W0R0S":[-0.1,-0.001,0.178083,0],
"WSWSR0G":[-0.1,-0.1,0.0812228,-0.1],
"W0GSWW":[-0.1,-0.271,-0.19,0.263031],
"WSW0S0G":[-0.1,0.022533,0.30372,-0.1],
"RWWSW0W":[-0.0863776,0,0.281428,-0.1],
"0WSR0SSS":[0.0181511,0,0,0],
"GWW0RSW":[0.108104,-0.000412385,0,0],
"0GSR0WW":[0.170349,-0.0048715,0,0],
"0GSWSW0R":[0.576731,0,0,0],
"SWSW0WSR":[-0.1,0.148217,-0.1,-0.1],
"0SSSGWSW":[0,0.123844,0,0],
"W0G0RSW":[-0.1,-0.001,-0.1,0.362802],
"W0WSWGW":[-0.1,-0.1,1.24145,-0.0019],
"0RWSW0G":[-0.001,-0.1,0.541379,-0.1],
"SRW0WSW":[-0.1,0.0812592,-0.1,-0.1],
"SWSWGW0G":[0,0,0.397456,0],
"GW0RSSSS":[0.124711,0,0,0],
"SSW0GGW":[0,0,0.136556,0],
"0WSW0S0R":[0.364839,0,0.023291,-0.1],
"WWSW0W":[-0.521703,-0.19,0.191505,-0.19],
"0WSS0WRG":[0.0847639,0,-0.0575637,0],
"SSGW0WSG":[0,0,0,0.120726],
"SW0W0SSR":[-0.1,0.13989,0,0],
"WWSRSS":[-0.1,-0.1,-0.1,-0.1],
"RWSWSWSW":[-0.152949,-0.1,-0.19,-0.1],
"W0SSG0W":[-0.1,-0.1,0.162526,-0.001],
"WSRSSSS":[-0.1,0,0,0],
"0WGRSWW":[-0.001,0,0,0],
"0WWGRSS":[0.0536332,0,-0.1,0],
"0WGWSSRS":[0,-0.1,0,0],
"SG0W0WW":[-0.271,-0.00257373,-0.1,0.193268],
"0WRGSW0G":[0.00876718,0,0,0],
"GW0SSS0W":[0,0,0.214483,0],
"SSRWSWSW":[-0.19,-0.1,-0.19,-0.151299],
"GWSSSW0W":[0,0,0.313466,0],
"0G0WSRSW":[0.589896,0,0,0],
"SRGW0W0W":[0,0,0.0770712,0],
"WSR0S0G":[0,0,0.0204399,-0.1],
"0WGWWSR":[0.0340463,0,0,0],
"SS0W0GSW":[-0.1,0.0913818,-0.1,0.355001],
"0WSSSW0W":[0.125591,-0.569533,0.438508,-0.40951],
"SWGWW0R":[0,0,0,0.426601],
"0WSGSS0W":[0.24942,-0.1,0,0],
"WSWRW0G":[0,-0.0854609,0.133506,-0.1],
"GWWSW0G":[0,0,0.566629,0],
"SRWGW0W":[-0.1,0.478562,0,0],
"0W0WSWRS":[0.223742,0,0,0.0377003],
"SS0GSS0S":[0,0,-0.001,0],
"0WSSSW0R":[0.250539,0,-0.001,0],
"0WWSSSS":[0.257354,-0.19,-0.19,-0.271],
"0W0GSRSS":[0,0,0,0.34439],
"SSGG0WW":[0,0.0055973,0,0],
"GWGW0WSS":[0,0,0,0.762341],
"SSWGW0S":[-0.1,0.691539,-0.001,-0.1],
"0WSWRW0W":[0.00944469,-0.392156,0.303679,-0.19],
"0WGW0RSS":[-0.001,0,0,1.15741],
"WGWSW0R":[0,-0.1,0.0112789,0],
"SWSWGS0S":[0,0,-0.001,0],
"SGSS0WW":[0,0.0262915,-0.1,-0.1],
"0WGG0WSW":[0,0,0,1.34406],
"SGSSW0W":[0,-0.1,0.0611976,-0.1],
"SWGR0GSW":[-0.1,0,0,0],
"RWSW0W0G":[-0.0836914,0,0.782381,-0.19],
"0W0SSR0W":[0,0,0.309976,0],
"SWSS0WW":[-0.468559,0.243309,-0.19,-0.19],
"RSGW0WSS":[-0.0806813,0,0,0],
"0R0W0WSW":[0.0425359,0.0624545,-0.569533,0.379902],
"SG0W0W0S":[0,0,0.133385,0],
"0RGW0WSW":[0,0.222472,-0.1,0],
"SWRWGW0W":[-0.1,1.11166,-0.001,-0.0828021],
"WSWSS0R":[-0.1,-0.1,0.113355,-0.1],
"WSWSG0W":[-0.1,-0.1,0.153014,0],
"GSSWWW":[0,0,0,-0.1],
"WSGSWW":[-0.1,0,0,0],
"GSWSSSW":[0.091,0,-0.1,0],
"W0GSW0G":[-0.1,-0.1,0.163998,-0.0019],
"SWRWGG0W":[0,0,0.0121258,0],
"SSSG0GW":[0,0.0234178,0,-0.1],
"SWSSWW":[-0.833228,-0.849905,-0.849905,-0.833228],
"RWSW0W0W":[-0.256744,0.0193689,0.321274,-0.3439],
"0GGWSSSW":[0.288891,0,0,0],
"0WSW0RW":[0.0827803,-0.00322361,-0.1,-0.1],
"GW0WSWSS":[0,0,0,0.314343],
"0WWSWGW":[-0.000296108,-0.1,1.33915,-0.1],
"GGSWRS0W":[0,-0.0909413,0,0],
"WRWSSSW":[-0.19,-0.1,-0.19,-0.167556],
"SG0G0R0S":[0,0,0,0.13883],
"SW0G0GW":[-0.1,0,-0.19,0.280225],
"W0GSRSW":[-0.1,-0.1,-0.1,0.232966],
"SSSG0WW":[-0.1,0.257264,-0.1,-0.1],
"SR0WWW":[-0.1,-0.1,-0.1,0.067864],
"0WRWSW0S":[0.176325,0,-0.001,-0.0680412],
"GW0WRWSS":[0.856065,0,0,0],
"SWSS0S0R":[-0.1,0,0.0965722,-0.1],
"SSSS0WW":[0,0.246394,0,-0.1],
"W0RSS0G":[-0.1,-0.1,0.0246084,-0.0019],
"0GSSRW0W":[0.294833,0,0,0],
"SWSW0WSG":[-0.1,0.304015,0,0],
"0G0W0RSS":[0,0.162802,0,0.0187999],
"W0WSSGW":[-0.1,-0.1,1.22331,0],
"0WW0SSW":[0.249379,-0.00201003,-0.1,-0.1],
"RSSS0W0G":[0,0,0.220511,0],
"W0WSWSW":[-0.1,-0.1,-0.1,0.26259],
"0GWSSSR":[0.141068,-0.1,-0.1,-0.1],
"WSWSRGW":[0,0,0,-0.1],
"0W0WSSGG":[0.199496,0,0,0],
"RWSWSW0W":[-0.0939917,-0.1,0.243284,-0.19],
"SSSW0SW":[0,-0.001,-0.1,0],
"SWRW0GSS":[0,0.130378,0,-0.0696246],
"0SSW0WGW":[0,0.282885,0.11391,0],
"0WSSRG0W":[0.0261207,0,0.295386,-0.1],
"0WSSSR0W":[0.214098,-0.1,0,-0.1],
"SG0W0WSR":[0,0.0379573,0,0],
"0WSRGW0W":[0.159377,0,0,0],
"SS0W0WRS":[-0.1,0,-0.1,-0.000827351],
"GSWSW0S":[0.19,0,0,0],
"GWSRW0W":[0,0,0.0213528,0],
"0RSS0S0W":[0.0183261,-0.001,0.305305,-0.1],
"SSGWGWSS":[0,0,-0.1,0.139978],
"0W0WSSSS":[0.126413,-0.19,-0.3439,0.458188],
"0RWSW0S":[-0.001,-0.1,0.231696,0],
"GWWSW0S":[1.19794,0,0.0135001,0],
"RS0W0GSS":[0,0.166132,0,0],
"SSSS0WSR":[0,0.0721469,0,0],
"GW0WSS0S":[1.33209,-0.19,0,0],
"0GWSSSW":[0.213014,-0.271,-0.19,-0.19],
"0GGW0RSS":[0,0,-0.1,0],
"SWSR0W0S":[0,0,0,-0.1],
"SWSWRWGW":[-0.1,-0.0921086,0.327287,-0.1],
"SRSWW0W":[0,-0.1,0.1066,0],
"WW0SSW":[-0.1,0.0269467,-0.1,-0.1],
"0GWSWSR":[0.199121,-0.1,0,0],
"SG0WGWSW":[-0.1,0,-0.1,0.0338287],
"0SSGSS0W":[0,-0.1,0,0],
"0GW0RSG":[0,0,0,-0.1],
"SWGWGWW":[0,0.126683,0,0],
"GR0WWSW":[0,0,-0.1,0.155275],
"SWWGW0G":[-0.1,1.01612,0,-0.1],
"0WWSWSS":[0.243065,-0.19,-0.271,-0.40951],
"W0WSSRW":[-0.1,-0.1,-0.0907056,0.129274],
"SW0WRWSS":[0,0,0,0.228194],
"WSW0R0G":[-0.1,0.222154,-0.000177354,-0.1],
"SW0WRW0S":[0,0,0,0.387719],
"0GGWSWSS":[0,0,0,0.673933],
"0W0WSGSW":[-0.000155215,0,0,0.355601],
"SR0WW0G":[-0.1,-0.1,0.00494805,-0.001],
"WGGSW0W":[-0.1,0,0.024826,0],
"WSS0S0R":[0,0.0798988,-0.001,-0.1],
"0WSWGS0W":[0,1.14371,-0.000145087,-0.1],
"0RGWSWW":[0,0,0,0.115251],
"SGWGW0W":[-0.1,0,0.184891,0],
"W0G0SSS":[-0.1,0.131946,-0.1,0],
"WRW0GSW":[0,0.104937,-0.1,0],
"SSGW0W0R":[0,0,0.0942364,0],
"SSSWWW":[-0.61258,-0.61258,-0.61258,-0.651322],
"WSSSS0G":[0,-0.1,0.485252,-0.1],
"0SSSW0W":[-0.001,-0.1,0.18537,0],
"0W0WSGGW":[0,0,0.397654,0],
"GWWSS0W":[0,-0.19,0.300135,-0.1],
"GW0WSWSW":[0,-0.1,-0.1,0.445162],
"0WGW0SSW":[0.0202522,0,0,1.34964],
"0R0W0SSS":[0.190177,0,0,0],
"SSSWGRW":[0,0.20396,0,0],
"0GW0SSG":[0,0,-0.1,0],
"0SSW0RGW":[0,0.0829001,0,0],
"WSRSSW":[-0.1,-0.1,-0.1,0],
"WSWSS0S":[-0.1,-0.1,0.020185,-0.1],
"SW0S0WSR":[-0.1,0.0209734,0,-0.001],
"0R0WGWSW":[-0.001,0.989416,-0.1,0],
"0GW0WSR":[0,0.128367,-0.1,0],
"SSSW0WSW":[0,0.284704,-0.1,-0.1],
"SWSWSWRG":[0,0,-0.0267591,0],
"0WWRSSS":[0.0555155,0,0,0],
"GGRWSW0W":[0,0,0.021815,0],
"0WSWSR0S":[0.295272,-0.1,-0.00109,-0.1],
"0WSWGW0R":[0,0.306459,0,0],
"SG0WRWSG":[0,-0.0789383,0,0],
"0WSR0GW":[0.0489684,-0.001,-0.1,-0.1],
"GW0WSSRG":[0.593496,-0.1,-0.0247814,0],
"0SSSSW0S":[-0.001,-0.1,-0.001,-0.1],
"SGRW0WW":[0,0,-0.1,0],
"SW0WSWSR":[-0.1,-0.1,-0.1,0.30534],
"0SWWSW":[-0.0200824,-0.1,-0.1,-0.1],
"SWSW0R0G":[0,0,0.648244,0],
"W0RSGW":[0,0,0,-0.001],
"0WRWSS0S":[0.223527,-0.1,0,-0.0598563],
"SW0W0RSS":[-0.1,0.197207,0,0],
"WSGSSSW":[0,0,-0.1,0],
"0WWSSSR":[0.20576,0,-0.1,0],
"0S0WSGSW":[0,0,0,0.0233174],
"SSGR0WGW":[0,0,0,0.189991],
"0WGGSW0W":[0,0,0,0.95551],
"0WGG0RSW":[0,0,-0.1,0],
"0GSWSWW":[0.222224,0,-0.19,0],
"SG0G0WSW":[0,0,0,0.0825679],
"0RWWSS":[0.163984,0,-0.1,0],
"0W0WSWRG":[0.245866,0,0,0],
"SSGRW0W":[-0.1,0,-0.001,0.530154],
"SS0W0G0R":[-0.3439,1.01418,0.00761226,0.00405618],
"0S0W0RSS":[0,0.227647,0,0],
"WGRSW0W":[0,0,0,0.19],
"WSSSSSW":[-0.3439,-0.3439,-0.3439,-0.3439],
"SW0W0SSW":[0,0.00196387,0,0.364147],
"0GGWSSW":[0,-0.1,0,0],
"SWWGWRW":[0,0,0,-0.1],
"W0SSSW":[-0.1,-0.1,-0.1,-0.0183044],
"SWW0GSG":[-0.1,0.062982,-0.1,-0.1],
"0W0GGWSS":[0,0,0,0.270141],
"0G0WRWSW":[0.444102,-0.0982812,-0.1,0],
"SSWGWSG":[0,0.134131,0,0],
"SWW0R0W":[-0.1,-0.001,0.104297,-0.1],
"WSS0SW":[-0.1,0.00895022,-0.1,-0.1],
"SW0WGR0S":[0,0.418626,0,0],
"SS0W0WW":[-0.71757,0.0895943,-0.71757,0.348984],
"RG0WWSG":[-0.0248005,-0.1,-0.1,0],
"0GSSSWW":[0.211815,0,-0.1,0],
"0WRW0GSS":[0,0.107838,0,0],
"0R0WSWSS":[0.20943,-0.1,-0.1,0],
"RGSW0WW":[0,0,0,-0.1],
"WSG0RW":[-0.1,0,0,-0.1],
"0WSWGGW":[0.00799133,0,-0.1,-0.1],
"GR0SSW0W":[0,0,0.0710764,0],
"GRSSSS0W":[0,0,0,-0.1],
"W0GSSW":[-0.1,-0.1,-0.1,0.279414],
"SW0RGWW":[0,0.831198,0,0],
"GG0WSS0R":[1.20173,0,0,0],
"SWGSSS0W":[0,0,0,0.1],
"SG0S0G0W":[0,0,0,0.0114357],
"SS0S0GRW":[-0.1,0.181416,-0.0690252,-0.001],
"0WWSR0W":[0,-0.19,0.357367,-0.19],
"0WSGW0R":[0.0400105,0,0,0],
"GRSS0WW":[0,0,-0.1,0],
"SWSSGW0W":[0,1.37602,0,-0.1],
"SW0WGW0G":[0,1.29407,0,0.0213811],
"0WWSSSG":[0.242611,-0.1,-0.1,-0.1],
"0S0G0WSR":[0,0,0,0.189588],
"SS0RGWW":[0,0.808294,-0.1,-0.001],
"0WSS0S0G":[0.0684348,0.209653,0.0773872,0],
"GW0SSW0W":[0.136967,-0.1,0.232093,0.0123835],
"0WSSSSGR":[0,0,0.135148,0],
"SW0WSWSG":[-0.1,-0.1,-0.1,0.057309],
"SGRWWW":[0,-0.1,-0.1,-0.0904274],
"0R0WSGSW":[-0.001,0,0,0.143472],
"GW0WSWSR":[0,0,0,0.163778],
"SWGW0GSS":[-0.1,0,0,0.122547],
"0W0GRGSS":[0,0,-0.1,0],
"SW0WGGSW":[0,0.188636,-0.1,0],
"SR0SGWSW":[0,0,-0.1,0],
"SWSR0W0G":[0,0,0.404113,0],
"0SGWRWSW":[0,-0.0753648,-0.1,0.268521],
"WGR0WSW":[-0.1,0.0865809,0,0],
"WSR0SW":[0,0,0,-0.1],
"0WSSGW0G":[0.025661,1.26588,0,-0.1],
"0GWSS0R":[0,0,0.221193,0],
"0S0WSSSW":[-0.001,-0.1,-0.1,0.232437],
"0W0SSW0W":[0.0871096,-0.271,0.306688,0.0777378],
"0W0RSSGW":[0.141955,-0.1,0,-0.001],
"SR0WWSW":[0,-0.1,-0.1,0.253227],
"SWWGWSR":[-0.1,0,0,-0.1],
"SSSSRG0W":[0,0,0.0743609,0],
"0W0GSSSS":[0.269931,-0.1,-0.19,-0.001],
"RGSSW0W":[-0.0655408,-0.1,0.0900545,-0.1],
"SWSSSW0R":[0,-0.1,0,-0.1],
"RWSS0S0W":[0,0,0.241518,0],
"0WRWSW0G":[0.252684,0,0,0],
"SSSW0W0S":[-0.19,0.191811,0,-0.1],
"SSRW0W0G":[-0.1,0.228458,0,-0.1],
"0GGWSS0R":[0.431028,0,0,0],
"0WWSR0S":[0.229311,-0.1,0.0260675,-0.1],
"SW0W0RW":[-0.19,-0.001,-0.1,0.350213],
"SG0WRW0S":[-0.1,0,0,0.239787],
"GWWSWSS":[1.01092,-0.1,0,-0.1],
"GW0WGWSS":[1.07352,0.1,-0.1,0],
"SG0W0WGW":[0,0,0.102217,0],
"GRSWSW0W":[0,0,0,-0.1],
"SW0W0WGW":[-0.271,0.0258898,1.2524,0.00647613],
"SWSW0SSW":[-0.1,0.0735333,-0.1,-0.1],
"0WSSSRW":[0.0337184,-0.1,-0.1,-0.1],
"0G0SSWW":[-0.001,-0.1,-0.1,0.194566],
"SW0G0GSW":[0,0,0,0.442498],
"GWW0RSS":[0.925943,0,0,-0.1],
"SSSWSWW":[-0.19,-0.19,-0.19,-0.19],
"0WSWSSRW":[0.348594,0,-0.0958228,0],
"SWSSRW0W":[-0.1,-0.158819,0.265274,-0.1],
"SW0SGW0W":[0,1.32712,0,0],
"0S0RWSS":[0,0,-0.1,0],
"0W0G0SSW":[0.23848,0,0,0.113609],
"GWWWSS":[1.2153,-0.1,-0.19,-0.1],
"SWGWGR0S":[0,0.1,0,0],
"0WSSSS0S":[0.0268625,-0.1,0,0],
"0GW0RSW":[-0.001,0.0609416,-0.1,-0.1],
"0W0SSSSW":[0.338454,-0.1,-0.19,0],
"WSWSWRW":[-0.19,-0.1,-0.0754589,-0.1],
"SS0G0G0R":[-0.1,0,0,0.12914],
"WSWSWGG":[0,0,0.206707,0],
"0WSSSGW":[0.0369322,-0.1,-0.1,-0.1],
"SS0SGW0R":[0,0.337904,0,0],
"SS0RGWSS":[0,0,-0.1,0.00959396],
"SSSWW0G":[-0.1,-0.1,0.100444,-0.1],
"WRWSSW":[0,0,-0.1,-0.10009],
"0S0WWSR":[0,0,-0.1,0.291309],
"SG0WSSSW":[-0.1,0,0,0],
"SWSW0WW":[-0.19,0.254811,-0.19,-0.19],
"0WW0RSW":[0.179384,0,0,-0.1],
"SR0G0WGW":[0,0,0.102411,0],
"SW0WWSG":[-0.1,0,0,0.131623],
"RWW0GSS":[-0.168693,0.0340182,-0.1,-0.1],
"WSWSSW":[-0.92821,-0.92821,-0.935389,-0.935389],
"0G0SSWGW":[0,0,0.487956,-0.001],
"W0WSGW":[-0.19,-0.1,-0.1,0.109688],
"GW0RSS0W":[1.32907,-0.19,-0.00235316,0.0133935],
"0WSWSRSS":[0.185285,0,-0.1,0],
"SWSWSSW":[-0.1,-0.19,-0.1,-0.19],
"0W0W0SSG":[0.142891,-0.001,-0.1,-0.001],
"RWGW0WSW":[-0.0672925,-0.001,-0.1,0.118149],
"SW0SGWW":[0,1.16081,-0.1,0],
"SRW0WGW":[-0.1,0,0,0],
"0W0W0SSS":[0.289002,0,0,0.0319919],
"0SSWWW":[0.00157594,-0.1,-0.1,-0.19],
"0GSWRW0G":[0,0,0.267593,0],
"SSWWGW":[-0.1,-0.1,0,0],
"0W0SSWSW":[0.269294,0,0,-0.001],
"SS0SRWW":[0,0,0,0.0210575],
"SGGW0W0W":[0,0,0,0.346695],
"SSWWSS":[-0.794109,-0.794109,-0.771232,-0.794109],
"0GSWSRSS":[0,-0.1,0,0],
"SWWSWSR":[0,-0.1,0,-0.1],
"W0SSW0W":[-0.1,0,0.240112,-0.000170503],
"SWSWGSRG":[0,0.1,0,0],
"0W0SSWSR":[0,0,0,0.0527046],
"GGSSSS0W":[0,-0.1,0,0],
"0SSWRWGW":[-0.001,0,0.126316,0],
"GWSW0R0W":[1.07029,-0.001,0,0],
"RGSW0W0G":[0,0.14383,0,0],
"WSSSS0S":[-0.1,0,-0.001,-0.1],
"RW0GSG0W":[0,-0.1,0,0],
"W0SSW0R":[-0.1,-0.1,0.0628667,-0.001],
"SSSRSWW":[-0.1,-0.1,-0.1,0],
"SG0W0R0G":[0,0,0.127285,0],
"0S0W0WSW":[0.143802,0.251875,-0.745813,0.448324],
"0W0SSSGG":[0,0,0,-0.001],
"0WSSSSW":[0.211883,-0.1,-0.19,0],
"WSW0SRW":[-0.1,0.0230677,-0.0766708,0],
"0WSS0GGW":[0.0468312,0.220708,1.277,-0.1],
"0GSW0S0G":[0.684556,0,0,0],
"SS0WGRW":[0,0,-0.1,0.0951537],
"SW0S0WSW":[0,0.287671,0,0.0321797],
"SS0W0GGR":[0,0,0,0.0678596],
"0GGWSSRW":[0,0,0,0.204031],
"0SSW0W0S":[-0.001,0.267429,0,0],
"GR0SSWW":[0,-0.1,0,0],
"WSSSRW":[-0.3439,-0.3439,-0.40951,-0.3439],
"W0W0RSG":[0,0.0411635,0,0],
"GWSWSW0G":[0,-0.1,0,-0.1],
"RSSWW0W":[-0.0863733,0,0.082773,-0.1],
"0W0WSWGW":[0.0161414,-0.271,1.3359,0.0137318],
"0WSSRG0G":[0,-0.039086,0.598914,-0.1],
"SS0WW0W":[-0.965663,-0.901523,-0.0140083,0.286084],
"SG0SWW":[-0.1,-0.1,-0.1,0.0154264],
"WSWRG0G":[0,-0.0142137,0,0],
"GWRSSS0G":[0,0,0.0452471,0],
"SS0WGWSS":[0,1.25274,0,0],
"RS0W0GSW":[-0.1,0.0811175,0,0],
"SG0R0WSW":[0,0,-0.1,0.00857088],
"SG0WSWSW":[-0.1,0,0,0.220279],
"SSGRWW":[0,-0.1,0,0],
"0W0RSGSW":[0,0,-0.1,0.0214569],
"SS0GWGW":[0,-0.1,0.795676,0],
"SWGW0GW":[0,-3.42918e-05,0,0.42124],
"0R0W0SSW":[0.0262529,0,0,0.23947],
"0W0GSGW":[0,-0.1,0,0.129126],
"GR0GSS0W":[0.110151,0,0,0.11607],
"0RSWSS0W":[0.23962,0,0,0],
"SR0G0W0G":[0,0,0,-0.001],
"SGSSWW":[-0.271,-0.271,-0.271,-0.271],
"SSSS0G0W":[-0.1,0.0227857,0.29487,-0.1],
"SWSW0SGW":[0,0,0,-0.1],
"SS0R0S0S":[0,0,-0.001,0],
"SSSW0WRW":[0,0.302341,-0.054118,-0.1],
"0GRSSW0G":[0,0,0.0872273,0],
"GW0GSR0W":[0,0,0,0.0159794],
"0RGG0WSW":[0.0474886,0,-0.1,0],
"W0GSSSS":[-0.1,0,0,0.429013],
"SW0S0G0R":[-0.19,0.542224,0,0.00917711],
"GGWSS0R":[0.325266,0,0,0],
"WWSWRG":[0,-0.1,-0.0814296,-0.1],
"SG0GWW":[-0.1,0,0,0],
"0WSWRS0G":[0.179708,0,0,0],
"GWSS0G0W":[1.11465,-0.001,0.0849023,0],
"0WGRWSW":[0.0663885,-0.1,-0.1,0],
"0WSGSWSW":[0.163757,-0.1,0,-0.1],
"0R0W0WSG":[0.0730762,-0.001,-0.1,-0.00223998],
"SW0G0RW":[-0.1,0.143651,-0.1,0],
"GW0WSSGR":[0,-0.1,0,0],
"SSWGWRW":[-0.1,0,-0.0750848,0],
"GRSS0W0G":[0.555694,0,0,0],
"SR0WGWW":[0,0.415613,-0.1,0],
"W0WSGRW":[-0.1,-0.1,0,-0.001],
"SW0G0GSS":[0,0,0,0.376715],
"SW0RSWSS":[-0.1,0,0,0.0505703],
"0G0GSS0R":[0.772714,0,0,0],
"SWSS0WRW":[-0.1,0.286579,-0.0480716,-0.19],
"SW0WGG0R":[0,0,0,0.0150084],
"SWSS0WSW":[-0.1,0.290305,0,-0.19],
"GS0R0GSW":[0,0,0,0.0411466],
"0W0WSWGS":[0,0,0.874862,0],
"GWSW0R0G":[0,0,0.328686,0],
"SW0WSS0G":[-0.1,0,0,0],
"SSSR0WW":[-0.19,0.235798,0,-0.1],
"SWSW0GGW":[0,0.107015,0,0],
"SW0S0GRW":[0,0.481369,0,-0.000839016],
"GRSS0S0W":[0,0,0,-0.1],
"0SSW0WSS":[0,0.158051,-0.1,-0.1],
"0WSW0WGW":[0.0953294,0.096741,1.41877,-0.521703],
"SSGWWSW":[0,-0.1,0,0.928781],
"WSSSG0W":[-0.19,-0.1,0.198071,-0.1],
"SSSR0W0W":[-0.1,0.351077,0,-0.1],
"SWWWSR":[-0.1,0,-0.1,0],
"0GSSGR0W":[0,0.1,0,0],
"GWSS0WRW":[0,-0.0010778,0,0],
"0S0GWSW":[0.290612,0,-0.1,0],
"0R0SSW0W":[-0.001,-0.1,0.264489,0],
"GR0WSWSS":[0.501515,0,0,0],
"SWSWSWSS":[-0.3439,-0.40951,-0.40951,-0.40951],
"W0WSS0R":[-0.1,-0.271,0.24011,-0.00271],
"SGWGW0R":[0,0.213456,0,0],
"SW0WRWW":[0,0,-0.1,0.2593],
"SSSS0W0W":[0,0.365828,0.0313577,0],
"SGSR0W0W":[0,0,0,-0.1],
"0WWSR0G":[0.011171,-0.19,0.656152,-0.1],
"0W0SSSW":[-0.001,-0.1,0,0.263739],
"GW0GSW0S":[0.922259,0,0,0],
"GW0GSRW":[0,0,-0.1,0],
"W0GSGSS":[-0.1,-0.1,-0.1,-0.001],
"SWSSSW0G":[-0.1,-0.1,0.369808,0],
"SW0S0G0G":[0,0.469918,0.115688,0],
"0WSG0S0W":[0.209209,0,0,0],
"0WWRGSW":[0.00946837,-0.100274,-0.1,0],
"SW0WGW0S":[-0.1,0,0.0153139,0.368144],
"0W0SSWSS":[0,0,0,0.02173],
"0WSS0SSW":[0.0289022,-0.001,-0.1,-0.1],
"SR0SWW":[-0.1,-0.1,-0.1,0],
"SWWGGSW":[0,0.230133,0,0],
"SW0W0GRW":[0,0.884003,-0.0767895,0],
"SW0WW0R":[-0.1,-0.1,-0.00271,0.182375],
"0RSSGW0G":[-0.000672251,0,0.471478,0],
"W0SSWSW":[-0.1,-0.1,-0.1,0.00662956],
"0GSW0WW":[0.522434,-0.0160286,-0.1,-0.271],
"SWRS0W0W":[0,0.0172568,0.249624,0],
"SS0WSWSW":[-0.19,-0.1,-0.1,0.334897],
"0GWWSR":[0.185933,0,0,0],
"SSSRW0G":[0,0,0.0165614,0],
"0WWSWSR":[0.196905,-0.271,-0.1,-0.19],
"SW0WSSSW":[-0.1,-0.1,-0.1,0.280336],
"0WW0WSW":[0.242878,0.0251429,-0.849905,-0.972187],
"SSSW0WW":[-0.19,0.268339,-0.3439,0],
"RWWSWSS":[-0.158027,-0.19,-0.19,-0.19],
"0W0SSGW":[0.0650234,0,0,0],
"SS0WRW0W":[-0.1,-0.1,0.279066,-0.00223693],
"0WSSRS0W":[0.209641,0,0,0],
"GWWSSSG":[0,0,-0.1,0],
"RWSWSG0W":[0,0,0.0953895,0],
"WSWSW0R":[-0.1,-0.19,0.0575327,-0.1],
"SSSWGWGW":[-0.1,0,0,-0.1],
"RWWWSW":[-0.101003,0,0,-0.1],
"0W0R0GSW":[-0.00127353,0.519074,-0.19,-0.001],
"0WGWSS0S":[0,-0.1,-0.000571734,1.2002],
"0SSG0W0R":[-0.001,0,0.0468695,-0.1],
"0WSS0GRG":[0,0.0714564,0,0],
"0WRW0WSW":[-0.00170808,0.296833,-0.271,-0.100568],
"0GSGSWW":[0.0275045,-0.1,-0.1,0],
"RSSG0SSW":[-0.0937286,0,0,0],
"WWSWRS":[-0.1,-0.1,0,0],
"0SW0WSW":[0,0.231272,0,0],
"SWGW0WGR":[0,0,0.1,0],
"SW0RWSS":[-0.1,-0.1,-0.1,-0.0019],
"SSSG0W0R":[-0.1,0.116117,0,0],
"GR0WSS0S":[0.652506,0,0,0],
"SG0WRW0W":[0,-0.0887525,0.38213,0.0399719],
"GRSW0WW":[0.1,0,0,0],
"0W0SSS0W":[0.0149871,0,0.340403,0],
"WSSSSW":[-0.864915,-0.864915,-0.864915,-0.864915],
"WSWGW0W":[0,0,0.205999,-0.19],
"GW0WWSG":[0.653704,0,-0.1,0],
"WSWSGW":[-0.1,-0.1,-0.1,-0.1],
"0WRSSWW":[-0.001,0,-0.1,-0.0815287],
"0G0WSWRS":[0.438346,0,0,0],
"SSRG0WSS":[0,0,-0.1,0],
"W0WGWSW":[0,0,-0.1,-0.001],
"0S0GWSG":[0,-0.1,0,0.151076],
"RW0W0GSG":[0,0,0,-0.00215887],
"RW0GSW0W":[-0.0966508,0,-0.001,0.0180782],
"SSGW0WSW":[-0.1,0.358385,0,0],
"0WGRSS0S":[0,0,0.0116982,0],
"WSS0GW":[-0.1,0.225285,0,-0.1],
"SS0WGRGW":[0,0.222017,0,0],
"0W0GWSG":[0.233199,0,0,0],
"0G0SSSSW":[-0.001,-0.1,-0.1,0],
"0SSWW0W":[-0.0019,-0.1,0.183158,-0.40951],
"0G0WSGSW":[0.446623,0,0,0],
"SW0WSSSR":[-0.19,-0.1,-0.1,0.158748],
"0W0WSGW":[-0.00516735,-0.1,-0.1,0.293404],
"0GGSSS0W":[0,0,0,0.1],
"GW0RSW0S":[0.936563,-0.1,0,0],
"0W0S0SSW":[0,0,0,-0.000383324],
"GWSW0S0W":[1.33546,-0.001,0,0],
"W0R0SSG":[0,0,0,0.00468729],
"GWGWSSSS":[0.230216,0,0,0],
"SW0WSWRS":[-0.1,0,-0.1,0],
"SWSWSSRS":[0,0,0,-0.1],
"SWSGGR0W":[0,0.128703,0,0],
"0WSSWGW":[0.157499,-0.1,0,-0.1],
"SSRG0G0W":[0,0.312917,0,-0.0931331],
"0S0WSWSR":[0,0,-0.1,0.284638],
"0W0GSSGW":[0,-0.1,1.17341,0],
"SW0G0SSW":[0,0.12063,-0.1,0.0173454],
"0R0WSSW":[-0.001,0,0,0.270529],
"RWSWSGSW":[0,-0.1,0,-0.1],
"RW0WSSW":[-0.0790809,-0.1,0,0.301109],
"0S0WGWSS":[-0.000928571,1.24262,-0.1,0],
"0SSSWSS":[0.00126858,0,-0.1,0],
"WGSSW0W":[-0.1,-0.19,0,0.524873],
"RWSWGW0W":[0,0.42926,-0.000499877,-0.1],
"SW0GSWSS":[-0.1,-0.1,-0.1,0.0899464],
"SS0G0WRG":[0,0.00923554,0,0],
"0W0SSW0G":[0,-0.1,0.94473,0],
"GG0WSS0W":[2.00603,-0.19,0.201246,0.029019],
"SS0G0GW":[-0.1,0.308342,-0.1,0],
"SSW0GRW":[-0.1,0.267217,0,0],
"GWRGSS0W":[0.55793,0,0,0],
"0S0SSWRW":[0,0,0,-0.001],
"0G0WRWSG":[0.00295028,0,0,0],
"SR0S0WW":[-0.1,-0.001,-0.1,0.245905],
"0W0W0RSS":[0.0597612,0.0634603,-0.71757,0.365389],
"SWSGSR0W":[0,-0.1,0,0],
"SS0SWW":[-0.1,-0.1,-0.1,-0.0758427],
"SW0SGWRW":[0,0,-0.0427995,-0.001],
"SW0G0WSS":[-0.1,-0.001,-0.1,0.354409],
"SWSW0WSS":[0,0.386147,-0.1,0],
"SGSW0R0S":[0,0,0.0117216,0],
"GW0W0SSW":[1.09064,0,0,-0.001],
"WWSWSS":[-0.61258,-0.61258,-0.651322,-0.61258],
"RWGWSS0W":[0,0,0.0720735,0],
"RW0W0SSS":[-0.00710092,0,0,0.211832],
"0WSW0S0S":[0.277902,-0.0181,0.00607029,0],
"GW0GSSSW":[0,0,0,0.15622],
"0WSSSWGW":[0.281593,0,0,0],
"0RW0GSS":[-0.0028276,0.0748493,-0.1,-0.1],
"WSW0RGW":[0,0,1.03728,0],
"SW0G0RGS":[0,0,0.1,0],
"0RSWSWSS":[0.173991,-0.1,-0.1,-0.1],
"SRW0WSS":[0,0.070761,-0.1,0],
"SS0SSS0G":[0,0,0.11867,0],
"SS0R0W0S":[-0.1,0.0691067,0,-0.000888949],
"SWSWGG0W":[-0.1,0,0.11927,0],
"GWSWSS0R":[0.246745,0,0,0],
"WSWRS0W":[-0.1,-0.1,0.105864,-0.1],
"SSWWSR":[-0.19,-0.19,-0.19,-0.19],
"SW0SSGRW":[0,-0.1,0,0],
"GRWSS0W":[0.589134,0,0,0],
"SS0WWSR":[0,0,0,0.220035],
"SSGW0W0S":[0,0.0680043,0,0],
"WSWSWGR":[0,0,0.190377,0],
"WSSSW0G":[0,0,0.573697,-0.1],
"0G0W0SSS":[0,-0.001,0,0.370442],
"SW0R0G0S":[0,-0.001,-0.001,0.121561],
"WWSWGR":[0,-0.1,0,0],
"0SSWW0R":[0.0503142,0,0,0],
"SWSW0S0W":[0,-0.001,0.257768,-0.1],
"RGSWW0W":[-0.0401651,0,0.0398837,-0.1],
"0RSWSWW":[0.000707907,-0.1,-0.1,-0.1],
"SS0WWSS":[-0.271,0,-0.19,0.114033],
"SW0S0R0W":[0,0.0169971,0,0.260101],
"SS0WRW0G":[-0.1,-0.0803536,0.175169,0],
"SWSW0G0S":[-0.1,0.0202899,0,0],
"SG0SSS0W":[0,-0.1,0,0],
"0WSRSS0W":[0.177327,-0.1,-0.001,-0.1],
"SRSS0W0W":[0,0.262908,0.0266719,0],
"0SSSWW":[-0.0031329,-0.1,-0.1,-0.1],
"SR0S0W0G":[0,0,0,0.0242997],
"GRGW0WSW":[0.130387,0,0,0],
"RWWGWSS":[-0.0948167,0.607092,0,-0.1],
"SWSGSSSS":[0,0,0,-0.1],
"0GSG0W0W":[0.329329,0,-0.00167182,0],
"SW0RSSSW":[-0.1,-0.1,-0.1,0.0459426],
"GWSSRW0W":[0,-0.0929889,0.109422,-0.1],
"SS0G0WSW":[-0.1,0.313078,-0.1,0.0250087],
"SRGWWSW":[-0.1,-0.1,0,0],
"GWRSSW0W":[0,-0.1,0.0448299,0],
"0WSRSW0G":[0,-0.1,0.377634,-0.1],
"RW0WSSSS":[0,0,0,0.287353],
"GG0RSSW":[0.160771,0,0,0],
"SS0W0R0S":[0,0,0.0413833,0],
"0WSS0SGR":[0.13677,0,0,0],
"SSRGW0W":[-0.1,-0.1,0.0874059,-0.0996797],
"0G0RSS0G":[0.572445,0,0,0],
"0W0R0SSG":[0,0,0,-0.001],
"SWGW0SSS":[-0.1,-0.001,-0.1,0.12435],
"0W0R0SSS":[0,0.0920718,0,0],
"0SSG0WRW":[-0.001,0.172962,-0.0793791,-0.1],
"0WSWSGGW":[0.0103404,0,0,-0.1],
"SSSW0G0R":[0,0.366958,0,0],
"0WSS0SGW":[0.324903,0,0,-0.1],
"0RSWSWGS":[0.00451636,-0.1,0,-0.1],
"SW0W0GRG":[0,0.135133,-0.0535283,0],
"RW0W0SSW":[-0.0849786,-0.001,-0.1,0.253841],
"0RSS0WGW":[0,0.0248475,1.37307,0],
"SRSG0WW":[0,0.0564955,0,-0.1],
"0GGWSS0W":[-0.001,-0.1,0,1.27926],
"0WSW0SSW":[0.310115,-0.001,-0.19,-0.1],
"SRSW0W0S":[-0.1,-0.001,0.0241033,-0.1],
"GWSSSS0W":[1.02615,0,0,0],
"WSSSGW":[-0.1,-0.1,-0.1,-0.1],
"SSRSSG0W":[0,0,0.0327374,0],
"SS0G0WRW":[0,0,0,0.187077],
"0SSWSW0S":[0.0189378,-0.1,-0.001,-0.1],
"0G0GSWRW":[0.27428,0,0,0],
"0WGWWSG":[0,0,-0.1,0.415858],
"SSGW0WGW":[-0.1,0,0,0.766879],
"SGSW0WGW":[0,0.0060219,0,-0.1],
"W0SSRW":[-0.1,-0.1,-0.1,0.0105823],
"SS0W0GGW":[-0.1,0.973163,0,0.00801149],
"0RW0GSW":[-0.001,0.0219078,-0.1,-0.1],
"SSSRWW":[-0.468559,-0.468559,-0.40951,-0.468559],
"GSSWSW0W":[0.19,0,0,0],
"0GSR0S0G":[0.181419,0,0,0],
"SS0WWRG":[0,-0.1,-0.0984755,0.0842777],
"GG0WSWSS":[0,0,0,0.0579598],
"WGRSS0W":[-0.1,-0.1,0.0470699,0],
"0SSRWW":[0.000777058,-0.1,-0.1,-0.1],
"0WSWRSGW":[0,-0.1,0.338264,0],
"SWSWSWGW":[-0.1,0,0,-0.1],
"SS0RGWSW":[0,0.122017,0,0],
"WSW0SGW":[0,0,1.14334,0],
"0WGGSSSS":[0,0,0,0.123569],
"SWSGSWSW":[-0.1,-0.1,-0.1,-0.1],
"RGWSWSW":[0,-0.1,-0.1,0],
"0WSWRGGW":[0,0,0.115138,0],
"SS0W0WSG":[-0.1,0.181553,0,0],
"SS0WGWW":[0,0,-0.1,0.312699],
"SSSWGSW":[0,0,-0.1,0],
"0S0R0WSW":[0,0.291915,-0.1,0.0208351],
"0WSSGS0G":[0,0,0.0224699,0],
"0WGSSW0W":[0.176198,0,0,0.124066],
"SSSG0GSW":[-0.1,0,0,0],
"SSSW0G0G":[0,0,0.341103,0],
"0SSS0WRW":[-0.001,0,0,-0.1],
"0RSSSWSW":[0.0912509,0,0,0],
"0W0W0SSR":[0,0.157268,0,0],
"SW0WSRSS":[0,0,-0.1,0],
"GW0WSRSW":[0.222221,0,0,0],
"RWSWSS0G":[0,0,0.0386765,-0.1],
"0WSSRWGW":[0,0,1.36488,0],
"0WSSSSGW":[0,0,1.17406,0],
"W0WGRSS":[-0.1,0,-0.1,0],
"0G0GSWW":[0.267903,-0.1,-0.1,0],
"GSWWSW":[0,0,-0.1,-0.1],
"0WW0RSG":[0.0138418,-0.00109,-0.1,-0.1],
"0WSS0S0S":[0.0776901,0,-0.001,0],
"SSGGWSW":[0,-0.1,-0.1,0],
"0WRGSWSW":[0.106314,-0.1,0,0],
"0WSGWGW":[0.0136384,0,0,0],
"0GGSSWW":[0,-0.1,0,0.229458],
"0S0WSWSW":[-0.0019,-0.271,-0.19,0.354991],
"SG0W0WRW":[0,0,0,0.106768],
"0SSR0G0W":[-0.001,0,0.150743,-0.1],
"0W0WRSSW":[0.185732,-0.19,-0.1,0],
"0SSWSG0W":[-0.001,0,0,-0.1],
"W0WSGSS":[-0.1,-0.1,0,0.0933189],
"W0W0SSS":[-0.1,0,0,0.229512],
"0R0GSWSS":[0.0227004,-0.1,-0.1,0],
"0GSS0R0G":[0,0,0.778773,0],
"WSWGWW":[0,0.304213,-0.1,-0.1],
"GWSWSG0W":[0.837026,0,0,0],
"SW0R0WSS":[0,0.209086,0,0],
"SWGS0W0W":[-0.1,0,0.196998,0],
"SS0WW0S":[-0.1,-0.1,0,0.167705],
"SWSS0W0S":[0,0.220923,0,0],
"GW0G0RSW":[0,0,0,0.24414],
"SGSW0R0W":[0,0.138319,0,0],
"SS0G0RSW":[-0.19,0.194251,0,-0.001],
"WW0GSS":[-0.1,0.170969,-0.19,-0.1],
"SW0WGGW":[0,0,0,0.173688],
"0W0GSW0S":[0.0231551,0,0,0.43319],
"WSSSG0S":[0,0,0,-0.1],
"RW0GSWW":[-0.0887125,0,0,0.0629913],
"SWWGR0W":[0,0,0.103515,-0.1],
"0WSGGWW":[-0.001,0,-0.1,0],
"0R0G0WSS":[-0.00115261,0.217219,-0.1,-0.00257081],
"0S0G0GSW":[0,0,0,0.211543],
"WSSSR0W":[-0.19,-0.1,0.152517,0],
"SGWGW0S":[0,0,0.0242188,0],
"0WRGSSSW":[0.136613,-0.1,-0.1,-0.0929093],
"GG0W0SSW":[0,0,0,0.0119278],
"WWSR0S":[-0.1,-0.1,-0.0240453,-0.1],
"0GSSGW0W":[0,0.111501,0.214289,0],
"0WWSRGS":[0.023312,0,0,0],
"0GWRWSW":[0,0,-0.1,0],
"WSS0GGW":[-0.1,0,0.701135,0],
"0G0GSSSS":[0.428418,0,-0.1,0],
"GGWSW0S":[0.723351,0,0,-0.1],
"SSSW0W0R":[0,0.297296,0,0],
"0SWGWSW":[0,0.923416,0,0],
"GGSSW0W":[0,0,0.0409703,0],
"SS0W0WSS":[-0.19,0.319811,-0.1,0.0391136],
"WGSSW0G":[-0.1,0,0.0348847,0],
"WGG0RSS":[0,0,-0.1,0],
"0WSS0GRW":[0.0891631,0,0,0],
"SWSG0S0W":[-0.1,-0.001,0.168438,0],
"WSSSG0G":[0,0,0.0940672,0],
"SWSRSW0W":[-0.1,0,0.0375173,-0.1],
"SWRG0G0W":[0,0.350886,0.0128756,0],
"RWSS0WGG":[0,0,0,-0.1],
"SSSW0GSW":[-0.1,0.350131,0,0],
"SWSWSWRW":[0,0,-0.0840304,0],
"0R0SSWSW":[0.0402431,0,0,-0.001],
"0GSSGWW":[0,0.545274,0,0],
"RWSSGWGW":[0,0,0,-0.1],
"0W0RSW0G":[0.225304,-0.1,0,-0.001],
"W0G0WSR":[0,0.00289065,0,0],
"GS0W0WSS":[1.19136,0,0,0],
"SGSW0WSR":[0,0.0275631,0,0],
"SSWGW0G":[0,0,0.233512,0],
"W0W0SSG":[-0.1,0,-0.1,-0.001],
"SGSS0W0G":[0,0.0371796,0,-0.1],
"GWSWSSSW":[0,0,-0.1,-0.1],
"GWSS0R0G":[0,0,0.707816,0],
"0RSGSWSW":[0,0,0,-0.1],
"W0WRWSW":[0,-0.0946545,-0.1,0],
"0W0G0GSR":[0.00991613,0,0,0],
"WSWGWGW":[-0.1,0,0,-0.1],
"WWSWGG":[-0.1,0,0,0],
"0WWWSR":[0.208309,-0.1,-0.1,-0.1],
"SWSWSWSR":[-0.271,-0.3439,-0.271,-0.271],
"WSSSRGW":[0,-0.1,0.22977,-0.1],
"0WSWSWRS":[0.0328361,-0.1,-0.089815,0],
"W0WRSSW":[0,0,0,0.0955114],
"GWWSG0W":[0.114399,-0.1,0,-0.1],
"SW0W0SSS":[0,0.229896,-0.1,0],
"0RGWSS0W":[0.169294,0,0,0],
"SWSGSS0W":[0,0,0.108294,0],
"0S0W0GSW":[0,0,0,0.337606],
"SW0SSS0R":[-0.1,-0.1,0.0349051,-0.001],
"SSSW0WGG":[0,0.0403861,0,0],
"0RSWSSW":[0.0633033,-0.1,-0.1,-0.1],
"SW0W0WRS":[0,0.262758,0,0],
"SS0WGW0S":[0,0.472138,-0.001,0],
"SWW0SSW":[-0.1,-0.001,-0.1,-0.1],
"SS0WWSG":[-0.1,-0.1,-0.1,0.165493],
"W0GSW0R":[0,-0.1,0.0414986,-0.001],
"0S0WGRSW":[-0.001,0,0,0.0227659],
"GWSS0RW":[0.291951,-0.001,0,-0.1],
"SW0WSGSW":[0,0,0,0.195258],
"RWWSWSW":[-0.135109,-0.1,-0.19,-0.19],
"GR0G0WSW":[0,0.0196519,-0.1,0],
"SWSW0W0S":[0,0,0.148896,0],
"0RSWGWW":[0,0,0,-0.1],
"SSGGW0R":[0,0,0,0.102163],
"0GSS0R0W":[0,-0.001,0.233435,0],
"WSWSSGW":[0,0,0.991909,0],
"SSGWWSS":[0,-0.1,-0.1,1.02352],
"0WSWSW0R":[0.295585,-0.19,0,0],
"SW0W0RGW":[-0.1,-0.001,0.504065,-0.00177914],
"SS0S0W0G":[0,0.240681,0,0],
"GWWSR0S":[0,-0.1,0,0],
"0SGW0GSW":[-0.001,0.175215,0,0],
"0WW0SSS":[0.209285,-0.00116394,0,-0.1],
"0GSSSS0W":[0.857845,0,0,0],
"SS0W0GSR":[0,0.136775,0,0],
"W0SSR0W":[0,0,0.0464992,0],
"SWGW0WRW":[-0.1,0.1053,0,0],
"0WSW0GGW":[-0.000853395,0,1.23788,-0.1],
"0R0SSWW":[-0.001,-0.1,-0.1,0.148376],
"SSWGR0W":[-0.1,0,0.0281282,-0.1],
"0RWSS0S":[-0.001,0,0.148343,-0.1],
"0WSSGWW":[0.00294712,1.24338,-0.1,-0.271],
"0WSRGWW":[-0.001,0.1,-0.1,-0.1],
"0RSSW0G":[0.0437939,0,0,0],
"0GRWSWSW":[0.49341,-0.1,0,0],
"SS0WGG0R":[0,0.728282,0,0],
"SGSWRS0W":[-0.1,0,0.0205212,-0.1],
"SWSWSW0G":[0,0,0.447051,0],
"0G0RSWSW":[0.511765,-0.1,0,0],
"RG0WSW0S":[0,0,0,0.0405387],
"0WRWSSW":[0.0985204,-0.1,0,0],
"SSSWSW0W":[0,0,0.203882,0],
"SW0R0GSS":[0,0.276624,-0.1,0],
"SWWWGS":[0,0,0.1,0],
"SWSSGWW":[0,1.0304,0,0],
"0S0WSWSS":[0,0,0,0.387187],
"GWRSSS0W":[0.138462,0,0,0],
"GGWSSSW":[0.736939,-0.1,-0.1,-0.1],
"0WSW0W0W":[0.233613,0.216034,0.354648,-0.999997],
"SWSSGR0W":[0,0.834907,0,-0.1],
"WSSSWGW":[-0.1,-0.1,1.25047,-0.1],
"SW0WGWRW":[0,1.02623,0,0],
"SS0W0WSR":[0,0.254822,0,0],
"SS0G0G0S":[-0.1,0,0,0.123234],
"SWWSW0S":[-0.1,0,-0.031951,-0.1],
"0S0W0GSS":[0,0.875893,0,0],
"SSSS0W0G":[0,0.0368553,0.92286,-0.1],
"SS0S0GSW":[0,0.501013,0,0],
"0W0GSWSR":[0.0675555,0,-0.1,0],
"GWSWSG0S":[0,0,0.0652617,0],
"SRSWSW0S":[0,0,0.00355398,0],
"0WSW0WW":[0.210389,0.0172,-0.911371,-0.864915],
"0W0RSS0S":[0,-0.19,-0.001,0.151692],
"WGW0SSW":[-0.1,-0.001,-0.1,1.04787],
"0SSGSW0W":[0,0,0.0194027,0],
"0GSW0G0W":[-0.001,0,0.227379,0],
"SW0W0R0G":[-0.1,-0.00110763,0.742563,-0.00111221],
"0RWSWGW":[0,0,0.502991,0],
"0S0WSG0S":[0,0,0,0.0713392],
"GRWSSSW":[0,-0.1,-0.1,-0.1],
"SSGRGW0W":[0,0.235873,0,0],
"SWSW0RSW":[-0.1,0.181503,-0.1,-0.1],
"SS0SSGSW":[0,-0.1,0,0],
"SG0WRWSS":[0,0,-0.1,0.132388],
"0WSWGWRW":[0.0161585,0,0,0],
"SG0RWW":[-0.1,0,0,0],
"SWSS0W0R":[-0.1,0,0.222174,-0.1],
"0WWSW0S":[0.12298,-0.745813,0.249766,-0.468559],
"0WSGSG0W":[0,-0.1,0,0],
"SW0WWGS":[0,-0.1,0,0.0210347],
"WGW0WSR":[-0.1,0,0,0],
"0WSW0SGS":[0.163934,0,0,0],
"SG0WSWSS":[0,0,-0.1,0.0906247],
"0W0GSGSW":[0.0836054,-0.1,0,0],
"SRW0G0G":[0,0.0621101,0,0],
"0WGWGWSW":[0,0,-0.1,0.596206],
"SW0S0WRW":[-0.1,0.180335,-0.0884342,0],
"0W0WSG0G":[0.0791941,0,0,-0.00136409],
"GS0WSW0S":[0,0,0,0.262523],
"GRWSW0G":[0,-0.1,0.0529543,0],
"GWWSS0R":[0.649149,-0.1,0,0],
"RWSSWW":[0,0,-0.1,-0.1],
"WGWSSSW":[-0.1,0,-0.1,1.03611],
"0G0WSWRW":[0.994424,-0.1,-0.0912066,-0.0014779],
"SS0W0WRG":[0,0.377311,0,0],
"0GGWWSS":[0,-0.1,0,0.437502],
"SS0WWGR":[-0.1,-0.1,0.296212,0],
"RSSW0W0G":[0,0.130429,0,0],
"SS0R0G0G":[-0.1,0.611444,-0.001,-0.001],
"SSGW0G0R":[-0.1,0.516476,0,0],
"SRSW0WGS":[-0.1,0,0,0],
"SWW0WSR":[-0.1,0.0464559,0,0],
"SWSWSW0S":[-0.1,-0.1,0.0799224,-0.1],
"0GSS0SGW":[0,0,0.126434,0],
"0GSWSS0W":[0.952894,-0.271,0,-0.1],
"0SW0RSW":[0,-7.07411e-05,0,0],
"0GGWSW0S":[0,0,0,1.26232],
"WSSGWGW":[0,0,0,-0.1],
"0R0WSSSG":[0,0,0,0.0140852],
"SW0GGWSS":[0,0.541499,0,0],
"SWSS0G0R":[0,0.240595,0,0],
"0WRGGSSW":[0,0,-0.1,0],
"0G0R0WSW":[0.412096,0,0,0],
"SW0SGS0W":[-0.1,0.483282,0,0],
"0WSSSSSS":[0.173826,0,0,0],
"0W0W0W0G":[-0.0054662,-0.00528723,-0.00626679,-0.00580858],
"GW0RSG0W":[0,0,0.0143045,0],
"SSGR0WSW":[0,0,0,0.514984],
"SW0SSW0W":[0,0,0.28128,-0.001],
"SSSWSW0S":[-0.1,-0.1,-0.0189342,-0.1],
"WGWSS0G":[0,0,-0.001,0.479865],
"RWSSSSW":[-0.170768,-0.1,-0.1,-0.1],
"SWSWSWSW":[-0.40951,-0.468559,-0.40951,-0.40951],
"0WSWSGSW":[0.0636325,-0.1,-0.1,-0.1],
"SW0GGWW":[-0.1,0,-0.1,0.230464],
"GG0RSW0W":[0.895899,-0.1,0,0],
"GG0SSS0W":[0,0,0.0359166,0],
"GGWSWSW":[0.393272,0,0,0],
"SSSG0WSW":[-0.1,0.110251,0,0],
"0S0SSWW":[-0.001,-0.19,-0.1,0.0424942],
"SWSS0SGW":[-0.1,0,0,0],
"SWSWSS0G":[-0.1,-0.1,0.0776038,0],
"SSSW0WGW":[-0.1,0,1.38751,-0.1],
"SW0S0SGW":[-0.1,0,0,0],
"SSWSGSS":[-0.1,0,0,-0.1],
"SGW0WSW":[-0.1,-0.001,0,0],
"GWSG0W0W":[0,-0.0012591,0,-0.1],
"0GSSSS0G":[0,0,0.265595,-0.1],
"0W0SSS0G":[0,-0.1,0.620079,0],
"W0W0GSG":[-0.1,0,0,0],
"RG0SSWSW":[0,0,-0.1,0],
"0R0SSS0W":[0,0,0.0729884,0],
"WSW0S0R":[0,0.175045,0,0],
"SSRWWW":[-0.1,-0.1,-0.1,-0.0849566],
"GS0WGWSW":[0,0,-0.1,0.107122],
"SS0W0GRG":[0,0,0,0.101571],
"GWRWSS0G":[0,-0.1,0.126935,0],
"0WGSSRW":[0,-0.1,0,0],
"SR0W0WGW":[0,0,0.615412,0],
"SWSR0G0W":[-0.19,0.08948,0.248275,-0.1],
"0SSGSWSS":[0,-0.1,0,0],
"0WSWSG0R":[0,0,0.0330089,0],
"0S0W0WSG":[0.190015,0,-0.1,0],
"SW0RGG0W":[0,0,0.0327673,0],
"SW0W0SSG":[0,0,0,0.207851],
"W0WSSRG":[-0.1,0,0,0.0525238],
"0SGWWSW":[-0.001,0,-0.1,1.2028],
"SGSGWSW":[0,0,0,-0.1],
"SRSSW0W":[-0.1,-0.1,0.10634,0],
"RGSWSSGW":[0,-0.1,0,0],
"WWSG0R":[0,0,0,-0.1],
"WSWSW0S":[-0.1,-0.1,0.0470145,-0.19],
"0W0SSRW":[0,0,-0.1,0.152521],
"SWSS0R0G":[0,-0.001,0.681449,-0.1],
"0RWGWSS":[-0.0019,0.653105,-0.1,-0.1],
"RWWSG0W":[-0.0881051,0,0,0],
"GRSW0W0W":[0.118827,0,0,-0.1],
"WSW0SSS":[-0.1,-0.0893812,-0.1,-0.1],
"SWGWWW":[0,0,0,0.556666],
"WSS0RGW":[0,0,1.04905,0],
"RW0WGWSS":[-0.0843925,1.10236,-0.1,0],
"0W0WSSGR":[0,0,1.1221,0],
"GG0WWSW":[0.758109,0,0,0],
"0W0SSGSW":[0.130752,0,0,0],
"0WW0SSG":[0.0997635,-0.001,-0.1,-0.1],
"SR0G0WW":[0,0,-0.1,0.0855633],
"0WSWRWW":[0.108205,-0.0829635,0,0],
"SWSW0G0W":[-0.19,0.449264,0.0535132,-0.271],
"0S0R0GSW":[-0.001,0.200518,-0.1,0],
"GWWRWSS":[0.632803,0,0,0],
"GW0W0SSS":[0.953776,-0.001,-0.1,0],
"0WSRGG0W":[0,0,0.0129667,0],
"0WSRSSW":[0.176916,-0.1,-0.1,0],
"SSRS0W0W":[0,0,0.163547,0],
"W0GSS0G":[-0.1,-0.1,0.203511,-0.0019],
"0GSWSWGR":[0,0,0.117879,0],
"0WGSSWW":[-0.000331906,-0.1,0,0.371167],
"SW0SGGW":[0,0.332106,-0.1,0],
"0R0GSS0W":[0.175402,0,0,0.0234795],
"0S0SSWSR":[0.0167965,0,0,0],
"SR0W0G0S":[-0.1,0,0,0],
"0W0WSGSS":[-1.60511e-05,-0.1,-0.1,0.364161],
"0W0R0WSG":[-0.00170717,-0.00228419,-0.1,0.0490896],
"SSSSWSW":[-0.271,-0.271,-0.271,-0.271],
"SS0SW0W":[0,-0.1,0.190741,0],
"WGWSWW":[0,-0.1,-0.1,0.317758],
"WSG0WGW":[-0.1,0,0.319335,0],
"SS0GWSW":[-0.1,-0.19,-0.19,0.456456],
"0GRWSSGW":[0,0,0.305607,0],
"0GWSW0S":[0,-0.1,0.236331,-0.1],
"0WSS0SW":[0.170786,0,0,0],
"0G0W0SSW":[0,0,0,0.266134],
"SG0S0WSW":[-0.1,0.180277,-0.1,0],
"0WGG0SSS":[0,0,0,0.124344],
"SS0GSRSW":[0,-0.1,0,0],
"0WSS0RGG":[0,0,1.43998,-0.1],
"WSSGWW":[-0.1,0,-0.1,-0.1],
"0WSS0RGW":[0.0664934,-0.000818486,1.35303,-0.1],
"0SSR0WW":[0,0.156401,0,0],
"GGWSWSS":[0,-0.1,-0.1,-0.1],
"W0WSS0S":[-0.1,-0.1,0.0420345,-0.0194382],
"0WSSSWGS":[0.216855,0,0,0],
"W0WRWSS":[0,0,-0.1,0.0864206],
"GR0SSS0W":[0.27615,0,0,0.000253777],
"SW0W0RSW":[-0.1,-0.00131513,-0.271,0.361237],
"0GSSSWRW":[0,0,-0.0969121,-0.1],
"0WRWSWSG":[0.0282512,0,-0.1,0],
"GWSS0RGW":[0,0,0.434507,-0.1],
"0G0GSSSW":[0.615129,0,0,0],
"0WSW0SW":[0.20591,0,0,0],
"WGWSS0W":[-0.1,0,-0.001,1.26833],
"0WSWSWRG":[0.0336692,-0.1,-0.0233262,0],
"SSRW0GSW":[0,0.174877,0,0],
"GWGW0WSW":[0,0,-0.1,0],
"SWSWSW0R":[0,0,0.153007,0],
"SWSSWGG":[0,0,0,-0.1],
"GW0GSWSS":[0,-0.1,0,0.304275],
"0SSWSW0W":[0.103313,-0.1,0,-0.1],
"GWWSS0G":[0.862364,0,0,0],
"RG0WSGSW":[0,0,-0.1,0],
"RW0SSW0W":[0,0,0,0.0686185],
"0RSW0SGS":[0,0,0,-0.1],
"SWSS0R0S":[0,0,0.0137452,-0.1],
"W0GSS0R":[-0.1,-0.1,0.039323,-0.0019],
"0SGWGWSW":[0,0.228873,0,0],
"SWSS0RW":[-0.19,0.175328,-0.1,-0.1],
"0GSG0W0R":[0,0.0239422,0,-0.1],
"0S0S0WSR":[0,0,-0.1,0.00254894],
"WSWGS0W":[0,0,0.125978,0],
"WSS0S0S":[-0.1,-0.00364944,0.0128918,-0.1],
"SSWWSG":[-0.468559,-0.40951,-0.468559,-0.468559],
"SWGS0RGW":[-0.1,0,0,0],
"SWGSWW":[0,-0.1,0,0],
"SSSWW0W":[-0.1,-0.1,0.223709,-0.1],
"SSSS0WGW":[-0.1,0.325527,0,-0.1],
"0SRGSSSW":[0,0,0,0.0301482],
"0W0RGWSS":[0,0,0,0.0617831],
"W0RSSW":[0,0,0,-0.000579407],
"0W0GSSRW":[0,0,0,0.0879486],
"SWRS0G0W":[-0.1,0.443943,0,0],
"GWSWRS0W":[0,0,0.104817,-0.1],
"SR0SWSW":[0,-0.1,0,-0.001],
"SR0W0WSS":[0,0.247995,-0.1,0],
"SRSW0WGW":[0,0.0293695,0,-0.1],
"RW0WSG0W":[-0.084573,-0.1,0.0836503,0],
"RWWSS0S":[0,0,0.0462491,-0.1],
"SSGWWGW":[0,0,0.285214,0],
"SW0WRWGW":[0,0,0.219131,0],
"SRSS0WW":[0,0.0500616,-0.1,0],
"0W0RSWSS":[0,0,0,0.181503],
"SWSG0WSW":[0,0.248026,0,0],
"SWGW0W0S":[0,0,-0.001,1.15915],
"SWSR0WW":[-0.19,0.211335,-0.1,-0.1],
"SS0S0WSW":[-0.271,0.385508,-0.19,-0.001],
"SSSS0W0S":[-0.1,0,-0.001,0],
"0WWGWSR":[-0.001,0.128386,0,0],
"0RSSGWGW":[0,0,0.480964,0],
"SS0S0RW":[0,0.0182769,0,0.199811],
"0WSR0S0G":[0,0.126883,0,-0.1],
"SW0S0WGW":[0,0,1.17356,-0.001],
"SG0WRWW":[0,0,0,0.0206667],
"SGSS0W0W":[0,0,0.150361,0],
"SWSR0WSG":[0,0.0190539,0,0],
"0RSWSGSW":[0.00346342,-0.1,0,0],
"SRW0W0S":[0,0.121884,0,0],
"SSSS0WSW":[-0.1,0.274533,0,0],
"SS0GGWW":[-0.1,0,-0.1,0.210765],
"SSRWGG0W":[0,0,0.00983949,-0.085304],
"RWSS0G0G":[0,0.0747126,0,0],
"0WSG0WRG":[0,0,-0.0143337,-0.1],
"0W0SSSGW":[0,0,0.348409,0],
"SS0S0WW":[0,0.272806,-0.1,0.000540305],
"GR0W0GSS":[0,0,0,0.0493567],
"SW0RSWSG":[0,-0.1,0,0],
"RWSWGS0W":[0,0,0.10866,-0.1],
"0GWSWRW":[0.187525,0,-0.0811755,0],
"0GSS0SW":[0.0395783,0,-0.1,0],
"0RSWGS0W":[0.019415,0,0,-0.1],
"SGW0GSW":[-0.1,0,-0.1,-0.1],
"0WGWSWGW":[0,0,0.226928,0],
"GW0GSWW":[0.478577,0,0,0],
"SW0W0WSS":[-0.468559,0.308086,-0.468559,0.0483991],
"W0WRGSS":[0,0,0,0.0425398],
"0SSSSS0W":[0,-0.1,0,0],
"SSSW0S0W":[0,0.08485,0,-0.1],
"0R0WGGSW":[0,0.107826,0,0],
"0GRWSW0G":[0,-0.1,0.0266228,-0.0757244],
"0GWGWSW":[0,0.363358,0,0],
"SRW0G0W":[-0.1,0,0.181878,-0.1],
"SGSW0W0S":[0,0,0.0274974,0],
"SSRS0G0W":[0,0,0.0203152,-0.0753247],
"SSWWSW":[-0.771232,-0.794109,-0.794109,-0.771232],
"0W0WSS0W":[0.351162,-0.999994,0.216199,0.199176],
"SW0R0WGG":[0,0.0134256,0,0],
"0WWSSGW":[0,0,1.26038,0],
"GWSRSWGW":[0,0,0,-0.1],
"0RSG0GW":[0,0,0,-0.1],
"SWRGWW":[0,-0.1,0,0],
"0SRW0WSW":[0.0648372,0,0,0],
"GSSSSW0W":[0,0,0.0233038,-0.1],
"GWW0WSG":[0,0,-0.1,0],
"SG0R0W0W":[0,0,0.165979,-0.000284376],
"WSSRG0W":[0,-0.0424469,0.127207,0],
"GG0W0RSS":[0,0.0511778,-0.1,0],
"SWSS0GRW":[0,0.0912991,0,0],
"WSWSSRG":[-0.1,-0.1,0,-0.1],
"GGSS0S0W":[0.416185,0,0,0],
"SG0W0RGS":[0,0,0,0.0252869],
"0S0R0WSS":[-0.001,0.273445,0,0],
"SWWW0R":[-0.1,-0.1,-0.000241954,-0.1],
"SWSSSW0S":[-0.1,-0.1,0.0084561,-0.1],
"RWSSSW0W":[-0.0462195,0,0.0854846,0],
"GSW0WSW":[0,0.0376741,0,-0.1],
"W0WSSSR":[-0.1,-0.1,-0.1,0.13753],
"SWSS0RGW":[-0.1,0.0830416,0,0],
"WSGSSW":[0,0,-0.1,-0.1],
"SG0W0WSS":[0,0.249839,0,0],
"0G0GSW0S":[-0.000720285,-0.1,-0.000157976,0.480528],
"0WSWGWGW":[0,0.770668,0,0],
"SW0GGW0S":[-0.1,0,0,0.145536],
"SW0WWRW":[-0.1,-0.1,-0.192183,0.183067],
"SWSSSS0W":[0,0,0.310944,0],
"SGSW0S0W":[0,0,0,-0.1],
"SS0S0W0R":[-0.1,0.227029,0,-0.001],
"0SSWSS0W":[0.0980276,0,0,-0.1],
"SWGWSWSW":[-0.1,0,0,0.998201],
"RSSW0W0S":[-0.1,0.0175297,-0.001,0],
"WSSSWRW":[-0.3439,-0.3439,-0.354562,-0.3439],
"0S0RSGSW":[0,-0.1,0,0],
"SR0GWW":[-0.1,-0.1,-0.1,-0.00130951],
"SWRWSSSW":[-0.1,-0.1,-0.1,-0.139555],
"SSSG0W0G":[-0.1,0,0,-0.1],
"SGW0W0S":[-0.1,0.140605,0.0205403,0],
"SW0GSWSR":[0,0,0,0.0377099],
"WSSSW0R":[-0.1,-0.1,0.136215,-0.1],
"0RSS0GGW":[0,0,0.859186,0],
"RGWWSW":[0,0,0,-0.1],
"0GW0RSS":[-0.001,0.0432681,-0.1,-0.1],
"SGW0G0S":[0,0,0.0947116,0],
"SSGR0G0W":[0,0,0.0972083,0],
"SSRW0W0W":[-0.1,0.042104,0.247326,-0.359484],
"SSWGWSS":[-0.1,0.700953,-0.1,0],
"GS0WGWSS":[0.19,0,0,0],
"W0WSG0S":[0,0,0,0.0816303],
"0W0G0GSS":[0,0,0,0.404641],
"0GRWSS0G":[0.567947,0,0,0],
"SSSR0W0G":[-0.1,0,0.227302,-0.1],
"SWWWSS":[-0.271,-0.271,-0.271,-0.19],
"0WGSSSSW":[0,0,0,0.202066],
"WSWSR0S":[0,-0.1,0.0157867,-0.1],
"SW0R0SSG":[-0.1,0,0,0],
"SWGGW0W":[0,0,0,0.214494],
"SSSW0WSS":[0,0.271959,-0.1,-0.1],
"0RSG0G0W":[0,0,0.032072,0],
"WGGSSRW":[-0.1,0,0,0],
"SS0GW0G":[-0.1,-0.1,-0.00354789,0.0794022],
"0GWSS0G":[0,-0.1,0.288033,-0.1],
"0G0RSS0S":[0,0,0.0444904,0],
"SWRG0GSW":[0,0,0,-0.0794669],
"GW0G0WSW":[1.19333,0,0,0],
"SWSWSSSG":[0,0,-0.1,0],
"RWSSGW0W":[0,0,0.122118,0],
"SSGW0GSS":[0,0,0,0.453471],
"0R0GGWSS":[0,0.414388,0,0],
"W0R0SSW":[0,0,0,0.070236],
"0R0WSSSS":[0.16754,-0.1,-0.1,0],
"0W0WSWSR":[0.339684,-0.1,-0.271,0.0354226],
"SWSSSG0W":[-0.1,-0.1,0.0566204,-0.1],
"0GSGSSW":[0,0,-0.1,0],
"SWSW0S0R":[-0.1,0.0691575,0,0],
"GS0SSW0W":[0.1,-0.1,0,-0.001],
"0G0RWSG":[0,0,-0.1,0],
"0GSRSS0W":[0.151176,-0.1,0,0],
"SWSGSSRS":[0,-0.1,0,0],
"0W0RSWGG":[0,-0.1,0,-0.001],
"WSWSWGW":[0,0,0.852367,0],
"SSGWW0G":[0,0,0,0.970357],
"0G0WSSRG":[0.469752,0,0,0],
"0WGGSWW":[0.0296055,0,0,0],
"RWSG0S0W":[0,0,0,-0.1],
"WSW0GGW":[0,0,0.990449,0],
"SWRW0G0S":[-0.1,0.121934,0,0],
"0SRGSWSW":[0.00709953,-0.1,0,0],
"0GSWSS0G":[0,0,0.415664,0],
"0SSRW0G":[0,-0.1,0,0],
"0GSWSG0S":[0.496371,0,0,0],
"SSSSRWW":[0,-0.0810507,0,-0.1],
"0WSSSR0G":[0,0,0.577296,-0.1],
"SS0RGW0G":[0,0.414748,0,0.00670241],
"SGW0R0W":[0,0,0.17636,0],
"SSRG0WGW":[0,0,0.119373,0],
"0WSGRGW":[-0.001,0,0,0],
"SSW0G0R":[-0.1,0.516172,-0.00130951,0],
"SSRWW0G":[-0.1,-0.1,0.000740124,-0.0779611],
"0G0WSSRS":[0.202892,-0.1,-0.0916231,0],
"SWSSGG0W":[0,0,0.160259,0],
"WGG0WSW":[0,0.131255,0,0],
"SWSWSSSW":[-0.19,-0.19,-0.1,-0.1],
"SG0W0R0W":[-0.1,-0.0011012,0.402355,0],
"WSS0WGG":[0,0.0798508,0,0],
"0G0WSWRG":[0.504385,0,0,0],
"SW0GSRSW":[-0.1,-0.1,0,0.0230647],
"0SWSW0S":[0.0640716,-0.1,-0.0019,-0.1],
"WGGSS0W":[-0.1,0,0,0.488394],
"SSSRW0W":[-0.1,-0.1,0.115235,-0.1],
"0SSWSWSW":[0.0403197,-0.1,-0.1,0],
"WGWRWSW":[-0.1,-0.0818674,0,0],
"GW0RSW0G":[0,0,0.153356,0],
"0WW0GSG":[0,0.0384421,0,0],
"0RSW0S0G":[0,0,0.482497,0],
"0S0RSSSW":[0,0,-0.1,0],
"0SWWSR":[0.0223771,-0.1,-0.1,-0.1],
"GW0WSSRW":[0,0,-0.0790882,0.290598],
"SW0GSGSW":[0,-0.1,0,0],
"0G0GRWSW":[0,-0.0724737,0,0],
"WSWRG0W":[0,0,0.20675,0],
"SWRS0G0G":[-0.1,0.163639,0,0],
"SSSSWGR":[0,0,0,-0.1],
"SWW0WRW":[-0.1,0.0204376,-0.0823584,-0.1],
"RWSW0WW":[-0.0914468,0.0686784,-0.1,-0.1],
"RG0WSS0W":[-0.0357016,0,0,0.177842],
"0SWSWSW":[0.0187634,-0.1,-0.1,-0.1],
"SWSS0WGW":[0,0,1.3047,-0.1],
"0WWSWRS":[0.191298,-0.1,-0.0569334,0],
"0GWSR0S":[0.0232875,0,0,0],
"0WSW0SSR":[0.0242047,-0.01,-0.1,-0.1],
"SR0W0W0S":[0,0,0.208621,0],
"0WWSWGS":[0.276477,0,0,0],
"0GSWW0G":[0,0,0.00964025,0],
"0W0SSWRG":[0,0,0,0.0520449],
"SSRWGW0G":[0,0,0.0753318,-0.0928928],
"SSSWGW0R":[0,0.14137,0,0],
"RGGWSS0W":[-0.0266695,0,0,0],
"0G0WRGSW":[0,-0.0790445,0,0],
"SWSWSWW":[0,-0.1,0,0],
"SWSWSRSW":[0,-0.1,-0.1,0],
"SWSWGW0W":[0,1.29391,-0.00103057,0],
"SWRW0GGS":[0,0,0,-0.0782322],
"GWSS0S0W":[0,0,0.319998,0],
"SWRGGW0W":[0,0,0,-0.0829388],
"SWSW0GRW":[0,0.40416,-0.0857728,-0.1],
"SSSWGG0W":[0,0.205234,0,0],
"0G0RSSSS":[0,0,-0.1,0],
"0GGRSS0W":[0,-0.1,0.0244258,0],
"0G0WSSSS":[0,0,-0.19,0.374267],
"GGWSSSS":[0.561149,-0.1,-0.1,-0.1],
"WSWSWSR":[0,-0.1,0,0],
"0G0SSWSW":[0.354983,0,0,0],
"0RSS0W0W":[0.041992,0.00452882,0.385148,-0.19],
"W0SSS0W":[-0.1,-0.1,-0.062757,-0.0171299],
"W0SSW0G":[-0.1,-0.1,0.397498,-0.001],
"RGSS0WGW":[-0.032967,0.0489009,0,-0.1],
"0G0WSSSR":[0,0,0,0.248002],
"SSSS0GW":[-0.1,0.295767,-0.19,-0.19],
"W0WSSSG":[0,0,0,0.0161911]
}