
AGENT_666136741

CONFIG
{"EPISODES":100,"SAMPLE_PER_REPLAY":10,"MAX_STEPS":1000,"frame_time_ms":30,"board_x":10,"board_y":10,"alpha":0.1,"gamma":0.995,"epsilon":0.8,"epsilon_decay":0.9925,"epsilon_min":0.05,"statefn":"DIST_TO_CLOSEST","state_init":"INSTANT_DEATH","reward_advance":-0.01,"reward_green":10,"reward_red":-2,"reward_death":-10}

QTABLE
{
"2RG1SS4WW4WW":[0.000276765,-10,0,0],
"4WW1RW1SS2GW":[0.0669054,0,-10,0],
"1SS2GW2WW1SS":[-10,0,0.0106116,-10],
"3RW1SS1SG4WW":[-0.001,-10,-10,0],
"4RW4WW4GW1SS":[0,0.0129165,0,-10],
"3GW1WW3WW1SS":[0.200786,-10,0,-10],
"1SR3WW4WW4WW":[-10,0.0155921,0,0],
"2SS1SS4WW1SS":[-0.996,-10,0,-10],
"4WW1SS1SR1SS":[0.00911071,-10,-10,-10],
"4GW2SS1SS4WW":[0,-0.001,-10,0],
"1SS4SS4WW4WW":[-10,-0.001,0,0],
"4WW1WW1SS4SS":[0.1323,-10,-10,0],
"4GW1SS1SR4WW":[-0.001,-10,-10,0],
"4GW2WW1SS1SS":[0,0.00590313,-10,-10],
"4WW3GW2RW1SS":[-0.001,0,0,-10],
"1RG4WW1SS1WW":[0.0696594,0,-10,-10],
"3WW1SS1GR1WW":[-0.000652904,-10,0,-10],
"3WW2GW1SS1GW":[0.00448414,0,-10,0],
"3SS1SS3WW4WW":[0.0191231,-10,0,0],
"1SG3SS3WW4WW":[-10,0.02278,0,0],
"3GW1SS2RW4WW":[0.0076219,-10,0,0],
"4WW2WW3WW1SR":[-0.000319532,0,0,-10],
"3WW2GW1SS3WW":[0.00493737,0,-10,0],
"1SS1GW2WW2WW":[-10,1.00038,0,0],
"4WW3WW1SS3RW":[0.0370798,0,-10,0],
"1SG4WW2WW2GW":[-10,-0.001,0,0],
"2SS3WW2WW1SR":[0,0,0.00851553,-10],
"2SS1SS3WW1SG":[0,-10,-0.001,-10],
"1SS2SS3WW4GW":[-10,-0.001,0,0],
"4WW2WW1SS1SR":[0.000616092,-0.001,-10,-10],
"2SS4WW3WW1SG":[0.000680548,0,0,-10],
"2SS1SS1SS4RW":[0.0987413,-10,-10,0],
"1SS1WW1GW4RW":[-10,-10,1.00413,0],
"1SG4WW3WW3RW":[-10,0,0,-0.001],
"1SS2SS1SG4WW":[-10,-0.996,-10,0],
"1SS4SS4WW3WW":[-10,0.0336202,0,0],
"1SS4WW4WW2SG":[-10,0.00149953,0,0],
"2WW1SS3SS4WW":[0.00329721,-10,0,0],
"1WW3SS1SS1WW":[-10,0.00755621,-10,-10],
"1SS4GW4WW3GW":[-10,0,0,-0.001],
"1WW1SS4SG4WW":[-10,-10,0.0142693,0],
"4GW1WW4WW1SR":[-0.001,-10,0,-10],
"1SS3WW4WW3GW":[-10,0.00265453,0,0.0175126],
"2RW1SS1SS4WW":[0.000820019,-10,-10,0],
"1RG4WW1SS4WW":[-0.194516,0.0257631,-10,0],
"2RG4WW1WW1SS":[-0.001,0.0123711,-10,-10],
"3RW3WW4GW1SS":[0,0,0.00103043,-10],
"2RW3WW4GW1SS":[-0.001,0,0,-10],
"1WW4RW1SS1GW":[-10,-0.001,-10,0],
"1WW2RW1SS2GW":[-10,-0.001,-10,0],
"1WW1SS2SS1RW":[-10,-10,-0.001,0],
"4WW2SS1SS2WW":[0.000369121,0,-10,0],
"1GW3SS1SS4WW":[0,0,-10,0.0219346],
"2WW3GW1SS4WW":[-0.001,0,-10,0],
"1GW1SS1WW1WW":[1.09999,-10,-10,-10],
"3RW1SS1SS3WW":[-0.000215426,-10,-10,0],
"4RW4WW3SS1SS":[0,0.0030294,0,-10],
"1SR2SS4WW1SS":[-10,0.0187964,0,-10],
"1SS2GW4WW2SS":[-10,0.795792,0,0],
"2GW1SS2WW4GW":[0.530736,-10,0,0],
"1WW3WW1SS2SR":[-10,-0.000404611,-10,0],
"1WW4RW1SS2GW":[-10,-0.001,-10,0],
"1GW1SR1WW3WW":[1,-10,-10,0],
"4GW1SS2WW1GW":[0.00309934,-10,0,0],
"4RW3WW1SS4WW":[0,0,-10,0.0263918],
"4RW3WW4WW1SS":[-0.001,0,0,-10],
"1RW3WW4WW1SS":[-0.2,0,0,-10],
"1SS4RW3WW1SS":[-10,-0.000261256,0,-10],
"1SS4RW2GW4WW":[-10,-0.000816969,0,0],
"1SS1SG3GW4WW":[-10,-10,0.00990091,0],
"3GW2WW4WW1SS":[0,0.00955715,0,-10],
"4SS1SS1RW4WW":[0.00996552,-10,0,0],
"3WW4WW1SR2WW":[-0.00106452,0.0371747,-10,0],
"1RW2WW1SS4GW":[-0.166927,0,-10,0],
"1SS2WW3RW4WW":[-10,0.00483391,0,0],
"1SR4WW4WW1GW":[-10,0.00522027,-0.001,0],
"1GW1SS3WW2WW":[0,-10,0,0.187356],
"3RW1SS3WW3WW":[0,-10,0,-0.001],
"1SS1RW2WW1SG":[-10,-0.195829,0,-10],
"1SS2RW2WW4GW":[-10,-0.001,0,0],
"1SS1RW2WW4GW":[-10,0,0,-0.001],
"1SS3WW2WW1RG":[-10,0.00117226,0,0],
"1SS1RG3WW4WW":[-10,-0.1005,0,0],
"4WW2RG3WW1SS":[0.00687188,0,0,-10],
"1SS3RG3WW1SS":[-10,-0.001,0,-10],
"2WW1SS3SS1WW":[-0.996,-10,0,-10],
"1WW1SR2SS2WW":[-10,-10,7.15995e-05,0],
"1SS1SG1SS2WW":[-10,-10,-10,-0.00102605],
"1SS4SS4WW2WW":[-10,0.192296,0,0],
"3SS4RW3WW1SS":[0.0189683,0,0,-10],
"1WW4WW1SS2RW":[-10,0.0171879,-10,0],
"4WW4SS1SG2GW":[0.00320631,0,-10,0],
"1GR4WW1SS4WW":[1.01449,0,-10,0],
"4GR4WW1SS4WW":[-0.001,0,-10,0],
"4GR1SG1SS4WW":[-0.001,-10,-10,0],
"1WW1WW4WW1SR":[-10,-10,0.0167249,-10],
"1RW3WW1SG4WW":[-0.2,-0.000231532,-10,0],
"3RW3WW1SG4WW":[-0.001,0,-10,0],
"3RW1WW1SS4WW":[0.000285434,-10,-10,0],
"4RW1WW3WW1SS":[-0.001,-10,0,-10],
"1SS1WW3WW1RW":[-10,-10,-0.00199602,0],
"1SS3WW4WW2RW":[-10,0,0.00480415,0],
"1WW1RW4WW4WW":[-10,-1,0,0],
"1WW2RW1GW4WW":[-10,-0.001,0,0],
"2WW1GW4WW4WW":[-0.001,0,0,0],
"2WW4GW4WW1WW":[-0.0010995,-0.001,0,-10],
"2WW2GW4WW3WW":[-0.001,-0.001,-0.001,0],
"1WW3RW4WW4WW":[-10,-0.001,0,-0.001],
"1WW4RW4WW2WW":[-10,-0.001,-0.001,-0.001],
"4GW1SS3GW4WW":[-0.000780355,-10,0,0],
"4GW4WW1SG4WW":[-0.001,0,-10,0],
"2WW2WW4RW1SG":[0,0.00880735,0,-10],
"1SS4RG4WW3WW":[-10,0,0,-0.001],
"2WW1WW2SS1SR":[0,-10,-0.996,-10],
"1SS2SR4WW1SS":[-10,0,0.024857,-10],
"1SS2SR4WW1WW":[-10,-0.001,0,-10],
"1WW1SS1SG2GW":[-10,-10,-10,0.268755],
"2WW3RW1SG3WW":[0,-0.001,-10,0],
"1GR1SS3WW4WW":[1.01186,-10,0,0],
"1WW2SS1SR1GW":[-10,-0.996,-10,0],
"1WW1SS3SS3GW":[-10,-10,0.00932621,0],
"1WW1SS4RW1GW":[-10,-10,-0.001,0],
"4WW1SS1SS3RW":[0.0415085,-10,-10,0],
"1SS1SS2SS1SS":[-10,-10,-0.00090679,-10],
"4WW2WW3SS1SS":[0,0.0137892,0,-10],
"1SS1GR1WW1GW":[-10,0,-10,1.00089],
"1SS1WW3RW3SS":[-10,-10,0,-0.001],
"1WW1SS2SS2WW":[-10,-10,0,-0.00133414],
"2SS1SS1SS4GW":[0.00767874,-10,-10,0],
"1SS1WW2RW1GW":[-10,-10,0.00921756,0],
"1SS1GW2GW4WW":[-10,0.999901,0,0],
"1SS3RW1GW1GW":[-10,-0.000629826,0,0],
"4WW2WW1SS1RG":[0.0264596,0,-10,0],
"1SG1SS1WW1SS":[-10,-10,-10,-10],
"2RG1SS3WW4WW":[0,-10,-0.000458923,0],
"1SS1GW4WW2SS":[-10,0,0,0.000569281],
"4RG1SS1WW4WW":[-0.001,-10,-10,0],
"2GW3WW1SG4WW":[-0.001,0,-10,0],
"3RG3WW3GW1SS":[-0.001,0,0,-10],
"4WW3RW2GW1SS":[0.00691223,0,0,-10],
"4WW2GW1SS3WW":[0.0205185,0,-10,0],
"4WW1RW1SS3WW":[0.0592742,0,-10,0],
"1SS1SS1RW2WW":[-10,-10,-0.171807,0],
"3WW1SS4WW1RW":[0.00152673,-10,0,0],
"2GW4WW4WW1SG":[0.57645,0,0,-10],
"4WW2WW1WW1SR":[-0.001,0,-10,-10],
"1SS3WW4WW4SS":[-10,0,0,-0.001],
"1WW4GW2SR1SS":[-10,-0.00120676,0,-10],
"1RW1SS2WW2WW":[-0.197646,-10,0.000115516,0],
"4GW3WW1SS1GW":[0,0,-10,1.01224],
"3SS4WW1WW1SR":[0.000514369,0,-10,-10],
"1SS3GW3GW4WW":[-10,0.111136,0,0],
"4WW1SS3RW3WW":[0.00121638,-10,0,0],
"4WW3WW1WW1SG":[0.0289808,-0.0010995,-10,-10],
"4WW1SS1WW2GR":[0.0488666,-10,-10,0],
"1SS1WW1WW4GR":[-10,-10,-10,-0.0019995],
"1SS4WW3RW3WW":[-10,0.0339298,0,0],
"1SS4WW4RW3WW":[-10,0.150326,0,0.0236918],
"2RW4WW1SG4WW":[-0.001,-0.000904144,-10,0],
"1RW1SS4GW4WW":[0,-10,0.0641994,0],
"1SR4WW4GW4WW":[-10,0.624195,0,0],
"2RW1GW4GW1SS":[0,0,-0.001,-10],
"1SS2SS1WW4WW":[-10,-0.996,-10,0],
"1SS3WW4WW1GR":[-10,-0.000930268,0,0],
"4WW2GW1SS3RW":[0.0263325,0,-10,0],
"4WW2GW3WW4WW":[-0.00192834,-0.001,0,0],
"4WW1GW3WW4WW":[-0.00128349,0.999592,-0.001,0],
"4WW1WW4WW4RW":[-0.001,-10,-0.00134218,-0.001],
"1WW3WW1SS1RW":[-10,-0.000168786,-10,-0.2],
"2WW2WW4GW4WW":[-0.001,-0.0010995,0,0],
"4WW3WW4WW4RW":[-0.001,-0.001,0,0],
"4WW4WW4GW4RW":[-0.0010995,0,0,0],
"4WW4WW4WW4RW":[-0.00147536,-0.001,0,0],
"4WW2WW1SG2RW":[-0.00119045,0,-10,0],
"1SS2SS4GW4GW":[-10,0.00220585,0,0],
"1SS2WW4GW4RW":[-10,0,-0.000984037,0],
"1SS1SS1SS1SG":[-10,-10,-10,-10],
"1SS2SS1RW4GW":[-10,-0.996,0,0],
"1WW1SS2RW4WW":[-10,-10,-0.001,0],
"3RW4GW1SS3WW":[0,0.00695867,-10,0],
"3WW2WW1SS1SR":[0.000936248,0,-10,-10],
"1SS1WW3RG4WW":[-10,-10,-0.001,0],
"1SS1GW1SS1SS":[-10,1.033,-10,-10],
"2SS4GW2WW1SS":[-0.001,0,0,-10],
"3SS1SS2GW4WW":[0,-10,0.568858,0],
"1SS4WW2WW1SG":[-10,-0.001,0.00696904,-10],
"4GW4RW4WW1SS":[0,0,0.0054124,-10],
"1WW3WW4SS1SG":[-10,0,-0.001,-10],
"2WW4WW3RW1SS":[0.00282361,0,0,-10],
"1WW1WW1SS1SR":[-10,-10,-10,-10],
"1WW2WW1SS4RW":[-10,-0.996,-10,0],
"1WW1SR4GW1WW":[-10,-10,-0.001,-10],
"1WW3WW1SS4RW":[-10,0,-10,0.00243462],
"2WW3WW1SS2SS":[-0.001,0,-10,0],
"1WW4WW1SS1SR":[-10,0.017724,-10,-10],
"1WW1SS2SS4RW":[-10,-10,0.0345188,-9.81385e-05],
"4WW1WW1SS3RG":[0.0157813,-10,-10,0],
"1SS3WW1WW1GW":[-10,-0.001,-10,0],
"1RW1SS2GW4WW":[0,-10,-0.001,0],
"1SS1WW4WW3RG":[-10,-10,-0.000457046,0],
"3WW1SS4GW2WW":[0,-10,-0.000923949,0],
"2RW4WW2WW1SS":[0.0060284,0,0,-10],
"4WW2RW1SS3GW":[0.0371962,0,-10,0],
"1SS1SS3GW4WW":[-10,-10,-0.001,0.117283],
"2WW1SS4RW2WW":[0,-10,-0.000677456,0],
"3WW1SS4SG3WW":[-0.001,-10,0,0],
"1SS1WW3GW4WW":[-10,-10,0,0.01197],
"2RW4WW3WW1SS":[0,0,-0.000997396,-10],
"4WW4WW4WW3RW":[0,-0.001,0,0],
"1GW4GW1WW1SS":[1.02029,0,-10,-10],
"1SS1GW1WW4WW":[-10,1,-10,0],
"2WW3WW1SG4WW":[0,-0.000844002,-10,0],
"3WW1SS2GW4WW":[-0.001,-10,-0.001,0],
"1SS3WW3GW4WW":[-10,-0.001,0,0],
"1RW4WW4WW2WW":[-1,0,0,0],
"4RW4WW4WW2WW":[-0.001,0,0,0],
"1WW4GW4RW1SS":[-10,0.00538693,0,-10],
"1RW4WW1SS3WW":[-0.197473,0,-10,0],
"2RW4WW1SS3WW":[-0.001,0.0330171,-10,0],
"1SG2WW2WW4GW":[-10,0.000683504,0,0],
"2GW1SG4WW4WW":[0,-10,0,0],
"2WW1SS1SR3GW":[0.00150365,-10,-10,0],
"3WW1SS2RW4WW":[-0.001,-10,0,0],
"2WW1WW1SG4GW":[0,-10,-10,-0.00101438],
"3WW1WW1GW1SS":[-0.001,-10,0,-10],
"2WW4WW1SR3GW":[0,-0.001,-10,0],
"3WW4WW2RW1SS":[-0.001,0.0693291,0,-10],
"4WW2RW1SS1SS":[0.0153393,0,-10,-10],
"1SS1RW4WW4GW":[-10,0,0.0173686,0],
"1WW1SS3SG2WW":[-10,-10,-0.001,0],
"3SS4WW4RW1SS":[0.000705881,0,0,-10],
"2WW4WW1SR3WW":[0.00249294,0,-10,0],
"3WW4WW1SR3WW":[-0.001,0.00474113,-10,0],
"1SS1SS4WW2RW":[-10,-10,0.181434,-0.001],
"2WW2WW1SS3RW":[0.00570548,-0.001,-10,0],
"1GW4WW1SS1RW":[1.01254,0,-10,0],
"1RW1SS3WW4WW":[-0.344125,-10,0,0.077562],
"3GW1WW1SS4WW":[0.281826,-10,-10,0],
"1RW1SS2SS3WW":[-0.182499,-10,0,0],
"1SS1SS4WW3RW":[-10,-10,0,-0.000415986],
"3GW1SS2WW4WW":[-0.001,-10,0,-0.001],
"4GW2WW1SS4RW":[0.00468682,0,-10,0],
"2SS1SR1WW3WW":[0.0112751,-10,-10,0],
"4GW1SS1SS3GW":[-0.001,-10,-10,0],
"1SS3WW2WW2GW":[-10,-0.0019613,-0.001,0],
"1SS2SG4WW1WW":[-10,0.000668479,0,-10],
"4WW4GW3GW1SS":[0.000595653,0,0,-10],
"1SS4RW4WW1GW":[-10,0,0.00255267,0],
"1SS3RW4WW2GW":[-10,0,0.00461203,0],
"1GW2SS1SS4WW":[0,0,-10,0.013087],
"2SS1SS1WW2GW":[0.00867948,-10,-10,0],
"1SS1WW1WW3GW":[-10,-10,-10,-0.001],
"1SS1WW3WW1SG":[-10,-10,-0.00151807,-10],
"1SS2WW1SS1SS":[-10,0.0019587,-10,-10],
"1SS4WW3GW3RW":[-10,-0.001,0,0],
"2WW4WW2SS1SS":[0,0,0.00307878,-10],
"3WW2WW1RW1SS":[0,0,-0.180908,-10],
"1SS4WW1SS2SS":[-10,0.0176401,-10,0],
"2WW1SS2RW4WW":[0,-10,0,0.00766738],
"1WW4SS1SS1WW":[-10,0.0040486,-10,-10],
"2WW4SS1SS2WW":[0,0,-10,-0.000781501],
"1GW4WW2SS1SS":[1.00001,0,0,-10],
"4GW1SS2SS2WW":[4.10294e-05,-10,0,0],
"4GW1SS1SS1SS":[0.00350628,-10,-10,-10],
"4WW1GW1SS1WW":[0,1.90339,-10,-10],
"1GW1SS1WW2WW":[0,-10,-10,0.00206743],
"1SG2SS3WW4WW":[-10,0,0,0.0106081],
"1SR2SS1WW3WW":[-10,0,-10,-0.001],
"4WW1SS1RW1GW":[0,-10,-0.2,0],
"2GW4WW1SR1SS":[0.00223086,0,-10,-10],
"2SS1SS1SS3GW":[0,-10,-10,-0.001],
"3SS1SS1WW2RW":[-0.001,-10,-10,0],
"1SS2WW1WW1SR":[-10,-0.000928027,-10,-10],
"4WW2WW1RW1SS":[0,0,-0.2,-10],
"2SS4RW2WW1SS":[-0.00120786,0,0,-10],
"1SS3WW4WW3SS":[-10,0.0107049,-0.001,0],
"4SG1SG1SS2WW":[-0.000654925,-10,-10,0],
"4SG1SS2WW2WW":[-0.001,-10,0,0],
"3GW4RW3SS1SS":[0.0168942,0,0,-10],
"1SR3WW3WW4WW":[-10,-0.0010995,0,0],
"4SS4RW4WW1SS":[0,0,0.0281568,-10],
"1SS4RW1SS1SS":[-10,0.0131112,-10,-10],
"1WW2WW1SS1GW":[-10,0,-10,1.00004],
"3WW1WW2RW1SS":[-0.001,-10,0,-10],
"3RW1WW1SS2SS":[-0.000723369,-10,-10,0],
"1SS1SG3WW3WW":[-10,-10,0.0121985,0],
"3GW1SS1SS2WW":[0.0173112,-10,-10,0],
"1GW1SS4WW1WW":[1.00603,-10,0,-10],
"1SS2SS3WW1SS":[-10,-0.0010995,0,-10],
"1SS3SS3WW4WW":[-10,-0.001,0,0],
"4WW2GW1SS3SS":[0,0.287679,-10,0],
"4WW1SR1SS1WW":[0.0194507,-10,-10,-10],
"1SG1SR4WW2WW":[-10,-10,-0.000493129,0],
"3GW4WW3SS1SS":[0.0178777,0,0,-10],
"2SG1SS4WW4WW":[-0.001,-10,0,0],
"3GW2RW1SS1SS":[0.0345492,0,-10,-10],
"1SG2SS2WW3WW":[-10,-0.001,0,0],
"2WW1WW1SS1SG":[-0.000709368,-10,-10,-10],
"2WW4WW1SR2SS":[0.00434243,0,-10,0],
"1SS2WW3RW1SG":[-10,0,-0.001,-10],
"2WW3WW1SS1GW":[-0.001,0,-10,0],
"2RG1SS1SS2WW":[-0.001,-10,-10,0],
"3RG4WW1SS2WW":[-0.001,0.00985974,-10,0],
"4RG1SS4WW2WW":[-0.001,-10,0,0],
"1SS4RW3WW1WW":[-10,0,-6.39836e-05,-10],
"4RG1SS3WW2WW":[-0.001,-10,0,0],
"1SS1SG1WW4WW":[-10,-10,-10,-0.0011094],
"1GW3RW3WW1SS":[1.01961,0,0,-10],
"4WW1SR1SS2WW":[0.0109357,-10,-10,0],
"1SR2GW2WW3GW":[-10,0,0,-0.001],
"2WW4RG1SS2WW":[0.00232401,0,-10,0],
"4WW1RW1SS4GW":[0.00753516,0,-10,0],
"1SS1SS3GW2RW":[-10,-10,-0.001,0],
"3WW4WW3RW1SS":[-0.001,-0.0011179,0,-10],
"1SS4WW2WW2RG":[-10,0.0057378,0,0],
"1SS1SG1WW1WW":[-10,-10,-10,-10],
"4WW1SG3WW1WW":[0.0337279,-10,-0.00112926,-10],
"4RW3SG1SS2WW":[0,0,-10,-0.001],
"4RW3SS1SS2WW":[-0.001,0,-10,0],
"1SR1SG1SS4WW":[-10,-10,-10,0.017929],
"1SS2SS4WW1SR":[-10,0,0.0289244,-10],
"2SS1SS2WW3WW":[0,-10,-0.001,0],
"1SS1SS2GW4WW":[-10,-10,0,0.0633412],
"1SS1WW4GW1SR":[-10,-10,-0.001,-10],
"1GW4WW1SS4RW":[0,-0.001,-10,0],
"2GW1SS1SS4WW":[-0.001,-10,-10,0],
"1SS3GW4WW2SS":[-10,0.241801,0,0],
"1SG3WW1WW1SS":[-10,0.00170052,-10,-10],
"4WW1GW4WW1SR":[-4.47576e-05,0,0,-10],
"2RG1SS4WW1WW":[-0.001,-10,0,-10],
"1SG1SG4WW4WW":[-10,-10,0,0.00432637],
"1SG2GW4WW1SR":[-10,-0.001,0,-10],
"4WW3GW4WW1SR":[0.00869953,0,0,-10],
"1SR1SS1WW2WW":[-10,-10,-10,0.00214366],
"1SS4GW4WW3RW":[-10,0,0.0325513,0],
"4WW3GW3GW1SS":[-0.001,0,0,-10],
"1SS3GR1WW3WW":[-10,-0.001,-10,-0.001],
"1SS4WW1SS1SR":[-10,-0.001,-10,-10],
"2WW1SG1SS4WW":[0.00339805,-10,-10,-0.00142714],
"3WW4WW1SS2RW":[0,-0.001,-10,-0.001],
"4GW3RW1SS3WW":[-0.001,0,-10,0],
"4RW1SG1WW2WW":[0.00370166,-10,-10,0],
"3GR4WW1SS2WW":[-0.001,0,-10,0],
"1SG3WW2WW4WW":[-10,-0.00102236,0,0],
"1SG3WW3WW4WW":[-10,0,-0.001,0],
"4GW3WW4WW1SG":[0,0,-0.001,-10],
"4GW1SS4WW4GW":[0.00306622,-10,0,0],
"1WW1WW1RG1SS":[-10,-10,-0.2,-10],
"1WW3SG1SS2WW":[-10,-0.001,-10,0],
"1WW1SG4GW4WW":[-10,-10,0.000939307,0],
"4GW4WW1WW1SR":[0,-0.001,-10,-10],
"1GW1SS3WW3WW":[0.999901,-10,0,0],
"1SG3GW4WW1SS":[-10,0.0570485,0,-10],
"1GW4WW2RW1SS":[1.00692,0,0,-10],
"1SR4WW4WW3WW":[-10,0.0692155,0,0],
"3WW1RW1SS1WW":[0.00857643,0,-10,-10],
"3WW2WW1SG4RW":[-0.0010995,0,-10,0],
"2GW2WW1GW1SS":[0.0985,0,0,-10],
"3RW4GW1SS2WW":[-0.000483835,0,-10,0],
"3WW4GW4WW1SR":[0,0,0.078015,-10],
"4WW2SR1SS3WW":[0.57525,0,-10,0],
"1SS4GW4WW1RW":[-10,-0.001,0,0],
"4WW1SG3SS4WW":[0.0226236,-10,0,0],
"2WW4WW1GR1SS":[-0.00032113,0,0,-10],
"4GW1SR1WW4WW":[0.000293038,-10,-10,0],
"1WW4WW1SR3GW":[-10,0.000730919,-10,0],
"1WW3RW4WW1SG":[-10,-0.001,0,-10],
"1WW4WW4RW1SG":[-10,-0.001,0,-10],
"1SS1SS1WW1SS":[-10,-10,-10,-10],
"1SR4WW1WW3WW":[-10,-0.001,-10,0],
"4RG4GW1SS2WW":[-0.001,0,-10,0],
"1SR4GW2WW3WW":[-10,0,-0.001,0],
"1SS4WW3WW3SS":[-10,0.0102984,-8.62727e-05,0],
"1SG1SS4WW2WW":[-10,-10,-0.0010995,0],
"4RW1SS4WW3WW":[-0.001,-10,-0.001,0],
"4WW4WW1SR1GW":[-0.001,0,-10,0],
"1SS2WW3WW2GW":[-10,0,-0.00108895,0],
"2WW4WW1SG3RW":[0.00427131,0,-10,0],
"2SS1SS4GR4WW":[0,-10,-0.001,0],
"3WW4WW1SS1RW":[0.00131015,0,-10,0],
"2WW3WW4GR1SG":[0,-0.001,0,-10],
"3WW3WW4GR1SS":[-0.001,0,0,-10],
"4WW4WW1SR3WW":[-0.001,0,-10,0.0401577],
"4WW3WW4GR1SS":[-0.000769648,0,0,-10],
"4WW2SG1SS1WW":[0.00535048,0,-10,-10],
"3GW1SS1GW4WW":[-0.001,-10,0,0],
"4GW1SR1WW2WW":[0,-10,-10,-0.00131811],
"2GW4RW1SS4WW":[0.752543,0,-10,0],
"4WW1SS2GR4WW":[0,-10,0,0.0217182],
"4WW3WW3GR1SS":[0.00351759,0,0,-10],
"1SS2SS4GR4GW":[-10,-0.000564185,0,0],
"1GW1WW4WW1SG":[1.00112,-10,0,-10],
"2WW3WW4RW1SG":[0,-0.001,0,-10],
"3WW1SS2SS2WW":[0.00230082,-10,-0.00013506,0],
"1SG4RW1WW2WW":[-10,-0.0011094,-10,0],
"4GW1WW1SS3RW":[0,-10,-10,-0.001],
"1SS1SS4GR4WW":[-10,-10,0,0.0175812],
"4GW1WW2WW1SS":[0.000274624,-10,0,-10],
"1SS3WW1WW2SS":[-10,0.000441317,-10,0],
"4WW1SS1WW2RW":[0,-10,-10,-0.001],
"1SS1SS1WW1GR":[-10,-10,-10,1],
"1SG1WW1WW2GR":[-10,-10,-10,-0.001],
"4GW1WW4WW1SG":[-0.0010995,-10,0,-10],
"3WW3WW3SS1SS":[0.000480036,0,0,-10],
"3SS1SS1WW4WW":[0.0183488,-10,-10,0],
"4WW3SS1SS4WW":[0.0417128,0,-10,0.00419459],
"1SS3WW2WW1SS":[-10,-0.00178736,-0.001,-10],
"1SS3SS2GW3WW":[-10,0.00270499,0,0],
"4GW4WW4WW1SR":[0.00119782,0,0,-10],
"1SS1SS4WW2SS":[-10,-10,0,0.0207259],
"2RW1SS2WW4WW":[0,-10,0.00015234,0],
"4GW4WW3WW1SG":[-0.000955288,0,-0.0010995,-10],
"3WW1SS2SG4WW":[-0.001,-10,-0.001,0],
"1RW4WW3WW1SG":[0,-0.0019,0,-10],
"1SS2WW3GW4WW":[-10,-0.001,0,0],
"1SS4WW2GW3GW":[-10,0,0.268621,0],
"2GW2RW1SS2GW":[0.189377,0,-10,0],
"4WW1WW1SS1GW":[0,-10,-10,1],
"1GR2WW1SS4WW":[0,-0.000383517,-10,0],
"1SS4WW3RG1SS":[-10,0.0204914,0,-10],
"3GR2WW1SS4WW":[-0.001,0,-10,0],
"4GR1SS1SS4WW":[-0.001,-10,-10,0],
"2SG1SS1SS4WW":[-0.001,-10,-10,0],
"1SS1WW1GW1SS":[-10,-10,2.71039,-10],
"1SR4WW3SS1SS":[-10,0.0108521,0,-10],
"4RW1GW1SS1SS":[-0.001,0,-10,-10],
"4WW2SG1SS4WW":[0.048867,0,-10,0.00062156],
"1SG4WW1WW4RW":[-10,-0.001,-10,0],
"1SR1SG2WW4WW":[-10,-10,-0.00110269,-0.000803366],
"4WW1GW1SG4RW":[6.8244e-05,0,-10,0],
"4RW1GW1WW1SS":[0.00835065,0,-10,-10],
"1SS2WW2WW3SS":[-10,0,0,-0.000133612],
"2SS1SG3WW4WW":[0,-10,0,-0.001],
"1SS1SG3WW4WW":[-10,-10,-0.0019995,-0.001],
"4WW3RW1SS3WW":[-0.001,-0.001,-10,0],
"4WW1WW1SG4RW":[0,-10,-10,-0.001],
"4WW1WW1SG1SS":[-0.001,-10,-10,-10],
"3RW4WW4WW1SG":[-0.00111938,0,0,-10],
"1GW4WW3WW1SS":[1,0,0,-10],
"3GW1SS1WW3WW":[0,-10,-10,-0.000848416],
"1RW1WW3GW1SS":[-0.200099,-10,0,-10],
"2SS1RW4WW1SG":[0,-0.196067,0,-10],
"1SS2GW3WW1SS":[-10,-0.000110976,0,-10],
"1SS2RW4WW1GW":[-10,-0.001,0,0],
"1WW2WW1SG3GR":[-10,-0.996,-10,0],
"1GW1SS3RW4WW":[1,-10,0,0],
"1SS4GW2WW1WW":[-10,-0.00210442,-0.00347527,-10],
"2WW4SS1SG4WW":[0,0,-10,0.00993605],
"1SS2WW4WW2SR":[-10,0,0.00015778,0],
"4WW1SS2RG4WW":[0,-10,-0.001,0],
"1SS2WW1GW1SS":[-10,0,1,-10],
"1RG3SS1SS4WW":[-0.198117,0,-10,0],
"2RG3SS1SS4WW":[-0.001,0,-10,0],
"3RG1SS1WW4WW":[-0.001,-10,-10,0],
"1SG1SS1WW4WW":[-10,-10,-10,0.0132878],
"1SG2SS4RW1SS":[-10,-0.000637591,0,-10],
"1GW1SS1SR4WW":[0,-10,-10,0.0106697],
"2RG4WW1SS2SS":[-0.001,0,-10,0],
"3RG4WW1SS1SS":[-0.001,0.0133894,-10,-10],
"3RG4WW1WW1SS":[-0.001,0,-10,-10],
"3SS1SS2WW3WW":[-0.001,-10,0,0],
"1WW1SG1GW2WW":[-10,-10,1,0],
"4WW4WW3SR1SS":[0.0223913,0,0,-10],
"4WW1SG3GW4WW":[0.0170723,-10,0,0],
"2WW1SS1SS1GW":[-0.001,-10,-10,0],
"3SS1SS4WW3WW":[-0.001,-10,0.0157549,0],
"2SS4WW4RW1SS":[0,0,-0.001,-10],
"1WW3WW1GW1SS":[-10,0,1.01048,-10],
"2WW1SG2GR4WW":[0.000475512,-10,0,0],
"3GW2GW4WW1SS":[0.0177101,0,0,-10],
"2WW1SS3GW3WW":[0,-10,0,0.00356854],
"1SS3RW1WW3WW":[-10,-0.001,-10,0],
"4WW1RW1WW1SS":[0.0526875,0,-10,-10],
"1SG2RW1WW4WW":[-10,-0.001,-10,0],
"1WW1SS1SG1SS":[-10,-10,-10,-10],
"1WW1WW1SS2SS":[-10,-10,-10,-0.996],
"2WW1WW4WW1SR":[-0.001,-10,0,-10],
"4RW2SG1SS2WW":[0.00746511,0,-10,0],
"4RW4GW2WW1SS":[0.00540347,0,0,-10],
"2WW2WW4GW1SR":[-0.00070615,-0.001,0.00107867,-10],
"4WW4WW1SS2RG":[0.0252116,0,-10,0],
"4WW1SR2WW4GW":[0.0321966,-10,0,0],
"1RW3WW1SS4GW":[-0.179633,0,-10,0],
"3SS4WW1WW1SG":[0,0.00188359,-10,-10],
"2RW1SS3WW4WW":[-0.001,-10,-0.001,0],
"2WW4WW1SS2GW":[0,0,-10,-0.001],
"1GW2WW3WW1SS":[1,0,0,-10],
"3GW2WW1SS3SS":[-0.001,0,-10,0],
"3GW1RW1SS4WW":[0,0,-10,0.00298159],
"2WW1SS1SS1SG":[6.58176e-05,-10,-10,-10],
"3WW1SS1SS3WW":[0.00553675,-10,-10,0.00573592],
"1SS2SS4WW2GW":[-10,0.00462125,0,0],
"2WW2RW2SS1SS":[0.00154993,0,0,-10],
"2WW2WW1SS1SG":[0.00658695,0,-10,-10],
"1SS2SS4WW2RW":[-10,-0.001,0,0],
"1SS1SS2SS4GW":[-10,-10,0.0252227,0],
"1SS1WW3WW1SS":[-10,-10,-0.00258487,-10],
"1SR3SS3WW4WW":[-10,0,-0.00110032,0],
"1SS1WW4WW2SG":[-10,-10,0,-0.001],
"2WW2SS1SS4GW":[-0.001,-0.0019,-10,0],
"2WW1SS1SS3GW":[-0.001,-10,-10,-0.001],
"2WW1SS1SR4GW":[-0.000583284,-10,-10,-0.000605599],
"1GW1SS4WW4GW":[0,-10,0,-0.000753947],
"3GW3WW1SS2RW":[-0.001,0,-10,0],
"4GW4WW2RW1SS":[0.00245805,0,-0.001,-10],
"1SS1WW4WW2SS":[-10,-10,0.000936492,0.0215031],
"2WW1SS3SG3WW":[-0.000890049,-10,0,0],
"1SS2WW2GW4WW":[-10,-0.00118905,0.0026772,0],
"1SG3WW4WW2SS":[-10,0,-0.001,0],
"1SG3WW4WW1SS":[-10,0,-0.001,-10],
"1SS4WW3RW1SS":[-10,0.0373203,0,-10],
"1SS4RW2WW1SS":[-10,-0.000550204,-0.00122505,-10],
"1SS4RW2WW1WW":[-10,-0.001,0,-10],
"1WW1SG4WW3WW":[-10,-10,0.0411605,0],
"2RG4WW1SS1SS":[0,0.0284121,-10,-10],
"2RG4WW1SS2WW":[0,0.0219526,-10,0],
"1SS4WW4WW4GR":[-10,0.00331904,0,0],
"1SS1WW1SS1SS":[-10,-10,-10,-10],
"4WW2WW1SS3SS":[0.0167559,-0.000564074,-10,0],
"1SG3WW2WW1RW":[-10,-0.001,0,0],
"4WW2WW2GW4WW":[-0.001,-0.00406711,0.0984928,0],
"2WW1WW1SG3GW":[-0.00119451,-10,-10,0],
"1GW3WW1GW1SS":[0,0,1,-10],
"1SS2GW4WW1SS":[-10,0.845941,-0.000605791,-10],
"1SS1SS1WW1WW":[-10,-10,-10,-10],
"3SS3RG1SS1SS":[0.0153022,0,-10,-10],
"4RW1SS4WW1GW":[-0.001,-10,0,0],
"4SS4WW1WW1SS":[-0.001,0,-10,-10],
"3RW4WW1SS3GW":[0.00198997,0,-10,0.0016696],
"1SS2RW1WW2WW":[-10,-0.0209017,-10,0],
"2SS3WW1WW1SR":[0,-0.001,-10,-10],
"1SS2GW3WW4WW":[-10,0.187453,0,-0.001],
"1SS1SS4RW1SS":[-10,-10,0.0135226,-10],
"2WW3WW1SG2SS":[-0.000329929,0,-10,0],
"1GW3WW1SS1SS":[1,0,-10,-10],
"3GW3WW4WW1SS":[-0.001,0.0321756,-0.001,-10],
"1SS3GW4WW1SS":[-10,-0.001,0.0990753,-10],
"2GR4WW4WW1SS":[-0.001,0,0,-10],
"2WW4GW1SR1SS":[-0.00111163,0,-10,-10],
"2GW4WW4RW1SS":[0.00352961,0.000805811,0,-10],
"3GW1SS1SS3WW":[-0.001,-10,-10,-0.001],
"1WW1SS4WW4GR":[-10,-10,0.0230457,0],
"1WW1SS1SS4GR":[-10,-10,-10,-0.001],
"1WW2WW1SS4GR":[-10,0,-10,-0.001],
"2WW2WW2SS1SS":[-0.001,0,0,-10],
"3GW1SG4WW2WW":[-0.000982583,-10,0,0],
"3SS4WW1WW1SS":[-0.001,0.00605536,-10,-10],
"4RW4GW2SS1SS":[-0.000803076,0,0,-10],
"4RW1SS3WW2WW":[-0.000518908,-10,-0.000931678,-0.00102432],
"4GW4WW3SS1SS":[0,0.0629765,0,-10],
"4GW1SS1GW3WW":[-0.001,-10,1.00314,0],
"1SS4WW2RG4WW":[-10,0,-0.001,0],
"4WW2GW3GW1SS":[-0.001,0,0,-10],
"4WW3RW1SS1SG":[0,-0.001,-10,-10],
"4WW1SS3SS4RW":[-0.000749271,-10,0,0],
"2GR2WW1SS4WW":[-0.001,0,-10,0],
"4WW3WW1SS4RW":[-0.00110989,0.00153079,-10,0.0122259],
"1WW4WW3SS1SG":[-10,0,0.0162551,-10],
"3WW3WW1SS1SS":[0.009257,0,-10,-10],
"1SS2GW3GW4WW":[-10,0.74539,0,0],
"3WW2WW1SS1GW":[0,0,-10,1.00016],
"2GW4GW1SS1SS":[0.189377,0,-10,-10],
"1SR1SS3WW4GW":[-10,-10,0,-0.0010995],
"4GW3WW1SS4GW":[0.000969314,0,-10,0],
"2RG3WW1SS4WW":[0,-0.0010995,-10,0],
"4WW4SS1SS1WW":[0.025441,0,-10,-10],
"4WW1WW1SS3SG":[0.0200761,-10,-10,-0.0010995],
"3GW1GW4WW1SS":[0,1.01943,0,-10],
"4RG3WW2WW1SS":[0,-0.000937311,0,-10],
"1WW2RW1SG4WW":[-10,-0.001,-10,0],
"2GW1SS1WW1RW":[-0.001,-10,-10,0],
"3WW1SS1SS1GW":[0.00239262,-10,-10,0],
"2RW1WW1SS2GW":[0,-10,-10,-0.001],
"3RW1WW2SS1SS":[-0.001,-10,0,-10],
"2SS1SS1SS4WW":[0.0232956,-10,-10,0],
"1SR1WW4WW4WW":[-10,-10,-0.001,0.0419922],
"1SR1WW4WW2SS":[-10,-10,-0.001,0],
"1SR1WW4WW1SS":[-10,-10,-0.001,-10],
"4GW1SS2SS4WW":[-0.001,-10,0.0024362,0],
"1SS1SS1WW1GW":[-10,-10,-10,2.74013],
"4WW2RW4WW1SG":[0,0,0.69113,-10],
"1WW3RW4GW1SS":[-10,-0.001,0,-10],
"1WW4RW1SS2WW":[-10,0.00760957,-10,-0.001],
"1RW4GW1SS1WW":[-0.2,0,-10,-10],
"3GW1SS3WW4WW":[0,-10,0,0.0249246],
"1SS4WW1RW2WW":[-10,0.0229534,0,-0.001],
"1SS1SS3RW1SS":[-10,-10,-0.001,-10],
"1WW1SS4RW2WW":[-10,-10,-0.001,0],
"2WW1SS1SS2GW":[-0.00120786,-10,-10,0],
"1SS1WW2RW3SS":[-10,-10,0.0269353,0],
"2WW4WW1SS4GW":[0.000992309,-0.001,-10,0],
"3WW4WW1SS1GW":[0.0266299,0,-10,1.90023],
"3WW1SS3SS4WW":[-0.001,-10,0.00743764,0],
"4WW1SS1SS3SS":[0.0184052,-10,-10,0],
"1SS3GW4WW4RW":[-10,-0.001,0,0],
"1WW1GW1SS3WW":[-10,1.0087,-10,0],
"3GW4WW1SG1RW":[0,0,-10,-0.200099],
"1GW1SS3RW2WW":[1,-10,0,0],
"2WW2WW1GR1SG":[0,-0.001,0,-10],
"3WW1GW1SS1SS":[-0.001,0,-10,-10],
"2SS1SS3WW3WW":[0.00595999,-10,0,-0.00105508],
"3WW2GW2SS1SS":[0,0,-0.001,-10],
"1WW2RW1SS3WW":[-10,0,-10,-0.001],
"4GW4WW2SS1SS":[0,0.0422289,0,-10],
"1GW1SS1SS1WW":[1.92099,-10,-10,-10],
"2GW1SS1WW1WW":[-0.001,-10,-10,-10],
"4WW1SS3WW1GW":[0,-10,-0.000976456,1.89973],
"1SS2SG4WW2WW":[-10,-0.000402571,0,0],
"1SS4GW1GW3WW":[-10,0.000853764,0,0],
"4WW1GW1SS2WW":[0,0,-10,-0.00109008],
"3GW2RW1SS4WW":[0.0177101,0,-10,0],
"4GW4WW1SS4GW":[-0.001,0,-10,-0.000323822],
"2WW2RW1SS4WW":[0.00154993,0,-10,0],
"4RW1SS1WW4WW":[0.0128223,-10,-10,0],
"2WW1SS2SG4WW":[-0.001,-10,0,0],
"4WW1SS3WW1RW":[0,-10,0,-0.199949],
"1SS4WW3WW1RW":[-10,-0.0010758,0.011742,0],
"1GW2WW1SS4RW":[1.02213,0,-10,0],
"2GW1SS2WW4WW":[-0.001,-10,0,0],
"1WW2WW2SS1SS":[-10,-0.100102,-0.001,-10],
"3WW1WW4WW4GW":[0,-10,0,-0.001],
"2WW1WW4WW4GW":[-0.001,-10,0,0],
"2WW2WW4WW4GW":[-0.001,-0.001,-0.00362805,0],
"2WW3WW4WW3GW":[-0.001,-0.001,0,0],
"1SS4RG3WW2WW":[-10,-0.001,0,0],
"4GW2RW4WW1SS":[0.000449369,0,0,-10],
"2GW4WW1SR4WW":[-0.001,0,-10,0.117372],
"3GW4WW1SR4WW":[0.00544892,0,-10,0.0618856],
"4GW1SS1RW4WW":[-0.001,-10,-0.2,0],
"4GW4WW1SS1RW":[0.000204046,0,-10,0],
"1GW3WW1WW1SS":[0,-0.00142559,-10,-10],
"3RW4WW1WW1SS":[0.0149323,0.012131,-10,-10],
"3WW1WW1SS1SG":[-0.00121223,-10,-10,-10],
"1WW2WW4SS1SS":[-10,0,-6.98688e-05,-10],
"1SS2SR4WW4WW":[-10,-0.001,0,0],
"4RW3WW1SG4WW":[-0.001,0,-10,0],
"2WW4WW1SS2SS":[0.00832032,0,-10,0],
"3WW3WW2SS1SG":[0.0007623,0,0,-10],
"4WW4WW1SS2GR":[-0.0010995,0,-10,0],
"4WW1WW1SS3SS":[0.00760642,-10,-10,-0.001],
"2SS1WW1WW1SS":[0.00142029,-10,-10,-10],
"1SS1SS2WW1SS":[-10,-10,-0.00134358,-10],
"1SS2SS2WW1SS":[-10,-0.001,0,-10],
"1SS3SS4WW2RW":[-10,-0.001,0,-0.001],
"4WW2WW2SS1SS":[0.0175821,7.92388e-06,0,-10],
"1GW1SS2GW4WW":[1,-10,0,0],
"1SS1SS2WW2GW":[-10,-10,0,-0.001],
"4WW1SS4GW1RW":[0,-10,0,-0.198963],
"1SS2WW4WW1GW":[-10,-0.00157866,0,0],
"1GW2WW4WW1SS":[1.00852,0,0,-10],
"1GW4WW1RW1SS":[0.999901,0,0,-10],
"1WW1SR1SS1WW":[-10,-10,-10,-10],
"1SG1SS4WW3RW":[-10,-10,-0.000646327,0],
"2WW4WW1SG1WW":[0,0.0274225,-10,-10],
"4RW1SS4WW2WW":[0.00746511,-10,-0.001,0.000928595],
"1SG2WW4WW1SS":[-10,-0.00106293,0,-10],
"4WW3WW1SS2RW":[0.0357181,0.00350569,-10,-0.001],
"4RG4WW1WW1SS":[-0.001,-8.83133e-05,-10,-10],
"1SG1WW4WW4RW":[-10,-10,0,0.00475619],
"3RG1SS1SS4WW":[-0.001,-10,-10,0],
"4RG1SS3WW4WW":[-0.001,-10,0,0],
"3GW1SS1SR4WW":[0.0090445,-10,-10,0],
"4WW4WW1SG1SS":[0.00288028,0.0641309,-10,-10],
"1SG2WW1WW4WW":[-10,-0.00136666,-10,0],
"4WW4WW1SS1RG":[0,0.00405183,-10,0],
"3WW4WW1RW1SS":[0.00981762,0.0189724,0,-10],
"1SS4WW4RW2WW":[-10,-0.001,0,0],
"1SS2WW3WW2SG":[-10,0.00109484,0,0],
"1SS4WW3WW1SG":[-10,0.005859,0.00393938,-10],
"1SS2WW2WW2RG":[-10,0.00347017,0,0],
"4WW3WW1SR2SS":[-0.000231446,0,-10,0],
"4WW3WW3RW1SS":[-0.001,0.0409228,0,-10],
"1WW4WW1SS1SG":[-10,-0.0019,-10,-10],
"3WW3WW1SR4WW":[-0.0010995,0,-10,-0.000843901],
"4WW3WW4RW1SS":[-0.001,0.0331784,0,-10],
"1SS1WW4GW2SS":[-10,-10,-0.00105891,0],
"4RW1GW2WW1SS":[-0.001,0,0,-10],
"1SS4RW2SS1SS":[-10,-0.001,0,-10],
"1SS2SS3RW4WW":[-10,0,0,0.00383151],
"1SS2WW1WW1RW":[-10,-0.001,-10,0],
"1SS3WW1RW4WW":[-10,0.0882877,0,0],
"4WW3WW2RW1SG":[-0.001,0,-0.001,-10],
"4WW4RG1WW1SS":[0.00863182,0,-10,-10],
"2RW1WW3WW1SS":[-0.001,-10,0,-10],
"4GW2SS1SS2WW":[0.00272156,0,-10,0],
"4WW1SS1GR4WW":[-0.0010995,-10,1.0098,0],
"4WW1RW1SS1GW":[0.0234679,0,-10,0],
"1WW3WW1SR4GW":[-10,-0.001,-10,0],
"4WW3WW1SS3GR":[-0.001,0,-10,0],
"1RW1WW1SS1SS":[-0.527214,-10,-10,-10],
"1WW4WW1RW1SG":[-10,-0.000911909,0,-10],
"1GR1WW1SS4WW":[0,-10,-10,6.02063e-06],
"1GR1SS1SS2WW":[1.00033,-10,-10,0],
"3GR1WW4WW1SS":[-0.001,-10,0,-10],
"1SS2WW2WW3GW":[-10,0.00225489,0,0],
"1SS1SR4WW3WW":[-10,-10,0.0163261,0],
"4GW3GW1SS2SS":[0,-0.000948751,-10,0],
"2SG1SS3WW4WW":[-0.001,-10,0,0],
"1SG2SS4WW4WW":[-10,0,0.00684957,0.0495261],
"4GW4WW1SG3WW":[-0.001,0,-10,0],
"1SG4WW4WW2SS":[-10,0.00922996,0,0],
"2WW4RW1SS1SS":[0,-0.001,-10,-10],
"4WW2SS1SS1WW":[0.00738631,0.00323044,-10,-10],
"1SG1GW2WW4WW":[-10,0,0,-0.00119994],
"1SG1SS3WW4WW":[-10,-10,-0.001,0],
"4WW1SG2SS4WW":[0.0586633,-10,0,0],
"1GW4WW1SG4WW":[1,0,-10,0],
"3GW3GW1SS3WW":[0.0258602,0,-10,0],
"3WW3WW4RW1SS":[-0.001,0,0,-10],
"2GW4WW1SG4WW":[-0.001,0.0555307,-10,0.0522387],
"4RW1WW1SS4GW":[-0.001,-10,-10,0],
"1SS1SS4RW3WW":[-10,-10,0.0100194,0.0701],
"1WW3WW4RW1SG":[-10,-0.000454543,0,-10],
"1SG4WW1GW4WW":[-10,0.00619219,0,0],
"1SG1SS2GW4WW":[-10,-10,-0.001,0],
"1RW1WW4WW1SS":[-0.197563,-10,-0.001,-10],
"2GW4WW4GW1SS":[0,0,-0.001,-10],
"2WW2GR4WW1SS":[-0.000583948,0,0,-10],
"2WW1GR1SS4WW":[0,0,-10,-0.000748242],
"2WW3GR1SS3WW":[-4.65306e-05,-0.001,-10,0],
"1WW2SS1SS4GW":[-10,-0.001,-10,0],
"1SS2SS1SS4WW":[-10,-0.996,-10,0],
"2WW2SS1SS4WW":[-0.001,0,-10,0],
"3RW1SS1WW4WW":[0,-10,-10,0.00126493],
"1SS1SS2SR4WW":[-10,-10,-0.000699761,0],
"1WW1SS3SR4GW":[-10,-10,-0.001,0],
"1WW3RW1SS1SG":[-10,0.00124195,-10,-10],
"3SS1WW4WW1SG":[0,-10,0.00111412,-10],
"2GW1WW1SS4WW":[2.40134,-10,-10,0],
"3GW1WW1SS1SS":[0.109788,-10,-10,-10],
"2SG4WW4WW1SS":[-0.0019,0,0,-10],
"1SS1SS3RW3WW":[-10,-10,-0.001,0],
"1SS1SS1SR4WW":[-10,-10,-10,0.00573321],
"2SS1SS4RW4GW":[-0.001,-10,0,0],
"4WW1GW1SS3WW":[0.0412215,0,-10,0],
"1SG1WW4WW4GW":[-10,-10,0,-0.001],
"1GW1WW1RG1SS":[1.01443,-10,0,-10],
"1GW1WW4WW1SS":[0,-10,-0.001,-10],
"1WW1GW4RW1SS":[-10,0,-0.001,-10],
"1WW2GW1SS1SS":[-10,0.187188,-10,-10],
"4WW2WW2RW1SS":[-0.001,0.0081037,0,-10],
"4WW1SR1SS2SS":[0.00343179,-10,-10,0],
"1SS1SR2WW1WW":[-10,-10,-0.00164192,-10],
"2WW4GW1SS3WW":[0.18878,0,-10,0],
"1SS4RW2WW3WW":[-10,-0.001,0.000488453,-0.001],
"1WW4WW1SS2GW":[-10,-0.0019995,-10,0],
"3WW1SG1SS1WW":[0.00676503,-10,-10,-10],
"1GW1SG1SS4WW":[1.00068,-10,-10,0],
"1SG4GW4WW2WW":[-10,0,-0.000677456,0],
"1GW4WW1SS1SS":[3.47455,0,-10,-10],
"1WW1SS2SR4GW":[-10,-10,0,0.000742873],
"4WW3RW1SG4WW":[0.0120303,0,-10,0],
"1SS2WW4RW1SS":[-10,-0.00276097,0,-10],
"3RW1SS4GW2WW":[-0.001,-10,0,0],
"2WW2WW2SR1SS":[0,0,-0.001,-10],
"1SS1WW4WW2GW":[-10,-10,0.00243888,0],
"3RG1SS4WW2WW":[-0.001,-10,0,0],
"1WW2WW4RW1SG":[-10,-0.00118905,-0.0019,-10],
"1WW3WW2GW1SG":[-10,-0.001,0,-10],
"1WW1RW4WW1SG":[-10,-0.2,0.0493492,-10],
"1RW4WW2SS1SS":[-0.194335,0,-0.001,-10],
"1SG2SS4WW2WW":[-10,0.00486654,0,0],
"3RW4WW3WW1SS":[0.0166776,6.15469e-05,-0.001,-10],
"4WW1SG1SS1WW":[0.00223083,-10,-10,-10],
"1SG4GW4WW1WW":[-10,0.0132508,0,-10],
"3WW2GW1SS1SS":[-0.00109414,0,-10,-10],
"2WW3WW1GW1SS":[-0.0010995,0,0,-10],
"1SS2SS4RW4WW":[-10,0.0184429,0,0],
"1SS4GW2RW1SS":[-10,-0.001,0,-10],
"4WW3RW1SS1WW":[0.0111334,0,-10,-10],
"4WW2GW1SS1WW":[-0.00160645,0,-10,-10],
"1SS1SS4WW1RW":[-10,-10,-0.00112633,0],
"2WW3GW1SG4WW":[0,0.0012493,-10,0],
"3GW3WW1SS4GW":[-0.001,0,-10,0],
"1SS1SS3WW2RW":[-10,-10,0.0291159,0],
"4WW1RW4WW1SG":[0,-0.199083,0,-10],
"1SS1WW3RW2GW":[-10,-10,-0.001,0],
"1SS1WW4RW1SS":[-10,-10,-0.001,-10],
"1WW1WW1RW1SS":[-10,-10,-0.2,-10],
"1WW1GW1SS1SS":[-10,1,-10,-10],
"1SS2RW4WW1SS":[-10,-0.000389906,0.751222,-10],
"4WW1SR1SS4WW":[0.0564942,-10,-10,0],
"1WW4GW1SS2SS":[-10,-0.0010995,-10,0],
"1SS4RW4GW1SS":[-10,-0.001,0,-10],
"1WW1SG4GW3WW":[-10,-10,0,-0.000450076],
"1SS4WW4RG1SS":[-10,0.00274509,0,-10],
"1WW1SG1SS4WW":[-10,-10,-10,-0.0019],
"1WW1SG2SS4WW":[-10,-10,-0.001,0],
"2WW3RW1SS4WW":[-0.001,0,-10,0],
"3GW4WW2WW1SS":[-0.001,0,0,-10],
"4WW4WW1WW2RG":[-0.001,0,-10,-0.001],
"4WW4WW1WW1RG":[-0.001,-0.001,-10,0],
"4WW1WW3WW4WW":[-0.001,-10,0,0],
"2SS2WW1WW1SS":[0,0.000545985,-10,-10],
"4WW2WW4WW4WW":[-0.00504182,-0.00400945,-0.00360915,-0.0043317],
"4WW4WW2WW4GW":[-0.0029985,-0.001,0,0],
"4WW1SS4GW3WW":[0.00126717,-10,0,0.000154302],
"2RW3WW2WW1SG":[-0.001,0,0,-10],
"1WW4GW1SG1WW":[-10,-0.00095363,-10,-10],
"1SS4WW2WW4GW":[-10,-0.001,-0.001,-0.00128979],
"1SS1RW4WW4WW":[-10,-0.363318,0.162736,-0.0019],
"1SS4WW2WW1GW":[-10,-0.000383273,0.00835878,1],
"2GW1SG2WW4WW":[0.190241,-10,0,-0.001],
"4WW1SS4WW1GR":[0.00204542,-10,0,0],
"1SS2WW4WW2GR":[-10,0,0,-0.001],
"1SS4WW2WW2SS":[-10,0,-0.00145395,0],
"1SS1SS4WW1SG":[-10,-10,0.0667225,-10],
"1WW1SS4WW4RW":[-10,-10,0.0179701,0],
"1WW1WW1SS4RW":[-10,-10,-10,-0.0022828],
"4RW2GW4WW1SS":[0.00621993,0,-0.001,-10],
"1SS4GW3GW3WW":[-10,0.000251969,0,0],
"1SS4WW4WW2RW":[-10,-0.001,0.0321217,0],
"3WW4WW1SG3WW":[-0.001,0,-10,-0.00178617],
"4WW4GW1SG3WW":[-0.000121907,0,-10,0],
"4RW2GW1SS4WW":[0,0,-10,0.000934904],
"1SS2SG4WW3WW":[-10,-0.00106824,0,0],
"1SS4RW1WW1SS":[-10,-0.00177377,-10,-10],
"2SS1SS2WW4WW":[0.0577995,-10,0,0],
"4GW3GW1SS4WW":[0.00379536,0,-10,0],
"4GW3RW1WW1SS":[0.000547265,0,-10,-10],
"1SS1RW1WW1WW":[-10,-0.2,-10,-10],
"4WW1SS2GR2WW":[-0.00216634,-10,0,0],
"1WW1GW1SS4GW":[-10,1,-10,0],
"1SS4WW2WW3GW":[-10,0,0,-0.0019],
"4WW1SS1WW1RW":[-0.000903998,-10,-10,-0.193636],
"4WW1SS1SS3GW":[0.0715075,-10,-10,-0.0019],
"4WW4WW1WW1SR":[0.0402466,-0.001,-10,-10],
"2RW1SS1SS4GW":[-0.001,-10,-10,0],
"1RW4WW1SG1SS":[-0.2,0,-10,-10],
"1SS4WW1WW2RW":[-10,-0.0019,-10,-0.001],
"1SS1WW1WW4RW":[-10,-10,-10,-0.001],
"1SS1WW1WW2SS":[-10,-10,-10,-0.996],
"4WW1WW1SS2GW":[0,-10,-10,-0.00052556],
"2WW3WW1SS2RW":[-0.000833118,0,-10,0],
"2GW3WW1SS4WW":[0.341381,-0.00125313,-10,-0.000221669],
"1WW3RW1SS3GW":[-10,-0.001,-10,0],
"3GW3WW1WW1SR":[-0.001,0,-10,-10],
"1SS4WW1WW4RW":[-10,-0.00154733,-10,0.00104869],
"1SR4GW2WW2WW":[-10,0,-0.000203999,0],
"3RW4WW2WW1SS":[-0.001,0,0,-10],
"4WW1SS3GW1WW":[-0.00169428,-10,-0.001,-10],
"4WW3RW1SS1SS":[0.0343673,-0.000335937,-10,-10],
"3WW2WW4WW1SR":[-0.001,0,0,-10],
"3WW3WW1SS1SR":[0,-0.001,-10,-10],
"1SG4SS2GW3WW":[-10,0.00752944,0,0],
"3GW1SS3GW3WW":[0,-10,-0.001,0],
"4WW2WW2SS1SG":[0.000794283,0,0,-10],
"4GW1SS2RW4WW":[0.00202224,-10,0,0],
"1SS1SS3WW4GW":[-10,-10,-0.00198955,0.00298115],
"4WW3WW2SS1SS":[0.00107604,0,0,-10],
"4WW1SS1SS2SG":[0.00479346,-10,-10,0],
"4WW1SS3WW2GW":[0.0169608,-10,0.0144609,-0.001],
"1SS2WW1WW1SS":[-10,-0.00210436,-10,-10],
"4RW4WW1SS3WW":[0,0.0319816,-10,-0.000887153],
"4WW1SS2SS4GW":[0.0242747,-10,0.00020603,0.0124812],
"2WW3RW1SG2WW":[0,-0.001,-10,0],
"1SS4WW3WW4GW":[-10,-0.00179737,0.0226106,-0.00183792],
"4WW1SS1SS1SS":[0.158507,-10,-10,-10],
"1SG4WW1WW1SS":[-10,0.00770444,-10,-10],
"2RW1SS4WW1WW":[-0.001,-10,-0.000231895,-10],
"1WW4WW4WW1SG":[-10,0.00284047,-0.001,-10],
"1SS1SS2WW2WW":[-10,-10,-0.0011107,0.00706512],
"4GW3WW1WW1SS":[0.00902385,-0.000304487,-10,-10],
"4RW4GW1SS1WW":[0,9.51619e-05,-10,-10],
"1SG4GW3WW3WW":[-10,-0.0010995,-0.0010995,0],
"1SS3RW4WW2WW":[-10,0.00178726,0,-0.001],
"1SS3SS4WW3GW":[-10,-7.1573e-05,0,0],
"1WW4WW1SG3RW":[-10,0,-10,-0.001],
"1SS1GW2WW1SS":[-10,0.999811,-0.000197416,-10],
"2RW2WW1SG4WW":[-0.001,0,-10,0],
"3RW2WW1SG4WW":[-0.001,0,-10,0],
"2SS4GW3WW1SS":[0,-0.0010995,0,-10],
"1WW1SS1SS1WW":[-10,-10,-10,-10],
"4WW1SS3SS4WW":[0.0279331,-10,0.0763774,0.029747],
"1SS1SS2SG4WW":[-10,-10,0.00137177,0],
"1SS4GW3WW1SS":[-10,-0.0019995,0.00128919,-10],
"1SS4GW4WW1SR":[-10,-0.001,0,-10],
"4WW1SS1SS4GW":[0.0867127,-10,-10,-0.0019],
"3WW3WW4RW1SG":[-0.0019,0,0,-10],
"4WW3WW1SS3SG":[0,0,-10,-0.001],
"1SS4WW1GW1RW":[-10,-0.0010758,0,0],
"1SS4WW2WW3RG":[-10,0.00437237,0.00805237,0],
"1SS4WW1RW1WW":[-10,-0.001,0,-10],
"1RG1WW4WW1SS":[-0.0999654,-10,0,-10],
"1SS4WW3WW1GW":[-10,-0.0010995,-0.00224873,3.49962],
"4GW4WW3WW1SR":[-0.00109267,0,0,-10],
"1WW1SS2SS1WW":[-10,-10,-0.996,-10],
"3WW4WW1SR1SS":[-0.0019995,0.0890619,-10,-10],
"1SS2GW2WW1SR":[-10,0,-0.00154068,-10],
"4WW1SS1SS2RW":[0.0175836,-10,-10,0.000224879],
"1SS2GW2WW2RW":[-10,-0.001,0,0],
"4WW1WW4RW1SG":[-0.001,-10,0,-10],
"1SS2WW2WW4RW":[-10,0,0,-0.001],
"3SS1SS4WW4WW":[0.0126738,-10,0.0966482,0],
"1WW1SS2SS2GW":[-10,-10,-2.05068e-05,0],
"1WW1WW1SS3GW":[-10,-10,-10,-0.001],
"2WW1SS1SG3WW":[-0.001,-10,-10,0],
"4WW2WW1SS4RW":[0,0,-10,-0.000705915],
"4WW2WW1SR2SS":[0.00988287,0,-10,0],
"1RG1WW1WW1SS":[-0.200079,-10,-10,-10],
"1SS2SS3GW4WW":[-10,0,0.00294071,0],
"3GW2RW4WW1SS":[0.0345492,0,0,-10],
"3WW2WW4WW3GW":[-0.0019,-0.001,-0.0025278,-0.0019],
"4WW1GW1SS1SS":[-0.00115141,1.9023,-10,-10],
"2SS1SS2WW2WW":[-0.001,-10,0,0],
"1WW1SG3GW3WW":[-10,-10,-0.001,0],
"4WW4GW1SS2GW":[0.0319013,0,-10,0],
"1WW3WW1SS4WW":[-10,-0.00543596,-10,0.0244856],
"1WW3WW1SS1SS":[-10,-0.000630979,-10,-10],
"1SS4WW3RW2WW":[-10,0.0204313,0,0],
"1SS2GW4RW4WW":[-10,0.447659,0,-0.001],
"1WW4GW1SS4WW":[-10,-0.00210873,-10,-0.00131594],
"1SS1WW1RW4WW":[-10,-10,-0.374404,0.280757],
"4WW4WW2SS1SG":[-0.000111056,0,0,-10],
"1GW1SG4WW2WW":[0,-10,-0.001,0],
"4WW4WW4GW1SR":[-0.001,-0.0010995,0,-10],
"2WW4WW1RW1SS":[-0.001,-0.001,-0.181902,-10],
"2SS3WW1SS1SS":[-0.00110563,0,-10,-10],
"4GW1WW1SS1SG":[0.00314591,-10,-10,-10],
"4GW1SS4WW4RW":[-0.0001421,-10,0,0],
"3SS3WW1WW1SS":[-0.001,0,-10,-10],
"3GW3GW4WW1SS":[0,0.0570485,0,-10],
"2GW2SS1SS1WW":[0,-0.001,-10,-10],
"4WW1SS3WW3GW":[0.110268,-10,-0.0010016,-0.0010224],
"1SG1SS3WW3WW":[-10,-10,-0.001,-0.001],
"4WW3WW1SS1RG":[-0.0010995,0,-10,0],
"1SS4WW2SS1SG":[-10,-0.00102954,-0.00120574,-10],
"3RW4WW1SS1SS":[0.0143149,0.0231934,-10,-10],
"4RW1SS3WW3WW":[-0.001,-10,0,0.00269779],
"1SS1WW4RW3GW":[-10,-10,-0.0010995,0],
"4WW2GR1GW2WW":[-0.001,-0.001,0,-0.001],
"3WW1WW1SG4WW":[-0.00208905,-10,-10,0.000807241],
"1GW1SS1WW4WW":[1.00027,-10,-10,0],
"3WW1WW1SS4GW":[-0.001,-10,-10,0.00127576],
"2SS1WW4RW1SS":[0,-10,-0.0019,-10],
"2WW4WW1SS1SS":[0.00529359,0.096934,-10,-10],
"4RW3GW2WW1SS":[0.00194031,-0.001,0,-10],
"2WW1SS1SR2WW":[-0.001,-10,-10,0],
"4WW1GW1SS4GW":[0.000994205,0,-10,0],
"1SS1SS1SS1GW":[-10,-10,-10,1.90259],
"1SS1SG4WW1WW":[-10,-10,0.0148983,-10],
"1SS3RW4GW4WW":[-10,-0.000798848,0,0],
"4WW3WW1SS2SS":[-0.001,0.0185053,-10,0.0416079],
"4GW1SS1WW1WW":[-0.00237571,-10,-10,-10],
"4WW3RW4GW1SS":[-0.000851342,-0.000798848,0,-10],
"2WW2WW4GW1SS":[-0.00068293,0.0067561,0,-10],
"4GW4RW1WW1SS":[-0.001,-0.001,-10,-10],
"1WW4WW1SS1RW":[-10,-0.0019,-10,-0.191612],
"2GW1SS2WW4RW":[0.188261,-10,0,0],
"1WW4WW1SS3RW":[-10,0,-10,-0.001],
"3WW1SS4WW4GW":[-0.00119973,-10,0.04274,-0.0019],
"4WW3RG4WW1SS":[-0.000991095,-0.001,0,-10],
"3WW3GW4WW1SS":[0.00223021,-0.00252589,0.0448886,-10],
"1WW2SG1SS1SS":[-10,-0.996,-10,-10],
"4RW4WW1SS1WW":[0,0.00340765,-10,-10],
"4WW3WW1SS4GW":[0.126506,-0.00239052,-10,-0.000345162],
"1SS1SS1WW2WW":[-10,-10,-10,-0.00117129],
"1WW1SS2SS1SG":[-10,-10,-0.996,-10],
"1SR4WW4WW1WW":[-10,0.0250276,0,-10],
"3WW4WW4RW1SG":[-0.000874762,0,0,-10],
"1SS2GW4WW2RW":[-10,0,0.0220522,0],
"1GR1SS4WW4WW":[1,-10,0,0],
"1WW4WW4RG1SS":[-10,-0.000922206,0,-10],
"2WW1SG4WW1RW":[-0.000851487,-10,0,0],
"2SS1SS2GW4WW":[-0.001,-10,0,0.00455253],
"2WW2GW1SS2RW":[0,0,-10,-0.001],
"1SG2WW4WW4WW":[-10,0.00578373,0,0.0396578],
"1SS4GW2RW2WW":[-10,0,0,-0.0019],
"1SS1WW4WW2RW":[-10,-10,0,-0.001],
"2WW1SG4WW3WW":[-4.65306e-05,-10,0.00169414,-0.001],
"2WW4GW1SS4WW":[0.0257861,-0.000292283,-10,-0.00156189],
"1SR4WW3WW2WW":[-10,0.00355722,0,0],
"2RG3WW1SG4WW":[-0.001,0,-10,0],
"4RW4WW1SS2WW":[0.0110292,0.0832568,-10,0.000171129],
"4WW2WW1WW1SG":[-0.00104279,-0.00209988,-10,-10],
"1WW1WW2SS1SS":[-10,-10,-0.8974,-10],
"2WW2WW1SR4GW":[-0.001,0,-10,0],
"3WW1SS1SR1GW":[-0.001,-10,-10,0],
"1SS2SS4WW3GW":[-10,0,0,-0.001],
"1SS2SS1GW4WW":[-10,0,0,0.0111429],
"2WW3SS1SG4WW":[-0.001,0,-10,0],
"4WW4WW1SR2WW":[0.00192768,0.0712562,-10,0.00514573],
"2GW4WW1SR1WW":[-0.001,0,-10,-10],
"1SS1SS3WW2GW":[-10,-10,-0.001,0],
"4WW1SS2SS3GW":[0.00696986,-10,0,0],
"1SS1GW3WW4GW":[-10,0,0,-0.001],
"2SS1SS2RW4WW":[0.000612561,-10,0,0],
"4WW1GW1SR4WW":[0,0.999901,-10,0],
"4WW2WW1SR4WW":[-0.00149736,-0.001,-10,0.097438],
"4WW2WW3RW1SS":[-0.001,0,0,-10],
"2WW3WW4GR1SS":[-0.001,-0.001,-0.001,-10],
"2GW1WW4WW1SS":[0.0984901,-10,0,-10],
"2SS1SS4WW4WW":[0.0240297,-10,0.13378,0.0187289],
"1WW2RG4WW1SS":[-10,0,0.00608815,-10],
"1SS1SS2WW4GW":[-10,-10,0,-0.001],
"1WW2RG1SS2WW":[-10,0,-10,6.34504e-05],
"1WW1SS4GW3WW":[-10,-10,-0.0019,0],
"4WW4WW1RG1SS":[0,0,-0.2,-10],
"2RW1WW1SS4WW":[0.00303121,-10,-10,0.0129189],
"4RW1WW4WW1SS":[-0.001,-10,-0.001,-10],
"1SG4WW1WW2GW":[-10,0,-10,0.18805],
"4WW3GW1SS3WW":[0.0340548,-0.001,-10,-0.0010995],
"1SS1GW2WW4WW":[-10,2.70981,-0.000698474,0],
"4WW1SS3WW4WW":[0.278189,-10,0.026381,0.204936],
"1SS2RG4WW3WW":[-10,-0.001,0,0],
"1WW1SS1GW3WW":[-10,-10,1,0],
"3WW4WW1SG2WW":[-0.001,-0.00153128,-10,-0.0019],
"4RW4WW2WW1SS":[0.00461608,0.0123933,-0.0019995,-10],
"4WW1SG3GW1WW":[-0.001,-10,0,-10],
"4WW4WW3WW1WW":[-0.001,-0.00271,0,-10],
"1SS1WW2WW4RW":[-10,-10,-0.0010995,-0.00110493],
"1SS4WW4GW1WW":[-10,0.0429782,0,-10],
"4WW4WW1SG1WW":[-0.001,0.826353,-10,-10],
"2WW1SS2SS4WW":[-0.00111396,-10,-0.000938974,0.0673251],
"1SR1WW3WW1SS":[-10,-10,-0.001,-10],
"4WW1RG4WW1SS":[0,-0.2,-0.00124753,-10],
"3RW1WW4WW1SS":[0,-10,-0.001,-10],
"1WW4GW1SS2WW":[-10,-0.00207906,-10,-0.896597],
"1SS3RG4WW2WW":[-10,-0.0010183,-0.000890755,-0.001],
"1SS1RW2GW4WW":[-10,-0.197702,0,0],
"3GW1SS4WW2WW":[0.0276846,-10,-0.000824081,0],
"1SS4WW3GW2WW":[-10,0.0282925,0,-0.001],
"2WW4WW2RW1SG":[-0.001,0,0,-10],
"4GW4WW1SS2WW":[-0.00128745,0.0779301,-10,0.0239839],
"1SS4WW4WW1GR":[-10,-0.000610961,0,0],
"1SR4WW1WW1SS":[-10,-0.00460113,-10,-10],
"4WW4GW3WW1SR":[0,-0.001,0,-10],
"4WW1SS3RW2WW":[0.0133516,-10,-0.001,0],
"1WW3WW1SS1GW":[-10,-0.001,-10,1.89979],
"3WW1SS1RW4WW":[0.0088004,-10,-0.379343,0.00186401],
"1WW4WW1GW1SS":[-10,0,1.00527,-10],
"3RW1SS1SS2WW":[-0.001,-10,-10,0],
"2WW1GW4WW1SS":[-0.000965628,1,0,-10],
"1SS3WW4WW4RW":[-10,-0.000935485,-0.000834032,-0.000363204],
"3WW4WW1SG1WW":[-0.0019,0.0196954,-10,-10],
"1SS4WW4WW1RW":[-10,-0.000546297,0.0695358,-0.4993],
"4WW1SS4GW1WW":[0.171894,-10,-0.001,-10],
"4GW1SS2WW3WW":[-0.00124014,-10,-0.00271,0.0487903],
"2RW1SS1WW3GW":[-0.000824666,-10,-10,0],
"1SS1SS1SS1SR":[-10,-10,-10,-10],
"1SS2SS1SS4RW":[-10,-0.996,-10,0],
"3WW3WW2RW4WW":[-0.001,0,0,0],
"3GW1WW1SG4WW":[0,-10,-10,0.0112188],
"3WW1SS2SS3WW":[-0.001,-10,0,0],
"4WW1SS3SS4GW":[0,-10,-0.001,0],
"4WW2WW1SS3SR":[-0.001,0,-10,0],
"4SS4RW2WW1SS":[0,-0.000497755,0,-10],
"4WW1SS1GW2GW":[0,-10,0.999811,0],
"2SS1SS3WW1GW":[-0.001,-10,0,0],
"4RW1WW1SS4WW":[-0.001,-10,-10,0.0381981],
"2WW4WW1SR4WW":[0.00375292,0.000238105,-10,0.0874525],
"1GW1SS2WW4WW":[2.71259,-10,0,-0.00154484],
"2WW4WW3SG1SS":[-0.000885024,0,0,-10],
"2RG4WW1SS4WW":[0,0,-10,0.0166489],
"3WW4WW2SS1SS":[0.0247684,0.0886712,0.00143202,-10],
"4WW4GW4RW1SS":[0.00260747,0,0,-10],
"4WW3WW4SS1SS":[0.0296224,0.0253973,0,-10],
"2RW4WW1SS2WW":[-0.001,0.00486672,-10,0.00095939],
"4WW3SS1SS3GW":[0,-0.001,-10,0],
"3GW1SS3GW4WW":[-0.00271,-10,-0.001,-0.00177042],
"1SS1SS1SS4RW":[-10,-10,-10,-0.001],
"3GW1SS2WW2WW":[0,-10,0,-0.001],
"1SS1SS4RW4WW":[-10,-10,-0.00197592,0.0149526],
"2SS1SS1WW3GW":[-0.001,-10,-10,0],
"3SS1GW4WW1SS":[-0.00105768,0,0,-10],
"1SS2WW3WW4GW":[-10,-0.0011193,0.0827988,0],
"1WW3WW2SS1SS":[-10,-0.0019,-0.001,-10],
"1WW4WW1SR1WW":[-10,0.00324052,-10,-10],
"2WW4WW1SR1WW":[-0.00143119,0,-10,-10],
"4WW4WW2WW1SR":[-0.00137748,-0.001,-0.0016818,-10],
"3WW4WW1SR1WW":[-0.001,-0.000125571,-10,-10],
"4RW1SS2WW1WW":[0,-10,-0.001,-10],
"4WW1SS2RW1WW":[-0.0010995,-10,-0.0019,-10],
"4WW1SS1SS4GR":[0.0167559,-10,-10,0],
"4GW3WW2WW1SR":[-0.001,0,0,-10],
"2WW2WW1SS1GW":[-0.00135109,0.00880075,-10,0],
"1SS2GW1SS1SR":[-10,-0.001,-10,-10],
"1GW1WW1SS4WW":[5.80045,-10,-10,0.0737813],
"4GW1SS1SS4WW":[-0.00158017,-10,-10,0.177644],
"1WW4RW1SS4WW":[-10,-0.0010995,-10,0],
"1SS2SS2RW1WW":[-10,0.0283706,0,-10],
"4WW1SS3RW1WW":[0,-10,-0.001,-10],
"1SS4RW3WW2WW":[-10,-0.001,0.000176902,-0.001],
"2SS1GW2WW1SR":[0,0,-0.00154068,-10],
"1SS1SS3RW1WW":[-10,-10,-0.0017085,-10],
"1SS4GW4WW1GW":[-10,0,0,1.90407],
"4RW2WW3GW1SS":[-0.001,0,0,-10],
"1SS4WW3RW4WW":[-10,-0.0019,-0.000928594,0.0361671],
"4WW4WW4SS1SS":[0.00376807,0,0.0246506,-10],
"3WW4GW1SS2GW":[-0.00111831,0,-10,0],
"1SS1SS4GW2WW":[-10,-10,-0.00352855,0.000526067],
"4WW2RG4WW1SS":[0.0159913,-0.001,0,-10],
"4GW1SS1RW1WW":[-0.001,-10,0,-10],
"2SS4WW3WW1SS":[0,0.0398065,0.0101161,-10],
"2SS1SS1WW4WW":[-0.0019,-10,-10,0.0570986],
"4WW4GW3SS1SS":[0,0,-0.00134789,-10],
"1SS4GW4GW4WW":[-10,0,0,-0.001],
"2SS1SS1SS3WW":[-0.001,-10,-10,0],
"1GW4WW1SS2RW":[0,-0.001,-10,0],
"1SS4WW4RW1WW":[-10,0.0268083,-0.001,-10],
"4WW4WW3GW1SR":[-0.001,0,0,-10],
"3SS1SS4WW2RW":[0.00209501,-10,0,0],
"3WW4GW1SS1SS":[-0.00111389,0,-10,-10],
"1SS3SS4WW2WW":[-10,0.000403684,0,-0.001],
"4RW1SG2WW2WW":[0.00126512,-10,0,0],
"1SS1RW1WW4WW":[-10,-0.200435,-10,-0.00185306],
"2GW3WW1WW1SS":[0.0985,0,-10,-10],
"1SS3GW2WW1SS":[-10,-0.000948751,-0.000526828,-10],
"3WW1SG4RW4WW":[0,-10,-0.001,0],
"3WW2WW1SR1SS":[-0.000929109,0,-10,-10],
"4WW4WW1SR1SS":[-0.00117471,0.107356,-10,-10],
"2RW4WW4WW2WW":[-0.001,0,0,0],
"3RW1WW1SS1SG":[-0.001,-10,-10,-10],
"1SS4WW3WW2SS":[-10,-0.00150001,0,-0.001],
"1WW1SS3RG4WW":[-10,-10,-0.001,0],
"4WW3GW3WW1SS":[0.00876026,-0.0028095,-0.0019,-10],
"4WW1SS1GW1GW":[0,-10,0,1.92098],
"3WW4WW4WW1SR":[-0.001,0,0,-10],
"2WW2WW1SS4GW":[0.0235298,0,-10,-0.001],
"4WW4WW1SR3GW":[0,0,-10,-0.00112731],
"4WW1SS4RW2GW":[-0.001,-10,0,0],
"1SS1SS3GW2WW":[-10,-10,-0.001,0],
"1WW4WW1SR4WW":[-10,0.0423079,-10,0.00959083],
"1SS2SS2GW3WW":[-10,0,0,0.000692435],
"4WW4WW1SS2GW":[0.0504051,0.0135039,-10,0.491722],
"1SR1WW2WW4WW":[-10,-10,-0.001,0],
"1SR4GW1WW3WW":[-10,0.00289889,-10,0],
"1WW1SS4GW2WW":[-10,-10,-0.0019,0],
"2RW3WW3WW1SS":[0,-0.001,0,-10],
"1SS2WW3WW1SS":[-10,-0.0019,-0.00105229,-10],
"1WW1SS1SG3WW":[-10,-10,-10,-0.001],
"3WW1SS3GW1WW":[-0.001,-10,-0.001,-10],
"1WW1SS1GW4WW":[-10,-10,1.91243,0],
"2WW3WW1SS2GW":[-0.00107931,-0.001,-10,0],
"3GW4WW1SS1WW":[0.01771,0,-10,-10],
"1SS1RW2WW4WW":[-10,-0.20026,0,0],
"4WW2GW4WW1SR":[0.0255295,-0.001,0,-10],
"3WW4GW1SS1WW":[-2.81572e-05,-0.00271,-10,-10],
"4WW1SS2SS3WW":[0.0958862,-10,0,-0.00176035],
"1SS4RW2WW4WW":[-10,-0.000895743,-0.00316497,-0.001],
"4GW1SR2WW1WW":[-0.001,-10,-0.00114837,-10],
"2GW1SS3SS1WW":[0,-10,-0.001,-10],
"3GW1WW2WW1SS":[0.0177101,-10,0,-10],
"1SG1SS4WW1GW":[-10,-10,0,0.999913],
"1SR4WW1SS1SS":[-10,0.00692529,-10,-10],
"3RG1SS1SS4GW":[-0.001,-10,-10,0],
"3WW2WW4RW1SS":[-0.000929109,-0.00134358,0,-10],
"1SS4WW4GW4RW":[-10,-0.001,0,0],
"4GW3WW4WW1SS":[-0.0019,-0.001,-0.001,-10],
"2RW1WW2WW1SS":[-0.001,-10,0,-10],
"1WW1SS1SR4WW":[-10,-10,-10,0.0109075],
"4WW2WW1SR4GW":[-0.001,0,-10,0],
"4WW4WW3RG1SS":[-0.001,0,0,-10],
"1SS1SR4WW4WW":[-10,-10,0.0751808,-0.001],
"4WW2WW4RW1SS":[-0.001,-0.00126509,-0.001,-10],
"3WW2WW1GW1SG":[0,0,1.00735,-10],
"1SS1SS1RW1SS":[-10,-10,-0.284365,-10],
"1SS3RW4WW1WW":[-10,-0.001,0,-10],
"3WW3GW1SS4WW":[-0.00169299,-0.001,-10,-0.001],
"4WW2WW1GR1SG":[-0.0010995,0,0,-10],
"1SS1GW3GW1WW":[-10,0,-0.001,-10],
"1SS4GW3WW2SS":[-10,-0.0010995,0,0],
"1SS2WW3GR4WW":[-10,0,0,-9.8641e-05],
"3WW1SS3RW3WW":[-0.001,-10,0,0],
"4WW1SS1SR1WW":[-0.00289905,-10,-10,-10],
"1SG4WW4WW1SS":[-10,0.073334,-0.00116877,-10],
"1SS2SS1SS4SS":[-10,-0.996,-10,0],
"4GW1SS1SS1WW":[-0.000438868,-10,-10,-10],
"1SS1SS1SS1WW":[-10,-10,-10,-10],
"3WW3WW1SS3SS":[-0.000506529,0,-10,0],
"4GW4WW1RW1SS":[-0.001,0.00273545,0,-10],
"1SS1GW2WW1GW":[-10,1,-0.00115123,0],
"2SS4WW4GW1SS":[0.0038683,0,-0.001,-10],
"1WW1SS3RW2WW":[-10,-10,-0.001,0],
"1RW4WW1SS1SS":[-0.361245,0.0278706,-10,-10],
"1SS3RW3WW3WW":[-10,-0.001,0,0],
"2WW4WW1SG3WW":[0,0,-10,-0.001],
"1SS2SS4WW1GW":[-10,-0.001,0.0139292,0],
"4WW3GW3WW1SR":[0,-0.001,0,-10],
"2SS1WW4WW1SS":[0,-10,-0.001,-10],
"1WW1SS1SR4GW":[-10,-10,-10,-0.001],
"1SS1WW2RW4WW":[-10,-10,-0.001,-0.001],
"2WW4WW4RW1SG":[0,-0.001,0,-10],
"1RW4WW2WW1SS":[0,-0.000902298,0,-10],
"1SS1RW3WW4WW":[-10,0,0.0254602,0],
"4WW1SS3RW4GW":[0.00474888,-10,0,-0.00055008],
"1WW4WW1SS4GW":[-10,-0.003439,-10,-0.001],
"1GW2WW4WW1SG":[0,0,-0.001,-10],
"2SS1SS4GW4WW":[-0.001,-10,-0.001,-0.00162704],
"2WW4GW4WW1SS":[0,-0.00207305,0.0253132,-10],
"1WW4RW1SS2SS":[-10,0,-10,-0.996],
"4GW1SS3WW1RW":[-0.000825041,-10,0,0],
"4WW1SS3WW2WW":[0.624409,-10,-0.00614264,-0.00349651],
"1SR2WW1WW4WW":[-10,-0.00131072,-10,0],
"3WW2GW1SS4RW":[0,-0.001,-10,0],
"4RW2WW2WW1SS":[0,0,-0.001,-10],
"4GW1SS1WW4WW":[0.022358,-10,-10,-0.001],
"1SR1SS1WW4WW":[-10,-10,-10,0.0108489],
"1SS1WW2WW1SS":[-10,-10,0.000936978,-10],
"1SS1SG1SS4WW":[-10,-10,-10,0.00062156],
"1SR2WW2WW4WW":[-10,-0.001,0,0],
"1WW4WW1SR3WW":[-10,0.041447,-10,-0.0019],
"4GW1SS1SS2WW":[-0.0019,-10,-10,0.00722788],
"3RW1SS3WW4WW":[-0.001,-10,-0.001,0.0231381],
"4WW1WW4WW1SS":[0.113441,-10,0.0681782,-10],
"3RW2WW1SS4WW":[-0.001,-0.000787559,-10,0],
"3WW2WW1SS1SS":[0.00764038,-0.0019,-10,-10],
"4RW2WW1WW1SS":[-0.001,-0.00102975,-10,-10],
"4GR1SS2WW4WW":[-0.001,-10,0,0],
"1SS2WW1GW4WW":[-10,0,0,0.0581577],
"1WW4WW1SS1SS":[-10,0.135512,-10,-10],
"4GW4WW3WW1SS":[-0.00174254,0.0494333,-0.0036191,-10],
"1SS1SR4WW2WW":[-10,-10,0.0555979,0.000806291],
"2WW1SS1SS2WW":[-0.001,-10,-10,-0.0010995],
"1SR1SS4WW3WW":[-10,-10,0.000971686,0],
"4GW1SS2WW4WW":[0.00597296,-10,-0.00523959,0.0450302],
"1SS3WW4GW4WW":[-10,-0.000341178,0,0.0236267],
"1WW2WW1SG1SG":[-10,-0.996,-10,-10],
"1SG2RW4WW1SG":[-10,-0.001,0,-10],
"2WW1SS1GW4WW":[-0.00198955,-10,1.92069,0],
"1SS3GW4WW3WW":[-10,0.0252673,0.00343729,-0.0010995],
"1SS4RW4WW3WW":[-10,-0.00279059,0.102422,-0.00246169],
"1SS4WW4WW3GR":[-10,0.00283839,0,0],
"1SR4GW2WW4WW":[-10,-0.001,0,0],
"2SS4GW1WW1SS":[-0.001,0,-10,-10],
"3WW1SS3SG4WW":[0,-10,-0.001,0],
"4SS4WW2WW1SS":[0.00096033,-0.0010995,0,-10],
"4WW4GW1SS1SR":[0,-0.001,-10,-10],
"2SS4WW2WW1SS":[0.00381482,-0.00228692,0.00264063,-10],
"3GW1SS2WW3WW":[-0.001,-10,0,0],
"4WW4WW1SS1SR":[0.036086,-0.0019,-10,-10],
"1SS3SS1WW4WW":[-10,8.06555e-05,-10,0],
"4WW4WW3WW1SR":[-0.000761769,0.00318837,-0.00207014,-10],
"1GW4RW1SS1SS":[1.00486,0,-10,-10],
"1SG4WW1SS1SS":[-10,0.00047993,-10,-10],
"1SS3SS4WW3WW":[-10,0.00349299,0,0],
"1RG4WW1SS1SS":[-0.18013,0.0323346,-10,-10],
"1SS2SS4RW2WW":[-10,0.00420642,0,-0.00160379],
"1SS1RG4WW1WW":[-10,-0.200168,0,-10],
"1SS4WW3WW3GW":[-10,0.0177085,-0.00280743,-0.00195736],
"4WW1SS3WW2RW":[0,-10,-0.0019,-0.001],
"4WW3WW2WW1SS":[0.0332779,-0.00514577,-0.00548431,-10],
"4WW1SS1RW1WW":[-0.001,-10,-1.35989,-10],
"3RW1SS4GW4WW":[-0.001,-10,-0.001,0.0270211],
"4WW2SS1SS2RW":[0.00496244,-0.001,-10,0],
"1SS1SS1SG4WW":[-10,-10,-10,0.0156859],
"2SS4WW4WW1SG":[0.00501092,0,0,-10],
"4WW2WW1SS3RW":[0.0264596,0,-10,-0.0019],
"1SS2RW4WW3WW":[-10,-0.001,0,0.000123294],
"2WW4WW3SS1SS":[-0.00094915,-0.000709201,0,-10],
"1SS1SS1GW1SS":[-10,-10,1.91391,-10],
"1WW1GW2GW1SS":[-10,1.00229,0,-10],
"1SG4WW2WW3WW":[-10,-0.00110299,-0.00287679,-0.001],
"4WW1WW3WW1SS":[0.187064,-10,-0.00697257,-10],
"1SR3GW3WW1SS":[-10,0,-0.001,-10],
"4WW2WW1SG2SS":[-0.00180772,0,-10,0],
"1SS1SG1SS3WW":[-10,-10,-10,-0.0010995],
"1SS2SS2GW4WW":[-10,0,0,-0.001],
"1WW1SS4WW2RW":[-10,-10,-0.001,0],
"1SS4WW3WW2RW":[-10,-0.0019,-0.000872785,0],
"1SS4WW1RW4WW":[-10,0.022158,-0.2,0],
"3WW4WW1GW1SS":[0.00937071,0.00958134,0,-10],
"1SS3WW2RW4WW":[-10,-0.001,0,0],
"1SS1SS4RW4GW":[-10,-10,0,-0.001],
"1SS1SS4GW4GW":[-10,-10,0,-0.001],
"1WW2WW4GW1SS":[-10,-0.00268375,0.00114833,-10],
"4WW4WW1SS1SS":[0.179009,0.155545,-10,-10],
"2WW3WW1SR4GW":[-0.000830322,0,-10,0],
"3GW4WW1SS2WW":[-0.001,0.0298162,-10,0.00211669],
"1SS1WW4WW1SG":[-10,-10,0.0268119,-10],
"2WW2WW1SG4GW":[-0.000644,-0.00111831,-10,0],
"1WW4WW1SR2SS":[-10,0.00725808,-10,0],
"4WW3GW1SR3WW":[0,0,-10,-0.0010995],
"2WW4WW1SR2WW":[-0.001,-0.00126964,-10,-0.00158355],
"1WW4WW3RW1SS":[-10,0.0231112,-0.001,-10],
"4WW3WW2RW1SS":[-0.001,-0.001,0,-10],
"4WW4RW1SS1SS":[0.167788,-0.00124718,-10,-10],
"1SS3GW3WW2SS":[-10,0.000910886,0,0],
"2GW2WW1SS2RW":[0,-0.00102578,-10,0],
"1SS4WW1WW4GW":[-10,0,-10,-0.000743693],
"1SS3WW3WW4GW":[-10,-0.0019,-0.0010995,0.00536075],
"4WW4WW1SS3SS":[0.00753516,-0.00114559,-10,0.0443818],
"2WW1SS1SS1WW":[-0.819354,-10,-10,-10],
"1WW4WW2SR1SG":[-10,0,-0.001,-10],
"3WW1SS1SS1WW":[0.0146831,-10,-10,-10],
"4WW1SR1SS3WW":[0.0399103,-10,-10,-0.001],
"1WW1SG4WW2WW":[-10,-10,0.00397419,-0.001],
"3WW3WW3RW1SS":[0,0,-0.001,-10],
"1WW4GW1SG3WW":[-10,0,-10,-0.0019],
"4WW2WW1SG1SS":[-0.0019,-0.001,-10,-10],
"1WW1GW1SS1WW":[-10,1.89991,-10,-10],
"1SS4GW1WW4WW":[-10,-0.0028095,-10,-0.00110631],
"1SG1RW4WW4WW":[-10,0,0,-0.001],
"4WW4RW1SS3WW":[0.26279,0.0130315,-10,0.00675126],
"4WW4WW1SR1WW":[-0.0019,-0.001,-10,-10],
"4WW3RW4WW1SS":[0.0448447,0.00371021,0.0645263,-10],
"2GW3WW1SS4RW":[0,0,-10,-0.001],
"1SS2SS4WW3WW":[-10,0.0561219,0.00817749,-0.001],
"1RG4WW1SS2WW":[0,0,-10,-0.000630327],
"2RG4WW2WW1SS":[-0.001,-0.00141637,0,-10],
"2RG1SS2WW2WW":[0,-10,-0.001,0],
"3GW4WW4WW1SS":[0.72176,0.0455926,0.00942533,-10],
"1WW1SG1SS1SS":[-10,-10,-10,-10],
"4GW4WW1WW1SS":[-0.0033248,0.0222234,-10,-10],
"1WW4GW2SS1SS":[-10,0,-0.0019,-10],
"4GW1WW1SS4WW":[-0.001,-10,-10,0.0368555],
"3GW1SS1SS4WW":[-0.0019,-10,-10,0.0638468],
"1WW1SS1SS1SS":[-10,-10,-10,-10],
"3WW1SG1SS3WW":[0,-10,-10,-0.001],
"1GR1SS1SS4WW":[1.0007,-10,-10,0],
"1SS4WW1WW2SS":[-10,-0.00138079,-10,0],
"3WW1SS2GR4WW":[0,-10,-0.001,0],
"4WW1SG2WW1WW":[0.00286197,-10,-0.00174263,-10],
"4WW1SG4WW3RW":[-0.00061267,-10,0,0],
"4WW1SS1WW1WW":[0.0963236,-10,-10,-10],
"3WW4GW1SS1GW":[0,0,-10,1],
"1SR4WW2WW4WW":[-10,-0.00143973,-6.1343e-05,-0.00213326],
"1WW2WW1SS2GW":[-10,-0.996,-10,0],
"1SR4WW3WW4WW":[-10,0.00296074,-0.00354247,-0.00255806],
"4SS1SS1WW4WW":[0.0184675,-10,-10,0],
"1SS1GW1WW3WW":[-10,0.999288,-10,0],
"1SS4GW1SS1SS":[-10,-0.00404697,-10,-10],
"1SR4WW1WW1GW":[-10,-0.001,-10,0],
"1SS1RW1GW4WW":[-10,-0.2,0,0],
"2WW4RW1SS4WW":[0.000207872,0,-10,0],
"1WW4WW1SS3GW":[-10,-0.000791566,-10,0.0220647],
"1SS4RW3WW4WW":[-10,-0.0019,-0.00220641,-0.00166121],
"4GW4WW1SS1WW":[0,0.0215512,-10,-10],
"1SS3WW1WW4GW":[-10,0,-10,-0.001],
"4RW4WW1SS2SS":[-0.0010995,0,-10,0],
"4WW1WW1SS2SS":[0.0117638,-10,-10,0.0361948],
"1SS1SS2WW3GW":[-10,-10,-0.00141651,-0.001],
"3WW1SS1SR2WW":[-0.001,-10,-10,0],
"1SR4WW2WW1SS":[-10,-0.00194777,-0.000976444,-10],
"1SS4GW2WW1SS":[-10,0,-0.00173105,-10],
"1WW1SS2SG4WW":[-10,-10,0,-0.00044058],
"4WW1SR2WW4WW":[0,-10,-0.00175349,-0.001],
"1SS1SS1SS2WW":[-10,-10,-10,0.0202331],
"3WW1SS1SS1SS":[-0.0019,-10,-10,-10],
"3RG2SS1SS4WW":[0,0.0200559,-10,0],
"3WW2SS1SG4WW":[0,-0.001,-10,0],
"4WW1SS4SS4WW":[0.0588922,-10,0,0],
"1SS1SS2WW3WW":[-10,-10,-0.00137039,-0.00121685],
"3WW3WW1SS1RW":[0,-0.001,-10,0],
"4WW1SG1WW4WW":[0.0348045,-10,-10,-0.00109096],
"1SS3WW1SS1SS":[-10,-0.00121677,-10,-10],
"1SS2SS4GW1SS":[-10,-3.23365e-05,0,-10],
"1SS1WW2WW1GW":[-10,-10,-0.00136333,0],
"2WW1WW2GW1SG":[0,-10,0.187123,-10],
"3WW1SS4RW2WW":[0,-10,-0.001,0],
"1WW1SS2RW2WW":[-10,-10,-0.001,0],
"1SG3RW4WW4WW":[-10,0,-0.001,0],
"3GW4WW1WW1SS":[0.185742,0,-10,-10],
"4WW1SS4WW2GW":[0.0236208,-10,0.0449223,0.436857],
"2WW1WW2GW1SS":[-0.001,-10,0,-10],
"2WW3WW1SS3SS":[0,-0.00118905,-10,0],
"4WW1SS1SS1SR":[0.00731434,-10,-10,-10],
"1SS1RW1SS1SS":[-10,-0.199821,-10,-10],
"2RG1SS1SS1SS":[-0.001,-10,-10,-10],
"3SS4WW3WW1SS":[0.00277945,0,0,-10],
"1SS4WW2GW3WW":[-10,0.047663,-0.001,0],
"2WW2RW1SS3WW":[-0.000998304,0,-10,0],
"1SS2WW3GW1SS":[-10,-0.00120386,-0.001,-10],
"4WW4GW1SS2SS":[0.0364441,-0.0019,-10,0],
"1SS4WW2WW1SS":[-10,0.0262742,-0.00335897,-10],
"1SS1SG4WW2WW":[-10,-10,-0.000533835,0.000687882],
"2WW1SR4WW2WW":[0,-10,0,-0.001],
"2WW1RW1SS4WW":[0,0,-10,-0.001],
"2WW1SG4WW2WW":[0,-10,0,-0.001],
"1WW1SG1SS1WW":[-10,-10,-10,-10],
"2SS2WW4WW1SS":[0.000273901,-0.000852331,-0.000231318,-10],
"1SS1SR3WW3WW":[-10,-10,0.00913194,0],
"1SS2GW1WW4WW":[-10,-0.0019,-10,-0.00101037],
"2WW3WW1SS3RG":[-0.00129459,0,-10,0],
"2GW4WW1SS4WW":[3.53273,0.044588,-10,0.438651],
"4RW4WW3WW1SS":[0.00148643,-0.00159696,-0.00347689,-10],
"4WW1WW4WW1SG":[0.00424432,-10,-0.000645439,-10],
"1SG4WW3WW2WW":[-10,0.0211996,-0.0019,-0.00128657],
"1GW1SS1SS2WW":[0,-10,-10,-0.0010995],
"4RW4WW1SS3GW":[-0.001,0,-10,0],
"3WW1SS1SG1WW":[-0.001,-10,-10,-10],
"3GW4GW1SS2WW":[0,-0.001,-10,0],
"3WW3WW1SR1SS":[-0.001,-0.001,-10,-10],
"1SR4WW4WW4WW":[-10,0.189916,0,-0.00126315],
"1SS4WW1WW1SG":[-10,0.000968872,-10,-10],
"4WW1GW1SS1SR":[0.00801285,0,-10,-10],
"4WW2WW4RG1SS":[-0.001,0,0,-10],
"2WW2RW4WW1SS":[-0.000917376,-0.001,0,-10],
"2SS2WW1SS1SS":[0,-0.00125883,-10,-10],
"1SS4WW3RW4GW":[-10,0,0,-0.001],
"1WW1SS3GW4WW":[-10,-10,-0.001,-0.00174957],
"1SS4WW2GW1SS":[-10,-0.00159696,0.498032,-10],
"2GW4WW1RW1SS":[0,-0.00170721,0,-10],
"1SS1SS1SG1SS":[-10,-10,-10,-10],
"2WW1SS1SG2WW":[-0.000414771,-10,-10,0],
"3WW1WW1SG1SS":[-0.00208905,-10,-10,-10],
"1SS4RW4WW2SS":[-10,-0.001,0,-0.001],
"3RW1SS4WW4WW":[2.14173e-05,-10,-0.0019,0.166855],
"4WW4WW1SG2GW":[-0.000391606,0,-10,0],
"4WW1SS1SG1RW":[0,-10,-10,-0.183412],
"4WW4WW1SS1WW":[0.115049,0.215448,-10,-10],
"1SS4WW2RW4WW":[-10,0.012726,-0.0019,-0.00122394],
"1SG4WW1RW1SS":[-10,-0.00170721,0,-10],
"1SS1WW2RG4WW":[-10,-10,0,0.00994731],
"1GW1SS2RW2WW":[0,-10,0,-0.00156032],
"1SS2SS3WW1GW":[-10,0,0.00744746,0],
"4WW1SR4GW4WW":[-0.000763736,-10,0,0],
"4WW1SS1SG1WW":[-0.001,-10,-10,-10],
"1SS4GW2WW4WW":[-10,-0.00370712,-0.00765737,-0.00479304],
"4WW2GW1WW1SS":[0.0193364,-0.0019,-10,-10],
"4WW2WW1SS1GW":[-0.00141512,-0.001,-10,1.94219],
"1SS1WW3WW2GW":[-10,-10,-0.001,0],
"1GW1SS4WW4WW":[6.99311,-10,0.00682108,0],
"1WW2WW1SR4WW":[-10,-0.001,-10,0],
"4WW4WW2GW1SS":[0.0108131,0.0163793,1.19293,-10],
"3WW1SS4GW1WW":[0,-10,-0.001,-10],
"4GW1SS4WW1WW":[-0.00300717,-10,-0.00285049,-10],
"1SG1WW3WW4WW":[-10,-10,0,0.0116778],
"3GW2WW1WW1SS":[0,-0.000446697,-10,-10],
"3WW1SS1SR4WW":[-0.0010995,-10,-10,0.0220393],
"3WW3WW1SG4WW":[0,0,-10,0.00130748],
"4WW3WW1SG1SS":[-0.001,0.093392,-10,-10],
"4RW1SS3WW4WW":[-0.00198955,-10,-0.001,0.00149271],
"1WW2WW1SS1SS":[-10,-0.00251309,-10,-10],
"4RW1WW1WW1SS":[-0.001,-10,-10,-10],
"1WW1GW4WW1SS":[-10,2.71244,0,-10],
"4GW2WW1WW1SR":[0,-0.000625114,-10,-10],
"1SS2WW4WW2RG":[-10,-0.001,0,0],
"1SS2SS4WW3RW":[-10,-0.001,0,0],
"1WW2GW4WW1SS":[-10,-0.001,-0.001,-10],
"4WW1RG3WW1SS":[0.00193492,0,0,-10],
"1SS2RG3WW4WW":[-10,-0.001,0,0],
"1SS3RW1WW2WW":[-10,-0.001,-10,-0.000182169],
"4WW3WW1GW1SS":[0,-0.00125025,1.89985,-10],
"4WW1WW1SS1SR":[0.00145975,-10,-10,-10],
"2GW2WW1SS4WW":[0.188022,-0.00126509,-10,0],
"1SG4WW1RW4WW":[-10,0.0183409,0,0],
"3WW2WW4GW4WW":[-0.001,-0.0021786,-0.001,0],
"3WW2WW1SS4WW":[0.00668679,-0.0019,-10,0.0782615],
"4WW3WW4WW1SR":[-0.0020984,0.00550543,-0.00229266,-10],
"1SG4WW2RW4WW":[-10,0.00362101,-0.001,0],
"4GW1SS3RW4WW":[0,-10,-0.001,0.00284441],
"4WW1WW2WW1SR":[-0.001,-10,0,-10],
"2GW4RW1SS2WW":[0,0.0138301,-10,0],
"4WW1SR4WW1GW":[-0.0010995,-10,0.0140262,0],
"4WW3RW1SS4WW":[0.0717614,0.0200314,-10,0.00950715],
"4WW1SS2WW2RW":[0,-10,-0.001,0],
"1SS4RW3WW3WW":[-10,-0.00271,0.0239964,0],
"1SS2RW1WW3WW":[-10,-0.001,-10,0],
"1SS4WW2WW3RW":[-10,-0.0019,0.00793248,-0.001],
"1SS2SG4WW4WW":[-10,0.00264481,0,0],
"2GW4WW1SS4RW":[0,0,-10,-0.001],
"3GW1SS1WW4WW":[-0.001,-10,-10,0],
"4WW1SG4WW2GW":[0.0325189,-10,0,0],
"3RW2GW1SS4WW":[0,0.0985,-10,0],
"2WW1SS1GR4WW":[-0.000967495,-10,0,0],
"1WW1SS4RW1WW":[-10,-10,-0.001,-10],
"2WW1SS1GW2WW":[-0.000414771,-10,1.00856,0],
"3WW1SS1SG3WW":[0,-10,-10,0.0123631],
"3SS1SG4WW4WW":[0,-10,0.000788388,0],
"1RG1SS4WW4WW":[0,-10,0,0.06301],
"2WW1SS4GW3WW":[-0.001,-10,-0.000861588,0.00284082],
"4WW1SG2RW4WW":[0.00630747,-10,0,0],
"2GW4WW1SS1SS":[-0.001,0.0561748,-10,-10],
"1SS3WW4WW1RW":[-10,0.00488871,0,0],
"1GR4WW1SS1SS":[1.00895,0,-10,-10],
"1SS1SR3WW2WW":[-10,-10,-0.000960261,0],
"1RW2GW1SS4WW":[-0.194725,0,-10,0],
"1SS4WW4GW3WW":[-10,0.00417672,-0.0019995,-0.001],
"1SS4WW4WW1SG":[-10,-0.0019,0.00729833,-10],
"4WW4WW1SG3WW":[0.00147857,0.0570012,-10,0.039134],
"4WW3WW1SS1RW":[0.260935,0,-10,0],
"4WW1SS2GW2RW":[-0.001,-10,0,0],
"4WW4WW2WW1SG":[0.0792283,-0.000962601,0,-10],
"1SS4WW1WW3RW":[-10,-0.00101223,-10,-0.001],
"1RW3WW1WW1SS":[0,-0.00121391,-10,-10],
"1SS1SS2GW2GW":[-10,-10,-0.001,0],
"3WW4WW1SS1SS":[0.167921,0.855262,-10,-10],
"3WW4WW1SS1SR":[0.0984901,0,-10,-10],
"2SS1GW1WW1SS":[0,1,-10,-10],
"1WW1SS4WW4WW":[-10,-10,0.151904,0.0480138],
"2SS1SS4WW2WW":[-0.001,-10,0,-0.001],
"1SS1SS4RG4WW":[-10,-10,0,0.0367482],
"1SS3WW4RG1SS":[-10,-0.001,0,-10],
"1SS1SS1RW1WW":[-10,-10,-0.200099,-10],
"4WW3WW4GW1SS":[-0.00271,0.035991,-0.001,-10],
"1SS3SS4WW4WW":[-10,0.00187176,0.0275198,-0.000814531],
"4WW2WW1SR1SS":[0.000473932,-0.00118781,-10,-10],
"1SS3RW2GW4WW":[-10,0.00282828,0,0],
"3WW3WW4RG1SS":[0,-0.001,0,-10],
"3WW4WW1SG4WW":[0.0138538,0.0588502,-10,0.0269119],
"4WW4WW1SG3SS":[-0.0010995,0,-10,0],
"1SS4WW1SS1SS":[-10,0.0275396,-10,-10],
"1SS3RW4WW3WW":[-10,0.000737848,0,0],
"1SS2GW4WW2WW":[-10,-0.001,0,0],
"2SS1SS3GW1RW":[0,-10,0,-0.199352],
"1GW1SS4GW1WW":[1,-10,0,-10],
"3WW4WW1SS2GW":[-0.00111831,-0.00152955,-10,-0.0019],
"4WW2RW1SS3WW":[0.00386118,0,-10,0],
"1SS1SS2SS4WW":[-10,-10,0.00595889,0.139484],
"2RW4WW1SS1SS":[-0.0016839,0.0392789,-10,-10],
"1SG4WW4WW1WW":[-10,0.00433071,-0.00161804,-10],
"4WW1SS3RW4WW":[0.0616967,-10,-0.0028194,0.0432906],
"4WW2RW1WW1SS":[0.0226834,0,-10,-10],
"3WW1SS4WW2GW":[-0.00111831,-10,7.82101e-05,0],
"1SS1SS3WW1RW":[-10,-10,0,-0.176572],
"1SS3RW4WW1SS":[-10,0.0548105,0,-10],
"2WW4GW1SS2WW":[-0.000477215,-0.00158464,-10,-0.00231128],
"3WW2SS1SR3GW":[0,0,-10,-0.001],
"1SS4WW4WW1SS":[-10,0.42153,0.290068,-10],
"1SS3WW4GW1RG":[-10,0,0,-0.200189],
"1SS3WW4WW2GW":[-10,-0.000811964,0,0],
"1SR1WW1WW4WW":[-10,-10,-10,-0.00108484],
"2WW3WW4GW1SS":[0,0,-0.001,-10],
"4WW4RW1SS4GW":[0,0,-10,-0.001],
"1SS4WW1RW1SS":[-10,-0.001,0,-10],
"2SS1SS4RW3WW":[-0.000804789,-10,0,0],
"1SS4WW3GW1WW":[-10,-0.00143927,0,-10],
"1WW4WW1SG3WW":[-10,0.00110503,-10,0.00184714],
"3WW1RW1SS4GW":[-0.00130665,0,-10,0],
"1SG4WW1WW2WW":[-10,-0.00229339,-10,0.00995806],
"1SS3WW1WW1SR":[-10,-0.001,-10,-10],
"1SS3SS2WW1WW":[-10,-0.001,0,-10],
"1SG1SS1SS4WW":[-10,-10,-10,0.0447087],
"1SS3WW4WW3RW":[-10,0,-0.000871735,0],
"1SG4WW3RW1SS":[-10,-0.0010995,0,-10],
"1SR4WW1WW4GW":[-10,0,-10,-0.001],
"1SS2WW3WW4RW":[-10,-0.001,-0.00113468,0],
"1SR1GW1WW4WW":[-10,0.999687,-10,0],
"4WW4WW2GR1SS":[0,0.11583,0,-10],
"4WW1SR4WW2GW":[0,-10,0,-0.001],
"4WW2SS1SS4WW":[0.384742,-0.0019,-10,0.0993512],
"1SG1WW2WW1SS":[-10,-10,-0.0019,-10],
"3GW3WW1SS4WW":[-0.001,0,-10,0],
"2SS1SS1WW4GW":[0,-10,-10,-0.001],
"2SS1WW3WW1SS":[0,-10,-0.00127856,-10],
"1SS4WW2WW1SR":[-10,-0.001,-0.00172453,-10],
"1SS2WW4WW1SS":[-10,-0.00519359,0.130836,-10],
"1WW4WW1SR1SS":[-10,0.0318891,-10,-10],
"1SS2SR2WW3WW":[-10,0,0,-0.001],
"1SS1RW4WW1SG":[-10,-0.2,0,-10],
"3WW1GR1SS4WW":[-0.00128415,0,-10,0],
"3WW4WW1SS1WW":[0.0263273,0.126247,-10,-10],
"4WW3SS1SG2WW":[-0.000840542,0,-10,0],
"4GW1SG3WW2WW":[0,-10,0,-0.001],
"4RW1SS1SS4WW":[0.000755025,-10,-10,0.0139765],
"1SS1SS3WW1SS":[-10,-10,0.00205553,-10],
"2WW1SS1SG4WW":[0.000610166,-10,-10,0.00174347],
"3RW1SS2SS2WW":[0,-10,0,0.00133696],
"1GR4WW1SS2WW":[0,0.0170464,-10,0],
"4WW2WW1SS1SG":[0.0163959,-0.001,-10,-10],
"1WW1SG1SS2WW":[-10,-10,-10,-0.996003],
"1SS3WW3WW3SS":[-10,-0.00118905,0,0],
"3SS1SS4GW4WW":[-0.000922252,-10,0,0],
"4WW1SS2GW1WW":[-0.001,-10,0.0985527,-10],
"4WW4WW1SS2WW":[0.0606643,0.150456,-10,0.0369567],
"4RW4WW4WW1SS":[-0.0028089,0.180998,0.0020014,-10],
"4GW1GW4WW1SS":[0,1,0,-10],
"4WW1SS4RW2WW":[-0.00271,-10,-0.0019,0.0275881],
"4RG2WW3WW1SS":[0,-0.00104561,0,-10],
"3SS1SS4WW4GW":[-0.001,-10,0,0],
"4WW2GW1SS2SS":[0.0248474,-0.001,-10,0],
"3WW2WW4WW1SG":[-0.0010995,-0.001,0,-10],
"2GW4WW3WW1SS":[0.526098,0,0,-10],
"1WW4WW2RG1SS":[-10,0,-0.001,-10],
"1WW4WW2GW1SS":[-10,0.012959,-0.001,-10],
"2SS1SG4WW3WW":[0,-10,0,-0.001],
"1SS1GR4WW4WW":[-10,0,0.0230654,-0.0019],
"1SR1SS4WW4WW":[-10,-10,-0.001,0],
"1RW2WW1SG4GW":[-0.199895,0,-10,0],
"1WW3WW2GW1SR":[-10,-0.001,0,-10],
"4WW4WW1GW1SR":[0,-0.001,0,-10],
"1SG3WW3WW4GW":[-10,0.00150422,0,0],
"3WW2GR1SS1SS":[-0.00120786,0,-10,-10],
"4WW2RW2SS1SS":[0.0404925,0,0,-10],
"2WW1SG1GW1WW":[0,-10,1.00554,-10],
"4WW2WW2WW1SR":[0.0977212,0,-0.0010995,-10],
"3RW1SS4WW4GW":[0,-10,0,-0.000282575],
"2SS4WW1WW1SS":[-0.00268516,0.00616782,-10,-10],
"1WW1WW1SS1SS":[-10,-10,-10,-10],
"1SS1SG3WW2WW":[-10,-10,-0.0010995,0],
"2RW1SS1SG4WW":[0,-10,-10,-0.000573963],
"1SS1WW3RW4WW":[-10,-10,-0.001,-0.00214268],
"3RW1SS1GW4WW":[-0.001,-10,0,-0.000907719],
"1SS1WW4WW3RW":[-10,-10,-0.001,-0.001],
"1SS1SS4WW1GW":[-10,-10,-0.00108634,1.94639],
"4WW4WW1SG2SR":[-6.91694e-05,0,-10,0],
"3GW4WW1SS2SS":[-0.001,0,-10,0],
"1WW2WW3GW1SS":[-10,-0.00170646,0,-10],
"4WW1WW1SS3RW":[0.0204842,-10,-10,0],
"2RW3GW2WW1SS":[-0.00104656,0,0,-10],
"4WW4RW4WW1SG":[0,-0.001,-0.00118905,-10],
"3WW4GW1SS2WW":[-0.00196487,-0.001,-10,-0.00113538],
"4GW4WW4WW1SG":[0,0.00121932,0,-10],
"3RW1SS4WW2WW":[-0.00152115,-10,-0.00177853,-0.0010111],
"4WW2GW1SS1SS":[-0.00203349,-0.001,-10,-10],
"4RW1SS2WW2WW":[-0.001,-10,-0.0019,-0.001],
"4WW4WW2RW1SS":[-0.001,0.0567667,0,-10],
"4WW4WW1SR4GW":[-0.000923447,-0.001,-10,0],
"1GW3WW1SG4WW":[1.00045,0,-10,0],
"3WW1SS1RW2WW":[-0.001,-10,0,0],
"3SS4WW4WW1SG":[0,0,-0.00168028,-10],
"1SS1SS3WW1GW":[-10,-10,-0.00131552,0],
"1SS2RW1WW4WW":[-10,-0.0890697,-10,-0.001],
"1SS1SS3WW3GW":[-10,-10,-0.001,0],
"2RW1SS4WW2WW":[-0.0019,-10,-0.00179068,0],
"4GW2WW1SS4GW":[-0.001,0,-10,0],
"1SG4GW4WW1SS":[-10,0.00893195,0,-10],
"4GW2WW1SS4WW":[-0.0023871,-0.00129378,-10,0.136346],
"1GW4WW1SS2WW":[3.45269,0.0208505,-10,0],
"1SS2WW4GW4WW":[-10,0.000160436,-0.001,0.095451],
"4GW2WW1WW1SS":[-0.001,0,-10,-10],
"1SG4WW1GW1WW":[-10,0.0226132,0,-10],
"1SR1SG3WW2WW":[-10,-10,-0.001,0],
"4WW1SG1SS1RW":[0.0030859,-10,-10,0],
"1SS2GW3WW3WW":[-10,0.098452,0,-0.001],
"4RW3GW1SS2WW":[-0.001,-0.0019,-10,0],
"1WW4RW1SS3WW":[-10,0.00104698,-10,0],
"4RW1SS1WW2WW":[-0.00271,-10,-10,0],
"1SS2SS1WW2WW":[-10,-0.996,-10,0],
"1SS1WW4WW1SR":[-10,-10,0.0133278,-10],
"1SS4WW1WW2GW":[-10,0,-10,0.08765],
"4WW1WW1WW1SG":[0.0139928,-10,-10,-10],
"1SS3WW1WW3GW":[-10,-0.001,-10,0],
"1RG1SS1SS4WW":[-0.2,-10,-10,0],
"1SS1SS3WW2WW":[-10,-10,-0.0019,-6.87473e-05],
"2WW3WW1SS4GW":[-0.0019,-0.001,-10,0],
"1SS1SS4GW4WW":[-10,-10,0.00900027,0.162361],
"1GW4WW1SR1SS":[1,0,-10,-10],
"3WW4WW1SG1SS":[-0.001,0.0567466,-10,-10],
"3WW3WW4WW1SG":[0,-0.001,0,-10],
"4WW1SS1WW1GW":[-0.0015234,-10,-10,2.71504],
"3WW4RW1SS2WW":[-0.001,0,-10,0],
"1SS1SS4GW1SS":[-10,-10,-0.001,-10],
"1SS2WW4WW1RW":[-10,-0.0011725,0,-0.154951],
"4WW2WW3WW4WW":[-0.0010995,0,0,-0.0019995],
"1SS1WW1WW2GW":[-10,-10,-10,-0.0019],
"2WW1SS1SS4GW":[0.00413304,-10,-10,-0.000144475],
"4WW2WW4GW1SS":[-0.0019995,0.00567174,-0.00271,-10],
"2WW2SS1SS2WW":[-0.0011193,-0.00118905,-10,0],
"4WW2WW1SS1RW":[-0.001,-0.000916563,-10,-0.179892],
"2SS1SS1RW4WW":[0.00181393,-10,-0.183194,0],
"1SS1WW3WW4GW":[-10,-10,-0.00119895,-0.001],
"1SS2WW4WW3RW":[-10,-0.0028474,0.0492857,-0.001],
"1SS4GW1WW2WW":[-10,-0.00110998,-10,0],
"1SS1SS1RW4WW":[-10,-10,-0.38,0],
"1SG1WW1WW2GW":[-10,-10,-10,0.189984],
"4WW1SG2WW4WW":[0.0338158,-10,-0.00511161,-0.00271],
"2WW4WW1SS1GW":[-0.000627994,-0.0019,-10,0.999901],
"4WW3WW3WW1SR":[0.0627327,-0.001,-0.00128482,-10],
"1SS2WW4WW2GW":[-10,0,0.0884886,0],
"1SS4WW4WW3SS":[-10,0.053784,0,0],
"1SS1WW4WW1RW":[-10,-10,0,-0.2],
"1SS1SS3GW3RW":[-10,-10,0,-0.001],
"2WW1SS3GW2WW":[0,-10,-0.001,0],
"1SS2WW1RW4WW":[-10,-0.001,0,0],
"4RW1WW1SS1SS":[-0.001,-10,-10,-10],
"1SS1SS2RW4WW":[-10,-10,-0.001,-0.00112727],
"4GW1SG1SS2WW":[-0.000458031,-10,-10,0],
"4WW1WW1SS1RW":[-0.000979404,-10,-10,0],
"1SS4WW1GW1GW":[-10,0,1.34231,1],
"1RW4WW4WW1SS":[-0.649788,0.0177472,-0.00198502,-10],
"1RW2WW1SS4WW":[-0.198483,-0.00248671,-10,0],
"2RW2WW4WW1SS":[-0.001,0,0,-10],
"1SS1SS3WW1WW":[-10,-10,-0.002184,-10],
"1GR1WW3WW1SS":[0.962782,-10,0,-10],
"4WW1GW1SG4WW":[-0.001,1.00343,-10,-0.00119895],
"2WW2WW4WW1SG":[-0.001,-0.001,0.0157184,-10],
"1SS1SS3WW3WW":[-10,-10,0.0197412,-0.00521696],
"1SS1SS2WW4RW":[-10,-10,0.0161599,0],
"3GW4WW1SR1WW":[-0.001,0,-10,-10],
"2WW1SS2GR4WW":[0,-10,0,0.0116562],
"1SG4WW3WW2SS":[-10,0.000810384,0,0],
"4WW1SG3WW2WW":[-0.000160145,-10,-0.001,0],
"1SS1GW4WW4WW":[-10,7.86837,0.0250204,-0.00104073],
"1WW4WW1SS2SS":[-10,0,-10,-1.8924],
"1SS4RW4WW1SS":[-10,-0.001,0.196819,-10],
"1RW1SS4WW4GW":[-0.2,-10,0,0],
"2WW1SR1GW1WW":[-0.000712439,-10,0,-10],
"2SS4WW1SR1SS":[0,0.00428007,-10,-10],
"4SS1SS3WW4WW":[-0.001,-10,0.00320545,0],
"2WW4RW1SG2WW":[0,0,-10,-0.001],
"1SS3SS4WW1SS":[-10,0,0.0252743,-10],
"4WW1RW1SS3GW":[-0.000703451,-0.2,-10,0],
"3WW4WW1SG1GW":[-0.001,0,-10,0],
"4WW4WW1SG1SG":[-0.0010995,0,-10,-10],
"4WW1SS1SG1SS":[-0.000840542,-10,-10,-10],
"3GW1SS4WW1WW":[0.0800742,-10,-0.0015387,-10],
"1WW1SG1SS3WW":[-10,-10,-10,-0.00100031],
"1SG4GW2WW2WW":[-10,0,-0.00018481,0],
"1WW1WW1SS4GW":[-10,-10,-10,-0.00271],
"4WW4WW3SS1SS":[0.0593705,0.099213,0.0124139,-10],
"1SS1WW2WW4WW":[-10,-10,-0.00228785,0.00428852],
"1SS4WW3WW1SS":[-10,0.219785,0.0279576,-10],
"3RW4WW4WW2WW":[-0.001,0,0,0],
"1SS2SS3WW3WW":[-10,-0.001,0.0165161,0],
"1SS2RW2WW4WW":[-10,-0.001,-0.001,-0.001],
"3WW1SS1SR2SS":[-0.001,-10,-10,0],
"4WW1SS2WW3GW":[0.0308977,-10,0,0],
"1SS4WW4WW4RW":[-10,0.000130584,0.186693,-0.00271],
"1SS3WW4RW4WW":[-10,-0.00118905,0,0],
"1GW1SS1GW4WW":[1.02238,-10,0,0],
"4RW4GW1SS1SS":[-0.000928032,-0.0011607,-10,-10],
"4WW1SS2WW1GW":[0.00618338,-10,0,0],
"4WW3GW2WW1SS":[0.0219665,-0.0019,-0.00247554,-10],
"1WW1SS4RW4WW":[-10,-10,-0.00204102,0.00575285],
"3WW4WW1SS4RW":[-0.001,-0.001,-10,0],
"1WW3WW1SR4WW":[-10,0,-10,0.025057],
"1WW1SS1SG1WW":[-10,-10,-10,-10],
"4WW1SS2WW4WW":[0.194925,-10,0.00513833,0.0516172],
"1SS1SG4RW1WW":[-10,-10,-0.001,-10],
"1SS1SG1GW2WW":[-10,-10,1,0],
"3WW1WW4WW1SS":[-0.00628997,-10,0.015009,-10],
"3GW1SS4WW3WW":[0.00692068,-10,0,0.0278426],
"1SS3WW3WW1SG":[-10,-0.001,0,-10],
"1WW2GW1SS2SS":[-10,0,-10,-0.996],
"1WW2WW1SS1RG":[-10,-0.00102784,-10,0],
"1SS4WW4GW4GW":[-10,-0.001,0,0],
"4WW1SS3GW3WW":[0.0017638,-10,0,0],
"1WW3WW2SS1SG":[-10,-0.000197967,0,-10],
"2WW1SS3GW4WW":[-0.001,-10,0,0],
"3WW2WW4GW1SS":[-0.0019995,-0.0010995,-0.001,-10],
"1SS1WW1WW4GW":[-10,-10,-10,-0.00332204],
"3WW2WW2GW1SS":[-0.001,-0.00125883,-0.001,-10],
"4GW1SS3WW1WW":[-0.001,-10,0,-10],
"1SS2RW2WW2GW":[-10,-0.001,0,0],
"4WW1SS4WW3WW":[0.277404,-10,0.173534,0.125695],
"1WW1SG4WW4WW":[-10,-10,0.0259712,-0.00271],
"4GW1SS3WW2WW":[0.0046666,-10,-0.001,-0.000553529],
"4WW1SS2GW2WW":[-0.00199512,-10,-0.001,0.012179],
"4WW1SS1GW2RW":[-0.000995588,-10,0,0],
"1SS4GW1WW1SS":[-10,-0.000404734,-10,-10],
"2WW4WW4WW3WW":[-0.001,-0.0019995,-0.001,0],
"4WW3WW2WW1SG":[0.0370798,0,-0.00112919,-10],
"1SS2WW4WW4GW":[-10,-0.0019,0.127037,-0.003439],
"1SS4WW1RG4WW":[-10,-0.0010995,-0.196018,0.0106873],
"1SS4WW2WW1RG":[-10,-0.001,0.00155362,0],
"4WW1SS1GW3WW":[0.00550072,-10,0,0],
"4WW1SG4WW4WW":[0,-10,0.0961889,0],
"4GW2RW1WW1SS":[-0.001,0.00192348,-10,-10],
"3WW1SS4GW4WW":[0.00337336,-10,-0.0019,0.128808],
"1WW3WW1SS3GW":[-10,-0.001,-10,0],
"4WW1SG1WW2WW":[0.00811477,-10,-10,0],
"4WW1SS2GW4WW":[0.0177548,-10,2.09236,0.0631165],
"4RW4WW1WW1SS":[-0.000820654,-0.00186437,-10,-10],
"1SS3GW4RW4WW":[-10,0,0,-0.001],
"2RW4GW4WW1SS":[0,-0.00116845,0,-10],
"3WW1SS4RW4GW":[0,-10,0,-0.001],
"4WW4GW4GW1SS":[-0.00106758,0,0,-10],
"3GW1SG2WW1WW":[0,-10,-0.001,-10],
"2WW4WW4RW1SS":[-0.000247785,0.0238858,-0.0019,-10],
"3GW4GW1SS1WW":[-0.001,0,-10,-10],
"1RG3WW1SG4WW":[-0.2,0,-10,0],
"1SS4WW1WW2WW":[-10,0.0240115,-10,-0.893548],
"4WW1SS2SS4SS":[-0.00100566,-10,0,0],
"1SS2SS1WW2RW":[-10,0,-10,-0.001],
"2GW1SS3WW1WW":[0,-10,-0.001,-10],
"4WW4GW1SR3WW":[-0.001,0,-10,0],
"4WW1SS1RG2WW":[0,-10,-0.2,0],
"4WW2WW2WW1SG":[0.018843,-0.0019,-0.00230906,-10],
"4WW1SS4WW1GW":[0.00697907,-10,0.0251923,4.14363],
"2WW1WW1SR1GW":[0,-10,-10,0.999888],
"1RW3WW1SS4WW":[-0.2,0,-10,0.000954855],
"4WW1SG3WW4WW":[0.0192697,-10,0,0],
"1SS1SS4RW2WW":[-10,-10,-0.001,0.00324165],
"1SS1SS1WW4WW":[-10,-10,-10,0.121678],
"1WW1GW1SG2WW":[-10,1.00012,-10,0],
"1SG4WW2WW2WW":[-10,-0.00150606,-0.000609624,0.000655131],
"4WW1SS2RW4WW":[0.00328242,-10,-0.000918506,0.572657],
"1SS4WW2RW2GW":[-10,-0.00041703,0,0],
"1WW4WW1SS3WW":[-10,0.0536463,-10,-0.00549076],
"1SS1SG2WW1WW":[-10,-10,-0.001,-10],
"4WW4RW1SS3SS":[0,0,-10,-0.001],
"1SS1WW4GW4WW":[-10,-10,-0.001,-0.00237958],
"2RW4WW4SS1SS":[-0.00155478,0,0,-10],
"3SS4WW4WW1SS":[-0.001,-0.00133556,0.0322689,-10],
"4RW1SS1SS4GW":[0.00282463,-10,-10,0],
"4WW2WW2GW1SS":[-0.00279059,0.0009965,-0.001,-10],
"3WW3WW4WW1SS":[-0.00219222,0.00172267,0.608537,-10],
"2WW2GW1SG1WW":[-0.001,-0.001,-10,-10],
"2WW3GW1SS2WW":[-0.001,0,-10,0],
"1SS1GW4GW4WW":[-10,1.00384,0,0],
"1SS4WW3WW4WW":[-10,0.548492,0.082994,0.293431],
"3GW4WW4WW1SG":[-0.001,0,0,-10],
"2WW4WW4GW2WW":[-0.001,-0.001,0,-0.0010995],
"4WW2WW4WW1SR":[-0.00100295,0.000888652,0.0760349,-10],
"4GW2WW3WW1SS":[-0.000994329,0,0,-10],
"3RW4GW3WW1SS":[-0.001,0,0,-10],
"2WW1WW4WW1SG":[-0.00271226,-10,0.103837,-10],
"2WW4WW4WW1SG":[-0.00204161,-0.0019,-0.000296876,-10],
"2GW1WW1SS1SS":[-0.001,-10,-10,-10],
"2GW4WW2SS1SS":[0,0.0279747,0,-10],
"4WW3GW1SR1SS":[0,-0.001,-10,-10],
"1SS1WW4WW1GW":[-10,-10,-0.00118905,1.9006],
"4GW3WW2WW1SS":[-0.001,-0.00183731,0,-10],
"1SG4WW4WW2WW":[-10,0.00176803,0,0.00676698],
"3GR4WW1SS4WW":[-0.001,0,-10,0],
"1SS1WW2WW1SR":[-10,-10,-0.892096,-10],
"1GW4WW4WW1SS":[7.53472,0.00516644,0.000293528,-10],
"2WW3WW1SS1SR":[0.0984901,0,-10,-10],
"3GR4WW1SS2SS":[-0.001,0,-10,0],
"3WW1WW4RW1SS":[-0.001,-10,-0.001,-10],
"4WW2RW1SS1GW":[0.0353065,0,-10,0],
"2GW1SS4WW2WW":[0.276698,-10,-0.000876379,0.0104444],
"1SS1GW4WW1SG":[-10,1.0025,0,-10],
"2GW4WW1SS2WW":[0,0.167889,-10,0],
"1GW1SS2RW3WW":[1,-10,0,0],
"3WW4WW1SS4WW":[0.682466,0.207728,-10,0.128132],
"1SS1SS4WW2GW":[-10,-10,0.0757002,-0.001],
"1SS2SS4RW1WW":[-10,0.0242043,0,-10],
"4GW1SS4WW2WW":[0.00946711,-10,-0.00355832,0.00113414],
"4GW1SS2WW2WW":[-0.001,-10,-0.0019,-0.0010952],
"4WW1SS2WW3WW":[0.172735,-10,-0.000877365,0.0616689],
"1SS3WW1WW1RW":[-10,-0.001,-10,0],
"1SS3WW2GW4WW":[-10,-0.0010995,0,0],
"1RW1SS4WW4WW":[-0.352233,-10,-0.001,0.0593953],
"2WW1SS3RW4WW":[-0.001,-10,-0.001,-0.00108573],
"3WW1WW4WW1SG":[-0.00267844,-10,-0.00243427,-10],
"1WW4RW4WW1WW":[-10,-0.001,-0.0019,-10],
"1SS4WW3GW4WW":[-10,0.0160534,-0.001,0.0622548],
"2WW4RW1SG4WW":[0.000475512,0,-10,0],
"4WW4RW3WW1SS":[0,-0.001,0.0385123,-10],
"4GW2WW2WW1SG":[-0.001,-0.0010995,0,-10],
"1SS1SG3WW1WW":[-10,-10,-0.100218,-10],
"1SS1WW3WW4RW":[-10,-10,-0.001,-0.0011308],
"1WW1SS2SS4GW":[-10,-10,0,-0.001],
"4WW1SG1WW1WW":[-0.00169859,-10,-10,-10],
"1WW4WW4WW3WW":[-10,-0.0019995,-0.001,-0.001],
"4WW1GW1WW1SS":[-0.00334431,0,-10,-10],
"4WW1SG1WW3WW":[0.0479693,-10,-10,-0.00138021],
"1WW2WW3RW1SS":[-10,-0.0013502,0,-10],
"1WW1SS4RG4WW":[-10,-10,0,0.00214609],
"2WW2WW1SG4WW":[-0.00141001,-0.00214979,-10,0.0264231],
"3RW1SS4WW3WW":[-0.001,-10,0,0.0283332],
"1WW1SG4WW1WW":[-10,-10,0.00737102,-10],
"4WW2GW1SS2WW":[-0.001,0,-10,-0.001],
"1SS4WW1GR4WW":[-10,0,1.00008,-0.001],
"1WW2WW4WW4WW":[-10,0,-0.003439,-0.001],
"1SS4GW3WW3WW":[-10,-0.0028095,0.0187033,-0.00271],
"3WW1SS1SG4RW":[0.00208652,-10,-10,0],
"1SS1GW2WW1WW":[-10,1,-0.001,-10],
"1WW3WW4RW4WW":[-10,-0.001,-0.001,-0.00290599],
"4WW4RW3GW4WW":[-0.0010995,0,0,0],
"1SS1GW3WW3WW":[-10,0.999691,0,0],
"1SS3GW4WW2RW":[-10,-0.001,0,0],
"3RW4WW4WW1SS":[0.00715871,0.0996995,-0.0019,-10],
"1SS1WW3WW1SR":[-10,-10,-0.00110097,-10],
"1SS2WW4WW4WW":[-10,0.0269178,0.238845,0.201193],
"4RW4WW3WW1SG":[0,0,-0.00109405,-10],
"4WW3RW4WW4WW":[-0.00263424,0,0,-0.001],
"4RW2WW1SS1SS":[-0.001,0,-10,-10],
"4WW4WW2GW4WW":[0,-0.00130637,0,0],
"3WW3GR1SS3WW":[0,-0.001,-10,0],
"4WW4WW1GW4WW":[-0.001,0,0,0],
"1WW4WW3SS1SS":[-10,0.00860937,0.117406,-10],
"4WW2WW1RW1SG":[-0.001,0,0,-10],
"2SS1SS1SS1SS":[-0.001,-10,-10,-10],
"1SS1GW3WW4RW":[-10,1,0,0],
"4WW4WW3WW2GW":[0,0,0,-0.001],
"1SS4WW2RW3WW":[-10,0.0253585,0,0],
"1SS4WW4GW4WW":[-10,0.108556,0.0125382,0.143368],
"1SS4WW1RW1GW":[-10,-0.001,0,0],
"1WW1RW4WW1SS":[-10,-0.2,0.00163228,-10],
"1WW2RW4WW1SS":[-10,-0.0019,0.118973,-10],
"4GW2WW2WW1SS":[-0.00271,-0.001,0,-10],
"4WW2WW1GW1SR":[-0.001,0,0,-10],
"1SG4RW1WW3WW":[-10,-0.001,-10,-0.001],
"1WW3RW4WW1SS":[-10,-0.001,0.104312,-10],
"4WW4WW3WW1GW":[-0.00322233,-0.001,0,0],
"4WW1SS4WW2WW":[0.0678836,-10,0.248714,0.054129],
"4WW2WW3GW4WW":[0,-0.00136217,-0.001,0],
"1WW4RW4WW1SS":[-10,-0.0019,0.148197,-10],
"1SS1WW1SS1SG":[-10,-10,-10,-10],
"3WW4WW1SS2WW":[-0.000121169,0.170031,-10,-0.00248236],
"4RW1SS1SS1WW":[-0.0019,-10,-10,-10],
"1SS4WW1GW2WW":[-10,-0.00148258,0,-0.0019],
"4WW3WW1SS1SG":[0.0527326,-0.00271,-10,-10],
"4WW3WW1RW1SS":[-0.001,0.0196294,-0.1926,-10],
"1SS4WW2GW1WW":[-10,-0.001,-0.001,-10],
"2SS1SS1SG4WW":[0.0173088,-10,-10,0],
"3GW1SS4WW4WW":[0.729791,-10,0.0167876,0.212899],
"1GW2WW1SS4WW":[2.74049,-0.001,-10,0],
"4WW1SS3WW4RW":[0.0713058,-10,-0.00120215,-0.001],
"3WW4WW4WW1SG":[0.00255171,0.00203911,0.124391,-10],
"3WW4GW2RW1SS":[0,-0.001,0,-10],
"3GR4WW2WW1SS":[-0.001,0.0110037,0,-10],
"4WW1SG4GW4WW":[-0.001,-10,0,0],
"1WW3WW1SG3RW":[-10,-0.001,-10,0],
"1SS3WW1GW4WW":[-10,-0.00237547,1.91662,0],
"4WW1GW4WW1SS":[0.00322495,8.67631,0.00607264,-10],
"2WW4WW4WW1SS":[0.0105264,0.139879,0.312543,-10],
"1SS1SG2WW4WW":[-10,-10,-0.00321018,-0.001],
"1WW1SS3SS4WW":[-10,-10,0.00146617,0.00901968],
"1SS1SR1WW2WW":[-10,-10,-10,-0.996],
"4WW4GW4WW1SS":[0.14482,0.0135643,0.0792564,-10],
"2SS3WW4WW1SS":[0,0.00909914,0,-10],
"2SS1SS4WW1WW":[-0.996,-10,-0.00159434,-10],
"2RW3WW1SG4WW":[-0.001,0,-10,0],
"1SG4WW2WW1SR":[-10,-0.001,0,-10],
"4WW4WW1SS4RW":[0.0806003,-0.00184289,-10,0],
"1WW1SS1SS2GW":[-10,-10,-10,0.000958149],
"3GW4WW2SS1SS":[0,0,-0.996,-10],
"1SS4WW4RW1SS":[-10,0.0578083,0.0187567,-10],
"1WW1SS4RW2GW":[-10,-10,0,-0.001],
"3GW4WW2RW1SG":[-0.001,0,0,-10],
"1SS4WW1GW4WW":[-10,0.0221738,7.20315,-0.00482008],
"1WW1WW1SG4GW":[-10,-10,-10,-0.00266978],
"1SS2WW4WW4RW":[-10,0.000479557,0,-0.0019],
"4WW4WW1RW1SS":[-0.0019,0.0255006,-0.679795,-10],
"1SG4WW3GW4WW":[-10,0.00739843,0,0],
"2WW1WW1SS1SS":[-0.99792,-10,-10,-10],
"1SS1SS2GW1WW":[-10,-10,-0.001,-10],
"3WW1GW4WW1SS":[0.00116119,3.44897,0,-10],
"1SS2GW4WW3WW":[-10,0,-0.001,0],
"1SG4WW4WW3WW":[-10,0.113822,0.0103253,0.0273696],
"1SS4WW4RG2WW":[-10,0,-0.0019,0],
"4WW4WW4RW4WW":[-0.001,0,0,0],
"1SS2SS4WW1WW":[-10,0.0382402,-0.0019,-10],
"2WW2WW1SR4WW":[0,-0.00225847,-10,-0.000633163],
"4WW1SS1SS4RW":[0.0118503,-10,-10,0.00158453],
"3WW4WW4GW2WW":[-0.001,-0.001,0,0],
"1WW4WW4WW1WW":[-10,-0.0019,-0.0019,-10],
"1SS4WW2RW1WW":[-10,0.00318591,0,-10],
"1SS1SS4GW1WW":[-10,-10,0.000464756,-10],
"1SS4WW2RW2WW":[-10,0.0204537,-0.001,0],
"4WW1SR4WW1WW":[0.0181537,-10,0.00974768,-10],
"4WW3WW3GW1SS":[-0.0019,0.0630334,0,-10],
"3WW4WW4WW1WW":[-0.001,-0.001,0,-10],
"4RW4GW1SS3WW":[7.97824e-05,0,-10,0],
"2SS2RW2WW1SS":[-0.001,0,0,-10],
"3WW4WW4WW3WW":[-0.0019,-0.001,-0.001,-0.001],
"4RW2SS1SS4WW":[0,0,-10,-0.001],
"1WW1WW4WW1SS":[-10,-10,0.0178926,-10],
"4WW1GR2WW3WW":[-0.001,0,0,0],
"2WW3WW1SR4WW":[-0.00113765,-0.001,-10,-0.00105649],
"4WW4WW4WW3WW":[-0.0028095,-0.00280129,-0.001,-0.00499355],
"1SR1SS3WW4WW":[-10,-10,-0.0019,-0.00172829],
"4GW1RW1SS3WW":[-0.001,0,-10,0],
"4WW4RW1SS4WW":[0.0741419,0.0121014,-10,0.00663671],
"1WW2WW1SG4WW":[-10,-0.00508336,-10,0.0217972],
"4WW4WW4WW1WW":[-0.0019,-0.0028095,-0.00279955,-10],
"1SS4WW4RW4WW":[-10,-0.00115824,-0.0019,0.0957882],
"1SS1WW4WW3GW":[-10,-10,-0.00152023,0.00327836],
"1WW1GW1SS4WW":[-10,3.44994,-10,0],
"3WW1GW1SS1SR":[0.000480036,0,-10,-10],
"2WW1SS4RG2WW":[0,-10,-0.001,0],
"2WW1SS4WW4WW":[0.280973,-10,0.277543,0.0802965],
"1WW1WW4GW1SS":[-10,-10,-0.00271,-10],
"3WW2SS1SS4WW":[0,0,-10,-0.0010995],
"1SR4WW1GW4WW":[-10,-0.001,0,0],
"4WW3WW1SS2GR":[0.000798901,0,-10,0],
"1SS4WW3WW4RW":[-10,0,-0.00118905,-0.001],
"4WW1SS4RW4WW":[-0.00115966,-10,0.00319683,0.236666],
"2GW1SS3WW4WW":[0.346714,-10,-0.00108742,0.0431427],
"4WW4GW1SS1WW":[0.102332,-0.00437465,-10,-10],
"3GW4WW4RW1SS":[0,0,-0.001,-10],
"4WW1GW4WW4WW":[-0.001,1.01118,-0.001,0],
"4WW3GW4WW4WW":[-0.001,0,0,0],
"2WW1SS1SS3WW":[0.00385887,-10,-10,-0.000541944],
"4WW1SS3RG4WW":[0.000289976,-10,0,0],
"1WW4WW1SS1GW":[-10,-0.001,-10,4.11413],
"4RW1SG3WW4WW":[0,-10,-0.001,0],
"3GW4WW1SS3WW":[-0.00181097,-0.00214268,-10,0.0242315],
"1WW3WW4GW1SS":[-10,0.00218614,-0.0019,-10],
"2WW1WW4WW4WW":[-0.0019995,-10,-0.0019995,-0.0019],
"2WW2WW3GW4WW":[-0.001,0,0,-0.0019],
"1SS4WW2WW1WW":[-10,0.0276725,-0.00739404,-10],
"1WW4WW4WW4WW":[-10,-0.00932777,-0.0089667,-0.00940169],
"1WW4WW4GW4WW":[-10,-0.00433486,-0.00387879,-0.0035902],
"2WW4WW4WW4WW":[-0.0086339,-0.00847245,-0.00838577,-0.00819795],
"1SS2SS2WW4WW":[-10,-0.001,-0.000142346,0],
"4GW4WW1SR1WW":[-0.001,0,-10,-10],
"3WW3WW1SS4GW":[-0.000223538,-0.001,-10,-0.00111661],
"1SS2SS1WW3WW":[-10,-0.996,-10,0],
"1SS4WW2SS1SS":[-10,0.0295816,0,-10],
"1SS4WW1WW1RW":[-10,-0.001,-10,-0.200398],
"4WW1SS1SS3WW":[0.212379,-10,-10,0.0654909],
"1SS1WW3RW3SG":[-10,-10,-0.001,0],
"4WW4WW4WW4WW":[-0.0101077,-0.00953131,-0.0100889,-0.00933002],
"4WW4GW4WW4WW":[-0.001,0,0,0],
"4WW4GW4GW4WW":[0,-0.001,0,0],
"4GW1SS2WW1WW":[-0.00104951,-10,0,-10],
"3GW1WW4WW1SS":[-0.001,-10,-0.00115357,-10],
"4GW4WW1SR4WW":[0,-0.001,-10,0],
"3WW4WW4WW1GW":[-0.001,0,0,1.00858],
"4WW1SS1RG4WW":[-0.001,-10,-0.2,0],
"1SS2SS4WW2WW":[-10,0.030294,0,-0.001],
"4WW1SS4WW1RW":[-0.001,-10,0.0205278,-0.346485],
"1SS4WW4WW2GW":[-10,-0.00353995,0.179391,1.05852],
"2GW1SS1WW4WW":[-0.001,-10,-10,-0.00157426],
"4WW4GW1SS3SS":[0,-0.001,-10,0],
"1SS4WW4WW1GW":[-10,0.00334802,0.0649012,8.24375],
"4WW1SS1SR4WW":[-0.00123607,-10,-10,0.107272],
"1SS2WW2WW4GW":[-10,-0.001,0,0],
"2GW1SS2SS4WW":[0.584574,-10,0,0],
"4WW4WW3WW1SG":[0.0893613,0.000526664,0.00192433,-10],
"4WW1SS2WW4GW":[-0.00150035,-10,0.0121609,-0.0019],
"1SG1WW4WW4GR":[-10,-10,-0.001,0],
"4WW4WW4GW1SG":[5.86813e-05,0,0,-10],
"1SS3WW2WW4GW":[-10,-0.00271,0.0164167,-0.0019],
"1SS1GW3WW1SR":[-10,1,0,-10],
"1WW1WW1GR1SS":[-10,-10,0.999901,-10],
"4WW3WW1SS2SG":[0,0,-10,-0.001],
"2GW4WW1SS3RW":[0,-0.001,-10,0],
"4WW4RW4WW1SS":[0.0265726,0.00442748,0.176344,-10],
"4WW4GW2WW1SS":[0.0173594,-0.00275533,-0.00621981,-10],
"2WW3GW4WW1SS":[-0.000412569,0,0,-10],
"2WW3WW3RW4WW":[-0.0019995,-0.001,0,-0.00146733],
"4WW1SS2SS2WW":[0,-10,0,-0.00135589],
"1SG3SS4WW2WW":[-10,-0.000254877,0,0],
"4WW4GW1SS4WW":[0.188674,0.00313384,-10,0.0130185],
"4WW4WW3GW2WW":[-0.0019,-0.0019,-0.001,-0.0019995],
"4WW4WW2WW2GW":[0,-0.001,-0.001,0],
"4WW1SS1GW4WW":[0.0240314,-10,7.51289,0.0296094],
"1SS2WW2WW4RG":[-10,-0.0010995,0,0],
"3WW1SS3GW4WW":[-0.001,-10,0.00150237,0],
"4GW3WW1SS1SS":[0.00370562,-0.000744728,-10,-10],
"2GW3WW1SS1SS":[-0.001,0,-10,-10],
"1SS1SS1WW3WW":[-10,-10,-10,-0.00140149],
"3GW4WW3RW1SS":[0.00487444,0,0,-10],
"1SG1SS2WW4WW":[-10,-10,-0.0019,-0.00232484],
"4WW3WW2GW1SS":[-0.0019,-0.00125025,-0.001,-10],
"3WW4WW3GW1SS":[0.00605499,-0.00321092,-0.00271,-10],
"1WW4WW2SS1SS":[-10,0.0275772,-0.00382268,-10],
"3WW1SS4GW4GW":[-0.001,-10,0,0],
"2WW1SG4WW4WW":[0,-10,0.0253426,-0.000867496],
"1SR4WW2WW2WW":[-10,0.000686656,-0.00147633,-0.001],
"3WW4WW4RG1SS":[0,0,-0.001,-10],
"1WW1WW4WW4WW":[-10,-10,-0.0019,-0.0019995],
"1WW1SS4WW1GW":[-10,-10,0.0196799,3.43973],
"4WW3WW1RW1SG":[-0.001,0,0,-10],
"2WW2GW1SS4WW":[0,0,-10,-0.0019],
"4WW3WW1SS2GW":[-0.00150599,0.00229729,-10,0],
"2GW4WW1SS3WW":[0.269952,0.0706389,-10,-0.00019469],
"4WW4WW2WW4WW":[-0.001,0,0,0],
"4WW1SS4WW2RW":[0.00466481,-10,0.0322148,-0.001],
"1SS1SS2GW2WW":[-10,-10,-0.001,0],
"3WW3WW2SS1SS":[0,0.0123494,0,-10],
"4GW1WW2RW1SS":[-0.001,-10,0,-10],
"4WW4WW3WW4WW":[-0.00341027,-0.00441834,-0.0040951,-0.00397721],
"1SS4RW1WW4WW":[-10,-0.00210552,-10,-0.001],
"4WW3WW2WW4GW":[-0.001,0,0,-0.001],
"4WW1SR3WW3WW":[0.630615,-10,0,0],
"3SS1SS1SS4RW":[0.00168601,-10,-10,0],
"1SS3GW1WW1SS":[-10,-0.001,-10,-10],
"4WW3WW4WW4WW":[-0.0038081,-0.00529732,-0.00523164,-0.00592563],
"1SS4RW1WW2WW":[-10,-0.00200406,-10,-0.0013858],
"1SS1RG4WW4WW":[-10,-0.197751,0,0],
"2GW2WW4WW1SS":[0.188022,0,0,-10],
"2WW4WW1SS1RW":[0,-0.001,-10,0],
"1WW1SS2GR1WW":[-10,-10,-0.001,-10],
"1WW1SS4WW3GW":[-10,-10,0.000404267,0.0151806],
"1SS4WW4RW1SG":[-10,-0.001,-0.00108436,-10],
"4WW1SS2WW2WW":[0.130265,-10,-0.00468516,0.000298273],
"2GW1SS1SS3WW":[0.0985,-10,-10,0.000202941],
"1SS2SS4WW4WW":[-10,0.0425023,0.144628,0.14523],
"1SS4WW2WW4RW":[-10,-0.001,-0.00165844,-0.001],
"4WW3GR2WW1WW":[-0.001,0,0,-10],
"1SS3WW2WW1SG":[-10,-0.00114187,0,-10],
"1SS1SS2WW1WW":[-10,-10,-0.899211,-10],
"4WW4WW1SS1SG":[0.0720852,0.0011935,-10,-10],
"1SS3RW4GW2SS":[-10,0,0.00122437,0],
"1SS3GW2WW4WW":[-10,-0.001,0.00903554,-0.003439],
"1RW1SS1WW1WW":[-0.200779,-10,-10,-10],
"4WW1SS2GW2GW":[0.0176179,-10,0,0],
"4WW1SS2RW3WW":[-0.0019,-10,0,0],
"1SS2RW3WW1WW":[-10,-0.001,0,-10],
"4WW1SS3GW2WW":[-0.001,-10,-0.001,0],
"2WW4WW1SS2WW":[0.340222,0.060069,-10,-0.00230931],
"2WW4WW2SG1SS":[0,-0.00208905,0,-10],
"1SS4WW4WW3GW":[-10,-0.00253184,0.111071,0.010948],
"4WW1SS1RW3WW":[-0.001,-10,-0.18538,0.0103085],
"4WW4WW1WW1SG":[0.001215,0,-10,-10],
"1WW1WW4WW1SG":[-10,-10,0.000557361,-10],
"2WW3WW1SG4GW":[-0.000487404,0,-10,0],
"4GW1SS3WW4WW":[0.0300218,-10,0.00156737,0.000304427],
"2SS2WW4WW1SG":[-0.001,0,0,-10],
"4WW2GW3WW1SR":[0,0,-0.001,-10],
"1SR1SS2WW4WW":[-10,-10,-0.001,0],
"2GW1SS4WW1WW":[0.27588,-10,-0.00122023,-10],
"4GW1SS1SS3WW":[-0.00198955,-10,-10,-0.00233382],
"4GW4GW4WW1SS":[-0.000843885,0,0,-10],
"1SS1WW1WW1SS":[-10,-10,-10,-10],
"2WW3WW4WW1SS":[-0.0042772,-0.00158813,0.0337802,-10],
"2RW2WW1SS4WW":[-0.001,-0.00095538,-10,0],
"4WW3SS1SS1GW":[0.0200731,0,-10,0],
"3RW4WW1SS1WW":[0,0.00826937,-10,-10],
"1SS1SS4WW4RW":[-10,-10,0.0769532,0],
"4WW1WW2WW1SS":[0.0505452,-10,-0.59257,-10],
"1SG3WW1WW4WW":[-10,-0.00112713,-10,0],
"2SS2WW3RW1SS":[-0.001,0,0,-10],
"1WW3WW4WW1SG":[-10,-0.00120495,0.0305896,-10],
"3RW1SS2SS4WW":[0.00151131,-10,0,0],
"1GW3WW1SS2SS":[0,0.0124226,-10,0],
"4WW1SS3WW4GW":[0.0511817,-10,0.00272692,-0.00201071],
"4WW4GW1WW1SS":[0.0530353,-0.00652227,-10,-10],
"1SS1RW2GW3WW":[-10,-0.2,0,0],
"1SS3GW4WW1WW":[-10,0,-0.001,-10],
"4WW1SS2WW1WW":[0.0694087,-10,-0.00895897,-10],
"1SS2GW4WW1WW":[-10,0.654399,0.00388472,-10],
"4WW4WW1SS1GW":[0.0861038,0.00328339,-10,6.64487],
"4WW1SG4RW1WW":[0,-10,-0.001,-10],
"3WW1WW2GW1SS":[-0.001,-10,0,-10],
"1SS1SS1WW4GR":[-10,-10,-10,-0.0019],
"4WW4WW4RW1SG":[0,0.00392688,0,-10],
"2WW2SS1SS1SG":[0,-0.001,-10,-10],
"2WW4GW1SG4WW":[0.0062633,-0.001,-10,-0.000867496],
"2WW4WW1SR1SS":[0.00106191,0.0203784,-10,-10],
"1RW1SS2WW4WW":[-0.359088,-10,0,0],
"4WW4WW3GW1SG":[-0.000986521,0,0,-10],
"1SS4WW4WW4WW":[-10,0.375766,0.471202,0.219663],
"1SS4WW4WW3RW":[-10,0,0.0178439,0],
"4WW4WW1SS1RW":[0.0767304,-0.00209715,-10,0],
"1SS4GW4WW2SS":[-10,-0.000623254,0,0],
"1WW1SS4WW4GW":[-10,-10,0.0229054,-0.00271],
"1WW3WW4WW1SS":[-10,-0.00204452,0.0407538,-10],
"1WW4WW1SR2GW":[-10,0,-10,-0.001],
"4GW2RW3WW1SS":[-0.001,0,0,-10],
"2WW1SR4WW1WW":[0,-10,0.00298472,-10],
"4WW4RW1SS2WW":[0.0174834,-0.00298003,-10,-0.00123655],
"4WW4WW1SS2RW":[0.0980336,-0.00082159,-10,-0.0019],
"1SS4GW4WW2WW":[-10,0.0776553,0.00501845,-0.00424632],
"1WW4GW1SS3WW":[-10,0.00671303,-10,-0.001],
"1SS2WW4WW4GR":[-10,-0.001,-0.0011504,0],
"2SS1SS4WW3SS":[-0.001,-10,0,-0.001],
"4WW1SS2RW2WW":[-0.001,-10,-0.001,-0.00104779],
"4WW2WW4RW1SG":[-0.001,0,0,-10],
"2WW1WW1SG1SS":[-0.00200557,-10,-10,-10],
"3WW1SS3GW2WW":[-0.001,-10,0,0],
"4WW1WW1SR1SS":[-0.00289905,-10,-10,-10],
"2WW3WW1SS4WW":[-0.00518919,-0.00303384,-10,0.0943715],
"4WW3WW3WW4WW":[-0.00234969,-0.001,-0.001,-0.0029985],
"4WW1SS1SG4WW":[0.0130826,-10,-10,0.195017],
"1WW1RW1SS1SS":[-10,-0.200519,-10,-10],
"4WW3WW1SS4GR":[-0.00150599,0,-10,-0.001],
"3WW1SG4WW1WW":[-0.001,-10,-0.000510874,-10],
"4GW2SS1SS1WW":[-0.000501569,-0.001,-10,-10],
"4WW4WW1SG2SS":[0.0120303,-0.001,-10,0],
"1WW4WW1SG1SR":[-10,-0.001,-10,-10],
"1SS4WW1GR1WW":[-10,0.00236015,0,-10],
"4WW3WW1SG4WW":[-0.001,-0.00143604,-10,0.0215747],
"3WW4GW1SS4WW":[0.0934638,0.00232448,-10,-0.0019],
"4GW1SS1WW3WW":[-0.0019,-10,-10,-0.00291702],
"4RW4WW1GW1SS":[0,0,1,-10],
"1SS4GW4WW2SR":[-10,-0.001,0,0],
"1SS2GR4WW4WW":[-10,0,0,-0.0019],
"1SS3WW4WW4GW":[-10,-0.0019,0.06522,-0.00303186],
"1GW4WW1WW1SS":[1.00075,-0.00138135,-10,-10],
"2WW1SR2SS3WW":[0,-10,0,-0.001],
"1WW1WW1SS1SG":[-10,-10,-10,-10],
"1SS4WW1WW1SR":[-10,-0.001,-10,-10],
"4WW3WW2WW1SR":[0.00371476,-0.001,0,-10],
"4WW1SS4WW4RW":[-0.000369095,-10,0.0592489,-0.00134677],
"2RW1WW1SS1SS":[-0.0218285,-10,-10,-10],
"1SS2WW4WW3SS":[-10,-0.001,-0.001,0.0132465],
"1SS2WW2WW1SS":[-10,-0.001,-0.00122959,-10],
"1SS2SS3GW2WW":[-10,0.000819685,0,0],
"1SS4SS4WW1WW":[-10,-0.001,0,-10],
"4WW1SS3GW4WW":[0.0120565,-10,0.0136947,0.132018],
"3WW1WW4WW4WW":[-0.0019995,-10,-0.00271,-0.0019],
"1SS3WW2WW4WW":[-10,-0.00308396,0.00579996,0.0496318],
"3SS1SS1SS4WW":[0,-10,-10,0.0253663],
"4WW3RW2WW1SS":[0.00522999,0,0,-10],
"1SS1SS1GW4WW":[-10,-10,4.0955,0.00573019],
"1SS3WW1WW1SS":[-10,-0.00225965,-10,-10],
"1GW4WW4RW1SS":[1,0,0,-10],
"3WW1SS4WW3GW":[-0.00252766,-10,-0.001,0],
"1SS2RW3GW1SS":[-10,0,-0.001,-10],
"1WW3RW1SS1SS":[-10,0.00499864,-10,-10],
"4GW3RW4WW1SS":[-0.001,-0.001,0,-10],
"3WW2WW1SG4GW":[-0.001,0,-10,0],
"1SS1SR1WW1WW":[-10,-10,-10,-10],
"3WW2SS1SS1WW":[-0.0010995,-0.0010995,-10,-10],
"3WW4WW3SS1SS":[-0.001,-0.001,-0.000733463,-10],
"1WW1SS2SS1GW":[-10,-10,-0.0010995,0],
"4WW4WW4GW2WW":[-0.00279955,-0.001,-0.001,-0.00297965],
"3WW2GW4WW1SS":[0.00185033,-0.001,0,-10],
"1SS4RW4WW4WW":[-10,0.00899164,0.363323,0.00530969],
"4WW1RW1SG1SS":[0,-0.198063,-10,-10],
"1GW4RW1SS1WW":[0,-0.000331294,-10,-10],
"2WW4WW4RG1SS":[-0.001,0,0,-10],
"1WW1SS2SS3WW":[-10,-10,0.00934163,-0.00118905],
"3WW1SS4RW4WW":[-0.0019,-10,-0.00105874,0.0426812],
"4WW1SS4GW3GW":[0.00485559,-10,0,0],
"1WW1SS1SG4WW":[-10,-10,-10,0.00638778],
"4WW1SR4WW2WW":[-0.000453197,-10,0.0846809,-0.000263854],
"4WW1RW2WW1SG":[-0.000860322,0,0,-10],
"1SS2SS4WW1RW":[-10,0.000946053,0,0],
"1SS1WW4WW4SG":[-10,-10,0.000848219,0],
"1WW4GW4WW1SS":[-10,0.0003639,0.10591,-10],
"3WW4WW4WW4WW":[-0.00756444,-0.00571975,-0.00576976,-0.00540609],
"1SS1RW3WW1GW":[-10,-0.198488,0,0],
"1WW4GW1SS1WW":[-10,-0.00271,-10,-10],
"3WW1WW1SS1SS":[-0.00432271,-10,-10,-10],
"1SS4WW2GR4WW":[-10,-0.00250921,0,0],
"4RW1SG2WW4WW":[-0.00162305,-10,-0.0019,0],
"1GW4WW4WW1SG":[0.999802,0,0,-10],
"1SS4WW1GW1WW":[-10,-0.001,1.90444,-10],
"1SS1GW4WW1WW":[-10,1.00006,0.00834451,-10],
"2GW1SS4WW3WW":[-0.0019,-10,0.00995087,-0.0011094],
"4WW4RW3SS1SS":[0.0232,0,0,-10],
"2WW1WW1SS4WW":[-0.00411428,-10,-10,0.559656],
"1WW1SS4GW1WW":[-10,-10,-0.001,-10],
"2WW1SS4WW2WW":[-0.00370719,-10,0.221405,-0.00346908],
"2WW4WW1SS3RW":[0.0147754,0,-10,0],
"1RG4WW1SS2SS":[0,0,-10,0.00753727],
"4GW1SG3WW4WW":[0,-10,-0.001,0],
"1SS1GW3WW4WW":[-10,4.11958,0,-0.00271],
"1SS1WW1GW4WW":[-10,-10,4.10655,0.00565786],
"2RW1SS4WW4WW":[-0.00242201,-10,0.00336425,0.226165],
"3GW4WW1SG4WW":[0.00651204,0,-10,0],
"3WW1SS4WW3WW":[-0.00419093,-10,0.274796,0.0178942],
"3GW3WW1SS1SS":[0,-0.000574006,-10,-10],
"4WW2GW2WW1SS":[0.021024,-0.001,-0.00169011,-10],
"4WW1GW3WW1SS":[0.00893492,3.47923,0,-10],
"1SR4WW1WW2WW":[-10,-0.00158691,-10,0.0181995],
"1WW1SS1SS4GW":[-10,-10,-10,-0.00222824],
"4WW3RW1SS2WW":[0.012566,0,-10,-0.00204598],
"1WW3GW4WW1SS":[-10,-0.001,0.0215146,-10],
"4WW4WW3GW4WW":[-0.001,0,0,0],
"2SS1SG1WW4WW":[0.0152207,-10,-10,0],
"4WW4GW3WW1SS":[0.0141416,-0.00298769,-0.0056942,-10],
"4WW1RW4WW1SS":[-0.001,-0.359409,0.248736,-10],
"1SS3WW3GR4WW":[-10,0,0,0],
"4WW2GW1RW1SS":[-0.001,0,0,-10],
"3RW1WW2WW1SS":[-0.0019995,-10,0,-10],
"1WW3RG1SS1WW":[-10,-0.001,-10,-10],
"4WW2WW1SS4GW":[-0.00348778,-0.00299972,-10,-0.00103561],
"4WW3WW1SS1GW":[-0.001,-0.0010995,-10,0],
"1WW4RW4GW1SS":[-10,-0.0019,0.000378415,-10],
"4WW4WW2GW2WW":[-0.0019,0,-0.00271,-0.001],
"3WW4WW4WW1SS":[0.179723,0.234759,0.478198,-10],
"1SS2GW4WW4WW":[-10,2.65323,0.0504801,-0.00110547],
"1WW4WW3GW1SS":[-10,0,-0.001,-10],
"1WW4WW1SS4WW":[-10,0.0939993,-10,0.0204589],
"4WW3WW1SR1SS":[-0.001,0,-10,-10],
"1RW1WW1SS4WW":[-0.525684,-10,-10,0.0405147],
"1SS1WW2WW4GW":[-10,-10,0.00284333,-0.0010995],
"4WW4WW4WW1SR":[0.0136333,-0.00418465,0,-10],
"4WW3SS1SS4RW":[-0.001,0,-10,0],
"3WW2WW1SG3SS":[0,0,-10,-0.001],
"4WW2WW1SG2GW":[-0.001,-0.001,-10,0],
"2WW4WW1GW1SS":[0,0.0167401,0,-10],
"4GW4WW1SS3WW":[-0.00124014,0.0212397,-10,0.00109782],
"3WW4WW1SS3WW":[-0.00340288,0.341161,-10,0.0856919],
"1WW1SS3GW4GW":[-10,-10,0.00128681,0],
"4WW2WW1GW1SS":[-0.001,0,1.89991,-10],
"2SS1SG4WW4WW":[-0.0028095,-10,0,0],
"1GW3WW4WW1SS":[0,0.00471722,-0.001,-10],
"1SR2SG4WW2WW":[-10,-0.001,0,0],
"1SS3SS4GW4WW":[-10,-0.001,0,-2.37822e-05],
"2WW4WW1SG4WW":[0.0101812,0.0224001,-10,0.0835928],
"4WW1SG4RW3WW":[0,-10,0,-0.00121747],
"2WW1SS4WW3GW":[-0.00213215,-10,0,-0.001],
"3GW4WW3WW1SS":[0.0177101,0,0,-10],
"1SS4GW3WW1WW":[-10,-0.00290706,-0.0019,-10],
"4WW4RW2WW1SS":[0.0332116,0,-0.00155156,-10],
"4GW2GW3WW1SS":[-0.001,-0.001,0,-10],
"1SS1GW4WW2WW":[-10,1.00865,0.138566,0],
"4WW1SS4RW1WW":[-0.001,-10,-0.00105329,-10],
"1SS3WW4WW1GW":[-10,-0.001,0.0126009,0],
"2WW1WW1SS4GW":[-0.001369,-10,-10,-0.0019995],
"1SS4RW2WW2WW":[-10,0,-0.00120418,-0.001],
"2GR4WW1SS4WW":[-0.001,-0.00133019,-10,-0.001],
"3WW1WW1SS4WW":[-0.00453997,-10,-10,0.0162219],
"4GW1WW1SS1SS":[-0.0019,-10,-10,-10],
"1RW2SS1SS2WW":[-0.199991,0,-10,0],
"1SS4WW4GW1SS":[-10,0.1413,0.0232131,-10],
"4WW1SR4WW3WW":[0.0213532,-10,0.127628,0],
"3WW4WW2GW1SS":[0,0,0.0985,-10],
"1GW4RW1WW1SS":[1.00716,0,-10,-10],
"4WW4WW1SS3RW":[0.0909452,-0.00225052,-10,-0.0019],
"1SS4WW3WW2GW":[-10,-0.0019995,0.0133848,-0.001],
"4WW4WW3WW3WW":[-0.001,0,0,0],
"4WW1SS2WW4RW":[-0.00124135,-10,0.00845353,-0.001],
"1SS3WW2WW4RW":[-10,-0.0019,0.00761553,-0.001],
"1GW1SS2RW4WW":[1.01701,-10,0,0],
"2RW4WW1SG2WW":[0,0,-10,-0.00123508],
"1SS2WW1WW4RW":[-10,0,-10,-0.001],
"4WW1SG1SS2WW":[-0.000779676,-10,-10,0.00302102],
"1SG4WW1WW3WW":[-10,0.0110253,-10,-0.00102947],
"1WW1SS2GW1WW":[-10,-10,-0.001,-10],
"2GW1SS1RW4WW":[0.00599753,-10,0,0],
"2SG1SS1WW4WW":[-0.001,-10,-10,0],
"1SS2RW4WW2WW":[-10,0,0.0239519,-0.001],
"1SS1WW1RW4GW":[-10,-10,-0.200199,0],
"1RW1SS1SS4WW":[0,-10,-10,0.086985],
"1SS4RW4WW3GW":[-10,-0.001,0,0],
"3WW4WW1SS3SS":[0,0,-10,-0.000601693],
"1SS3RW4WW4GW":[-10,-0.001,-0.00118905,0],
"4WW1SS4GW4WW":[0.0157535,-10,0.00437833,0.287384],
"2GW2SS1SS4WW":[-0.001,0,-10,0],
"1SS2WW4WW3GW":[-10,-0.00203657,0.0218239,0],
"1SG4WW3WW3WW":[-10,0,-0.0010995,-0.000953534],
"1SS4WW3WW3WW":[-10,0.1742,0.0271358,-0.00527824],
"1SS4WW3WW2WW":[-10,0.138085,-0.00236068,-0.00388313],
"1RW4WW1SS2WW":[-0.379391,0,-10,-0.001],
"1SR4WW3WW1SS":[-10,0.0253585,-0.001,-10],
"2SS1WW4WW1SR":[0,-10,0.000768774,-10],
"4WW1WW1WW1SR":[0.00506075,-10,-10,-10],
"4WW1WW3WW1SR":[-0.00127856,-10,-0.00146122,-10],
"2WW1SS2GW1WW":[-0.996,-10,0,-10],
"1SG2WW1GW2RW":[-10,-0.001,0,0],
"1SS4GW1WW1WW":[-10,-0.00483114,-10,-10],
"1SG2WW2GW4WW":[-10,0,-0.001,0],
"2RG1SS4WW2WW":[0,-10,0,0.000562875],
"2GW2WW4GW1SS":[-0.0019,0,0,-10],
"4WW1WW1SR4WW":[-0.001,-10,-10,-0.00209994],
"1SS3WW3SS1SS":[-10,-0.000407879,0,-10],
"1GW2WW1SG4WW":[1.9,-0.001,-10,-0.00174614],
"2GW2WW1SG4WW":[-0.001,-0.0011193,-10,0],
"1WW4RW1SS1WW":[-10,-0.00271,-10,-10],
"4WW3GW1SS4RW":[0.00499316,0,-10,-0.001],
"3WW1SG4WW4WW":[-0.0010995,-10,0.0245652,0],
"4WW4WW4RW1SS":[0.00223777,0.167091,-0.000282327,-10],
"2GW3WW3WW1SS":[0.341381,0,0,-10],
"4WW4WW2WW3GW":[-0.00226811,-0.001,-0.001,0],
"1SS4WW4WW4GW":[-10,0.00069147,0.282754,0.00745827],
"1SG4GW1WW2WW":[-10,0,-10,-0.001],
"1SS4WW1WW1SS":[-10,0.0237988,-10,-10],
"1WW1WW1SS4WW":[-10,-10,-10,0.00910367],
"3WW4WW4GW1SS":[0.0125534,0.204536,-0.000471351,-10],
"1WW2WW4WW1SG":[-10,-0.00282113,0.0069854,-10],
"4WW1GW1SG1WW":[0.0530105,0,-10,-10],
"4WW1SS1WW3WW":[0.00341814,-10,-10,-0.00417011],
"4WW4RW1WW1SS":[-0.00076349,-0.00436079,-10,-10],
"4WW1WW1SS1SS":[0.216181,-10,-10,-10],
"1SR4WW1WW4WW":[-10,-0.00107415,-10,0.010401],
"1GW1SS3GW2WW":[0,-10,0,0.00239004],
"1SG4WW1WW1WW":[-10,-0.00426966,-10,-10],
"1SS1SS4WW2WW":[-10,-10,0.360941,0.0110435],
"4WW4WW2SG1SS":[-0.00106758,0,0,-10],
"1RW1SS4WW3WW":[-0.194922,-10,0,0.0351471],
"4WW3GW1SR4WW":[-0.001,0,-10,0],
"1SS4WW3RG2WW":[-10,0,0,-0.00146622],
"3WW1SS4WW1GW":[-0.001,-10,0.0495143,0],
"2GW1SS4RW4WW":[-0.001,-10,0,0],
"1RW1SG2WW4WW":[0,-10,0,-0.001],
"2RW4WW4WW1SS":[-0.00317417,0.0638095,0,-10],
"3WW1SG4WW2WW":[-0.0019,-10,0.0375569,-0.001],
"1GW1SS1SS4WW":[5.83368,-10,-10,0],
"1SS4WW3WW2SG":[-10,-0.00028251,0,0],
"1SS1SG4WW3WW":[-10,-10,0.0443985,-0.001],
"1SG4WW2WW1WW":[-10,0.0140515,0,-10],
"4RW1WW2WW1SG":[-0.001,-10,0,-10],
"1SR1SS3WW2WW":[-10,-10,-0.001,0],
"1SG1SS3RW4WW":[-10,-10,0,0.0156959],
"2WW1SS4WW3WW":[-0.00144484,-10,0.0623039,0.145112],
"4WW1RW2WW1SS":[0,-0.200099,0,-10],
"2WW1WW1SS1SR":[-0.001,-10,-10,-10],
"4WW1SS1SS1GW":[-0.00108701,-10,-10,1.02106],
"1WW4WW2RW1SS":[-10,0,-0.001,-10],
"1GW4GW1SS2RW":[1.01664,0,-10,0],
"1SG3WW4WW4WW":[-10,-0.0019,-0.001,0.0612149],
"3WW4GW1SS3WW":[-0.000853282,0.179663,-10,-0.0010995],
"4WW1WW2SS1SS":[0.00106322,-10,-0.996,-10],
"1SS1SG4WW1SS":[-10,-10,0.0787295,-10],
"1WW3WW4WW4WW":[-10,-0.0019,-0.0019995,-0.00286079],
"1SS2WW2WW1SR":[-10,-0.100102,0,-10],
"4WW4WW2WW1SS":[0.161511,0.0473379,-0.00545856,-10],
"4WW2RW1SG1SS":[0.00713614,0,-10,-10],
"3WW1SS1SG4WW":[-0.001,-10,-10,0.0160038],
"4WW1SS1RW4WW":[-0.0019,-10,-0.652806,0.19341],
"4WW1SS1WW4GW":[0.00755411,-10,-10,-0.00326329],
"1SS4WW1WW3WW":[-10,0.0419921,-10,-0.00559578],
"1SS1SS1SS4WW":[-10,-10,-10,0.170748],
"3WW2SS1SR4WW":[0,0,-10,-0.00104498],
"4GW4RW1SS2WW":[0,-0.001,-10,0],
"4WW4WW4WW1SG":[0.0586175,0.00250398,0.0604605,-10],
"2WW1SS4WW3RW":[0.00339805,-10,0,0],
"1WW4WW3GR1SS":[-10,0.00640503,-0.001,-10],
"1SS2WW3WW1SG":[-10,0.00163351,0,-10],
"3WW4WW1SG2SS":[-0.001,0,-10,0],
"2GW4WW1SS1WW":[0.393106,0.0477441,-10,-10],
"1SS2SS4WW4GW":[-10,0.00805402,-0.001,0],
"1SG4WW1WW4WW":[-10,-0.00118963,-10,-0.00253619],
"1SS3GW4WW4WW":[-10,0.285109,0.112837,-0.000660527],
"4WW2RW4WW1SS":[0.0455438,-0.00018606,0.300201,-10],
"4WW1SS2RG2WW":[-0.001,-10,0,0],
"3WW1SS4WW2WW":[0.00370444,-10,0.286444,-0.000994138],
"1SG4WW3WW1WW":[-10,-0.00123226,-0.001,-10],
"1SS4WW3WW3RW":[-10,-0.001,-0.00155784,-0.0019],
"4WW1SS4WW3GW":[0.0271219,-10,0.0461507,-0.00271],
"1SS4RW4WW2WW":[-10,0.014838,0.0777952,-0.00107406],
"2WW3WW4WW1SR":[-0.00166151,-0.001,-0.001,-10],
"3WW1SS4GR4WW":[0,-10,0,-0.00118905],
"4WW1SS3WW1WW":[0.13794,-10,-0.00453046,-10],
"3WW3WW2RW1SS":[-0.0010995,0,0,-10],
"1SS1RW1WW1SS":[-10,-0.672138,-10,-10],
"2WW1WW4WW1SS":[-0.0044113,-10,0.0485218,-10],
"1SS3WW3WW4WW":[-10,-0.00479305,-0.0023911,0.210677],
"4WW1SS3WW3WW":[0.310276,-10,0.037835,0.0622429],
"1SS4WW2WW2GW":[-10,-0.00238933,-0.00122505,-0.001],
"4WW4WW1SS4WW":[0.15512,0.121151,-10,0.197771],
"1SS1RW4WW1SS":[-10,-0.200618,0.111088,-10],
"4WW4WW1WW1SS":[0.136168,0.0554203,-10,-10],
"1WW4WW1SG4WW":[-10,0.0931135,-10,0.00592492],
"3WW4WW4RW4WW":[0,0,0,-0.00127955],
"1WW4WW1SG2WW":[-10,0.014381,-10,-0.00240283],
"4WW1SR2WW2WW":[-0.00146588,-10,0,-0.001],
"4WW1WW1SS3GW":[-0.000727238,-10,-10,0],
"3WW4GW4WW1SS":[0.0495131,0.0564059,0.560034,-10],
"1SS1WW2GW1SS":[-10,-10,0.276992,-10],
"2WW1SS4GW2WW":[-0.00115059,-10,-0.0010995,-0.0010995],
"1WW4WW1SG1WW":[-10,0.00732405,-10,-10],
"1SS1SS4WW1WW":[-10,-10,0.0317658,-10],
"2GW1SS4WW4WW":[1.45071,-10,0.00422143,0.0958208],
"1SS4WW1WW1WW":[-10,0.00613949,-10,-10],
"2WW4WW1SS1WW":[-0.00757253,0.0874868,-10,-10],
"1SS2GR1WW4WW":[-10,0,-10,0.000256638],
"4WW1SS1WW3GW":[-0.00185233,-10,-10,0],
"1SS1WW4RW4WW":[-10,-10,-0.003439,-0.00211908],
"4WW4WW1SS1GR":[0.0231204,0,-10,0],
"3WW2SS1SS2GW":[0.00737361,0,-10,0],
"1SR4WW2WW3WW":[-10,0.0109695,0,0],
"2WW4WW4GW1SS":[-0.00297067,0.0594347,-0.00279955,-10],
"3WW1SS4WW1WW":[-0.0588669,-10,-0.00417228,-10],
"2RW2GW4WW1SS":[0.00504363,0,0,-10],
"4RW4GW1WW1SS":[-0.001,0,-10,-10],
"4WW3WW2WW2GW":[-0.001,0,0,0],
"4WW1SR1WW2WW":[-7.10398e-05,-10,-10,-0.00287226],
"1SS4WW4GW2WW":[-10,0.0378437,-0.0019995,-0.00299949],
"1SS1WW1WW4WW":[-10,-10,-10,0.0379315],
"1WW4WW4GW2WW":[-10,-0.001,-0.001,-0.0019995],
"1RW4WW1SG4WW":[-0.196169,0,-10,0],
"1WW4WW1SS1WW":[-10,0.0716169,-10,-10],
"2RW4WW1WW1SS":[-0.0019,0,-10,-10],
"4WW1SS4GW2WW":[-0.00185599,-10,-0.00209796,0.00962065],
"3WW4WW1SR4WW":[-0.001,0.61832,-10,-0.00136459],
"2SS1GW4WW1SS":[-0.001,0,0,-10],
"1WW4WW1SG1SS":[-10,0.0239311,-10,-10],
"1SS3WW4GR4WW":[-10,-0.00208905,-0.001,0.0213858],
"1SS4WW2WW3WW":[-10,0.0337319,-0.00438066,0.107044],
"3WW3WW1SS2SS":[0,0,-10,-0.001],
"3GW2WW1SS4WW":[-0.001,0,-10,0.0036058],
"1WW1WW1SG2SS":[-10,-10,-10,-0.996],
"1SS2GW1GW4WW":[-10,0,1.90763,0],
"2SS1SS4WW3GW":[0.0151969,-10,0,0],
"2WW1SG4WW1WW":[-0.00250764,-10,0.00225312,-10],
"2WW1SS1SS4WW":[0.137232,-10,-10,0.155497],
"3WW1WW4GW1SS":[-0.001,-10,0,-10],
"1SS4WW2WW3SG":[-10,0,0,-0.001],
"1WW1SS1SS1SG":[-10,-10,-10,-10],
"2WW1WW1SR4GW":[-0.0019995,-10,-10,0],
"2SS4WW4WW1SS":[-0.00260615,0.123111,0.0768057,-10],
"4WW1WW4WW4WW":[-0.00609051,-10,-0.00657896,-0.00616467],
"1RW4WW3WW1SS":[-0.19237,0,0,-10],
"3WW4WW4RW1SS":[-0.001,0.889647,-0.001,-10],
"1SS2WW4WW2SS":[-10,-0.00218208,0.0701891,0.0896182],
"1SS3WW3WW1RW":[-10,0,-0.001,0],
"1WW2WW1SS2SS":[-10,-0.00158372,-10,-0.996],
"1SS2WW4WW2SG":[-10,-8.26916e-05,0.0481047,0],
"2WW1SS4GW4WW":[0.00642954,-10,0.00971821,0.154912],
"1RW3GW1SS4WW":[-0.200446,0,-10,0],
"1SS3GW3WW4WW":[-10,-0.001,0.00402741,-0.001],
"4WW2SG1SS3WW":[0.00328914,0,-10,-0.001],
"1SS3RW1SS1SS":[-10,-0.001,-10,-10],
"1SS3WW2GW1SG":[-10,-0.0010995,0.0995831,-10],
"4WW1SG3WW3WW":[-0.001,-10,-0.0011094,-0.001],
"4WW3GW1SS4WW":[0.025983,-0.0041946,-10,0.00104951],
"1SS2WW1SS2SS":[-10,0,-10,-0.996],
"3WW4GW1SG1SS":[0,-0.001,-10,-10],
"1WW1SS1SG2WW":[-10,-10,-10,-0.001],
"4WW1WW2GW1SS":[-0.00353746,-10,0.585457,-10],
"4WW1SG4WW2WW":[-0.00261751,-10,-0.0023874,-0.00158263],
"2GW4WW1WW1SS":[0.0984901,0,-10,-10],
"1SS1GW3WW1SS":[-10,1.89957,0,-10],
"3WW1WW1SG2SS":[-0.001,-10,-10,0],
"1SS4RG1WW3WW":[-10,-0.001,-10,0],
"4WW1WW3WW1SG":[0.0264674,-10,-0.0029626,-10],
"1SS4RW1WW1WW":[-10,-0.0019,-10,-10],
"2WW4WW1SG2WW":[-0.001,0,-10,-0.001],
"4WW1SS4WW4GW":[0.0682397,-10,0.143008,-0.00614632],
"1SS4WW2WW3SS":[-10,0,0.00252152,0],
"3SS1SS4WW2WW":[-0.00128997,-10,0,0.00138407],
"4RW1SS1SS3WW":[-0.001,-10,-10,0],
"1SS4WW4RW2SS":[-10,-0.001,0,0],
"3WW1SS1GW4WW":[-0.001,-10,1.0114,0],
"1SS3WW3WW2GW":[-10,-0.001,0,0],
"4GW3WW1SS2SG":[0,0,-10,-0.001],
"4WW1SR2WW3WW":[0.00584493,-10,0,0],
"1SG1SS1SS1SS":[-10,-10,-10,-10],
"1WW1SS3GW3WW":[-10,-10,-0.001,0],
"4WW3RW1WW1SS":[0.0250467,-0.001,-10,-10],
"1WW4WW4RW1SS":[-10,0.0307722,0.00312507,-10],
"1SS4GW2WW2WW":[-10,-0.0010995,-0.000830002,0],
"1WW1SS1SS4WW":[-10,-10,-10,0.0142771],
"1SS1WW4RG1SS":[-10,-10,-0.001,-10],
"4WW1SS1SG2WW":[-0.00064611,-10,-10,-0.00254291],
"4GW4WW4WW1SS":[0.00260323,0.171868,-0.00398914,-10],
"4WW1RW1SS2SS":[-0.00110459,0,-10,0],
"1SS4GW2WW3WW":[-10,-0.00198955,-0.0028095,-0.00245958],
"1SS1SS4WW4GW":[-10,-10,0.0909675,0.000107844],
"4WW4WW1SR2SS":[-0.001,-0.0010995,-10,0.0208829],
"1SS4WW4WW4SS":[-10,0.000988862,0,0],
"1SS1SS4RW1GW":[-10,-10,0,1.00045],
"1SS2WW4WW1SG":[-10,-0.00117392,0.0570535,-10],
"4WW4WW3GW1SS":[0.0399905,0.0319724,-0.0019,-10],
"4WW2GR1WW1SS":[0.0349259,0,-10,-10],
"4RW1SS1SS2WW":[0.00201643,-10,-10,0],
"1SS4WW4WW2SS":[-10,0.112471,0.291304,0.150828],
"1SS1SS2GW3WW":[-10,-10,-0.000810262,0],
"2GR1SS3WW2WW":[-0.001,-10,-0.001,0],
"4GW4WW1SS4WW":[-0.00247963,0.0533993,-10,0.0726652],
"4WW4WW3WW1SS":[0.234351,0.138763,0.027809,-10],
"1SS1SS1SS3GW":[-10,-10,-10,-0.001],
"4WW1SG4WW3WW":[0.0437768,-10,0.0249375,0],
"1WW2WW4WW1SS":[-10,-0.00715887,0.0435057,-10],
"1WW4GW1SS1SS":[-10,-0.00305928,-10,-10],
"2WW1SS4RW4WW":[5.97775e-05,-10,-0.00192243,0.025812],
"1WW1SS4GW4WW":[-10,-10,0.0179311,0.0117094],
"3GW1SS3RW4WW":[0.00521289,-10,-0.001,0],
"2WW1SS4WW1WW":[0.00484576,-10,0.00353373,-10],
"1SS2GW3WW2RW":[-10,-0.001,0,0],
"3WW1WW4GR1SS":[-0.001,-10,0,-10],
"1GW4WW1SR1WW":[0,0.00185052,-10,-10],
"1SR4WW4WW1SS":[-10,-0.00140746,-0.001,-10],
"3RW4GW1SS4WW":[-0.001,0,-10,0],
"4WW3WW3WW1SS":[0.0524196,0.0347975,0.0518826,-10],
"1SS1WW4RW4GW":[-10,-10,-0.001,-0.0019],
"4WW1SS4WW4WW":[0.341137,-10,0.265159,0.188625],
"3WW1WW1SS3GW":[-0.001,-10,-10,0],
"4GW1SS4WW2GW":[-0.001,-10,0,0],
"4WW1GW1SS4WW":[0.0439414,2.73601,-10,-0.0019],
"4WW1SS3WW3RW":[0,-10,0,-0.001],
"4WW4WW1SS3WW":[0.255036,0.329311,-10,0.145548],
"4RW1WW3WW1SG":[-0.000622497,-10,0,-10],
"2RW4WW1SS4WW":[-0.00164161,0,-10,0.160597],
"1GW1SS3WW1WW":[1.01333,-10,0,-10],
"4WW1SS1SG3WW":[0,-10,-10,0.0482053],
"4WW2SS1SS3WW":[0.0161584,-0.00150045,-10,0.0106143],
"4WW1WW2WW1SG":[0.0497535,-10,-0.001,-10],
"1SS2WW2WW4WW":[-10,0.36883,0.00425423,-0.00227684],
"4WW3WW3WW1SG":[0.0165764,0,-0.00216964,-10],
"1WW1WW1SG4WW":[-10,-10,-10,0.026751],
"1SR4WW1WW1WW":[-10,-0.001,-10,-10],
"1SS2RW4WW4WW":[-10,0.0238662,0.327024,0.00218945],
"1SS4WW3GW3WW":[-10,0,-0.001,0.0363094],
"3WW1WW1SR4WW":[-0.001,-10,-10,-0.0019],
"2WW4RW4WW1SS":[-0.0019,-0.001,0.0152702,-10],
"4WW2WW1SS4SS":[0,0,-10,-0.001],
"1GW1SS2WW1WW":[1.00671,-10,-0.00128626,-10],
"2WW1SR4WW4WW":[-0.001,-10,0,0],
"4WW2WW2WW1SS":[0.0346917,0.00194701,-0.000520475,-10],
"1GW4WW1SS4WW":[7.5733,0.0761246,-10,0.0144719],
"4WW1SS1WW3GR":[0.0381366,-10,-10,-0.001],
"1GW3WW2SS1SS":[0.999888,0,0,-10],
"2WW1SS4WW2GW":[0.00666871,-10,0,-0.001],
"2SS1SS3RW4WW":[0,-10,-0.001,0],
"2WW1SS4WW4GW":[-0.00296159,-10,0.0597153,-0.001],
"1SS1WW4WW4GW":[-10,-10,0.00690461,-0.00453886],
"4WW3WW4WW1SG":[0.0354792,-0.00328966,0.000969641,-10],
"4WW2WW1SS2SS":[0.0566652,-0.0011094,-10,0],
"2WW3WW1SS4RW":[-0.0011094,-0.001,-10,0],
"2GW4GW4WW1SS":[0.0984901,0,0,-10],
"3WW1WW1SS4SS":[-0.00144414,-10,-10,0],
"2WW4WW4WW2GW":[0,0,-0.001,0],
"3WW4WW1SS2SS":[0.0278376,-0.001,-10,0],
"1WW2WW4WW1SR":[-10,-0.001,0.0163791,-10],
"3WW3WW4WW1SR":[-0.001,0,0,-10],
"4WW3RW3WW1SS":[0.0317251,-0.001,0,-10],
"2GW2WW1WW1SS":[0.0975901,0,-10,-10],
"4WW2WW3GW1SS":[-0.001,0,-0.001,-10],
"4WW4GW1SS2WW":[0.0371444,0.00635819,-10,-0.000484113],
"4WW1SS1WW4RW":[0.0581823,-10,-10,-0.0019995],
"1WW1SS1SS2WW":[-10,-10,-10,-0.0025429],
"1SS4WW4WW2WW":[-10,0.331773,0.150477,0.027267],
"1WW1WW1SR4WW":[-10,-10,-10,-0.0019],
"1SS4GW4WW3WW":[-10,0.0612706,0.0526434,-0.0035385],
"1WW1SS1SS3WW":[-10,-10,-10,-0.00288015],
"4WW2WW1GW4WW":[0,0,0.999928,-0.00128349],
"4WW2SS1SS3RW":[0.0360754,0,-10,0],
"1SS3WW4WW3RG":[-10,-0.001,0,0],
"1SS1SS4WW4WW":[-10,-10,0.450199,0.180878],
"2WW1WW4GW1SS":[-0.000516997,-10,0,-10],
"1GW1SS4WW2WW":[3.4387,-10,-0.0019,0],
"1SS1WW4WW1SS":[-10,-10,0.0343568,-10],
"4RW2WW1SS4WW":[-0.00271,0.0985,-10,0],
"1SS3WW3WW1SS":[-10,-0.00115234,-0.00320879,-10],
"2WW1RW4WW1SS":[-0.0019,0,0,-10],
"1SS2SS3WW4WW":[-10,-0.001,-0.001,0.0491509],
"4WW3WW1WW1SS":[0.132794,-0.00614234,-10,-10],
"4GW1WW1SR4WW":[0,-10,-10,-0.000269324],
"4WW1SS1SR3WW":[-0.001,-10,-10,-0.001],
"2WW1SG3GW1WW":[-0.000840695,-10,0,-10],
"4RW4WW1SS1SS":[-0.00183492,0.0314422,-10,-10],
"4WW1SS4WW3RW":[-0.000857477,-10,0.132924,0.00051647],
"3GW4WW1SS1SS":[0.227032,0,-10,-10],
"2WW1GW4GW1SS":[0,1.91732,0,-10],
"4GW1SS4WW3WW":[-0.00411447,-10,-0.00286394,0.0253269],
"2SS4WW2GW1SS":[0,0,0.465819,-10],
"4RW1SS2WW4WW":[-0.000701917,-10,0,-0.00139422],
"1SS3WW1WW4WW":[-10,-0.00208271,-10,0.104029],
"4GW4GW3WW1SS":[0.000323074,0,0,-10],
"3WW1WW1SS2GW":[0,-10,-10,-0.001],
"1SS1SS2SS1SG":[-10,-10,-0.0002032,-10],
"2WW1GW1SS4WW":[-0.001,1.0144,-10,0],
"1RW4WW1SS4WW":[-0.539168,0.101742,-10,0.000569045],
"1WW1SR1SS1SS":[-10,-10,-10,-10],
"4RW1SS4WW4WW":[0.0165634,-10,0.00235223,0.16236],
"1SS4GW4WW4WW":[-10,0.0480416,0.347748,0.0105012],
"1SS1SR3WW4WW":[-10,-10,0.00615923,0],
"1WW1SS3SS2WW":[-10,-10,0,-0.001],
"3RW4WW1SS4WW":[-0.00089524,-0.00118905,-10,0.0691315],
"4WW1WW3GW1SS":[-0.00271,-10,0.000335703,-10],
"1SS2RW4WW2GW":[-10,0,0,-0.001],
"2GR4WW1SS2WW":[-0.001,0,-10,0],
"4GW4WW2WW1SS":[0.000971553,0.023194,-0.00257967,-10],
"4WW1WW1SG4WW":[-0.0019995,-10,-10,0.145021],
"1GR1SS1WW4WW":[1,-10,-10,0],
"1WW4RW1SS1SS":[-10,0.00142446,-10,-10],
"1SS1GW4WW1SS":[-10,1,0.0357018,-10],
"4WW4WW4RG1SS":[-0.001,0,0,-10],
"2SS2WW3WW1SG":[-0.001,0,0,-10],
"1SG4WW3WW4WW":[-10,-0.00212397,-2.49268e-05,0.0107996],
"4WW2WW3WW1SG":[0.0251681,0.000608782,-0.001,-10],
"1SS4WW1GW4RW":[-10,0,0.999308,0],
"4WW1SG3WW4GW":[0.0330683,-10,0,0],
"3SS1SS1SS3WW":[0.00292489,-10,-10,0],
"1SS3RW1WW4WW":[-10,-0.001,-10,-0.00185306],
"1SG3WW4WW4GW":[-10,0.00115204,0,0],
"4WW1WW2RW1SS":[-0.0019995,-10,-0.00224688,-10],
"4WW1WW1GW1SS":[0.00478692,-10,4.69892,-10],
"1SR3WW3GW4WW":[-10,0,0,0.0368232],
"3GW1SR3WW1WW":[-0.001,-10,0,-10],
"4WW1RW3WW1SS":[0,-0.200342,0.00510229,-10],
"3WW1GW1SS4WW":[-0.0013922,3.45784,-10,0],
"3WW1SG1SR4WW":[-0.001,-10,-10,0],
"2WW2WW4WW1SS":[0.00595096,-0.003439,-6.04447e-05,-10],
"1SS1WW3RW1SS":[-10,-10,-0.001,-10],
"1SS4WW1WW4WW":[-10,0.0330813,-10,0.0932719],
"1SS3GW3WW1SS":[-10,-0.001,0,-10],
"4WW2RW3WW1SS":[-0.001,-0.001,-0.001,-10],
"4WW1WW4GW1SS":[-0.0019995,-10,0,-10],
"1SG1SS4WW4WW":[-10,-10,0.00148765,0.039866],
"4RW4WW1SS4WW":[-0.0038554,0.0151088,-10,0.254659],
"2WW2WW1GW1SS":[-0.001,0,0,-10],
"2RW1SS4WW3GW":[-0.001,-10,0,-0.001],
"4WW4WW1SS3GW":[0.052716,0.000254487,-10,0.000398146],
"1GW1GW4WW1SR":[1,0,0,-10],
"4WW2WW3WW1SS":[0.0186971,0.31675,-0.00421631,-10],
"4WW1SR3WW4WW":[-0.00138488,-10,0,0],
"2WW3RW4WW1SS":[-0.001,0,0,-10],
"1WW2WW1SS4GW":[-10,0,-10,-0.0019],
"4GW1SS2GW1WW":[0,-10,-0.001,-10],
"1SS2RW3WW4WW":[-10,0,0,-0.0019],
"2WW3GW4WW2WW":[-0.001,-0.001,-0.001,0],
"1SS1SS1SS1SS":[-10,-10,-10,-10],
"1WW3GW1SS4WW":[-10,-0.001,-10,-0.0028095],
"1SS4GW4WW1SS":[-10,0.0341664,0.254697,-10],
"1WW2GW1SS4WW":[-10,-0.001,-10,0],
"2GW1SS1SS2WW":[0.188046,-10,-10,-0.00125957],
"2WW2WW4WW4WW":[0,-0.0010995,0,-0.0019],
"4WW4WW1SS2SS":[0.158107,0.0289191,-10,0.00194908],
"1SS3RW4WW4WW":[-10,-0.000162152,0.607545,-0.001],
"1WW3WW1SG4WW":[-10,-0.0019,-10,0.0173987],
"4RG4WW3WW1SS":[-0.001,0,0,-10],
"1SS3SS4WW1WW":[-10,-0.0019,0,-10],
"3WW4WW1SS4GW":[0.101681,-0.0019,-10,-0.0019],
"4WW3GW1SS1SS":[0.0585812,0,-10,-10],
"1SS2SS3WW2WW":[-10,-0.00232553,0,0],
"4WW2GW3WW1SS":[0.0192049,0.268564,-0.0010995,-10],
"2WW1SS1RW1GW":[-0.001,-10,0,0],
"3WW4WW4WW2WW":[-0.001,-0.0010995,-0.001,0],
"2GW4WW1SG1SS":[0,0.00599042,-10,-10],
"4WW2SS1SS1SS":[0,0.00542564,-10,-10],
"1SS4WW1GW1SS":[-10,-0.001,3.4744,-10],
"4WW4RW1SS1WW":[0.088233,0.00244171,-10,-10],
"4WW1SG4WW1WW":[0.0409092,-10,0.0127867,-10],
"4WW4WW1SG4WW":[0.0354396,0.0272006,-10,0.192902],
"1SS1SS4WW3GW":[-10,-10,0.0798731,0],
"4WW1GW3WW1SR":[-0.00090884,0,0,-10],
"1WW1SS3GR4WW":[-10,-10,-0.001,0],
"3WW4SS1SG4WW":[-0.001,0,-10,0],
"2WW4WW2GW1SS":[0,0,0.168221,-10],
"4WW1RW1SS1WW":[0.0238473,-0.2,-10,-10],
"4WW2RW1SS2WW":[-0.0019,0.000303298,-10,0],
"3WW3WW1SG4RW":[0,0,-10,-0.001],
"1WW2RW4WW1SG":[-10,0.000734878,0.0225321,-10],
"3WW1RW4WW1SS":[-0.00120786,0,0,-10],
"1SS4RW4WW1WW":[-10,-0.00262257,0.00705076,-10],
"1SG4WW4WW4RW":[-10,-0.001,-0.001,0],
"4WW1SS4WW4GR":[0,-10,0.00284739,0],
"4WW1SR1WW3WW":[0.0194343,-10,-10,-0.001],
"2WW3WW4WW4WW":[-0.0019995,-0.0019,-0.0019,-0.00365502],
"4WW4SS1SS4GW":[0.0225716,0,-10,0],
"3GW1SR1SS4WW":[0.0345492,-10,-10,0],
"4WW4WW4GW1SS":[0.00734787,0.473614,-0.00475213,-10],
"4WW1SS1SS4WW":[0.340719,-10,-10,0.223265],
"1SG4GW3WW1SS":[-10,0,-0.001,-10],
"1SS3SS4GR1SS":[-10,0.00343572,0,-10],
"1SS2WW1WW4WW":[-10,-0.00322002,-10,0.097211],
"2WW1SS4RG4WW":[0.00708544,-10,0,0],
"1SS4WW3WW1WW":[-10,0.0748286,0.0341834,-10],
"4WW2WW4WW1SG":[-0.00214863,-0.00114523,0.0288045,-10],
"1SG3WW2WW4GW":[-10,-0.0010995,0,0],
"2RW4WW1SS1SG":[-0.001,0,-10,-10],
"4WW1SS1SS2WW":[0.0505288,-10,-10,0.00835194],
"1SS4WW4WW3WW":[-10,0.463502,0.159641,0.0972744],
"4RW4GW1SS2WW":[0,-0.000899774,-10,0],
"4SS1SS4WW3WW":[0,-10,0.000103734,0],
"1SG1SS4WW1WW":[-10,-10,-0.00341694,-10],
"2SS2RW1WW1SS":[-0.001,0,-10,-10],
"1SS3WW4GW3SS":[-10,-0.001,0,0],
"1SS1SG4WW4WW":[-10,-10,0.15089,-0.00134091],
"1WW4WW1SS2WW":[-10,0.0515613,-10,-0.00486227],
"1WW4WW4WW1SR":[-10,-0.001,0.254124,-10],
"1SS3WW4WW1SG":[-10,-0.0010995,0,-10],
"1SS1SS2WW4WW":[-10,-10,0.048651,0.0117801],
"2WW4WW1SS4WW":[0.353802,0.213135,-10,0.64377],
"4WW3SS1SS1WW":[0,0.0721113,-10,-10],
"4WW2RW1SS4WW":[0.0860816,-0.000664601,-10,0],
"3RW4WW4SS1SS":[0,0,-0.001,-10],
"1SS4SS2WW4WW":[-10,-0.0010704,0,0],
"4GW1SS1WW2WW":[-0.0019,-10,-10,0.00828221],
"4WW1SS4RW3WW":[-0.000760623,-10,0.0219203,0.0245332],
"4WW1GW2WW1SS":[-0.0011094,3.61114,0,-10],
"1WW1SS4WW2WW":[-10,-10,0.0659359,-0.00397263],
"4WW4WW4WW1SS":[0.180449,0.289091,0.626667,-10],
"1GW4WW1SS1WW":[3.46165,-0.000945845,-10,-10],
"1SG1SS4WW3WW":[-10,-10,0,0.0265922],
"3WW2WW1SG4WW":[-0.00362805,-0.00288817,-10,-0.00191405],
"2SR1SS1WW4WW":[-0.001,-10,-10,0.0210768],
"1SS2GW2WW4WW":[-10,-0.0019,0.00438699,-0.0028095],
"2WW1WW1SG4WW":[-0.00208905,-10,-10,0.0278016],
"4WW1SG2SS3WW":[-0.001,-10,0,0],
"4WW1SG1SS4WW":[0.0729158,-10,-10,-0.00282601],
"4GW3WW3WW1SS":[-0.001,-0.001,-0.001,-10],
"1SS3WW4WW4WW":[-10,0.0518586,0.262111,0.229166],
"3WW1WW1SS2SS":[0,-10,-10,-0.001],
"1SS4WW4WW1WW":[-10,0.247039,0.0334009,-10],
"4WW2GW4WW1SS":[0.0347122,2.42891,0.0335333,-10],
"3WW4SS1SS3WW":[0,0,-10,-0.0010995],
"1SG4WW2WW4WW":[-10,0.00816661,-0.00271,0.0347364],
"3WW4GW2SS1SS":[0.0783128,0,0,-10],
"1SS4WW2GW2WW":[-10,-0.00257854,-0.001,-0.00108268],
"1WW1SS2SS4WW":[-10,-10,-0.000865418,0.0378227],
"1SS1SS4WW1SS":[-10,-10,0.219537,-10],
"4GW1SS1WW4GW":[0,-10,-10,-0.001],
"4WW2WW1SS2SG":[-0.001,-0.001,-10,0],
"1SS1SS3GW3WW":[-10,-10,-0.001,0],
"3GW3WW1SG4WW":[-0.001,0,-10,0],
"2WW1SS1SR3WW":[0.00519587,-10,-10,0],
"2GR1WW1SS4WW":[-0.001,-10,-10,0],
"3GW4GW3WW1SS":[-0.001,0,0,-10],
"1SS4WW3GW1SS":[-10,-0.001,0,-10],
"1WW4WW4WW1SS":[-10,0.113291,0.325996,-10],
"1SS2WW2WW1GW":[-10,0,0,1.02216],
"4WW1SS1SS2GW":[-0.001,-10,-10,-0.001],
"4GW1WW1SG4WW":[-0.001,-10,-10,0],
"4WW1SS1SS2SS":[0.0220532,-10,-10,0],
"1WW2SS1SR4WW":[-10,0,-10,-0.001],
"4WW1SG2WW2GW":[0.0187569,-10,0,0],
"1WW1SS4WW2GW":[-10,-10,0.0132767,0.247992],
"1WW2WW1SS4WW":[-10,-0.594757,-10,0.0577126],
"1SS3WW4WW1SR":[-10,-0.0019,0.0117147,-10],
"1SS1SS1SS4GW":[-10,-10,-10,0.0253786],
"4WW3WW1WW1SR":[0.0014943,0,-10,-10],
"4WW2SS1SR4WW":[-0.000924493,0,-10,0],
"4WW1SG2WW2WW":[-0.00161157,-10,-0.001,-0.001],
"4WW4WW1GW1SS":[0.016755,0.0164329,6.43633,-10],
"4GW1SS4WW4WW":[0.00167114,-10,0.00907531,0.257228],
"3WW1SG4WW3WW":[-0.0010995,-10,0,0],
"1SS4WW2WW2WW":[-10,0.0505413,-0.00464912,0.00141798],
"1SS1SS4WW3WW":[-10,-10,0.167787,0.0197593],
"2WW1WW4RW1SS":[0,-10,-0.0019995,-10],
"3WW2WW1SR4WW":[-0.001,0,-10,0],
"1WW1SS1RW4WW":[-10,-10,0,0.00703564],
"1SS1RW4WW3WW":[-10,-0.200889,-0.00142627,0],
"4WW3WW1SS4WW":[0.125425,0.140959,-10,0.252013],
"2WW4WW1SS3GW":[-0.0012744,0,-10,0],
"4WW4WW1SS2SR":[0,0,-10,0.000749566],
"4WW2WW1SG4WW":[-0.00261772,-0.00113144,-10,0.000927448],
"4WW1SR4WW3GW":[0,-10,0,-0.001],
"1WW1SS4GR4WW":[-10,-10,-0.00271,0.0152139],
"4WW1SS1WW2WW":[-0.00644881,-10,-10,0.0148277],
"1SS4GW3WW2WW":[-10,-0.0019995,0,0],
"1WW2GW1SR1SS":[-10,0.098489,-10,-10],
"1WW4WW1SR2WW":[-10,-0.0010995,-10,-0.001],
"1SS2WW1WW4GW":[-10,-0.00109745,-10,-0.000988467],
"1WW1SS4WW1WW":[-10,-10,-0.00144091,-10],
"1SS1GW3WW1WW":[-10,1.01849,0,-10],
"4WW1WW1SG4GW":[0,-10,-10,-0.0019],
"1WW1SS4WW3WW":[-10,-10,0.0363071,-0.00440469],
"4WW3WW1SS1SS":[0.15291,0.0252351,-10,-10],
"1SS2SS4WW1GR":[-10,-0.001,0,0],
"3SS4GW4WW1SS":[-0.001,0,0,-10],
"4GW1SS3WW3WW":[-0.0020094,-10,-0.0019,-0.001],
"4WW4WW3RW1SG":[0.000878057,-0.001,-0.001,-10],
"1SG1WW4WW4WW":[-10,-10,-0.001,0.0261639],
"1WW4WW4GW1SS":[-10,0.119681,0.00351221,-10],
"1SR4WW2WW3GW":[-10,0,-0.001,0],
"4WW4RG1SG1WW":[0,-0.0019,-10,-10],
"2WW4RW1SS1WW":[0.00386639,-0.001,-10,-10],
"4WW1SS1GW2WW":[-0.001,-10,2.71681,-0.00298484],
"1SS2WW3WW1GW":[-10,0.000981809,0,0],
"1WW4WW2SG1SS":[-10,0.00719618,0,-10],
"2WW3RG1SS4WW":[0.00648557,0,-10,0],
"2WW4WW2RW1SS":[-0.000988263,0,0,-10],
"4WW1SS1GW1WW":[-0.00236963,-10,1.00109,-10],
"4WW1SS2SS4WW":[0.153718,-10,0.0166926,0.104871],
"1SS1WW4WW4WW":[-10,-10,0.0436001,0.174981],
"4WW2GR1SS3WW":[0,0,-10,-0.00225751],
"3RW1SS1SS1SS":[-0.001,-10,-10,-10],
"1SS4WW3GW2SS":[-10,0.0375578,0,0],
"1WW2SS1SS4WW":[-10,-0.001,-10,-0.0010995],
"4WW1SS1WW4WW":[0.203552,-10,-10,0.0443151],
"4WW3RW2SS1SS":[0.0203336,0,0,-10],
"1SS1SS3RW4WW":[-10,-10,-0.001,0.0503824],
"2WW3WW4RW1SS":[-0.00092413,0,0,-10],
"1SS4WW2WW4WW":[-10,0.0377778,-0.00880801,0.191347],
"4WW4WW2SS1SS":[0.134651,0.0230693,0.0153715,-10],
"1SS1SS3WW4WW":[-10,-10,0.0976082,0.0238111],
"1SS2WW3RW1SS":[-10,0.000367456,0,-10],
"1SS1SS1WW4RW":[-10,-10,-10,-0.001],
"4RW1SS4WW1WW":[-0.001,-10,-0.001,-10],
"2GW3WW4WW1SS":[0.51747,-0.000658132,0,-10],
"4GW4WW1SS1SS":[-0.00259616,0.0458735,-10,-10],
"3WW1SS4RW1WW":[-0.001,-10,0,-10],
"1SR4GW3WW4WW":[-10,0,0,-0.001],
"2SS1SS4WW4GW":[0,-10,-0.000127411,0],
"1SG4GW2WW1WW":[-10,-0.001,0,-10],
"3WW3WW1SS4WW":[0.00242585,0.0232868,-10,0.0128969],
"1WW1WW4RG1SS":[-10,-10,-0.001,-10],
"1RW4WW1GW1SS":[-0.2,0,0,-10],
"2SS1SS1WW3WW":[-0.001,-10,-10,-0.0010995],
"4WW1SS1RW2GW":[0.00774467,-10,0,0],
"3WW1SS4WW4WW":[0.342367,-10,0.23704,0.137454],
"4WW1WW1SS4RW":[-0.00137792,-10,-10,0.00159538],
"1SG4WW2WW1SS":[-10,-0.00118905,-0.00112499,-10],
"1SS1GW4GW4RW":[-10,0,0.0120114,0],
"4WW1SS4WW1WW":[0.124973,-10,0.0263943,-10],
"1SS4GW1WW3WW":[-10,-0.0019,-10,-0.000348763],
"3WW1SS1SS2WW":[-0.001,-10,-10,0.0264501],
"1SR1SS3WW3WW":[-10,-10,-0.001,0.00929835],
"1SS4WW4WW1SR":[-10,-0.00355731,0.050987,-10],
"3SS4WW2WW1SS":[-0.000568408,0,0,-10],
"1SS2RW4GW1SS":[-10,0.000129774,0,-10],
"1SS3WW4WW2SS":[-10,-0.000567349,0,0.0262617],
"3WW3WW4WW2GW":[-0.001,0,0,-0.001],
"2WW1SS2GW4WW":[-0.00089547,-10,0.341225,0],
"4WW1WW1SS1SG":[0.039901,-10,-10,-10],
"2RW1SS1WW4WW":[-0.001,-10,-10,0],
"1SS2WW4WW1SR":[-10,-0.000755477,0.0201116,-10],
"1WW1SS3GW2WW":[-10,-10,-0.001,0],
"2WW2WW4WW1SR":[0,0,0.013047,-10],
"1WW2WW4GW4WW":[-10,-0.001,-0.001,-0.00210786],
"4WW1SS2GW4GW":[0,-10,0,-0.000117403],
"3GW4WW1SS4WW":[0.141052,0.0522149,-10,0.0180417],
"1SS3GW1WW4WW":[-10,0,-10,-0.001],
"4WW4WW1SR4WW":[-0.001,-0.000158332,-10,0.247072],
"1SR4WW4WW2WW":[-10,0.0230755,0,-0.001],
"4WW2WW4GW4RW":[-0.001,-0.001,-0.001,0],
"4WW4WW1SG2WW":[-0.0035385,0.0732462,-10,-0.00302123],
"4GW2GW1SS2RW":[0.00130366,0,-10,0],
"2SS4WW1SS1SS":[0.0152198,0.0555921,-10,-10],
"1SS4WW2WW2RW":[-10,-0.001,0,0],
"2GW1SS4WW1GW":[-0.001,-10,0,0],
"1SS3WW3WW3GW":[-10,-0.001,0,0],
"1GW4WW1SR4WW":[0,-0.00114998,-10,0.0899098],
"4WW4WW4GW4WW":[-0.0019,-0.00426907,-0.001,-0.0019995],
"4WW1SS2SG4WW":[0.00982027,-10,0,-0.00166766],
"1SG4WW4WW4WW":[-10,0.12314,0.014559,0.0509813],
"4GW1WW4GW1SS":[-0.001,-10,0,-10],
"3WW2WW4WW1SS":[0.0126758,-0.00379712,0.100797,-10],
"1SS4WW2GW4WW":[-10,0,-0.001,0.14309],
"4WW1RW1SS4WW":[0.102253,-0.345939,-10,0.000933928],
"4GR4WW1WW1SS":[-0.0019,0,-10,-10],
"2WW2SS1SS1GW":[0.000417559,0,-10,0],
"1SS4GW1RW2WW":[-10,-0.00111831,0,0],
"3WW4WW4SS1SS":[0.00841456,0,0,-10],
"3RW4WW1SS2WW":[-0.000394886,0.0392098,-10,-0.00247206],
"4WW1SG2WW3WW":[-0.00181604,-10,-0.001,0],
"1RG1SS2GW4WW":[-0.2,-10,0,0],
"2WW4WW4GW4WW":[-0.0029985,-0.00491315,-0.00284809,-0.00257571],
"2WW4WW4WW1SR":[-0.000760745,-0.001,0.108182,-10],
"2GW4WW4WW1SS":[0.266932,0.0248706,-0.00337212,-10],
"1SS4WW2GW2SS":[-10,-0.001,0,0],
"2WW3WW4WW1SG":[-0.001,-0.001,0.00130324,-10],
"4WW2WW1SS1SS":[-0.00116835,0.024313,-10,-10],
"1WW3GW1SS1SS":[-10,-0.0028095,-10,-10],
"4WW3WW4WW1SS":[0.133866,0.137123,0.132665,-10],
"4WW4GW1SS3WW":[0.276596,0.00875785,-10,-0.00646942],
"1GW1SS4WW3WW":[2.75854,-10,0.000247639,0.00341423],
"1SS4RW1WW3WW":[-10,-0.001,-10,-0.003439],
"4GW1SR1SS2WW":[-0.001,-10,-10,0],
"1WW1SS2GR4WW":[-10,-10,-0.001,-0.001],
"2WW3GW3RW1SS":[-0.000944262,0,0,-10],
"4WW2GW1SS4WW":[-0.00120104,1.84719,-10,-0.0019995],
"3WW1SS2SS4GW":[0.0363553,-10,0,0],
"1SS3RW2WW4WW":[-10,-0.001,0,0],
"1SS2WW2RW4WW":[-10,-0.00134358,0,0],
"1SS1WW3WW4WW":[-10,-10,-0.00238208,0.0822432],
"1SS4WW4GW2SS":[-10,0.0754128,0,0.0223555],
"4WW4GW1SS1SS":[0.113125,-0.00222894,-10,-10],
"1SS4WW1GW3WW":[-10,0.0754197,0,-0.001],
"3WW1SS4RW3WW":[-0.000894339,-10,0.01276,0.056849],
"2WW4WW4WW1WW":[-0.0019,-0.001,-0.001,-10],
"4WW1SS1SS1WW":[0.128706,-10,-10,-10],
"4WW1SS2WW2GW":[0.0176879,-10,-0.0019,-0.001],
"1WW1WW1SG1SS":[-10,-10,-10,-10],
"1GW4WW1SS3WW":[3.45144,0.0108456,-10,0],
"4WW1SR1WW1WW":[0.019709,-10,-10,-10],
"1SS3WW4WW1SS":[-10,-0.00183433,0.162777,-10],
"1WW4WW1RW1SS":[-10,0.00165168,0,-10],
"4WW1WW1WW1SS":[0.0141543,-10,-10,-10],
"2RG1SS2SS4WW":[0,-10,0,0.0140166],
"2WW1SS1SS4RW":[-0.001,-10,-10,0],
"2SS1SS3WW4WW":[-0.0005672,-10,-0.00086452,0.11312],
"1RW1SS1WW4WW":[0,-10,-10,-0.00150531],
"1SS1RW3WW1SS":[-10,0,-0.00151804,-10],
"1SS4WW2WW1RW":[-10,0,-0.00120418,-0.38],
"1SS3WW4WW1RG":[-10,-0.001,0,0],
"2WW4WW1SS3WW":[0.0504244,0.0232176,-10,0.025734],
"4WW1WW4RW1SS":[-0.0019995,-10,-0.003439,-10],
"4WW4WW4WW2WW":[-0.001,0,0,0],
"1SS4WW4GW2GW":[-10,0,-0.000302056,-0.001],
"4WW1SR4WW4WW":[-0.000410716,-10,0.114664,0.00250897],
"1WW3WW4RW1SS":[-10,-0.00207014,0,-10],
"4GW1SS3WW1GW":[5.2856e-05,-10,0,0],
"4WW1WW1SS4GW":[0.0384374,-10,-10,0.0153063],
"1SS2WW3WW4WW":[-10,0.00833136,0.0984124,0.428264],
"4GW1WW4WW1SS":[-0.00271,-10,-0.0019,-10],
"1SS2WW4GW1SS":[-10,0.00880075,0.00519115,-10],
"1SS1WW4GW1SS":[-10,-10,-0.0010995,-10],
"1SS4GW4WW1WW":[-10,-0.00514074,0.019431,-10],
"4WW2WW2SG1SS":[-0.001,0,0,-10],
"3WW4WW4GW4WW":[-0.0019995,-0.00277635,-0.00289905,-0.00147536],
"1SS1WW2GW4GW":[-10,-10,-0.001,0],
"1SS1SS4GW3WW":[-10,-10,-0.0010995,0],
"4WW4WW1SS4GW":[0.143153,-0.00345876,-10,0.00178588],
"4WW1GW3GW1SS":[0,1,0,-10],
"4WW2WW1SS4WW":[0.0407514,-0.000822415,-10,0.275468],
"4WW2WW4WW1SS":[0.0559267,0.13062,0.171023,-10],
"4RW2WW4WW1SS":[0,-0.001,0,-10],
"1SS1WW2GW4WW":[-10,-10,-0.001,0.0415212],
"4WW4WW3RW1SS":[-0.001,0.471246,0,-10],
"3WW1SS1SS4WW":[0.145003,-10,-10,0.0195542],
"4WW3GW1WW1SS":[-0.00144912,-0.0019995,-10,-10],
"4WW3GW4WW1SS":[0.0309321,0.195294,-0.00207014,-10],
"4WW2WW1WW1SS":[0.0184875,-0.00439407,-10,-10],
"2WW2GW4WW1SS":[0,-0.00189658,0.0402876,-10],
"4WW3WW1SR4WW":[-0.0019,-0.0012912,-10,0.0589985],
"3WW2GW1SS4WW":[-0.000622841,0.269785,-10,0],
"3WW1SS2SS4WW":[-0.0019,-10,0,0.0409339],
"1SS4WW1WW1GR":[-10,-0.00279955,-10,0],
"4WW1SR2GW3WW":[-0.000121907,-10,0,0],
"2WW4WW1SS4RW":[0.00348113,0,-10,0],
"3WW2RW1SG4WW":[0,-0.001,-10,0],
"1GW3WW1SS4WW":[4.09691,0.00138464,-10,0.0956821],
"1SS2SS1GW1WW":[-10,0.000529004,0,-10],
"4WW1WW1SS4WW":[0.217586,-10,-10,1.12879],
"4RW1SS1WW1WW":[-0.00264889,-10,-10,-10],
"1WW4RW4WW3WW":[-10,-0.001,-0.001,-0.001],
"1SS1WW4WW4RW":[-10,-10,0.0237342,-0.00149691],
"1SS2SS4WW1SS":[-10,0.0606223,0.0163446,-10],
"2WW1SS4GW1WW":[-0.001,-10,0,-10],
"4WW1SS1GR2WW":[-0.001,-10,0,0],
"1WW1SS2SS2RW":[-10,-10,0,-0.001],
"1SS2GW2WW2WW":[-10,0.0976,0,0],
"4WW1SS2GW3WW":[0.00230631,-10,0,-0.000556796],
"4WW1WW4WW1SR":[-0.00201818,-10,0.0317761,-10],
"2SS1SS3GW4WW":[-0.001,-10,0,0],
"4RW2SS1SS3WW":[-0.001,0,-10,0],
"1SS1SG2WW3WW":[-10,-10,-0.00132652,-0.001],
"1RW1SS2SS1WW":[-0.200189,-10,0,-10],
"1SS2WW2RW1SS":[-10,0.00262541,0,-10],
"2WW2WW1SS4WW":[-0.00225109,-0.001,-10,0.151227],
"2SS1SS1GW4WW":[0,-10,1,0],
"2WW2WW1SS4RW":[-0.001,0,-10,0],
"4WW4WW1SS4SS":[0.00158531,0.0030794,-10,0],
"3WW3WW4WW4WW":[-0.0028095,-0.001,-0.0019,0],
"4GW3WW1SS4WW":[-0.001,-0.000574006,-10,0.114222],
"3SS4WW3RW1SS":[-0.001,0,0,-10],
"1SS4GW3WW4WW":[-10,-0.00210218,0.044535,-0.0019995],
"1WW3WW1SS4GW":[-10,-0.00135454,-10,-0.00220593]
}
