AGENT_1640116180

CONFIG
{"EPISODES":100000,"SAMPLE_PER_REPLAY":2000,"MAX_STEPS":1000,"frame_time_ms":1,"board_x":10,"board_y":10,"alpha":0.1,"gamma":0.99,"epsilon":1,"epsilon_decay":0.999963,"epsilon_min":0.05,"statefn":"FIRST_AND_NEXT_NON_EMPTY","state_init":"INSTANT_DEATH","reward_advance":-0.5,"reward_green":100,"reward_red":-2,"reward_death":-10}

QTABLE
{
"0S0RSWGW":[64.3622,0,-10,0],
"0R0SGSSS":[68.0611,0,0,-10],
"SG0SSWRW":[-10,-1.04,-10,0],
"0GSWGW0S":[7.18533,-10,0,0],
"SWGR0WSG":[-10,75.7539,0,-10],
"SWSGSG0S":[-10,-10,-10,55.492],
"SW0GRSGS":[-10,73.0731,0,0],
"0WSG0RSW":[59.9692,-10,0,-10],
"GSSRGW0W":[72.9731,-10,0,0],
"SRGSSS0S":[-10,49.4089,-10,0],
"GSRSSSSW":[47.4611,0,-10,-10],
"SW0RGWGS":[-10,64.6214,0,0],
"SSSGGSSS":[-10,-10,39.8002,-10],
"SSWWRGGS":[-10,-10,71.7937,0],
"SR0SSG0W":[-10,30.1322,-10,0],
"0RGWGSSW":[67.3038,0,0,-10],
"SWSWSGGR":[-10,-10,-10,75.3957],
"RG0W0SSG":[70.8685,0,0,-10],
"RS0SSSGW":[65.4836,0,-10,0],
"GW0RSGSS":[63.243,0,-10,-10],
"GR0WGSSS":[0,65.3545,0,-10],
"SS0GRWSG":[-10,72.207,0,-10],
"WW0GSGRS":[-10,64.2605,-10,0],
"SS0SSRSG":[-10,-1.04,-10,-10],
"SS0SSG0G":[-10,-0.05,-10,0],
"GS0SSGSW":[38.9044,0,-10,-10],
"RSSSSSSG":[37.0452,-10,-10,-10],
"0SSWGSSR":[67.7632,-10,0,-10],
"0S0GSR0W":[64.744,0,-10,0],
"RSSS0SGS":[-1.19,-10,0,0],
"0WRSGSSS":[64.137,0,0,-10],
"SW0SRG0S":[-10,66.7219,0,0],
"GWRS0SSS":[66.8484,0,0,-10],
"GR0WSGSW":[75.3234,0,-10,-10],
"SWRG0SSG":[-10,64.028,0,-10],
"0SGSRGSS":[42.4224,0,0,-10],
"SS0GSR0W":[-10,33.41,-10,0],
"GG0SSRWW":[145.939,0,-10,-10],
"GS0GSWWW":[43.0572,0,-10,-10],
"GWSRSG0W":[76.1361,-10,-10,0],
"SWGSSWWW":[-10,9.01,-10,-10],
"SWGR0SGW":[-10,53.74,0,0],
"GGSS0W0S":[63.0844,-10,0,0],
"SG0SSSSG":[-10,36.663,-10,-10],
"0WSGGS0S":[65.5056,-10,0,0],
"SRSWGGSW":[-10,-10,76.5358,-10],
"RGSS0SSS":[51.6452,-10,0,-10],
"0SGSGRSS":[36.3281,0,0,-10],
"0RSSSGGW":[123.973,-10,-10,0],
"WWGSRSSS":[-10,32.0693,0,-10],
"SSGSRS0S":[-10,45.7594,0,0],
"SRGSGWSS":[-10,65.8066,0,-10],
"0WSSGSRS":[15.9083,-10,0,0],
"SSGG0SRS":[-10,83.6628,0,0],
"RSSW0GGS":[43.4975,-10,0,0],
"SGSS0SRS":[-10,-10,-1.04,0],
"SSGGSS0S":[-10,72.4788,-10,0],
"0S0W0SSR":[104.022,0,0,-10],
"WWRWGGSS":[-10,65.9207,0,-10],
"GG0SSSSS":[66.0854,0,-10,-10],
"0S0RSG0W":[62.2038,0,-10,0],
"GGSWSSRW":[74.5556,-10,-10,0],
"GR0SWWSS":[41.554,0,-10,-10],
"SWSSGSRG":[-10,-10,36.6935,0],
"0WGSRGSS":[0,64.2495,0,-10],
"SSGRSSSS":[-10,47.1912,-10,-10],
"SR0GSSSS":[-10,72.9257,-10,-10],
"SRSS0GSG":[-10,-10,70.8471,-10],
"RG0SSWGW":[72.318,0,-10,0],
"0SSGRSSW":[65.5874,-10,0,-10],
"0WRSGGSS":[66.1187,0,0,-10],
"0SSWSGRS":[29.7324,-10,-10,0],
"GSSSSG0S":[55.7732,-10,-10,0],
"GSSS0SRW":[75.8431,-10,0,0],
"RS0W0SSS":[60.0487,0,0,-10],
"GSSSRG0W":[67.8185,-10,0,0],
"SWRSSSSG":[-10,-1.19,-10,-10],
"GSGSSWSS":[0,60.8593,-10,-10],
"0SGWSGSS":[99.9794,0,-10,-10],
"GSSWRWGS":[32.6262,-10,0,0],
"SWGRGS0S":[-10,0,0,33.8661],
"SSGSRWSW":[-10,63.7046,0,-10],
"WWGWSWGR":[-10,74.9207,-10,0],
"GWGSRSSS":[75.492,0,0,-10],
"SGRSSSGS":[-10,-1.19,-10,0],
"SWWW0SGG":[-10,-10,67.4728,0],
"RSSSGG0W":[56.914,-10,0,0],
"SSRSGW0S":[-10,40.4443,0,0],
"0SRSSSGS":[51.8477,0,-10,0],
"GGRWSSSW":[81.9969,0,-10,-10],
"GSSW0RGS":[35.1703,-10,0,0],
"0SSSGS0R":[79.8732,-10,0,0],
"GSSGSS0S":[48.2481,-10,-10,0],
"RW0SSGSS":[112.155,0,-10,-10],
"SR0GGS0S":[-10,76.279,0,0],
"SWWW0RGG":[-10,-10,64.9443,0],
"SSSSRWSG":[-10,-10,46.9609,-10],
"0GSWWWSS":[63.8934,-10,-10,-10],
"SWRGSS0W":[-10,41.1364,-10,0],
"0GSWWWGS":[64.9899,-10,-10,0],
"0SGRSS0W":[130.462,0,-10,0],
"SSRSWW0G":[-10,-1.19,-10,0],
"SRSSSWGS":[-10,-10,-10,9.01],
"0SSSSRSG":[21.752,-10,-10,-10],
"RSGSSW0G":[120.551,0,-10,0],
"SR0WSWGS":[-10,121.751,-10,0],
"0SGSSSWW":[75.7562,0,-10,-10],
"SSGWGSRS":[-10,72.8918,0,0],
"SSGRSW0S":[-10,73.1821,-10,0],
"0SRW0SSG":[59.6218,0,0,-10],
"GSSWSGSW":[9.01,-10,-10,-10],
"0SSSRGGS":[22.9539,-10,0,0],
"0GSRSSSS":[72.0437,-10,-10,-10],
"SSRSSG0S":[-10,53.6954,-10,0],
"GG0R0SSS":[84.6517,0,0,-10],
"SSGS0WSG":[-10,64.2072,0,-10],
"WWSR0SGS":[-10,-10,90.8837,0],
"SSGRSWSW":[-10,15.6952,-10,-10],
"GW0S0GSS":[75.6441,0,0,-10],
"SWRS0SSG":[-10,55.9752,0,-10],
"GRSSSSSS":[71.3131,-10,-10,-10],
"0SGSSWGR":[64.81,0,-10,0],
"0G0SWWSR":[67.053,0,-10,-10],
"SSGSGR0W":[-10,80.904,0,0],
"SSRSSWSG":[-10,-1.19,-10,-10],
"SSSGSRGW":[-10,-10,-10,9.01],
"SGSSGS0S":[-10,-10,49.1091,0],
"0GRSSWSS":[122.885,0,-10,-10],
"SGGWSSSW":[-10,70.5534,-10,-10],
"SR0SSWGG":[-10,20.0551,-10,0],
"WWGRSGSS":[-10,74.8327,-10,-10],
"RSGSSSSS":[57.2865,0,-10,-10],
"RSSS0G0S":[138.256,-10,0,0],
"RGSS0W0S":[43.8801,-10,0,0],
"SSSSGWRS":[-10,-10,81.6961,0],
"SS0RGSSG":[-10,61.9664,0,-10],
"0RSSGWSS":[40.4056,-10,0,-10],
"RWSGSSSS":[165.435,-10,-10,-10],
"GSSWSSSG":[9.01,-10,-10,-10],
"RGWW0W0W":[-1,-10,0,0],
"0SSR0SWW":[69.7056,-10,0,-10],
"GWSRSS0G":[136.733,-10,-10,0],
"0SRWSWGS":[55.458,0,-10,0],
"0W0GGW0R":[126.278,0,0,0],
"0SSGSS0R":[111.662,-10,-10,0],
"0GSS0WRS":[43.864,-10,0,0],
"0GSS0G0S":[13.1923,-10,0,0],
"0WGSSWGR":[60.3525,0,-10,0],
"GSGWSWSR":[0,142.878,-10,-10],
"0SWWSSRG":[32.6484,-10,-10,0],
"RSGSWWSW":[44.835,0,-10,-10],
"RGGS0WSW":[69.7551,0,0,-10],
"0RSW0GSW":[44.6382,-10,0,-10],
"SWGSSW0G":[-10,31.7784,-10,0],
"0RSSGSGW":[66.2063,-10,0,0],
"GSSSRWGW":[73.936,-10,0,0],
"SSGSSW0S":[-10,132.856,-10,0],
"SWRS0GSS":[-10,97.0128,0,-10],
"0SRW0SSS":[148.537,0,0,-10],
"GG0SSR0W":[85.0659,0,-10,0],
"0WSR0GSS":[60.2939,-10,0,-10],
"RW0S0GSS":[63.8382,0,0,-10],
"GWRG0SSS":[73.8665,0,0,-10],
"GS0RSSSG":[48.4762,0,-10,-10],
"WWWWGGSR":[-10,-10,221.789,-10],
"GS0SSG0S":[145.145,0,-10,0],
"0GRS0GSS":[-0.05,0,0,-10],
"SS0RGSWW":[-10,77.3806,0,-10],
"WWRSSS0S":[-10,17.3017,-10,0],
"GSWWSSSG":[31.2712,-10,-10,-10],
"0SRSGWSW":[66.3011,0,0,-10],
"GSWW0SSR":[9.01,-10,0,-10],
"SSGW0S0R":[-10,10,0,0],
"SS0S0GSG":[-10,65.7266,0,-10],
"0GSSWWRS":[42.8152,-10,-10,0],
"GR0SWWSW":[63.3804,0,-10,-10],
"SSGWGRSW":[-10,145.667,0,-10],
"SGRG0WSW":[-10,71.1686,0,-10],
"SGSRSSSW":[-10,-10,-10,-10],
"SWGSGSSS":[-10,57.1126,0,-10],
"RWGSGSSW":[66.3849,0,0,-10],
"RG0SSW0S":[48.214,0,-10,0],
"RS0SSSSG":[91.4251,0,-10,-10],
"0R0SWWSG":[56.6924,0,-10,-10],
"0GGS0WSR":[69.1189,0,0,-10],
"RGSSSSGS":[0,-10,-10,67.1191],
"SSRSGS0S":[-10,40.7319,0,0],
"0SSRGWSS":[20.2886,-10,0,-10],
"0RSSGGSS":[5.81733,-10,0,-10],
"0GRS0WSS":[42.2459,0,0,-10],
"GRSW0SGW":[75.2147,-10,0,0],
"SR0GGSSS":[-10,55.0274,0,-10],
"SS0GRSWW":[-10,43.3129,0,-10],
"GSGRWWSW":[66.0135,0,-10,-10],
"0RGSGWSS":[3.78578,0,0,-10],
"RSSGSWSW":[56.479,-10,-10,-10],
"SS0S0RGG":[-10,129.018,0,0],
"GG0SRSSS":[70.2113,0,0,-10],
"SG0SSSGW":[-10,50.6324,-10,0],
"SS0SRSGW":[-10,67.8545,0,0],
"SR0S0GGW":[-10,119.801,0,0],
"SWGWGRWW":[-10,74.7446,0,-10],
"WW0SSG0S":[-10,45.1403,-10,0],
"0GGSSS0S":[44.7928,0,-10,0],
"0G0SSRSS":[-0.05,57.4194,-10,-10],
"RWSSGSSS":[61.8598,-10,0,-10],
"0W0SSR0S":[206.928,0,-10,0],
"RSSWWWGS":[28.8798,-10,-10,0],
"SSRSGWSS":[-10,60.7451,0,-10],
"RS0GSW0W":[59.996,0,-10,0],
"SRGWSWSS":[-10,70.5496,-10,-10],
"GS0GSW0R":[73.5899,0,-10,0],
"SSRWSSSG":[-10,35.3067,-10,-10],
"GSSRSWSS":[50.0685,-10,-10,-10],
"SSSS0SGR":[-10,-10,159.955,0],
"RGSGSSWW":[66.1007,-10,-10,-10],
"0S0GSWRW":[120.395,0,-10,0],
"SWSGSR0G":[-10,-10,-10,71.0078],
"0W0SRGSS":[57.918,0,0,-10],
"GSRGSSSW":[51.0732,0,-10,-10],
"SW0RGS0G":[-10,64.3238,0,0],
"0SGSRSSS":[25.7598,0,0,-10],
"RSSSSGSW":[60.276,-10,-10,-10],
"SWGRGSSW":[-10,71.3758,0,-10],
"0GGSSR0W":[69.4705,39.1784,-10,0],
"0GSSRSSW":[-0.05,-10,0,-10],
"SGSS0RGW":[-10,-10,64.0883,0],
"WWRS0GSS":[-10,62.4525,0,-10],
"0WGSGRSW":[123.969,0,0,-10],
"SGWW0SGS":[-10,-10,24.587,0],
"RSSWSSGS":[40.145,-10,-10,0],
"GRSS0WSS":[109.709,-10,0,-10],
"0SGSRSSW":[33.2233,0,0,-10],
"GS0RSSWW":[86.144,0,-10,-10],
"WWSSRG0S":[-10,-10,34.8486,0],
"SGSSRSWW":[-10,-10,17.4017,-10],
"GSSGSWSW":[37.8993,-10,-10,-10],
"0SRGGWSW":[66.9814,0,0,-10],
"GSSWSRSS":[43.1214,-10,-10,-10],
"SSRGGS0S":[-10,71.4473,0,0],
"SGSW0GRS":[-10,-10,75.3979,0],
"SSRWGSGS":[-10,62.978,0,0],
"0W0SSSRS":[73.1506,0,-10,0],
"SW0GSRSG":[-10,70.5388,-10,-10],
"SS0W0SGR":[-10,-0.05,0,0],
"0SSSSGGW":[109.864,-10,-10,0],
"SWGSSW0R":[-10,61.5568,-10,0],
"SSGWGSSS":[-10,209.083,67.8658,-10],
"GGRS0SSS":[83.0588,0,0,-10],
"RS0SGSSW":[88.1805,0,0,-10],
"0GSW0WRS":[187.093,-10,0,0],
"SRSG0G0W":[-10,-10,70.9527,0],
"SR0GGS0W":[-10,41.3266,0,0],
"SSGS0SSG":[-10,98.3432,0,-10],
"SSGSRG0W":[-10,74.1717,0,0],
"GSSSSSSR":[9.01,-10,-10,-10],
"SSGS0WRG":[-10,67.0499,0,0],
"SWWWGS0G":[-10,-10,40.3094,0],
"SR0SSWGS":[-10,-1.04,-10,0],
"SGSR0GSW":[-10,-10,74.0834,-10],
"0W0S0GSG":[65.3213,0,0,-10],
"SWSSRWGG":[-10,-10,120.763,0],
"GWRSSWSS":[76.1227,0,-10,-10],
"GWGWRSSS":[209.005,0,0,-10],
"0S0SSSGR":[170.291,0,-10,0],
"SS0GRS0S":[-10,131.528,0,0],
"0GSS0RSS":[69.499,-10,0,-10],
"RSSS0GSS":[31.8164,-10,0,-10],
"0G0SRWSS":[7.90735,0,0,-10],
"RS0SSGSS":[101.149,0,-10,-10],
"GSSS0GWW":[0,-10,62.2412,-10],
"0SSSGWSR":[53.0199,-10,0,-10],
"SS0SGSRG":[-10,79.0321,0,0],
"WWSRGS0G":[-10,-10,74.0848,0],
"SGGWSWSS":[-10,74.5504,-10,-10],
"SS0S0RGS":[-10,106.488,0,0],
"SSWWGSSR":[-10,-10,13.3578,-10],
"GSSSGSSW":[9.01,-10,0,-10],
"0RGWSWGS":[58.5188,0,-10,0],
"GRSW0SSW":[338.165,-10,0,-10],
"SGWW0RGS":[-10,-10,62.6686,0],
"0SSSSSGR":[147.645,-10,-10,0],
"GSSGSS0R":[74.3017,-10,-10,0],
"0SSGSG0W":[57.584,-10,-10,0],
"SSRS0WSG":[-10,117.305,0,-10],
"WWGS0GSS":[-10,76.9163,0,-10],
"GSSWGWSS":[9.01,-10,0,-10],
"SSSG0SRS":[-10,-10,52.5058,0],
"GS0SSWRG":[196.862,0,-10,0],
"RS0WSS0G":[59.0759,0,-10,0],
"SW0WSSGR":[-10,62.5273,-10,0],
"0S0GSSGW":[124.513,0,-10,0],
"WWSSRSGG":[-10,-10,173.192,0],
"RSGSSW0S":[32.1725,0,-10,0],
"GRWWSG0S":[192.367,-10,-10,0],
"GSSWSSGS":[9.01,-10,-10,0],
"0SSWRGGS":[26.0242,-10,0,0],
"SWSRSSSG":[-10,-10,-10,-10],
"GSGW0RSS":[63.11,0,0,-10],
"0GSWGSSW":[71.2993,-10,0,-10],
"0SGRSSWW":[62.0149,0,-10,-10],
"RSWW0GSG":[4.37925,-10,0,-10],
"GSSWRS0S":[42.4702,-10,0,0],
"SWSGGS0R":[-10,-10,62.9951,0],
"GW0S0RSS":[73.8271,0,0,-10],
"SSSWGSRS":[-10,-10,107.336,62.9679],
"SGSSSSSG":[-10,-10,-10,-10],
"RGSWSSGW":[140.594,-10,-10,0],
"SSSWGSGS":[-10,-10,9.01,0],
"0GGWSRSW":[71.9017,0,-10,-10],
"0S0GSS0R":[82.4251,0,-10,0],
"SGRS0SSS":[-10,143.408,38.4772,-10],
"SSSSSSGG":[-10,-10,-10,55.4987],
"0SSSGGSS":[21.729,-10,0,-10],
"GSRS0WSS":[14.0144,0,0,-10],
"SS0SRGGS":[-10,53.1459,0,0],
"0SGSSS0R":[284.609,0,-10,0],
"SSSSGSRW":[-10,-10,181.632,0],
"0RGWSSGS":[59.9338,0,-10,0],
"0SSSSGSR":[66.8239,-10,-10,-10],
"SSSSRSSS":[-10,-10,87.6967,-10],
"0WSWSGRS":[116.567,-10,-10,0],
"0S0WSWGG":[60.3451,0,-10,0],
"SGSR0GWW":[-10,-10,65.1361,-10],
"0RWWGSSS":[39.4913,-10,0,-10],
"0RSG0GSW":[62.1713,-10,0,-10],
"0GSR0WSW":[17.8031,-10,0,-10],
"GSSRSWGW":[65.9593,-10,-10,0],
"GSGW0SSS":[72.0645,0,0,-10],
"0GGS0RSS":[60.6635,0,0,-10],
"GWGRSWSS":[73.4936,0,-10,-10],
"SSSGSWSG":[-10,-10,-10,-10],
"SG0W0S0R":[-10,123.295,0,0],
"WWGRGWSS":[-10,256.198,0,-10],
"SWRSGS0G":[-10,47.4961,0,0],
"GS0RSSGW":[68.3061,0,-10,0],
"0WRGGSSS":[60.625,0,0,-10],
"SGSG0SRW":[-10,-10,64.9961,0],
"SSSSGWGR":[-10,-10,71.0986,0],
"0SRG0WSG":[62.8588,0,0,-10],
"GSSRSSSW":[42.3341,-10,-10,-10],
"SW0SGSRS":[-10,61.6708,0,0],
"RGGSSWWW":[70.6227,0,-10,-10],
"RSSWSG0S":[152.385,-10,-10,0],
"SWGW0SRS":[-10,142.197,0,0],
"RSGS0GSS":[46.0773,0,0,-10],
"SWSR0WGS":[-10,-10,61.5846,0],
"0WGSSSSR":[110.076,0,-10,-10],
"SW0SGR0S":[-10,112.514,0,0],
"0SGWSS0R":[63.6063,0,-10,0],
"SWGWGWSR":[-10,143.046,0,-10],
"SWGWSWRS":[-10,80.9453,-10,0],
"WWGSSSGW":[-10,22.9519,-10,0],
"GSWWSWSG":[17.119,-10,-10,-10],
"GWRWSG0S":[74.3274,0,-10,0],
"0RSS0GSW":[5.11057,-10,0,-10],
"SSSG0S0R":[-10,-10,86.1387,0],
"SSGRGS0S":[-10,136.767,0,0],
"WWSRSGGW":[-10,-10,-10,83.2121],
"GWGS0RSS":[72.8822,0,0,-10],
"0GSW0WSG":[18.7956,-10,0,-10],
"SWGG0WSR":[-10,225.489,0,-10],
"SSGSSSSR":[-10,36.0264,-10,-10],
"GW0SGSSS":[74.8667,0,0,-10],
"SWGRGWWW":[-10,73.8797,0,-10],
"SSSSSGRS":[-10,-10,-10,45.4885],
"SSGRWWGW":[-10,138.743,-10,0],
"GS0SSRSW":[38.6739,0,-10,-10],
"SSGSRGWW":[-10,79.816,0,-10],
"RSSW0GGW":[124.486,-10,0,0],
"0RWWGWSG":[35.5301,-10,0,-10],
"WWSSGSGR":[-10,-10,65.3452,0],
"SRSSGG0W":[-10,-10,84.9138,0],
"0SSSGSWW":[29.1523,-10,0,-10],
"SGSWWWGR":[-10,-10,-10,80.1582],
"0WSSSGRS":[32.9982,-10,-10,0],
"SS0SSSGR":[-10,33.3597,-10,0],
"GG0SSSRW":[504.057,0,-10,0],
"GSRWSWGS":[75.5938,0,-10,0],
"RS0SGWSW":[100.747,0,0,-10],
"0WRSSGGS":[63.5307,0,-10,0],
"GRGW0SSS":[205.894,0,0,-10],
"SG0GSSSS":[-10,55.1613,-10,-10],
"WWSS0RSW":[-10,-10,85.3371,-10],
"SS0SSR0G":[-10,26.5621,-10,0],
"RG0SSG0W":[72.9745,0,-10,0],
"WWWWRG0W":[-10,-10,-1,0],
"SRSWWWGS":[-10,-10,-10,73.077],
"RSGWGWSW":[221.438,0,0,-10],
"RS0GSSSS":[53.7259,0,-10,-10],
"SSGGSWSS":[-10,83.0269,-10,-10],
"0SGSGSSS":[38.2371,0,0,-10],
"GGSW0W0S":[35.0287,-10,0,0],
"SWGWRGSW":[-10,73.8213,0,-10],
"SW0G0RGS":[-10,137.682,0,0],
"RWSSSGSS":[112.873,-10,-10,-10],
"SSSWSGRS":[-10,-10,-10,61.4035],
"SSSWRGGW":[-10,-10,74.2609,0],
"RWSG0S0G":[52.4853,-10,0,0],
"0W0WGRGW":[59.2713,0,0,0],
"GGSSSS0S":[164.79,-10,-10,64.0875],
"RGSSSWGS":[72.04,-10,-10,0],
"SW0GSW0R":[-10,268.163,-10,0],
"RSSS0SSS":[5.42628,-10,0,-10],
"RWGSSWWW":[0,71.1892,-10,-10],
"SWGR0SSS":[-10,272.874,0,-10],
"0SSWRGSS":[20.7035,-10,0,-10],
"GSGSSS0S":[52.3279,0,-10,0],
"SWSGSR0S":[-10,-10,-10,-1.04],
"RGWWSSGW":[72.411,-10,-10,0],
"GS0WSWGR":[73.9808,0,-10,0],
"0WSWGG0S":[67.7609,-10,0,0],
"SGSWRS0S":[-10,-10,58.2428,0],
"0S0SSGSR":[34.0943,0,-10,-10],
"GR0SSS0S":[46.268,0,-10,0],
"0RGSWWSS":[64.0446,0,-10,-10],
"0SSSRS0G":[124.076,-10,0,0],
"GRSGSSWW":[74.0939,-10,-10,-10],
"SWWWRGSG":[-10,-10,187.106,-10],
"0SGSSG0S":[0,33.6574,-10,0],
"SWRS0SGS":[-10,47.4191,0,0],
"RS0GSG0S":[61.5971,0,-10,0],
"0GSWGS0R":[130.531,-10,0,0],
"SSSG0RSS":[-10,-10,143.608,-10],
"0GRSWWSS":[35.3252,0,-10,-10],
"GSSWSGSR":[72.7211,-10,-10,-10],
"SSGSSS0G":[-10,54.6672,-10,0],
"SSRWGWSG":[-10,63.3607,0,-10],
"0GRSWWSW":[103.708,0,-10,-10],
"SS0SGWRS":[-10,62.2545,0,0],
"SWSSGGSS":[-10,-10,10,-10],
"0SRG0SSS":[19.7921,0,0,-10],
"GS0RSWSG":[56.7927,0,-10,-10],
"WWSS0RSS":[-10,-10,158.185,-10],
"SRSW0SGS":[-10,-10,156.271,0],
"RGGSSS0W":[70.6974,0,-10,0],
"SW0RSG0W":[-10,23.7731,-10,0],
"SSGWSS0R":[-10,73.8433,-10,0],
"SW0RSSGW":[-10,-0.16781,-10,0],
"SSGW0SRS":[-10,0,0,24.9605],
"0S0WSRGS":[118.615,0,-10,0],
"GG0W0SSR":[81.9664,0,0,-10],
"GSSSSRWW":[9.01,-10,-10,-10],
"SSSGGSRW":[-10,-10,9.01,0],
"GS0SSSSG":[17.1247,0,-10,-10],
"0GRWSGWW":[198.505,0,-10,-10],
"0W0S0GSR":[63.6298,0,0,-10],
"GR0WSGWW":[73.123,0,-10,-10],
"WWSGGSRW":[-10,-10,143.388,0],
"SGSS0WRS":[-10,-10,55.8241,0],
"SS0GSS0W":[-10,330.599,-10,0],
"0G0S0WSG":[152.07,0,0,-10],
"0S0GSSSG":[106.121,0,-10,-10],
"SW0WSWGR":[-10,62.8528,-10,0],
"SW0R0SGS":[-10,233.117,0,0],
"WWRWSSGS":[-10,55.2276,-10,0],
"0WSSRSSG":[63.9749,-10,0,-10],
"SG0SSWRS":[-10,70.0354,-10,0],
"GG0S0SSS":[372.416,0,-0.05,-10],
"GGSSWWRW":[152.826,-10,-10,0],
"RSGGWWSW":[119.836,0,-10,-10],
"RW0GSGSS":[119.363,0,-10,-10],
"SWRSGSSW":[-10,-1.19,0,-10],
"SW0W0SGG":[-10,121.935,0,0],
"GG0WRSSS":[82.1805,0,0,-10],
"SW0GRSWW":[-10,213.782,0,-10],
"GWGSSWSS":[347.718,0,-10,-10],
"SS0WGSRG":[-10,121.009,0,0],
"0W0SRSSG":[64.6199,0,0,-10],
"SWSG0WGR":[-10,-10,123.729,0],
"RSSSGWSW":[50.9883,-10,0,-10],
"SSSWGWSG":[-10,-10,74.8631,-10],
"GSSWRWSS":[67.5705,-10,0,-10],
"RG0GSS0S":[70.4507,0,-10,0],
"GS0S0GSS":[44.0976,0,0,-10],
"GWRSSSSS":[175.561,0,-10,-10],
"SGRW0SSS":[-10,57.6733,0,-10],
"0R0S0GSS":[6.3996,0,0,-10],
"0R0GGSSS":[64.4637,0,189.364,-10],
"SGRW0S0S":[-10,169.682,0,0],
"SGGS0SSW":[-10,63.9232,0,-10],
"RS0W0GSG":[120.682,0,0,-10],
"0SSWGGSW":[-1.04,-10,155.469,-10],
"SRSS0SSG":[-10,-10,43.2149,-10],
"WWGGRSSS":[-10,82.764,0,-10],
"0SGSSRWW":[5.93704,0,-10,-10],
"SWSSRGGW":[-10,-10,72.4498,0],
"SSWWGS0R":[-10,-10,80.5818,0],
"SS0RSG0W":[-10,83.7624,-10,0],
"RSSG0SSS":[61.6783,-10,0,-10],
"SGRGWWSW":[-10,69.7575,-10,-10],
"SGSSRG0W":[-10,-10,75.122,0],
"SWGRGS0W":[-10,63.1536,0,0],
"0SGS0SSR":[30.475,0,0,-10],
"0S0GSS0G":[124.373,0,-10,0],
"RG0SSS0G":[64.5519,0,-10,0],
"RW0SSGGW":[63.7026,0,-10,0],
"0R0SGSSW":[-0.05,287.712,0,-10],
"SWSSSRGS":[-10,-10,-10,91.701],
"SWSG0RSG":[-10,-10,63.9187,-10],
"RSSWGG0S":[119.089,-10,0,0],
"GSRWSSSW":[250.37,0,-10,-10],
"GWWWGRSS":[58.8797,-10,0,-10],
"RGSW0W0S":[221.588,-10,0,0],
"SWGGSSSW":[-10,83.387,-10,-10],
"SSSWGRSW":[-10,-10,71.7905,-10],
"SSGR0S0S":[-10,75.9927,0,0],
"GRSWSSSG":[72.7176,-10,-10,-10],
"SW0GSG0R":[-10,72.4501,-10,0],
"0RGWSGSS":[0,202.124,-10,-10],
"RSSSSWSG":[54.4975,-10,-10,-10],
"0G0SSGSS":[192.647,0,-10,-10],
"RSSG0WSW":[54.8846,-10,0,-10],
"0SSS0GSR":[57.4586,-10,0,-10],
"0R0SSSGG":[89.3885,0,-10,0],
"SSWW0S0G":[-10,-10,341.782,30.1857],
"SWSWGSSR":[-10,-10,9.01,-10],
"SWWWGGRS":[-10,-10,155.637,0],
"GWRSSWSW":[141.35,0,-10,-10],
"SGSSSGSS":[-10,-10,-10,-10],
"GRSW0W0S":[123.031,-10,0,0],
"SS0WGRGS":[-10,0,0,73.9367],
"SGSS0SSG":[-10,-10,25.7608,-10],
"SS0G0SGS":[-10,59.845,0,0],
"0WSWGRSW":[63.9747,-10,0,-10],
"GSSRSS0S":[42.7075,-10,-10,0],
"SRWWGG0S":[-10,-10,152.212,0],
"SSSWSSGG":[-10,-10,-10,73.7775],
"RS0GWWSG":[172.759,0,-10,-10],
"SS0WSSRG":[-10,41.651,-10,0],
"RS0GSGSW":[-1.19,0,-10,-10],
"GSSG0WWW":[9.01,-10,0,-10],
"SSSS0RGG":[-10,-10,221.881,0],
"WWGSSRSS":[-10,28.1124,-10,-10],
"SSWWGRGW":[-10,-10,74.1461,0],
"GSSWGSSW":[0,-10,9.01,-10],
"GSWW0SSS":[9.01,-10,0,-10],
"RGSS0SWW":[199.124,-10,0,-10],
"SWRWSWGS":[-10,0,-10,37.4481],
"RSSG0W0G":[116.989,-10,0,0],
"GWSWGSSW":[129.022,-10,0,-10],
"SWRSGSSS":[-10,0,50.9733,-10],
"RS0SSS0G":[230.342,0,-10,0],
"SWSWGRSW":[-10,-10,138.348,-10],
"GR0WSSSG":[203.379,0,-10,-10],
"RGSSSS0G":[324.118,-10,-10,0],
"SW0RSWGS":[-10,171.667,-10,0],
"WWRWGWSG":[-10,60.7106,0,-10],
"GWSSSWGS":[75.1133,-10,-10,0],
"SGSSGRSW":[-10,-10,72.8765,-10],
"GWRGSSSW":[149.273,0,-10,-10],
"SGSW0SGS":[-10,-10,170.055,0],
"GGSWRS0W":[156.614,-10,0,0],
"SGSS0WGR":[-10,-10,218.681,0],
"SSSG0WSG":[-10,-10,119.713,-10],
"SSSGGRWW":[-10,-10,75.4849,-10],
"SSGWWWRS":[-10,358.18,-10,0],
"WW0GSSGS":[-10,59.3964,-10,0],
"SSRGGWSW":[-10,193.584,0,-10],
"RSSGSS0S":[141.878,-10,-10,0],
"SWRSGS0W":[-10,126.416,0,0],
"SSSRGS0S":[-10,-10,196.719,0],
"0GSS0SSG":[112.852,-10,0,-10],
"SGGSSWSS":[-10,97.6551,-10,-10],
"SWRS0SGG":[-10,10.6086,0,0],
"0SSRSSSG":[101.371,-10,-10,-10],
"0GSG0WSS":[28.6363,-10,0,-10],
"SS0WGS0R":[-10,594.905,0,0],
"GS0WRSSS":[57.408,0,0,-10],
"GSSW0WSG":[107.98,-10,0,-10],
"GRSS0SSS":[73.2077,-10,0,-10],
"RWGS0SSS":[0,607.133,-1.04,-10],
"SG0W0GRS":[-10,65.735,0,0],
"SGSR0SSS":[-10,-10,-1.04,-10],
"SWSRSWGG":[-10,-10,-10,73.3447],
"GS0WGRSW":[76.2303,0,0,-10],
"WWGS0RSS":[-10,131.828,0,-10],
"GSRSSS0G":[70.5555,0,-10,0],
"SSGGSSSS":[-10,30.1242,-10,-10],
"GWGW0SSR":[73.0731,0,0,-10],
"GWRSSWGW":[201.881,0,-10,0],
"GWSSSGRW":[79.5143,-10,-10,0],
"0SGGWWSR":[120.246,0,-10,-10],
"SS0GSW0R":[-10,47.3311,-10,-0.05],
"GWGRSSSW":[146.463,0,-10,-10],
"WW0S0GSW":[-10,224.538,0,-10],
"SWSGGSWW":[-10,-10,21.1599,-10],
"GS0WSSGS":[285.632,0,-10,0],
"SGWW0GRW":[-10,-10,71.8701,0],
"GWSSSRGW":[198.579,-10,-10,0],
"GS0SSWSR":[101.798,0,-10,-10],
"GS0R0SSW":[9.01,0,0,-10],
"SSSGGR0W":[-10,-10,141.939,0],
"0GRWSG0S":[140.405,0,-10,0],
"GWSW0RGS":[75.9011,-10,0,0],
"GW0WSGSR":[130.817,0,-10,-10],
"WW0SSR0S":[-10,29.0813,-10,0],
"SRWWWWGS":[-10,-10,-10,9.01],
"RGSSSSSS":[51.7533,-10,-10,-10],
"SW0SSGRS":[-10,-1.04,-10,0],
"RW0SSS0S":[120.462,0,-10,0],
"RWGWSGSS":[167.209,0,-10,-10],
"WWSWGSRG":[-10,-10,74.4019,0],
"SWSGRSSW":[-10,-10,62.29,-10],
"0WRS0GSW":[118.014,0,0,-10],
"0WSWGGSW":[62.5193,-10,0,-10],
"SGSWSWGS":[-10,-10,-10,9.01],
"SS0WSGGS":[-10,62.9249,-10,0],
"SSRS0SGW":[-10,40.3631,0,0],
"SGSSGW0R":[-10,-10,71.5146,0],
"SW0GSW0G":[-10,205.048,-10,0],
"RGWWSWSG":[192.562,-10,-10,-10],
"0SSWGSGS":[64.2482,-10,0,0],
"GSGW0RSW":[73.4147,0,0,-10],
"SWGS0SSR":[-10,94.9325,0,-10],
"SW0GSS0R":[-10,110.088,-10,0],
"SGSSSGSR":[-10,-10,-10,-10],
"0S0SSSGG":[134.178,0,-10,0],
"SWGRGWSS":[-10,72.7153,0,-10],
"GR0WSWGS":[194.845,0,-10,0],
"0S0R0GSG":[121.173,0,0,-10],
"RGSW0SGW":[198.121,-10,0,0],
"RGSSSS0S":[134.938,-10,-10,0],
"GRSS0S0S":[144.786,-10,0,0],
"GWSSSR0G":[200.862,-10,-10,0],
"0RGGSS0S":[167.851,0,-10,0],
"GRGSSSWW":[70.925,0,-10,-10],
"GSRGSWSW":[67.6619,0,-10,-10],
"SWSWGSRS":[-10,-10,89.3906,0],
"RGSSWW0S":[63.3336,-10,-10,0],
"WW0SSSGS":[-10,43.0429,-10,0],
"0S0R0SSG":[163.342,0,0,-10],
"GSRWSS0G":[73.533,0,-10,0],
"GSSWGR0W":[114.828,-10,0,0],
"WWGS0SSR":[-10,28.9647,0,-10],
"0WSSGSRG":[62.1544,-10,0,0],
"SSRSGGWW":[-10,64.9508,0,-10],
"SWGSGRSS":[-10,84.5291,0,-10],
"SWGRGWSW":[-10,67.7718,0,-10],
"RSGWSS0S":[173.97,0,-10,0],
"0WSSSGGR":[116.634,-10,-10,0],
"SS0GGSWW":[-10,44.1136,0,-10],
"GRGWSSWW":[259.491,0,-10,-10],
"0SSWGRGS":[70.4766,-10,0,0],
"SSSW0SRG":[-10,-10,198.591,0],
"SR0SWW0S":[-10,-1.04,-10,0],
"RGGWSS0S":[0,69.8061,-10,0],
"GWSSRSSS":[27.2871,-10,0,-10],
"SSSG0SSG":[-10,-10,61.9015,-10],
"0SGSSS0S":[239.835,0,-10,79.4997],
"GS0GSWRS":[69.3087,0,-10,0],
"GW0SRSSS":[73.6822,0,0,-10],
"GSSW0RSW":[59.481,-10,0,-10],
"0S0GGWSR":[123.42,0,0,-10],
"SSSG0SSR":[-10,-10,69.9641,-10],
"GSSGSWRW":[135.947,-10,-10,0],
"0GSWRSGS":[57.6304,-10,0,0],
"SG0RWWSG":[-10,61.5173,-10,-10],
"SSRW0SSG":[-10,69.3616,0,-10],
"RGSW0S0S":[617.716,-10,0,0],
"SWSGWWRS":[-10,-10,-10,13.8914],
"GS0GRWSW":[0,0,297.936,-10],
"0SSSGWRS":[0,-10,0,62.2857],
"0GGS0WSW":[342.371,0,0,-10],
"SSRWGWGS":[-10,0,0,124.995],
"SG0SSWWW":[-10,79.6039,-10,-10],
"GS0WSS0G":[530.496,63.6928,-10,0],
"GWSGRWWW":[73.2115,-10,0,-10],
"GS0S0RSS":[9.89704,0,0,-10],
"SSGWGSSW":[-10,250.033,0,-10],
"GR0WSGSS":[49.8801,0,-10,-10],
"SWRSSS0G":[-10,-1.19,-10,0],
"SWSGRSSS":[-10,-10,35.1519,-10],
"SSSG0SRW":[-10,-10,117.693,0],
"RWGWGSSS":[60.9669,0,0,-10],
"GSRGSW0S":[104.693,0,-10,0],
"SRSWGGWW":[-10,-10,82.6269,-10],
"0GWW0R0W":[-0.05,-10,0,0],
"0GWWRW0W":[-0.05,-10,0,0],
"RGWWGWSW":[32.8327,-10,0,-10],
"GGRSSS0W":[495.474,63.3689,-10,0],
"SS0S0GRS":[-10,136.837,0,0],
"GWRWSWGS":[71.9376,0,-10,0],
"SSSGRS0S":[-10,-10,43.5119,0],
"SSGWSW0G":[-10,74.1707,-10,0],
"SW0SRWGG":[-10,33.7463,0,0],
"0SSS0SRG":[109.025,-10,0,0],
"0RSSWWGS":[59.9804,-10,-10,0],
"GSWWSSSR":[45.1276,-10,-10,-10],
"SRGS0SSW":[-10,154.974,0,-10],
"SW0GGS0W":[-10,-0.05,390.7,0],
"GGSSRS0W":[155.527,-10,0,0],
"0WSGGSSW":[62.3466,-10,0,-10],
"RWSSGS0S":[63.0438,-10,0,0],
"RGGWSSSW":[197.578,0,-10,-10],
"SW0RSWWW":[-10,60.7459,-10,-10],
"SS0GSWWW":[-10,47.8455,-10,-10],
"SSGSGSSW":[-10,77.3837,0,-10],
"0S0G0SSG":[0,13.0587,0,-10],
"SS0G0S0G":[-10,-0.05,63.6021,0],
"SSGRGSSS":[-10,74.1392,0,-10],
"SS0RSWWW":[-10,76.0619,-10,-10],
"RWSWGS0S":[177.673,-10,0,0],
"SWWWGS0R":[-10,-10,50.2256,0],
"0S0SRSSW":[20.845,192.798,0,-10],
"SS0WSG0R":[-10,40.2939,-10,0],
"0SSSSRGS":[64.1466,-10,-10,0],
"RWSG0SSS":[61.3216,-10,0,-10],
"SGSRWWGW":[-10,-10,-10,67.985],
"SSGWWWGR":[-10,197.628,-10,0],
"SWRWGG0S":[-10,255.786,0,0],
"SRSSGSSW":[-10,-10,90.3346,-10],
"0SSWSGGS":[36.6334,-10,-10,0],
"0GSG0W0S":[142.074,-10,0,0],
"GSWWSGSR":[9.01,-10,-10,-10],
"GWSSGW0R":[0,-10,0,225.628],
"SR0SSS0G":[-10,66.5338,-10,0],
"RWSSGSGS":[117.474,-10,0,0],
"SG0S0SRS":[-10,22.8409,0,0],
"0GRS0WSW":[160.507,0,0,-10],
"GWSS0G0S":[79.2032,-10,0,0],
"0SRSSW0S":[178.84,0,-10,0],
"GWSWSRGS":[0,-10,-10,69.8041],
"RSSSGS0W":[60.7242,-10,0,0],
"RSWWSW0G":[18.3118,-10,-10,0],
"SWGSRGSW":[-10,62.2292,0,-10],
"0SRGSSSS":[0,68.8959,-10,-10],
"0SRSSS0S":[261.498,0,-10,0],
"GSRWWWSS":[517.372,0,-10,-10],
"SW0WSSRG":[-10,72.577,-10,0],
"SS0SGSSG":[-10,13.1999,0,-10],
"0WSWGSRS":[0,-10,51.2529,114.777],
"0GSRSSGW":[69.7987,-10,-10,240.287],
"0WGWSWRG":[258.258,0,-10,0],
"0SSRSG0S":[28.1381,-10,-10,0],
"SSGSSWWW":[-10,9.01,-10,-10],
"SG0SRSWW":[-10,37.0228,0,-10],
"SWSRGS0S":[-10,-10,73.7973,0],
"GWRWSSSG":[146.111,64.4591,-10,-10],
"WW0GGWSR":[-10,138.909,0,-10],
"GR0SSSSS":[98.638,0,-10,-10],
"0WGSGSSS":[452.187,0,0,-10],
"0S0SGWSR":[103.438,0,0,-10],
"0WSSGSSS":[64.8223,-10,0,-10],
"GSWW0RSS":[13.4617,-10,0,-10],
"0G0S0GSS":[188.483,0,0,-10],
"SWGWGWRS":[-10,187.888,0,0],
"GSSWSWGW":[282.067,-10,-10,0],
"SSGWGRSS":[-10,260.361,0,-10],
"0G0GRSSW":[475.783,0,0,-10],
"SSSR0SSG":[-10,-10,36.8153,-10],
"SGSGSW0S":[-10,-10,-10,52.3421],
"GWGSSSSW":[352.125,0,-10,-10],
"SWWWGSRS":[-10,-10,63.3249,0],
"SSGSGS0S":[-10,160.823,0,0],
"SSWWSR0S":[-10,-10,-10,27.1994],
"GR0SSG0W":[0,0,-10,62.8973],
"GSGR0WSW":[47.6731,0,0,-10],
"0WGSSS0S":[200.102,0,-10,0],
"SSSSGGRW":[-10,-10,0,63.6181],
"SG0RSW0W":[-10,59.9914,-10,0],
"SSSWGSGW":[-10,-10,343.519,0],
"GGSS0SSS":[83.0622,-10,0,-10],
"0GGS0RSW":[-0.05,135.874,0,-10],
"0GSW0SRG":[139.158,-10,0,0],
"WWSS0R0S":[-10,-10,168.17,0],
"SSSWGWRS":[-10,-10,72.6058,0],
"0S0SSRGW":[54.3704,0,-10,0],
"GSSSSR0S":[153.641,-10,-10,0],
"0GSS0R0S":[-0.05,-10,57.826,0],
"SGSW0SRS":[-10,-10,25.3747,0],
"0S0GSG0W":[278.316,0,-10,0],
"WWSSRSGS":[-10,-10,84.9099,0],
"0WGS0SSG":[65.3508,0,0,-10],
"0SSGSWRW":[354.414,-10,-10,0],
"0S0GSWGW":[205.922,0,-10,0],
"GWGSSSRW":[245.629,0,-10,0],
"SS0S0GGS":[-10,82.9002,0,38.171],
"0SSSGS0W":[304.642,-10,0,0],
"GWSWGRSS":[72.2516,-10,0,-10],
"RSSS0S0S":[201.714,-10,0,0],
"RGSGSW0W":[64.3014,-10,-10,0],
"WWGR0G0W":[-10,72.191,0,0],
"SWSSSSGS":[-10,-10,-10,227.045],
"SRSGSS0S":[-10,-10,-10,62.274],
"SSRSSSSS":[-10,50.5848,-10,-10],
"GWGS0SSS":[675.046,0,0,-10],
"0G0S0RSW":[297.526,0,0,-10],
"GW0SSRSG":[74.6125,0,-10,-10],
"SGGR0W0S":[-10,0,60.8885,0],
"SS0G0GRS":[-10,622.299,68.6034,0],
"SSRSWWGW":[-10,7.78135,-10,0],
"SG0RGWSW":[-10,120.29,0,-10],
"WW0SGGSW":[-10,61.0298,106.027,-10],
"SSRSGSSW":[-10,88.1479,0,-10],
"SWGSSSGW":[-10,25.3081,-10,0],
"0W0SSGSR":[65.1474,0,-10,-10],
"SSSSGRSW":[-10,-10,106.71,-10],
"0GRS0SSS":[290.992,0,0,-10],
"WWRSSG0G":[-10,-1.19,-10,0],
"0SRS0GSS":[141.887,0,0,-10],
"RS0WGGSS":[0,115.258,0,-10],
"SSSSSWRS":[-10,-10,-10,141.041],
"GSGWSW0R":[116.478,0,-10,0],
"GWSW0R0S":[0,-10,0,164.839],
"0GSWGS0S":[-0.05,-10,188.953,0],
"SS0SWWGS":[-10,75.8962,-10,0],
"SRGSSW0S":[-10,60.4179,-10,0],
"0GSSRSSS":[101.649,-10,0,-10],
"SWRSGW0G":[-10,59.5537,0,0],
"0S0SSSRG":[0,167.115,-10,0],
"GSSS0WGS":[373.599,-10,0,0],
"SSGR0SSW":[-10,0,97.3754,-10],
"SS0SSWGR":[-10,97.7046,-10,0],
"SW0GWWGS":[-10,61.3872,-10,0],
"SSWWGGRS":[-10,-10,223.054,0],
"SW0SGGSS":[-10,206.651,0,-10],
"GSSW0SSS":[164.886,-10,0,-10],
"0SGG0SSW":[0,0,28.9027,-10],
"GSGS0WSS":[175.193,0,63.7416,-10],
"SG0GSWSS":[-10,194.436,-10,-10],
"SGGS0R0W":[-10,33.6977,0,0],
"SSGSSRSW":[-10,41.6415,-10,-10],
"SW0S0G0S":[-10,482.507,7.80436,13.6002],
"GGSW0S0R":[158.983,-10,0,0],
"0SGW0SSS":[221.161,0,0,-10],
"SSGS0G0S":[-10,151.059,0,0],
"SGGSRSSS":[-10,35.8944,0,-10],
"GSSW0GWW":[23.6017,-10,0,-10],
"0SGSGWSW":[30.1216,0,416.026,-10],
"SW0GRS0S":[-10,328.528,0,0],
"0S0RSSGS":[128.549,0,-10,0],
"GSSS0S0S":[257.979,-10,119.006,27.3054],
"SGSRSW0S":[-10,-10,-10,49.5994],
"0SSW0S0R":[33.2073,-10,190.712,-0.05],
"0GSWRSGW":[137.299,-10,62.0398,0],
"SS0G0SRS":[-10,169.138,0,0],
"SWSS0GRG":[-10,-10,293.457,0],
"0GSG0SSS":[0,-10,-1.04,-10],
"SS0GSSRS":[-10,73.9628,-10,0],
"0SGS0WSR":[51.7866,0,0,-10],
"GWSS0SSW":[674.554,-10,-1.04,-10],
"SSRWGS0S":[-10,60.1071,565.219,0],
"0RSG0SSS":[288.814,-10,0,-10],
"RGSWSWWW":[519.278,-10,-10,-10],
"SW0SSR0W":[-10,5.07361,-10,642.684],
"GSWW0WSW":[242.871,-10,120.598,-10],
"SRSSSSGW":[-10,-10,-10,67.2268],
"SS0RGW0G":[-10,240.246,746.308,324.004],
"SGGR0WWW":[-10,0,62.8069,-10],
"0W0RSSGS":[555.382,76.9656,-10,0],
"RGSGSWWW":[251.11,-10,-10,-10],
"0S0R0WSG":[607.446,198.884,194.308,-10],
"WWSSRGGW":[-10,-10,124.705,642.266],
"WW0GSWRG":[-10,5.96935,-10,153.722],
"SWGW0WGS":[-10,638.86,61.7305,117.071],
"SWWW0W0W":[-10,-10,684.445,660.08],
"SSSRSS0W":[-10,-10,-10,416.023],
"SS0W0GSR":[-10,630.354,693.017,-10],
"GW0WSRSS":[715.712,389.101,-10,-10],
"GW0WSSGS":[123.691,156.083,-10,697.477],
"WW0W0RWW":[-10,169.635,59.8971,-10],
"0W0WSWGW":[654.068,606.954,-10,769.385],
"SWSSSW0R":[-10,-10,-10,596.807],
"RWWWGGSW":[0,-10,153.384,-10],
"SGSS0WRW":[-10,-10,164.021,586.276],
"0RSWGWGW":[0,-10,68.0608,545.378],
"SSWWGWSS":[-10,-10,677.067,-10],
"SS0SSWGW":[-10,-1.976,-10,715.051],
"RSSSSS0S":[292.175,-10,-10,0],
"SGSW0WRS":[-10,-10,0,219.992],
"0GWW0SSS":[723.791,-10,155.363,-10],
"0WRS0GSS":[65.4935,0,0,-10],
"SGSSWWGS":[-10,-10,-10,17.119],
"0WSG0G0R":[443.4,-10,179.733,154.674],
"SWRW0G0G":[-10,623.306,126.046,87.1395],
"0G0GWWWW":[30.0128,52.8222,-10,-10],
"0WGWSS0R":[613.806,738.027,-10,531.892],
"SGSSGR0W":[-10,-10,0,103.605],
"WWSWRSGG":[-10,-10,118.672,0],
"SWSSSWSG":[-10,-10,-10,-10],
"RGSS0W0G":[291.375,-10,464.498,742.526],
"WWGGSW0S":[-10,121.849,-10,12.4498],
"0G0RSSGS":[284.698,60.4681,-10,0],
"0RSGWW0G":[244.33,-10,-10,0],
"0R0WGSSW":[559.366,104.396,44.1291,-10],
"WWSWRSSW":[-10,-10,82.6701,-10],
"SSWW0RGG":[-10,-10,169.448,0],
"SW0RSSSG":[-10,413.437,-10,-10],
"0WSG0SGS":[119.972,-10,0,0],
"0GSRGWWW":[72.8146,-10,309.487,-10],
"SS0W0R0W":[-10,665.619,642.036,648.188],
"SSWW0GGS":[-10,-10,155.917,737.943],
"0SSRSS0G":[0,-10,-10,71.6869],
"RS0WSSSG":[-1.19,55.7507,-10,-10],
"0GGRSS0S":[366.089,0,-10,0],
"SWGR0G0W":[-10,603.626,216.271,171.411],
"SS0RGGWW":[-10,297.843,839.952,-10],
"0RGW0WSG":[363.782,138.332,76.6176,-10],
"0G0GSSSR":[342.185,0,-10,-10],
"0W0RSW0G":[677.509,520.166,-10,661.206],
"SSSGWWSW":[-10,-10,-10,-10],
"0RSGSWSG":[55.45,-10,-10,-10],
"WW0SSS0G":[-10,111.041,-10,736.089],
"SSSR0WSS":[-10,-10,616.866,-10],
"SS0WSSGS":[-10,279.001,-10,0],
"SSRG0W0S":[-10,70.085,664.174,161.461],
"SWSSGG0R":[-10,-10,371.104,0],
"SS0WGWSG":[-10,211.595,747.054,-10],
"GWWWSS0S":[600.374,-10,-10,625.214],
"SSSW0WGS":[-10,-10,658.284,592.008],
"SGGSWW0W":[-10,17.119,-10,221.864],
"SSSWSWSR":[-10,-10,-10,-10],
"SW0WGWWW":[-10,645.136,761.321,-10],
"SGSW0WRG":[-10,-10,28.9367,0],
"GRGWWWSS":[548.3,140.86,-10,-10],
"0WSWGS0R":[233.024,-10,152.104,596.312],
"SW0SGGSR":[-10,37.4705,0,-10],
"GW0SSWSW":[744.07,308.891,-10,-10],
"SSGWSSRS":[-10,75.0697,-10,0],
"SGSSSW0R":[-10,-10,-10,114.564],
"0S0SSSWW":[513.836,314.972,-10,-10],
"GWGWSW0W":[743.448,579.055,-10,467.397],
"SS0RWWGG":[-10,-0.05,-10,464.454],
"WWSWRG0G":[-10,-10,585.425,0],
"SSSW0GRG":[-10,-10,393.503,0],
"0S0RSWSS":[454.728,624.38,-10,-10],
"SW0WGG0S":[-10,504.797,823.068,471.321],
"0S0G0WSR":[274.029,218.858,657.689,-10],
"SSGW0WRS":[-10,730.947,146.015,101.003],
"0SSSSRWW":[49.8017,-10,-10,-10],
"WWGR0WSW":[-10,760.478,432.871,-10],
"0G0WSRSG":[18.139,195.476,-10,-10],
"WW0W0WSR":[-10,673.147,656.515,-10],
"SWSW0SSW":[-10,-10,493.758,-10],
"SWSR0SSW":[-10,-10,442.486,-10],
"0S0GSW0S":[526.768,728.257,-10,262.168],
"GWSSSSRG":[133.2,-10,-10,0],
"GW0R0W0W":[182.153,24.5713,34.9679,0],
"0WRGSSGW":[102.664,136.617,-10,406.317],
"RW0WSGSS":[602.207,185.447,-10,-10],
"GSSWWWWW":[203.891,-10,-10,-10],
"SSSG0G0W":[-10,-10,722.552,458.338],
"RW0G0WSG":[15.902,351.838,0,-10],
"SWWWGWGR":[-10,-10,205.562,0],
"GWRWSW0S":[749.334,199.002,-10,134.558],
"0WRG0W0W":[101.66,-2.71,0.824641,58.4979],
"SGSWSR0W":[-10,-10,-10,319.331],
"SSWW0GGR":[-10,-10,234.776,727.703],
"SGWWWWRS":[-10,-10,-10,41.1619],
"SWSGRSWW":[-10,-10,19.1167,-10],
"SR0G0WSG":[-10,93.4541,12.6223,-10],
"SWRWGG0W":[-10,16.9945,76.1643,383.503],
"0WSSRWWW":[635.24,-10,499.147,-10],
"0SGSSRSW":[200.501,0,-10,-10],
"0WGW0WRW":[0,0,0,-1],
"RW0WWWWW":[-1,0,-10,-10],
"GWSSSR0W":[731.997,-10,-10,315.632],
"RS0G0WSS":[578.653,726.265,534.27,-10],
"SS0G0R0W":[-10,736.143,631.731,605.815],
"SW0G0R0G":[-10,149.52,454.982,69.8764],
"0W0WSGRS":[68.531,205.904,-10,582.331],
"0GSRSW0S":[417.205,-10,-10,0],
"GGSSWWWW":[798.105,-10,-10,-10],
"RWSWSSSW":[601.274,-10,-10,-10],
"GW0W0SSR":[732.456,170.87,72.7493,-10],
"SSSSSW0G":[-10,-10,-10,654.797],
"RW0G0GSW":[154.884,717.062,0,-10],
"0W0SSSSS":[623.177,525.711,-10,-10],
"0GSW0GSW":[-0.05,-10,0,-10],
"GWWW0R0W":[0,-10,0,55.4613],
"0SSGSWSR":[-1.04,-10,-10,-10],
"SW0WGWGR":[-10,76.9819,0,582.641],
"SR0WGSSS":[-10,0,15.0888,-10],
"0W0RSS0G":[665.079,547.84,-10,626.384],
"WWSGSSRW":[-10,-10,-10,218.106],
"SG0WRWSG":[-10,0,16.4292,-10],
"RWWWSW0S":[566.191,-10,-10,618.525],
"WWWWSS0S":[-10,-10,-10,157.345],
"SSGG0WSS":[-10,376.389,645.519,-10],
"0WGRSWGW":[157.599,0,-10,0],
"0WSSSWSW":[639.606,-10,-10,-10],
"0W0GSSGR":[64.4941,522.436,-10,0],
"SG0W0WSW":[-10,657.076,618.397,-10],
"0SWWSW0S":[260.703,-10,-10,314.498],
"0SSW0WRS":[173.921,-10,178.667,641.16],
"SSSRGS0G":[-10,-10,73.3953,0],
"WWSSRSGW":[-10,-10,26.9639,673.07],
"GS0R0GSW":[72.9593,0,0,-10],
"RW0WSG0S":[29.8605,687.991,-10,101.639],
"GRSS0SGW":[256.256,-10,0,0],
"GGSWSSWW":[821.068,-10,-10,-10],
"GRWWSS0G":[706.284,-10,-10,268.95],
"0GSSSGRW":[94.2527,-10,-10,0],
"GWSG0WRW":[0,-10,62.0543,132.109],
"RS0W0WSG":[80.5005,161.386,629.768,-10],
"SSWWWWGS":[-10,-10,-10,338.783],
"SSSWRWSW":[-10,-10,618.161,-10],
"WW0RSWGW":[-10,65.8647,-10,697.869],
"SSSSSR0W":[-10,-10,-10,610.601],
"SW0SRG0W":[-10,192.298,109.044,652.291],
"0WSG0R0G":[211.759,-10,461.617,0],
"0S0S0WSG":[295.489,416.423,725.466,-10],
"0SGW0GSW":[252.528,360.79,738.113,-10],
"GSSW0WWW":[92.1994,-10,574.375,-10],
"WWSWSGGR":[-10,-10,-10,66.6075],
"GRSSSWWW":[713.694,-10,-10,-10],
"GWSSSS0S":[587.471,-10,-10,61.007],
"0W0SSSSR":[640.809,258.736,-10,-10],
"0GSWGWWW":[382.757,-10,676.017,-10],
"SWWWSGSG":[-10,-10,-10,-10],
"SS0SRS0G":[-10,18.1271,0,0],
"0WGGRWSW":[16.8985,494.686,0,-10],
"0RSGGW0W":[42.7651,-10,366.041,38.6261],
"SS0S0WSS":[-10,616.703,472.523,-10],
"0WSRGW0G":[21.9404,-10,319.956,0],
"0S0RGGSW":[110.432,0,0,-10],
"0S0GWWSG":[625.458,532.913,-10,-10],
"0SSSRSWW":[61.6596,-10,0,-10],
"0RGWSWSS":[276.883,759.122,-10,-10],
"SGSRWWSW":[-10,-10,-10,-10],
"SWSWSG0R":[-10,-10,-10,595.15],
"0SSGSRWW":[2.15648,-10,-10,-10],
"SGGW0SSS":[-10,136.289,0,-10],
"0G0SSWSR":[0,419.765,-10,-10],
"WW0G0WRW":[-10,0,10.4018,0],
"SSSWWWGG":[-10,-10,-10,820.041],
"SW0S0GGW":[-10,316.399,724.03,603.316],
"SSGGWWRW":[-10,0,-10,409.74],
"SWWWRGSW":[-10,-10,608.492,-10],
"0GRGSWWW":[440.331,0,-10,-10],
"WW0SSWRG":[-10,-1.976,-10,370.899],
"SS0GSW0S":[-10,710.241,-10,30.7434],
"0WWWRW0G":[10.407,-10,0,0],
"SGSGSWSW":[-10,-10,-10,-10],
"0RWWSGSS":[386.398,-10,-10,-10],
"WWWWGWSW":[-10,-10,711.967,-10],
"SGWWWWGW":[-10,-10,-10,326.825],
"0W0GRSSW":[416.103,721.007,528.094,-10],
"0W0SSSSW":[663.856,573.005,-10,-10],
"0W0WRSSG":[613.431,199.347,253.014,-10],
"0SSR0GWW":[0.840023,-10,491.373,-10],
"GW0WSSSR":[372.8,651.501,-10,-10],
"0WRGSG0W":[62.8863,434.248,-10,55.2265],
"SWSS0G0S":[-10,-10,633.277,310.924],
"WWSWSGSS":[-10,-10,-10,-10],
"GR0W0WSG":[0,211.843,0,-10],
"0G0GSRSW":[651.9,224.442,-10,-10],
"0WGG0WSW":[634.691,834.942,617.198,-10],
"0SSSGG0W":[261.745,-10,827.376,82.9729],
"SGWW0SSR":[-10,-10,58.3715,-10],
"0G0WSSRG":[407.284,312.037,-10,732.826],
"SWSRSGSW":[-10,-10,-10,-10],
"GW0WSWSS":[747.928,639.837,-10,-10],
"SWSWWWSR":[-10,-10,-10,-10],
"0SSRSSGW":[99.4402,-10,-10,0],
"SRSSWWGW":[-10,-10,-10,732.266],
"SWGSSR0S":[-10,75.197,-10,0],
"SGWWSSSW":[-10,-10,-10,-10],
"SRSSGW0W":[-10,-10,731.534,236.923],
"SS0WSWSR":[-10,614.63,-10,-10],
"SR0WSWSW":[-10,642.092,-10,-10],
"SW0WWWGS":[-10,611.436,-10,52.0498],
"0S0G0RSS":[530.577,721.53,629.604,-10],
"WWGG0SSS":[-10,849.148,455.167,-10],
"SSGR0WSS":[-10,707.736,172.949,-10],
"0WWWSSSR":[548.903,-10,-10,-10],
"0S0GSWSS":[502.428,688.034,-10,-10],
"0SSG0G0R":[0,-10,0,45.6795],
"0SSSGW0S":[74.9203,-10,275.362,630.625],
"SW0SGW0R":[-10,320.636,753.461,160.015],
"0SSSSWSW":[323.376,-10,-10,-10],
"GS0GSSWW":[86.6208,0,-10,-10],
"SWSRWWWW":[-10,-10,-10,-10],
"RSSS0WSS":[60.4607,-10,559.248,-10],
"0WWWSGSW":[584.271,-10,-10,-10],
"GWSWSSSS":[694.747,-10,-10,-10],
"SGSGWWWW":[-10,-10,-10,-10],
"SS0W0SSR":[-10,79.3735,470.775,-10],
"0SSWGWGS":[266.034,-10,0,0],
"SS0RWWGS":[-10,183.286,-10,0],
"SW0WGR0G":[-10,73.7527,96.0881,680.853],
"GWWWSSSW":[652.448,-10,-10,-10],
"SSGWGWSW":[-10,738.374,347.413,-10],
"0SGS0RSS":[0,0,582.18,-10],
"0WRW0SSS":[531.943,648.271,472.683,-10],
"0WWWGWSS":[549.058,-10,641.787,-10],
"SGGW0WSS":[-10,736.359,143.551,-10],
"0SSSRS0S":[-1.04,-10,170.522,0],
"SW0R0GGW":[-10,70.9882,724.138,373.277],
"SWSS0R0S":[-10,-10,530.644,419.347],
"SWGG0R0W":[-10,371.112,80.7207,0],
"SRGS0G0W":[-10,0,112.851,0],
"SWSGSGSW":[-10,-10,-10,-10],
"SR0W0GSS":[-10,416.141,734.482,-10],
"RGWWSW0W":[488.25,-10,-10,646.588],
"0GSR0SWW":[650.765,-10,39.7064,-10],
"GRSW0S0G":[74.5343,-10,0,464.348],
"WW0W0WGR":[-10,0,10.5811,18.647],
"0GSWRS0W":[472.531,-10,534.393,432.098],
"SSSRSWGW":[-10,-10,-10,523.305],
"0SSRGWWW":[12.0485,-10,396.133,-10],
"SW0G0WRS":[-10,728.944,258.126,173.899],
"SW0WSR0S":[-10,646.671,-10,47.4183],
"SRSWSG0G":[-10,-10,-10,64.2694],
"WWGGRWSW":[-10,239.868,0,-10],
"SSSRSSWW":[-10,-10,-10,-10],
"0GSWSR0W":[608.25,-10,-10,649.174],
"SSWW0R0G":[-10,-10,653.412,704.899],
"RSGSGWSW":[40.9004,0,0,-10],
"GRWWWWSS":[723.403,-10,-10,-10],
"GW0SSSGS":[67.6304,0,-10,0],
"SWGS0G0W":[-10,326.336,725.423,326.099],
"0WSR0SGW":[80.2063,-10,68.0673,676.245],
"SWSSGRGW":[-10,-10,203.074,0],
"GWWWSSSS":[634.951,-10,-10,-10],
"0WGSSRSW":[598.337,0,-10,-10],
"RGSWWW0G":[562.226,-10,-10,0],
"0SSR0W0S":[191.181,-10,298.063,609.478],
"SWWW0R0G":[-10,-10,583.356,700.295],
"WW0WSSGR":[-10,413.339,-10,728.219],
"0SSS0GWW":[153.672,-10,718.045,-10],
"0WRWSW0G":[665.646,527.366,-10,536.059],
"SGSWGW0W":[-10,-10,331.001,621.731],
"SGWWRW0S":[-10,-10,155.295,631.449],
"0W0SSWSR":[635.65,448.924,-10,-10],
"SSWWWWGG":[-10,-10,-10,828.282],
"SWGWWWSG":[-10,549.843,-10,-10],
"SWGWWW0S":[-10,741.754,-10,81.0108],
"RGWWSW0S":[387.753,-10,-10,621.649],
"SG0WWWSS":[-10,547.129,-10,-10],
"SS0GSW0W":[-10,397.66,-10,0],
"WWGWSSGW":[-10,682.829,-10,297.119],
"0RSSSSWW":[648.316,-10,-10,-10],
"SSGWWWSS":[-10,679.544,-10,-10],
"SSRGWWSW":[-10,690.586,-10,-10],
"WW0R0WGG":[-10,0,0,12.7511],
"SS0SWW0S":[-10,149.846,-10,-1.976],
"SGSWSWSS":[-10,-10,-10,-10],
"SWSWWWGG":[-10,-10,-10,630.932],
"RW0GSS0W":[538.816,718.861,-10,605.075],
"GWSS0G0R":[296.866,-10,0,35.5173],
"RWSWSWWW":[640.211,-10,-10,-10],
"0GWW0GSS":[675.288,-10,436.016,-10],
"GW0SSSSR":[65.6508,0,-10,-10],
"SW0S0WSS":[-10,521.464,631.839,-10],
"0SSS0SSS":[141.947,-10,280.466,-10],
"0GSW0S0S":[714.958,-10,326.421,543.113],
"SW0GGWSS":[-10,734.833,508.417,-10],
"SW0S0SRW":[-10,58.7142,609.005,236.845],
"WW0SSGWW":[-10,124.199,-10,-10],
"0GRWSWGW":[106.078,39.9127,-10,518.145],
"WWSG0S0G":[-10,-10,401.6,703.506],
"GWWWSWRS":[664.484,-10,-10,188.442],
"WWSG0RGW":[-10,-10,118.654,664.784],
"RSSSSW0W":[214.894,-10,-10,647.129],
"GWSSRWWW":[316.938,-10,590.416,-10],
"0G0GSW0W":[739.764,688.632,-10,625.911],
"WWSWGS0S":[-10,-10,0,134.715],
"SWSRGWGW":[-10,-10,273.949,0],
"SWGRWWSS":[-10,653.908,-10,-10],
"GWSS0WGR":[709.709,-10,89.3469,195.204],
"GWGWSS0S":[345.747,736.936,-10,72.2296],
"SG0S0G0W":[-10,157.656,305.56,625.324],
"SRWW0W0S":[-10,-10,528.636,641.05],
"WW0GSGSS":[-10,719.14,-10,-10],
"SW0WGGWW":[-10,551.888,830.74,-10],
"RWSSSW0W":[591.581,-10,-10,664.758],
"0SRSSSSW":[322.371,0,-10,-10],
"0SSR0W0G":[215.592,-10,256.066,720.634],
"GR0SSW0W":[482.248,497.901,-10,653.841],
"SRWW0WGG":[-10,-10,0,166.694],
"0GSGSWRW":[121.51,-10,-10,412.302],
"RWSSSWSS":[425.632,-10,-10,-10],
"GW0GSWSS":[540.406,717.301,-10,-10],
"0S0WRWSG":[139.797,56.5787,515.91,-10],
"GRGW0WSW":[448.059,64.2178,54.3252,-10],
"0SRG0GSW":[0,0,253.945,-10],
"0R0G0SSS":[617.609,733.319,458.886,-10],
"SGSWSW0W":[-10,-10,-10,644.668],
"RWSSSGWW":[384.439,-10,-10,-10],
"SWSSWWRG":[-10,-10,-10,723.151],
"SSRW0WSG":[-10,601.938,235.645,-10],
"SGWW0GSW":[-10,-10,530.432,-10],
"SG0SSSWW":[-10,87.0413,-10,-10],
"GW0WGWSS":[403.984,408.386,740.43,-10],
"SR0SSS0W":[-10,46.184,-10,629.128],
"0GSWRW0G":[47.8333,-10,217.522,693.017],
"SGWWRWSS":[-10,-10,472.096,-10],
"SW0GSRSW":[-10,594.764,-10,-10],
"WW0R0WWW":[-10,4.78403,62.9548,-10],
"SRSGSW0G":[-10,-10,-10,70.118],
"WWSW0GRS":[-10,-10,108.046,0],
"WWSGRW0W":[-10,-10,457.936,165.711],
"SWRG0WWW":[-10,479.151,635.83,-10],
"0WGWRSSS":[197.131,288.126,641.782,-10],
"GS0SRWSS":[0,0,59.0787,-10],
"SGRSSW0W":[-10,41.641,-10,0],
"RW0WSGGW":[0,203.326,-10,0],
"SW0WGWSR":[-10,657.024,424.758,-10],
"SR0WSGSW":[-10,392.882,-10,-10],
"0W0WSSWW":[666.002,667.041,-10,-10],
"SWRW0WGS":[-10,488.56,34.3232,9.01],
"WWRGSSWW":[-10,722.033,-10,-10],
"0GRG0WSW":[0,284.362,69.9863,-10],
"SW0RSWSG":[-10,448.774,-10,-10],
"SW0GRGSS":[-10,186.42,0,-10],
"WWSWGWGW":[-10,-10,653.504,158.552],
"RW0W0W0G":[-1.9,180.251,33.444,41.0105],
"GRWW0SSS":[50.5995,-10,0,-10],
"SWSG0S0G":[-10,-10,483.879,0],
"SWSWRG0W":[-10,-10,504.64,629.715],
"0WGWSRSS":[297.333,745.758,-10,-10],
"0S0WRWSS":[419.498,620.602,563.744,-10],
"SWSWGG0S":[-10,-10,427.606,0],
"0SSR0WSW":[92.4043,-10,657.653,-10],
"0W0WSGSS":[530.33,633.593,-10,-10],
"0G0WSWRS":[707.204,648.721,-10,597.253],
"RSSG0SSW":[-1.19,-10,-1.04,-10],
"SSWWSGSS":[-10,-10,-10,-10],
"0SWW0SSG":[-1.04,-10,34.3682,-10],
"SW0WGRGW":[-10,91.7793,465.033,28.0137],
"SSSWGGSW":[-10,-10,274.76,-10],
"WW0SSS0R":[-10,65.2505,-10,630.019],
"0SSW0RGG":[460.797,-10,108.733,85.3268],
"0SSG0WSS":[42.3836,-10,579.06,-10],
"SS0W0R0G":[-10,618.691,616.183,720.797],
"SWWWSSGS":[-10,-10,-10,17.119],
"SGRWGW0W":[-10,0,128.897,0],
"SG0SRW0W":[-10,62.711,13.1479,595.64],
"SSWWGWRW":[-10,-10,776.798,413.98],
"0WWW0R0W":[65.5417,-10,70.9784,185.955],
"SGRWWWSW":[-10,522.461,-10,-10],
"SWRSSW0S":[-10,-1.19,-10,145.2],
"SG0WRG0W":[-10,126.98,0,0],
"SS0R0SSW":[-10,326.475,522.2,-10],
"0G0WSR0S":[350.395,644.279,-10,288.317],
"GSSW0WSR":[74.5129,-10,0,-10],
"WW0GSRSS":[-10,721.349,-10,-10],
"0SSWRSSS":[-2.0165,-10,196.386,-10],
"SS0S0WGR":[-10,643.112,64.9896,164.597],
"SW0S0RGW":[-10,60.9044,240.01,758.619],
"0W0WSGRG":[236.64,0,-10,74.0225],
"0SWWWWSS":[178.784,-10,-10,-10],
"GWSSGWWW":[684.685,-10,176.704,-10],
"WW0SSWSR":[-10,28.981,-10,-10],
"0WGWSSRS":[627.192,0,-10,0],
"0WWWSSRG":[652.191,-10,-10,718.997],
"RWWW0SSG":[282.283,-10,39.3736,-10],
"SSGS0GSS":[-10,387.78,71.0169,-10],
"SG0W0SSW":[-10,494.771,526.112,-10],
"0WRGGWSW":[80.8234,142.262,25.8302,-10],
"WWSRSSSS":[-10,-10,-10,-10],
"0WGSSGSW":[345.869,70.1491,-10,-10],
"WW0SRGSS":[-10,62.4183,0,-10],
"0WGWRSSW":[301.292,750.12,61.022,-10],
"SSRSSWSW":[-10,311.66,-10,-10],
"WWGW0GSW":[-10,671.783,722.263,-10],
"0S0WSSSG":[230.091,424.929,-10,-10],
"SGSSWW0R":[-10,-10,-10,623.116],
"SW0W0S0R":[-10,649.088,91.9418,168.301],
"GW0WSR0G":[562.981,0,-10,134.822],
"SWSG0R0G":[-10,-10,248.863,0],
"0GSWRSSS":[219.956,-10,0,-10],
"GWRW0W0W":[0,0,0,16.9633],
"WWSSSWGW":[-10,-10,-10,570.79],
"SWWW0S0S":[-10,-10,277.689,320.981],
"WW0G0W0R":[-10,0,47.8625,2.83282],
"SSSS0W0S":[-10,-10,585.015,554.799],
"WWSS0GGR":[-10,-10,132.261,738.073],
"0WSGWWGW":[226.171,-10,-10,640.341],
"SW0SGRSS":[-10,262.767,0,-10],
"RWSWSWSW":[645.391,-10,-10,-10],
"SGSS0GSS":[-10,-10,216.814,-10],
"0W0SSS0R":[657.153,530.15,-10,604.717],
"RWSWSWGW":[139.125,-10,-10,688.679],
"GWSWWW0G":[743.267,-10,-10,254.427],
"WW0W0RSS":[-10,679.161,631.057,-10],
"0WGSSGSS":[0,419.194,-10,-10],
"GWSRSWWW":[644.218,-10,-10,-10],
"GRSS0W0G":[308.043,-10,61.6641,738.698],
"SSSG0WSW":[-10,-10,646.919,-10],
"GW0SSS0R":[750.667,419.199,-10,332.608],
"0S0RSSWW":[366.183,0,-10,-10],
"RW0WSGSW":[644.119,221.573,-10,-10],
"0WSWRSWW":[648.919,-10,126.799,-10],
"GW0R0WWW":[22.2155,-0.05,10.402,-10],
"RW0GGWSW":[0,0,390.628,-10],
"GWWWGWSR":[0,-10,161.537,-10],
"0SSWSRSS":[362.322,-10,-10,-10],
"SSWW0GSR":[-10,-10,718.09,-10],
"SS0S0RGW":[-10,526.27,0,0],
"WWRSSSSG":[-10,-1.19,-10,-10],
"RS0SSWGW":[205.798,16.8029,-10,0],
"SS0G0R0G":[-10,84.297,62.6812,307.47],
"GG0SSW0W":[822.858,596.111,-10,452.858],
"SWRWSGSS":[-10,244.099,-10,-10],
"SGSS0RSS":[-10,-10,38.1281,-10],
"GWGWSW0S":[724.795,165.679,-10,242.226],
"SWGSGSSW":[-10,38.0646,0,-10],
"0RWW0SSG":[486.273,-10,-1.976,-10],
"0WGWSRSG":[0,94.9758,-10,-10],
"0WSGSRWW":[499.354,-10,-10,-10],
"0GSS0WGR":[723.132,-10,281.762,256.493],
"0R0SSWSS":[529.91,296.965,-10,-10],
"SRSWSW0G":[-10,-10,-10,640.112],
"SWGG0W0R":[-10,35.3543,26.0486,266.408],
"0W0RGGSS":[0,407.26,0,-10],
"SR0G0SSS":[-10,172.651,56.106,-10],
"0GGWSSSS":[580.199,739.611,-10,-10],
"SSGRWWWW":[-10,725.665,-10,-10],
"SR0SSW0G":[-10,-1.04,-10,248.97],
"0SSWSWSW":[457.776,-10,-10,-10],
"SWRW0S0G":[-10,178.196,0,0],
"SWRWGW0S":[-10,202.904,199.132,543.524],
"WW0WSW0G":[-10,623.801,-10,687.75],
"0R0WSGGW":[261.984,12.1511,-10,0],
"RWWW0WSG":[611.435,-10,330.047,-10],
"0WSS0GRG":[62.5794,-10,228.105,716.935],
"SWSSSR0G":[-10,-10,-10,546.014],
"SWSWSRSS":[-10,-10,-10,-10],
"RG0WSSSS":[701.933,213.165,-10,-10],
"0WSS0WRG":[599.319,-10,559.235,741.36],
"0WGSRSSW":[250.342,0,0,-10],
"WWGWSSRW":[-10,671.904,-10,241.97],
"SWSGGRWW":[-10,-10,133.509,-10],
"0WSS0G0W":[637.611,-10,729.218,661.744],
"SS0G0RGW":[-10,50.4009,391.059,0],
"GSRG0WSW":[29.8247,0,0,-10],
"SSGSSW0W":[-10,264.468,-10,0],
"0R0W0G0W":[27.5016,175.168,5.46733,67.6778],
"0WGWWWSG":[648.246,498.231,-10,-10],
"RSGGWWSS":[63.894,0,-10,-10],
"GR0W0WWW":[0,0,3.26005,-10],
"SS0G0RSG":[-10,61.4345,119.024,-10],
"SW0SGSSS":[-10,441.055,0,-10],
"SGSRWW0W":[-10,-10,-10,389.739],
"SWWWSS0R":[-10,-10,-10,210.328],
"WW0W0WSG":[-10,640.428,658.767,-10],
"RG0WSWSS":[451.34,648.654,-10,-10],
"SWSGRWGW":[-10,-10,0,18.0486],
"0GRGSWSW":[70.1046,259.412,-10,-10],
"GW0WSRSG":[0,43.9512,-10,-10],
"WW0WRGSW":[-10,658.316,486.217,-10],
"0GSSGRWW":[12.3964,-10,251.835,-10],
"0S0WSG0S":[612.277,490.693,-10,260.019],
"0GSG0W0R":[38.8541,-10,287.738,57.9984],
"WWSS0SSS":[-10,-10,98.0964,-10],
"0W0W0GSS":[641.421,667.148,720.53,-10],
"0SSS0WSS":[255.464,-10,554.152,-10],
"WWGRSSSS":[-10,683.441,-10,-10],
"SWSW0GRW":[-10,-10,710.903,508.106],
"0S0SSWSW":[488.078,372.74,-10,-10],
"RWGWWWSS":[659.915,580.398,-10,-10],
"SG0GWWSR":[-10,65.9376,-10,-10],
"SWSSGWGW":[-10,-10,697.682,223.145],
"RW0WWWSW":[564.712,653.689,-10,-10],
"GWGR0WSW":[26.5909,301.492,75.6867,-10],
"SWRW0G0W":[-10,583.512,741.11,587.789],
"GRSSSW0G":[373.22,-10,-10,150.39],
"GG0W0RSS":[38.6438,146.26,459.756,-10],
"SS0W0RSG":[-10,272.94,651.051,-10],
"SSSGSGWW":[-10,-10,-10,-10],
"RG0W0GSS":[566.021,61.6463,69.4063,-10],
"RW0GSS0G":[420.027,24.2143,-10,110.917],
"SW0W0GRS":[-10,547.432,725.683,525.94],
"0SSGWW0R":[411.209,-10,-10,207.957],
"SWSSGS0W":[-10,-10,507.488,642.845],
"WWSSGR0W":[-10,-10,719.04,598.233],
"SSGW0WSS":[-10,750.014,615.745,-10],
"WWSWSRSS":[-10,-10,-10,-10],
"WWRW0GSW":[-10,489.921,710.318,-10],
"SW0SSW0G":[-10,13.2383,-10,716.336],
"0SSG0WRW":[549.499,-10,45.6722,119.08],
"SGRWSW0S":[-10,133.533,-10,0],
"0WWWSSGS":[593.872,-10,-10,725.844],
"0SSW0GGW":[315.305,-10,737.975,383.876],
"0WSWSGWW":[637.977,-10,-10,-10],
"RSSGSW0G":[58.9924,-10,-10,0],
"WWSS0SRW":[-10,-10,640.92,576.892],
"SGGWRWSW":[-10,169.051,0,-10],
"GWSWSWRG":[187.825,-10,-10,0],
"SRWWWW0S":[-10,-10,-10,74.3789],
"SW0GSWRS":[-10,356.283,-10,0],
"0WRGSW0G":[375.807,123.06,-10,71.7089],
"SWSSSW0G":[-10,-10,-10,592.297],
"0SWWSS0S":[224.399,-10,-10,240.157],
"SG0WWWGR":[-10,30.0252,-10,247.602],
"0SSSSW0G":[543.451,-10,-10,685.958],
"SWWWWWGR":[-10,-10,-10,520.693],
"RGSWWWWW":[622.097,-10,-10,-10],
"0SSWWWGS":[329.363,-10,-10,62.0465],
"0GSW0SWW":[749.433,-10,122.629,-10],
"GSSRWWWW":[9.01,-10,-10,-10],
"SGGWRW0S":[-10,0,42.4438,0],
"GSSSWW0S":[182.619,-10,-10,0],
"GGRWSS0W":[839.598,63.6886,-10,236.525],
"RWWWSWGW":[0,-10,-10,475.138],
"WWRSSW0W":[-10,81.588,-10,652.128],
"SSSW0WGG":[-10,-10,510.222,820.768],
"GWRG0WSW":[0,186.852,0,-10],
"RWWWSWSW":[621.047,-10,-10,-10],
"RW0WSG0G":[237.212,0,-10,46.521],
"RGSSSW0W":[721.689,-10,-10,359.349],
"SGSSWW0G":[-10,-10,-10,707.844],
"SSSW0R0G":[-10,-10,596.585,726.451],
"0GSWSSSG":[413.29,-10,-10,-10],
"0GSS0SRW":[0,-10,372.319,61.9853],
"WWWWSWGS":[-10,-10,-10,134.823],
"WWSSGS0R":[-10,-10,706.695,232.222],
"0WSSSWRG":[499.895,-10,-10,730.086],
"SSSWGRGW":[-10,-10,211.922,0],
"SW0WSS0G":[-10,432.646,-10,0],
"SG0GWWSW":[-10,677.002,-10,-10],
"0RSSSSSS":[437.861,-10,-10,-10],
"WWSWGS0G":[-10,-10,681.821,358.532],
"SW0GGRWW":[-10,281.95,0,-10],
"SWRSSGSS":[-10,25.0851,-10,-10],
"RSSSWW0W":[602.449,-10,-10,559.895],
"SSRWGWSW":[-10,87.388,708.074,-10],
"SG0SSWSW":[-10,536.871,-10,-10],
"SWRG0WSW":[-10,361.638,643.549,-10],
"0RSW0WSW":[370.192,-10,0,-10],
"SGSWWWSW":[-10,-10,-10,-10],
"WWSRSS0G":[-10,-10,-10,707.481],
"SWSWSSSG":[-10,-10,-10,-10],
"0GRWSSSW":[711.995,215.87,-10,-10],
"0GGRSSSS":[296.441,0,-10,-10],
"SS0RGS0W":[-10,323.468,70.2636,0],
"GRWW0GSW":[0,-10,90.8158,-10],
"WWSSSR0S":[-10,-10,-10,68.7155],
"SSSRWW0S":[-10,-10,-10,67.8134],
"0WGSSWSG":[69.7602,0,-10,-10],
"0W0GSSSR":[636.14,440.089,-10,-10],
"RG0SSW0W":[346.213,219.759,-10,656.515],
"WWRWSGSS":[-10,560.696,-10,-10],
"GGSSSSSS":[147.833,-10,-10,-10],
"SWSRWWSG":[-10,-10,-10,-10],
"SWSWWW0G":[-10,-10,-10,649.306],
"SS0GWWSG":[-10,703.14,-10,-10],
"SWSWSSSR":[-10,-10,-10,-10],
"SR0WSSSG":[-10,174.463,-10,-10],
"0GSWSSGR":[232.927,-10,-10,0],
"WW0RSSSG":[-10,324.978,-10,-10],
"RG0GSWSW":[64.9362,380.181,-10,-10],
"GSSWWWGW":[0,-10,-10,485.369],
"SRWWGW0W":[-10,-10,772.821,283.791],
"0R0WSWGG":[38.503,0,-10,362.859],
"SW0RWW0W":[-10,528.579,-10,489.481],
"GSSSSW0W":[551.349,-10,-10,618.787],
"SGRWWW0S":[-10,173.677,-10,33.0022],
"0GGR0SSW":[476.182,71.6758,0,-10],
"0R0G0SSW":[637.44,700.452,503.216,-10],
"SSSW0GSR":[-10,-10,393.473,-10],
"RWSSSGSW":[387.797,-10,-10,-10],
"0WSSSS0S":[597.887,-10,-10,514.617],
"WWGWSRSW":[-10,720.647,-10,-10],
"0S0RGWSS":[62.087,603.171,74.4964,-10],
"0SSSSWWW":[167.897,-10,-10,-10],
"0WSW0R0G":[647.978,-10,619.023,732.267],
"0SSWSWSS":[317.147,-10,-10,-10],
"SSSWRG0W":[-10,-10,225.209,637.429],
"0RSWSWSG":[561.421,-10,-10,-10],
"0S0GWWSR":[306.848,693.469,-10,-10],
"GW0G0RSS":[744.556,398.021,414.309,-10],
"GG0WSRSW":[279.531,0,-10,-10],
"0GSRSGWW":[289.995,-10,-10,-10],
"GWSWSSRG":[53.273,-10,-10,0],
"SG0W0W0R":[-10,573.098,666.057,552.156],
"RW0SSGSW":[367.17,0,-10,-10],
"SSSSSWSS":[-10,-10,-10,-10],
"RW0WSS0S":[652.073,511.742,-10,575.829],
"RW0GSSWW":[593.023,718.348,-10,-10],
"0GWWSG0R":[693.695,-10,-10,76.9996],
"SS0WSG0S":[-10,614.065,-10,42.7753],
"0WSGWW0G":[627.658,-10,-10,365.346],
"SWSGWWRW":[-10,-10,-10,414.154],
"SWGS0WSW":[-10,621.294,551.667,-10],
"0RGW0WSW":[613.538,771.215,615.108,-10],
"SWWWRS0S":[-10,-10,294.507,43.5914],
"0R0G0WWW":[25.5403,59.5582,15.3827,-10],
"WWSW0RGG":[-10,-10,474.06,16.576],
"0S0G0WSS":[619.187,733.006,652.984,-10],
"SS0R0G0G":[-10,445.039,737.925,362.326],
"0R0SSWSW":[621.022,522.625,-10,-10],
"SWSWSWRW":[-10,-10,-10,635.654],
"0WGRSS0G":[423.562,56.0109,-10,40.9118],
"0WWWSWSW":[563.608,-10,-10,-10],
"SS0W0W0R":[-10,631.924,631.253,663.75],
"0WSSSRSG":[297.15,-10,-10,-10],
"0GSW0GSS":[179.523,-10,0,-10],
"SSRGWWGW":[-10,0,-10,184.085],
"0RSW0SSW":[624.263,-10,4.6962,-10],
"SWWWGSSR":[-10,-10,35.664,-10],
"0W0W0R0G":[114.682,122.94,142.654,244.999],
"SWSRSS0W":[-10,-10,-10,642.192],
"0RSW0SWW":[666.8,-10,144.885,-10],
"0WSSSSRW":[627.463,-10,-10,550.444],
"WWSG0S0R":[-10,-10,519.967,168.215],
"0SSS0WRW":[494.178,-10,391.823,655.66],
"0WGSSSWW":[595.036,755.255,-10,-10],
"0W0WSRGG":[405.346,104.886,-10,48.3691],
"WWWWRGSS":[-10,-10,729.525,-10],
"0W0SSG0G":[618.096,59.0767,-10,260.277],
"0SSS0SGS":[394.68,-10,0,0],
"0W0WGSSS":[629.105,628.352,728.281,-10],
"0RSSSS0G":[315.941,-10,-10,717.943],
"SG0WGRSW":[-10,94.2479,0,-10],
"GWWW0RSW":[674.601,-10,193.642,-10],
"0SSS0GSW":[71.3259,-10,700.464,-10],
"SSSGSSWW":[-10,-10,-10,-10],
"0RSG0GWW":[24.1661,-10,120.233,-10],
"0R0S0SSW":[448.74,599.463,221.622,-10],
"0GSS0S0R":[124.371,-10,110.099,572.783],
"SS0SRGSW":[-10,429.137,0,-10],
"GW0WWWSS":[756.564,645.259,-10,-10],
"0WRWSG0G":[292.435,51.7502,-10,49.0198],
"SGWW0WSW":[-10,-10,642.367,-10],
"GGWW0W0W":[19.5703,-10,1.33812,39.2122],
"SW0WGWSG":[-10,362.933,708.188,-10],
"SGSSWWSS":[-10,-10,-10,-10],
"WW0RSW0G":[-10,257.076,-10,638.653],
"0W0G0WRW":[32.9016,0.903389,88.433,-2.71],
"SR0G0G0W":[-10,188.144,530.973,202.74],
"GWWWGWSW":[621.531,-10,292.214,-10],
"SWSSSRSW":[-10,-10,-10,-10],
"SS0WRWGS":[-10,117.149,0,0],
"WWRWGGSW":[-10,86.6935,0,-10],
"WW0WSWRS":[-10,663.79,-10,148.469],
"0W0GWW0R":[36.523,1.74113,-10,-0.05],
"RGWWSG0W":[18.5667,-10,-10,0],
"WWSW0SSS":[-10,-10,274.547,-10],
"WWSWSSRG":[-10,-10,-10,669.245],
"0WSWRWGG":[596.334,-10,63.5456,20.1544],
"0SSS0RWW":[133.416,-10,617.279,-10],
"SWRS0WSG":[-10,148.399,6.26845,-10],
"SWGR0WSS":[-10,490.57,642.179,-10],
"SG0S0W0S":[-10,63.544,0,0],
"0GSG0W0W":[716.726,-10,582.021,576.084],
"GRWWGWSW":[0,-10,99.1854,-10],
"RWWW0SSS":[172.985,-10,26.5225,-10],
"0G0WRGSS":[622.334,42.9652,0,-10],
"0WRS0SSW":[668.848,331.582,125.974,-10],
"0S0S0GSW":[235.532,549.075,729.523,-10],
"RSSS0S0G":[101.713,-10,0,0],
"GW0GRWSW":[60.8016,596.102,46.7857,-10],
"GWSSWW0G":[760.782,-10,-10,547.929],
"GWSWWW0R":[591.248,-10,-10,354.051],
"SWSSSW0S":[-10,-10,-10,393.561],
"RSSW0G0W":[206.074,-10,730.916,173.219],
"0GSWSGSS":[593.165,-10,-10,-10],
"0WWWGRSW":[364.926,-10,680.395,-10],
"0WGRSSSW":[497.79,753.352,-10,-10],
"SS0S0W0S":[-10,520.654,65.2101,70.5567],
"0GSWSWRW":[464.144,-10,-10,646.464],
"SWRG0W0S":[-10,730.268,170.317,228.973],
"SSSGGW0W":[-10,-10,265.15,626.445],
"SWSWRS0G":[-10,-10,422.639,68.0605],
"0WGGSSRW":[21.4157,10.6381,-10,344.694],
"WWGGSSWW":[-10,829.391,-10,-10],
"0SSWSSGR":[135.963,-10,-10,0],
"WWSGRW0G":[-10,-10,202.409,0],
"SWSSSSWW":[-10,-10,-10,-10],
"0SSWGRSW":[16.2139,-10,0,-10],
"0WGSSWGW":[11.3784,438.328,-10,33.1479],
"0GSWSGWW":[538.1,-10,-10,-10],
"0W0WGGWW":[0,-0.108039,28.0304,-10],
"SSWW0GSG":[-10,-10,716.213,-10],
"WWSS0GSW":[-10,-10,93.9011,-10],
"SG0S0S0W":[-10,171.091,587.829,482.243],
"0SSW0GRW":[48.6583,-10,72.3792,609.718],
"SS0WGWGR":[-10,635.986,0,186.49],
"SR0GGW0W":[-10,453.729,20.8826,97.84],
"0SSSSS0W":[565.883,-10,-10,642.387],
"RGWWWWSS":[707.06,-10,-10,-10],
"SWGWSRSS":[-10,46.8824,-10,-10],
"SWSW0GSG":[-10,-10,514.737,-10],
"0WSWGGRW":[0,-10,208.844,0],
"0S0SGRSS":[0,0,243.962,-10],
"RW0SSSWW":[555.552,651.102,-10,-10],
"RWSSSWWW":[649.286,-10,-10,-10],
"WW0WSGGS":[-10,89.6688,-10,0],
"SRSSGGWW":[-10,-10,67.4871,-10],
"RWSWWW0G":[382.299,-10,-10,745.424],
"0GSR0S0S":[0,-10,35.0227,0],
"GWRWSWSW":[134.993,568.287,-10,-10],
"SW0R0WGS":[-10,17.4087,620.505,191.974],
"WWGWSSSG":[-10,517.484,-10,-10],
"0S0R0SSW":[468.579,0,127.623,-10],
"0GWWGSSW":[359.13,-10,0,-10],
"0SRSSGSS":[29.6447,0,-10,-10],
"RWWWSWSG":[573.937,-10,-10,-10],
"0W0WGW0G":[11.9743,18.3964,0,104.922],
"SWSWSR0G":[-10,-10,-10,664.767],
"0SGSSGSS":[0,126.653,-10,-10],
"SW0WGRSW":[-10,656.14,514.269,-10],
"GWSW0R0G":[735.549,-10,218.397,276.342],
"GSSWGW0S":[117.282,-10,0,0],
"SG0RSWSW":[-10,537.827,-10,-10],
"GWSGWWWW":[435.741,-10,-10,-10],
"SRSGWWSS":[-10,-10,-10,-10],
"WW0WGW0W":[-10,16.225,244.923,57.5022],
"0WGSSSRW":[564.417,0,-10,0],
"0SSSGWRG":[64.6037,-10,0,0],
"SW0WRW0W":[-10,649.152,649.514,670.691],
"WW0W0G0W":[-10,236.127,244.51,235.36],
"0WGSSW0W":[653.752,617.535,-10,609.959],
"SSSR0W0G":[-10,-10,650.067,289.529],
"0WSG0WGW":[443.692,-10,531.985,738.666],
"SSSWWWSS":[-10,-10,-10,-10],
"GR0WSSSW":[720.824,291.217,-10,-10],
"SGRSWW0W":[-10,11.5236,-10,436.503],
"WWRWSSSG":[-10,219.267,-10,-10],
"0WSGSRGW":[157.042,-10,-10,0],
"RWSW0S0G":[583.229,-10,366.89,724.894],
"SW0S0WGG":[-10,311.353,300.002,831.041],
"0S0SSWGG":[43.7886,0,-10,649.62],
"0G0WGWSR":[0,113.402,497.018,-10],
"WWGGSR0W":[-10,20.3115,-10,336.111],
"SW0R0WSS":[-10,631.236,651.79,-10],
"0S0S0GSS":[124.978,62.3915,688.675,-10],
"WWSSSSGW":[-10,-10,-10,547.917],
"SSGW0GRW":[-10,17.3553,220.898,628.922],
"0WRSSG0W":[149.68,576.909,-10,167.729],
"0GWWRWSW":[264.671,-10,565.577,-10],
"0S0G0GSS":[455.081,683.824,743.139,-10],
"SWSGRGWW":[-10,-10,254.839,-10],
"0SSWSWGS":[54.0974,-10,-10,380.503],
"0WSW0SSG":[644.835,-10,144.272,-10],
"SSGS0WSS":[-10,633.604,483.299,-10],
"0SGSSG0W":[120.628,0,-10,0],
"SSSSGR0W":[-10,-10,72.0093,631.73],
"0S0G0GSR":[0,24.1094,0,-10],
"0W0S0SSS":[444.574,549.191,371.068,-10],
"0W0GGRSS":[354.042,215.983,763.705,-10],
"SGSS0SSS":[-10,-10,202.566,-10],
"SG0WSG0S":[-10,215.266,-10,0],
"SS0GGR0W":[-10,350.416,439.871,644.393],
"SS0GWWGW":[-10,503.923,-10,721.333],
"SWGG0W0S":[-10,825.872,249.773,141.712],
"WWSWRG0W":[-10,-10,652.071,568.652],
"SW0RGW0S":[-10,318.899,774.13,328.839],
"GG0R0WSS":[530.347,110.405,47.5295,-10],
"0WGRSW0G":[9.74204,456.042,-10,31.4609],
"SWSSGG0W":[-10,-10,807.922,544.165],
"SGSWWWRW":[-10,-10,-10,429.547],
"GWSS0S0W":[767.159,-10,458.924,637.42],
"SS0WGW0R":[-10,648.965,764.605,653.092],
"SW0W0WSS":[-10,666.166,610.638,-10],
"WWSRSSGW":[-10,-10,-10,682.057],
"0SGWSS0S":[250.281,753.998,-10,19.9912],
"SWSWGSWW":[-10,-10,136.559,-10],
"GWSW0GWW":[708.322,-10,269.89,-10],
"SS0S0S0W":[-10,350.906,598.248,522.169],
"SSSRSW0S":[-10,-10,-10,175.371],
"SSRGWWWW":[-10,683.623,-10,-10],
"WWWW0WSW":[-10,-10,643.969,-10],
"RSSWSS0W":[531.015,-10,-10,60.4428],
"0R0SGWSW":[-0.05,0,282.323,-10],
"0WRWSG0S":[587.52,93.7952,-10,162.873],
"SSWWSSSS":[-10,-10,-10,-10],
"SRSW0G0S":[-10,-10,593.298,67.8693],
"SSSRSGWW":[-10,-10,-10,-10],
"SGSWSG0W":[-10,-10,-10,253.187],
"SSSWGR0G":[-10,-10,235.981,70.7226],
"RWGW0W0W":[-1,43.8866,0,25.6459],
"SG0W0G0R":[-10,87.1944,29.0295,375.672],
"0WSWRS0W":[656.945,-10,605.856,625.775],
"SS0SSS0G":[-10,119.716,-10,691.806],
"0SSSGWSG":[7.4578,-10,0,-10],
"SWGW0SSG":[-10,72.1046,0,-10],
"0WSS0RGG":[287.44,-10,441.239,843.06],
"0SSGWW0S":[182.39,-10,-10,17.4423],
"0SSWSRSW":[325.02,-10,-10,-10],
"0GWWSRSW":[608.253,-10,-10,-10],
"0WSSGS0S":[356.957,-10,0,0],
"SWRSGWWW":[-10,521.102,235.592,-10],
"0RSWSS0G":[615.619,-10,-10,722.071],
"GRGWSS0W":[724.581,72.4563,-10,0],
"RWSS0GGW":[267.312,-10,332.092,739.751],
"WWSSSGSS":[-10,-10,-10,-10],
"SW0SGGWW":[-10,393.991,813.133,-10],
"SSGSSWSS":[-10,232.228,-10,-10],
"SW0RSWSS":[-10,598.227,-10,-10],
"0SSG0R0W":[317.377,-10,284.747,619.771],
"GW0W0SSS":[748.03,643.126,590.808,-10],
"SWSG0SSW":[-10,-10,319.585,-10],
"SSSWSS0R":[-10,-10,-10,549.536],
"SWSGSW0S":[-10,-10,-10,241.433],
"WWSSGGRW":[-10,-10,203.058,0],
"0W0SSWGW":[650.301,450.432,-10,772.28],
"SSSS0WSG":[-10,-10,663.709,-10],
"0R0SSG0W":[397.345,194.569,-10,704.136],
"SS0S0WGW":[-10,529.863,648.16,707.951],
"0WSRWWGW":[386.485,-10,-10,745.208],
"SS0WGWGW":[-10,634.381,731.246,763.969],
"RSGWSWSW":[58.6729,0,-10,-10],
"SS0SGWSW":[-10,189.342,758.225,-10],
"SW0S0GSS":[-10,441.306,628.928,-10],
"WW0SSGSR":[-10,31.4455,-10,-10],
"0R0WSWGS":[88.0477,627.393,-10,200.363],
"0WSWSRGS":[590.111,-10,-10,89.0739],
"RWWWSSSW":[621.04,-10,-10,-10],
"0GSR0GWW":[473.513,-10,96.4733,-10],
"SW0WRGSG":[-10,8.90266,0,-10],
"WWSSSG0R":[-10,-10,-10,581.544],
"GGSSSS0W":[385.624,-10,-10,638.841],
"0G0R0WSG":[12.8696,8.8112,308.43,-10],
"WW0GSS0S":[-10,740.566,-10,81.6657],
"0R0GSS0W":[631.413,726.417,-10,618.411],
"RSSG0W0W":[88.8072,-10,629.322,63.2402],
"0G0R0WWW":[50.9538,154.59,13.2084,-10],
"0SSWSWGG":[45.8911,-10,-10,530.99],
"GW0S0RSW":[74.1673,0,0,-10],
"RWWWGWSS":[544.144,-10,310.522,-10],
"0RSWWWGW":[586.572,-10,-10,762.344],
"SRSSWWGS":[-10,-10,-10,31.1378],
"SWRGSWSS":[-10,282.196,-10,-10],
"SSRW0G0G":[-10,333.125,739.827,342.467],
"GSWW0WSS":[87.5155,-10,312.242,-10],
"SWGW0RSG":[-10,244.83,0,-10],
"SSSWWWRW":[-10,-10,-10,585.998],
"SW0G0S0G":[-10,110.896,0,0],
"0G0WSRSS":[722.042,466.712,-10,-10],
"0R0W0WGG":[23.7653,4.10117,2.73653,89.7153],
"WW0WSWRG":[-10,619.287,-10,356.416],
"SG0W0WGR":[-10,31.5619,122.516,0],
"0RSSGSWW":[0,-10,33.2789,-10],
"SWSWWWRG":[-10,-10,-10,593.687],
"WWGW0RSS":[-10,780.39,644.151,-10],
"0S0RGSSS":[60.361,0,0,-10],
"RWSGGS0W":[51.372,-10,0,0],
"RWSGSSSW":[170.236,-10,-10,-10],
"0WSR0SSG":[133.654,-10,29.8888,-10],
"0WSR0GGW":[60.8374,-10,68.0447,641.937],
"RG0WSGSS":[52.091,0,-10,-10],
"GR0W0GSW":[59.0676,53.4491,543.276,-10],
"GR0W0GSS":[74.4917,39.5059,528.545,-10],
"SSGR0GWW":[-10,96.1175,681.928,-10],
"0GWWSRSS":[685.273,-10,-10,-10],
"0WGSSWSW":[654.716,532.152,-10,-10],
"GSSSWW0W":[713.958,-10,-10,471.89],
"GWRW0GSS":[331.044,0,0,-10],
"0WWWGSSS":[420.194,-10,152.168,-10],
"SG0SSWSG":[-10,31.9903,-10,-10],
"0WGR0WSG":[227.875,67.3464,8.57449,-10],
"GWSWRWWW":[159.301,-10,455.125,-10],
"GS0R0WSW":[16.01,599.976,109.496,-10],
"RS0GWWSW":[283.828,706.057,-10,-10],
"0WSS0SRG":[9.53357,-10,40.9773,713.161],
"SGSWGWSS":[-10,-10,360.176,-10],
"0WGRSS0W":[620.915,754.589,-10,599.852],
"0W0GSRSS":[588.03,716.48,-10,-10],
"WW0RSGSS":[-10,579.694,-10,-10],
"GWSW0WGW":[518.862,-10,475.836,756.875],
"0SSRSGSS":[56.0289,-10,-10,-10],
"RGWW0SSS":[122.105,-10,0,-10],
"WWGW0SSS":[-10,736.746,621.439,-10],
"SGSSGW0S":[-10,-10,70.2957,0],
"GGSW0WSW":[19.8728,-10,0,-10],
"0WSRGG0W":[63.0094,-10,18.6849,394.125],
"GWSW0WRW":[750.35,-10,224.722,212.535],
"0RSS0GWW":[517.788,-10,626.818,-10],
"0SRWSWSS":[578.869,48.0599,-10,-10],
"SW0WRWSG":[-10,185.755,560.203,-10],
"SWWW0GGR":[-10,-10,0,365.378],
"SWRGWWSW":[-10,581.636,-10,-10],
"0W0SRSSS":[496.495,168.628,95.4846,-10],
"SRGW0WWW":[-10,663.224,148.831,-10],
"SW0G0W0W":[-10,739.483,653.635,638.751],
"RGSWSS0W":[721.526,-10,-10,351.723],
"SG0W0RSW":[-10,338.007,654.061,-10],
"SW0SGS0G":[-10,72.3335,69.4653,661.042],
"SGSWWW0G":[-10,-10,-10,710.197],
"WWSR0G0W":[-10,-10,708.444,599.479],
"SW0SGWSW":[-10,258.815,741.752,-10],
"0WSWSSRG":[359.407,-10,-10,725.949],
"SG0WSWSG":[-10,293.783,-10,-10],
"0W0RSSGG":[143.018,19.3863,-10,687.649],
"SS0G0GRW":[-10,419.109,465.165,623.688],
"0R0WSS0G":[627.869,594.066,-10,722.022],
"WWSRSW0S":[-10,-10,-10,42.36],
"GSSW0W0W":[678.244,-10,601.034,595.492],
"0W0W0RGW":[0.45505,10.1829,5.67657,127.662],
"SW0G0G0S":[-10,732.475,670.352,476.088],
"GGSS0WWW":[824.506,-10,527.367,-10],
"0SSWSGSW":[200.999,-10,-10,-10],
"0WSWSWSG":[636.543,-10,-10,-10],
"SG0G0S0W":[-10,36.6718,0,0],
"GWGW0WSW":[766.738,633.523,482.936,-10],
"0WGWSWSG":[313.567,735.549,-10,-10],
"0S0SSG0R":[375.555,-1.04,-10,43.0261],
"GG0R0WSW":[274.885,8.73831,83.1222,-10],
"0SSSSGWW":[75.1036,-10,-10,-10],
"GWWWSR0G":[288.368,-10,-10,69.7938],
"SRSS0WSG":[-10,-10,425.204,-10],
"0W0G0WGW":[7.15125,2.44581,15.4256,174.203],
"0W0WWWSS":[657.757,636.011,-10,-10],
"SSWWSW0S":[-10,-10,-10,149.363],
"0SSWSSSW":[208.235,-10,-10,-10],
"WWSR0S0S":[-10,-10,-0.05,22.7014],
"GRSSSG0W":[13.8568,-10,-10,0],
"SWSWSGSW":[-10,-10,-10,-10],
"0SSW0GSW":[-2.86233,-10,643.612,-10],
"SW0WGWRS":[-10,228.81,748.527,198.969],
"SGRS0S0W":[-10,65.0788,0,6.59393],
"RG0WSW0W":[589.178,530.243,-10,651.485],
"0RSWSSSS":[557.31,-10,-10,-10],
"0WGWSGSW":[608.104,337.295,-10,-10],
"0GSSSWRW":[723.348,-10,-10,319.345],
"0WGGWWSS":[630.035,829.608,-10,-10],
"0SGSSR0W":[64.8194,0,-10,144.811],
"0G0SSSRW":[725.832,426.421,-10,480.018],
"0RSGSSWW":[605.906,-10,-10,-10],
"SWWWSGSS":[-10,-10,-10,-10],
"SWRS0GGW":[-10,0,37.3251,534.088],
"SWRWSSSG":[-10,348.438,-10,-10],
"0WSGRGWW":[189.286,-10,70.798,-10],
"0RSSGG0W":[91.501,-10,631.769,80.0464],
"0WSG0S0S":[267.44,-10,214.339,600.751],
"WWGWSSSW":[-10,716.16,-10,-10],
"GRSGWW0W":[139.197,-10,-10,0],
"WWSW0SGR":[-10,-10,350.581,733.071],
"SSSRSGGW":[-10,-10,-10,67.8608],
"GWWWSGRW":[149.496,-10,-10,0],
"SSSW0S0W":[-10,-10,603.043,445.237],
"RWSSSSGS":[166.925,-10,-10,0],
"GWGWSR0W":[0,0,-10,279.944],
"SSSWRS0W":[-10,-10,543.915,44.5133],
"WW0GSSSG":[-10,570.333,-10,-10],
"SSGSGSRW":[-10,0,0,41.2269],
"0GSGWWWW":[693.464,-10,-10,-10],
"GWWWRWSW":[149.434,-10,425.285,-10],
"0WSSGSRW":[63.0788,-10,72.5574,216.94],
"SW0SSWGW":[-10,-4.87301,-10,712.522],
"GGRWSW0W":[82.1931,371.55,-10,87.2422],
"WWGWSS0G":[-10,548.341,-10,703.23],
"0GWW0WSS":[706.142,-10,495.675,-10],
"SS0GSSWW":[-10,135.643,-10,-10],
"0SSR0G0W":[182.069,-10,718.79,338.289],
"0WSSWWGG":[634.065,-10,-10,851.453],
"SW0SSRSW":[-10,454.645,-10,-10],
"SW0WRGWW":[-10,480.441,717.479,-10],
"RWGWSW0S":[0,552.635,-10,145.656],
"GG0RSSWW":[192.774,652.68,-10,-10],
"SG0WWW0G":[-10,440.341,-10,673.068],
"SR0SWWSW":[-10,72.1058,-10,-10],
"SWWW0R0S":[-10,-10,642.257,570.275],
"RSSS0WSG":[-1.19,-10,0,-10],
"0W0GSSGW":[600.08,541.779,-10,689.555],
"RS0GSS0S":[365.532,0,-10,-1.04],
"WWRGSWSW":[-10,583.999,-10,-10],
"RGSSWW0G":[320.099,-10,-10,737.09],
"WW0W0G0R":[-10,3.67224,95.2959,44.5033],
"GWSWSWGW":[214.452,-10,-10,711.769],
"SSSRSG0W":[-10,-10,-10,415.052],
"SRSW0WGS":[-10,-10,637.167,72.549],
"0W0WRW0G":[89.3396,53.6448,-4.0951,23.7932],
"SRWWWWGW":[-10,-10,-10,547.619],
"SWRWWWGW":[-10,252.008,-10,536.08],
"SW0W0S0S":[-10,644.074,538.531,391.259],
"SSWWSS0S":[-10,-10,-10,176.589],
"SS0WGWRW":[-10,642.243,770.503,671.212],
"0GGWSWRW":[0,0,-10,205.341],
"0GWWWW0W":[55.1208,-10,-10,171.893],
"0WGR0GSW":[603.604,116.224,182.884,-10],
"0SSWWWSS":[180.907,-10,-10,-10],
"SW0W0RSG":[-10,517.344,638.426,-10],
"SWSWGRWW":[-10,-10,612.628,-10],
"0WSGSG0W":[334.09,-10,-10,573.812],
"0GSSSWRS":[112.852,-10,-10,0],
"SS0WWW0G":[-10,434.777,-10,714.234],
"SSWWSGSR":[-10,-10,-10,-10],
"SSWWGR0W":[-10,-10,777.774,635.613],
"WW0R0G0W":[-10,26.6847,72.5049,9.85153],
"SWSW0S0G":[-10,-10,558.951,711.603],
"0G0SSS0G":[678.228,520.309,-10,744.684],
"0GRGSS0W":[740.398,464.712,-10,463.612],
"0SSGSWSG":[127.61,-10,-10,-10],
"SSSSSSWW":[-10,-10,-10,-10],
"0W0W0WRG":[205.367,19.4047,41.6816,-3.439],
"SWSSWW0S":[-10,-10,-10,158.937],
"SSSWWWGS":[-10,-10,-10,141.943],
"SSRWGGWW":[-10,426.618,79.2549,-10],
"0SSSGR0G":[435.388,-10,0,0],
"0SSR0SSW":[377.076,-10,-1.04,-10],
"SSSW0GGS":[-10,-10,544.397,0],
"RG0GSW0S":[-0.2,234.494,-10,0],
"0WRWSGGS":[0,0,-10,18.4582],
"SWWWSS0S":[-10,-10,-10,168.92],
"SS0RSWSG":[-10,494.729,-10,-10],
"0WSWSR0G":[621.001,-10,-10,715.446],
"SWSSWWGR":[-10,-10,-10,613.246],
"0WGR0W0W":[34.1286,204.868,11.9162,14.8428],
"SSSRSWSW":[-10,-10,-10,-10],
"SS0SWW0G":[-10,134.621,-10,719.846],
"GSSGSWWW":[16.1573,-10,-10,-10],
"0WSWRG0G":[313.746,-10,673.742,171.171],
"0W0GSG0S":[222.188,695.32,-10,101.671],
"GWGW0SSW":[194.368,747.284,158.26,-10],
"0GWWSS0S":[712.403,-10,-10,625.963],
"SG0W0GWW":[-10,636.056,251.191,-10],
"SWSS0WSR":[-10,-10,613.215,-10],
"0W0WGGSR":[0,417.85,81.8617,-10],
"SW0S0GRG":[-10,-0.05,559.088,6.59822],
"0GSRSWSW":[643.004,-10,-10,-10],
"0W0WRWSG":[424.658,627.586,529.001,-10],
"0SGW0WSR":[578.357,0,132.75,-10],
"SGSWSS0S":[-10,-10,-10,308.421],
"0WWWGSSG":[69.4966,-10,36.3465,-10],
"0GWWSSRW":[732.449,-10,-10,634.952],
"SW0WRSSS":[-10,630.998,170.477,-10],
"0W0W0WGG":[166.973,1.44387,39.448,27.2929],
"0RGGSS0W":[468.271,0,-10,0.0343517],
"WWSW0S0S":[-10,-10,364.356,246.588],
"GWRW0SSS":[523.077,107.331,10.2841,-10],
"SSSRWWSS":[-10,-10,-10,-10],
"0WGSSS0W":[637.49,743.384,-10,629.51],
"RWWWSG0G":[105.105,-10,-10,0],
"0G0SSW0G":[690.742,439.831,-10,747.18],
"0GSSRSGW":[245.333,-10,58.8545,0],
"SS0S0WGS":[-10,375.084,0,0],
"0WSWSSSG":[630.695,-10,-10,-10],
"GWWWSG0S":[691.582,-10,-10,198.595],
"0WSW0GSS":[508.597,-10,67.9287,-10],
"WWRGSSSW":[-10,717.635,-10,-10],
"0GSGSRWW":[9.27498,-10,-10,-10],
"SWGS0R0W":[-10,200.229,0.700168,587.08],
"SSSW0RGW":[-10,-10,637.793,265.796],
"SG0GRW0W":[-10,57.4698,221.129,51.0056],
"RWWW0GSW":[533.833,-10,366.2,-10],
"GWSW0G0R":[152.591,-10,0,8.91862],
"WWWWSWRS":[-10,-10,-10,64.8707],
"SWGW0WGR":[-10,59.5972,7.82623,87.9534],
"SW0GSG0W":[-10,64.2615,-10,0],
"0WGRGSSW":[238.383,0,0,-10],
"SSSG0GWW":[-10,-10,716.13,-10],
"SW0SSRSS":[-10,223.724,-10,-10],
"SG0S0SRW":[-10,26.0579,0,0],
"0SSSSG0R":[31.0397,-10,-10,63.9442],
"WWRWSW0S":[-10,663.436,-10,44.518],
"SS0GGWRW":[-10,161.599,755.011,151.58],
"SGSGSWSS":[-10,-10,-10,-10],
"0WGW0G0W":[1.94238,0,71.3993,20.2995],
"0WSSSWGG":[634.652,-10,-10,584.443],
"SGSWSRSW":[-10,-10,-10,-10],
"SG0SSSRS":[-10,-1.04,-10,0],
"SSGW0GWW":[-10,757.313,586.142,-10],
"SSSR0SWW":[-10,-10,116.842,-10],
"SGSWSW0S":[-10,-10,-10,437.069],
"WWSSRG0W":[-10,-10,717.852,642.476],
"0WSSGGWW":[484.784,-10,812.575,-10],
"GS0W0SSS":[0,0,358.387,-10],
"GW0WRWSS":[735.548,465.678,345.843,-10],
"RSSSSWWW":[130.868,-10,-10,-10],
"0WSGRWWW":[408.881,-10,604.844,-10],
"SRSGSS0W":[-10,-10,-10,155.624],
"WWWWSWRW":[-10,-10,-10,596.829],
"SWRW0GWW":[-10,366.299,729.852,-10],
"GSSS0W0G":[228.718,-10,647.906,219.417],
"SWRWWWWW":[-10,593.411,-10,-10],
"SGSW0SSW":[-10,-10,135.114,-10],
"GW0GSW0S":[747.719,262.335,-10,260.42],
"WWSSGGWW":[-10,-10,799.865,-10],
"WWRW0SSW":[-10,574.529,641.159,-10],
"SR0W0GSW":[-10,524.414,729.637,-10],
"WWWW0RSW":[-10,-10,613.043,-10],
"WW0GSS0G":[-10,420.789,-10,684.772],
"0WSGGR0W":[118.857,-10,0,0],
"SW0GWWRW":[-10,310.342,-10,617.819],
"0SSWRGWW":[-1.04,-10,403.073,-10],
"0S0W0GSR":[319.393,174.43,735.819,-10],
"0SSS0S0S":[299.247,-10,450.721,161.376],
"WW0W0R0G":[-10,22.1393,2.44783,59.1979],
"SSWW0RGW":[-10,-10,379.95,755.071],
"SSSWGW0R":[-10,-10,746.048,325.723],
"0RWWGW0G":[8.40612,-10,0,0],
"WW0W0G0G":[-10,57.046,93.2851,21.3331],
"0SSWRW0G":[449.713,-10,568.528,723.12],
"GS0SSW0S":[0,439.201,-10,-1.04],
"SGSR0WWW":[-10,-10,538.291,-10],
"SWRW0SSS":[-10,206.378,544.794,-10],
"SS0S0RSG":[-10,54.6994,357.12,-10],
"0SRW0WSS":[531.55,548.384,645.461,-10],
"SWSWRWWW":[-10,-10,636.826,-10],
"0WSSWWGW":[657.657,-10,-10,799.298],
"WWSS0SRG":[-10,-10,641.133,273.432],
"WWSRSGWW":[-10,-10,-10,-10],
"SS0RGWSW":[-10,388.15,745.291,-10],
"0SSWGG0W":[247.229,-10,329.822,636.317],
"SG0W0GSS":[-10,262.081,697.992,-10],
"SSSG0RWW":[-10,-10,595.611,-10],
"0WSGSR0G":[0,-10,-10,155.317],
"SWSRGWWW":[-10,-10,617.623,-10],
"SG0RSSSW":[-10,369.451,-10,-10],
"SSSWSR0G":[-10,-10,-10,381.949],
"SWWWSSSR":[-10,-10,-10,-10],
"0WWWSGSG":[395.395,-10,-10,-10],
"SGRWWW0G":[-10,78.8697,-10,60.8139],
"0R0GSSGW":[425.285,26.7006,-10,0],
"0SSGSSSR":[-1.04,-10,-10,-10],
"SWGGSS0S":[-10,81.1459,-10,0],
"SR0W0G0G":[-10,211.991,684.963,36.2302],
"0WWWGW0W":[17.907,-10,350.2,69.8912],
"WWRWSSSS":[-10,539.322,-10,-10],
"0W0WRG0W":[15.3863,5.18073,-2.71,80.5325],
"0S0RSGSS":[0,266.837,-10,-10],
"0SGWSWSR":[85.2416,528.017,-10,-10],
"GWWWSWSS":[664.129,-10,-10,-10],
"SRWW0G0W":[-10,-10,588.117,648.934],
"GGSSSWWW":[812.661,-10,-10,-10],
"RWWW0W0W":[-5.21703,-10,24.4243,119.171],
"0GSGSSSS":[134.447,-10,-10,-10],
"GW0SSS0W":[760.47,602.692,-10,650.072],
"0WGRWWSS":[618.251,751.765,-10,-10],
"0GRWSGSS":[70.4293,0,-10,-10],
"RWSS0GWW":[435.794,-10,386.919,-10],
"SSGRWW0W":[-10,747.16,-10,369.686],
"GGWW0WSW":[810.477,-10,367.77,-10],
"0WWWWW0G":[131.254,-10,-10,99.2703],
"SGRW0WWW":[-10,416.085,90.5509,-10],
"SWSWGWGW":[-10,-10,566.91,182.004],
"0G0RWW0W":[111.429,7.00483,-10,34.8231],
"WW0RSS0G":[-10,376.948,-10,674.762],
"0R0G0WSG":[0,0,452.888,-10],
"SS0S0G0R":[-10,483.441,721.707,635.292],
"GSSWRWWW":[0,-10,9.85171,-10],
"GRSWWWWW":[617.729,-10,-10,-10],
"0SSS0R0G":[517.528,-10,628.797,674.372],
"SG0W0RSS":[-10,651.454,252.675,-10],
"RGSSSGWW":[137.861,-10,-10,-10],
"WWSGGS0W":[-10,-10,51.7433,122.816],
"GSSWSSGW":[374.153,-10,-10,0],
"0GSSRSGS":[127.401,-10,0,0],
"0SSW0GRG":[135.04,-10,0,-0.2],
"SRGS0WWW":[-10,164.804,0,-10],
"SSSS0WSR":[-10,-10,572.682,-10],
"GW0WSS0S":[734.299,619.142,-10,628.817],
"0SSW0WRG":[313.663,-10,202.802,728.618],
"SWSRWWGW":[-10,-10,-10,213.91],
"0SSSRG0G":[598.047,-10,73.7825,0],
"SS0S0GSW":[-10,482.898,687.237,-10],
"SS0W0SSS":[-10,593.278,424.41,-10],
"SGSW0GWW":[-10,-10,623.59,-10],
"0WSR0S0G":[171.38,-10,621.538,340.967],
"RWGGSWSS":[122.371,0,-10,-10],
"SS0WRGGW":[-10,14.8887,121.391,0],
"SWRS0WWW":[-10,646.873,572.896,-10],
"SWSW0GSR":[-10,-10,582.464,-10],
"SSSWGR0S":[-10,-10,377.027,0],
"GW0WSRSW":[770.601,357.755,-10,-10],
"SGSWRG0W":[-10,-10,0,10.2263],
"0S0SSWSR":[328.995,17.2175,-10,-10],
"RWGWSW0W":[285.911,728.221,-10,214.871],
"0WSRSSGW":[643.439,-10,-10,232.382],
"SWGW0WGW":[-10,313.735,381.597,725.668],
"SG0G0R0W":[-10,108.204,316.697,110.52],
"GWRWSW0W":[758.367,507.724,-10,495.765],
"RW0GSWSW":[497.342,712.772,-10,-10],
"SSGW0WSR":[-10,717.258,285.121,-10],
"GW0RSSGW":[266.844,192.635,-10,760.269],
"WWRWSG0S":[-10,200.337,-10,22.9584],
"GSWWWWSW":[135.581,-10,-10,-10],
"0WGR0WSW":[613.895,758.281,610.661,-10],
"0RWW0W0W":[40.9608,-10,44.3863,236.61],
"0SSW0SSG":[56.0202,-10,360.593,-10],
"RSWW0GSW":[-3.2249,-10,533.37,-10],
"GSSS0SSS":[151.192,-10,0,-10],
"GW0WSGSW":[736.689,272.863,-10,-10],
"SW0SGSGR":[-10,45.1536,0,0],
"0WSSSRGW":[251.778,-10,-10,741.638],
"SSGG0WRW":[-10,0,0,333.318],
"0G0WSSRS":[708.082,508.814,-10,472.248],
"GW0GSWWW":[755.976,592.601,-10,-10],
"SWSSGSRW":[-10,-10,136.781,0],
"0W0SSWGR":[201.14,585.422,-10,276.724],
"GSSS0W0S":[74.4668,-10,62.4014,601.51],
"SWRSGW0W":[-10,204.509,733.155,246.758],
"GSSRSW0W":[594.909,-10,-10,63.7533],
"0GWWSR0S":[32.3011,-10,-10,569.851],
"SWSSRSSG":[-10,-10,-1.19,-10],
"0SSSRGGW":[307.837,-10,0,0],
"SW0GWWSR":[-10,311.404,-10,-10],
"0W0WSGSR":[608.088,411.146,-10,-10],
"GGWWRWSS":[278.346,-10,63.6423,-10],
"0GRWWWSW":[708.818,420.426,-10,-10],
"0GGWSS0W":[732.523,762.932,-10,637.908],
"SRSS0SSS":[-10,-10,186.97,-10],
"WWWWSSSR":[-10,-10,-10,-10],
"0GWWWWSS":[688.077,-10,-10,-10],
"0WSRSW0S":[645.868,-10,-10,372.421],
"0SSSWW0G":[639.943,-10,-10,741.456],
"WWWWSSSG":[-10,-10,-10,-10],
"GSSS0SSW":[62.6978,-10,0,-10],
"SW0G0GSS":[-10,691.131,732.307,-10],
"0WGRSW0S":[632.343,213.392,-10,287.938],
"GW0RSW0W":[777.363,632.275,-10,608.95],
"SR0G0WSS":[-10,715.689,621.033,-10],
"SW0WSWGS":[-10,125.12,-10,169.532],
"SW0RSGSW":[-10,526.154,-10,-10],
"WW0WGSSW":[-10,556.984,740.698,-10],
"SS0G0GSW":[-10,731.542,675.805,-10],
"0RWWSWGS":[66.7728,-10,-10,638.104],
"SWSS0WSS":[-10,-10,579.84,-10],
"0GSRSS0S":[196.014,-10,-10,51.2607],
"WWRWSWSS":[-10,657.199,-10,-10],
"0GGS0SSW":[694.852,69.8093,46.0172,-10],
"SWSW0RSG":[-10,-10,572.504,-10],
"SW0WSGSG":[-10,96.4739,-10,-10],
"0SSSGW0G":[460.163,-10,529.114,729.27],
"SGSR0S0W":[-10,-10,259.647,0],
"RW0WGGSW":[180.534,58.8537,26.518,-10],
"SSRSGWSW":[-10,67.5086,0,-10],
"SSSS0S0R":[-10,-10,510.022,123.111],
"WW0RGSSW":[-10,123.297,654.226,-10],
"0WWWRSSW":[639.436,-10,48.1851,-10],
"SWGGRWSS":[-10,78.9812,0,-10],
"SWSWGW0G":[-10,-10,757.924,429.754],
"0RWWSSGW":[629.924,-10,-10,305.928],
"SWWW0GSR":[-10,-10,710.626,-10],
"0SSS0GSS":[-0.05,-10,667.939,-10],
"0S0SWWSR":[74.1074,0,-10,-10],
"SS0G0WRS":[-10,666.39,306.447,188.17],
"SWRSSG0S":[-10,76.6283,-10,0],
"WW0RGW0W":[-10,10.6475,0,0],
"SWSS0S0G":[-10,-10,484.731,652.475],
"0S0GRWSW":[536.206,608.282,657.638,-10],
"SW0SGWRW":[-10,150.149,143.92,657.815],
"0SSR0GSS":[46.905,-10,0,-10],
"SGWWGW0W":[-10,-10,706.468,309.587],
"0WSWSGSR":[285.069,-10,-10,-10],
"SSWW0RSG":[-10,-10,612.541,-10],
"RS0WSG0S":[298.915,73.1764,-10,0],
"SGSW0WGW":[-10,-10,302.336,703.84],
"SS0S0GRW":[-10,421.898,725.573,449.993],
"SS0SSWRS":[-10,-1.04,-10,151.005],
"0RSS0G0S":[-0.05,-10,63.8761,0],
"0R0S0GSW":[-0.05,320.876,0,-10],
"GWGW0WSR":[158.621,0,0,-10],
"SWGW0GSS":[-10,759.6,536.494,-10],
"SGSWSSGS":[-10,-10,-10,48.2524],
"WW0GRWSG":[-10,78.6313,0,-10],
"GSSW0WRW":[34.3681,-10,319.061,0],
"SG0GSWRS":[-10,61.1422,-10,0],
"0GGWSWSW":[715.985,536.389,-10,-10],
"GGSS0S0W":[833.519,-10,94.0134,116.323],
"SGSS0W0R":[-10,-10,331.815,627.509],
"0G0WRW0W":[0.990153,24.6628,-1.9,82.6516],
"RG0SSW0G":[69.1753,0,-10,70.8086],
"SSSS0SGW":[-10,-10,580.426,72.8933],
"WWSWSSGG":[-10,-10,-10,806.634],
"SSRG0W0G":[-10,137.068,563.308,43.5492],
"0WRW0G0W":[62.2463,-2.71,124.762,8.41641],
"GWSWSR0W":[754.229,-10,-10,412.204],
"SS0W0R0S":[-10,630.948,561.035,561.542],
"WWSWSR0G":[-10,-10,-10,689.468],
"SS0WGW0G":[-10,632.803,760.935,697.937],
"SRGGWW0W":[-10,445.259,-10,33.3079],
"SG0RWW0S":[-10,412.367,-10,3.99919],
"SGSS0GSW":[-10,-10,491.285,-10],
"0RGSSW0S":[59.5006,0,-10,0],
"SG0S0SWW":[-10,90.5282,0,-10],
"SG0W0WSG":[-10,258.368,595.843,-10],
"SGGRWWSW":[-10,131.927,-10,-10],
"0W0SSRSW":[580.457,513.682,-10,-10],
"0WWWGGSS":[408.906,-10,803.418,-10],
"0G0RSW0S":[722.306,637.271,-10,540.466],
"SSRS0SWW":[-10,25.7856,125.4,-10],
"SSRS0WGG":[-10,64.397,0,0],
"0SRWGWSW":[99.3896,58.3183,584.647,-10],
"SWGSWW0W":[-10,92.6348,-10,603.07],
"SW0SSSGR":[-10,-1.04,-10,67.0811],
"SRSSWW0G":[-10,-10,-10,706.515],
"0G0GSWSS":[731.544,673.753,-10,-10],
"SRSS0WSW":[-10,-10,616.659,-10],
"SRSWSWSW":[-10,-10,-10,-10],
"SWSWSS0S":[-10,-10,-10,381.308],
"SS0GGRWW":[-10,702.866,203.135,-10],
"0G0GSR0W":[141.084,199.573,-10,593.563],
"GWSRGS0W":[0,-10,0,74.233],
"RWGG0WSW":[42.4734,84.8845,520.602,-10],
"GS0S0WSS":[460.643,0,0,-10],
"SSSS0R0W":[-10,-10,597.126,641.763],
"SGGW0W0S":[-10,476.482,175.265,30.5121],
"0WSWSRGW":[480.028,-10,-10,743.098],
"0WWWRGSG":[0,-10,125.803,-10],
"SW0SSWRW":[-10,5.23298,-10,623.399],
"GSSS0RGS":[28.5234,-10,0,0],
"GW0SSGWW":[694.974,327.308,-10,-10],
"0WSSGW0G":[641.552,-10,756.31,731.383],
"GG0WSSWW":[853.707,642.716,-10,-10],
"WWSW0WWW":[-10,-10,616.562,-10],
"0G0GSSRW":[466.131,700.104,-10,348.663],
"0WSSSWSS":[368.469,-10,-10,-10],
"SS0WSSSW":[-10,569.501,-10,-10],
"RGSSSG0W":[132.153,-10,-10,0],
"RG0SSSWW":[732.834,421.796,-10,-10],
"SWSR0S0W":[-10,-10,508.8,625.855],
"SWSSWWRW":[-10,-10,-10,663.894],
"SWSWSWGS":[-10,-10,-10,326.517],
"0R0SSSSS":[104.877,557.37,-10,-10],
"RWSGSG0W":[95.6225,-10,-10,0],
"RWSG0G0W":[0,-10,0.647999,194.272],
"GW0WSS0R":[761.735,654.976,-10,657.299],
"0WSWSRSW":[639.729,-10,-10,-10],
"SWRW0SSW":[-10,274.436,574.863,-10],
"SRSWWWGG":[-10,-10,-10,188.149],
"SG0R0W0S":[-10,648.387,248.135,236.176],
"0WGW0SSG":[67.8262,80.7194,571.254,-10],
"SS0WGGWW":[-10,638.926,830.691,-10],
"GWSS0GWW":[593.649,-10,450.371,-10],
"SGRSSS0S":[-10,61.259,-10,0],
"SW0WGW0G":[-10,613.203,756.894,619.63],
"WWSGRS0W":[-10,-10,82.2038,345.802],
"SGSSSS0W":[-10,-10,-10,638.562],
"SWSRSSWW":[-10,-10,-10,-10],
"SW0GGR0W":[-10,0,684.973,142.722],
"0S0GRGSW":[59.9212,242.949,671.643,-10],
"GSSS0WWW":[118.969,-10,430.695,-10],
"WWSW0G0R":[-10,-10,712.742,642.375],
"WW0G0WGW":[-10,1.37719,27.8076,0],
"WWGWSW0R":[-10,694.985,-10,215.402],
"SWRWGS0S":[-10,55.913,525.328,0],
"WWSWGGWW":[-10,-10,649.6,-10],
"0GSSSS0W":[720.594,-10,-10,649.171],
"GSGW0WSW":[534.202,75.0927,48.7354,-10],
"SRWWGWSG":[-10,-10,60.1234,-10],
"GWSWSRGW":[0,-10,-10,252.731],
"SWSWGWSW":[-10,-10,715.565,-10],
"WWRG0SSW":[-10,400.628,637.016,-10],
"WWRSSWGG":[-10,-1.19,-10,84.4239],
"0WSWSG0S":[596.732,-10,-10,500.448],
"0WGRSWSG":[54.4225,0,-10,-10],
"SG0WSSSW":[-10,577.576,-10,-10],
"0GGWSW0S":[722.191,539.744,-10,398.363],
"0SSS0W0G":[644.774,-10,662.4,729.696],
"0WGR0WSS":[641.906,778.8,666.757,-10],
"SWSGWW0W":[-10,-10,-10,642.493],
"SWSSRWWW":[-10,-10,526.721,-10],
"0WSR0G0G":[534.781,-10,51.2191,0],
"GWWWWWSR":[485.491,-10,-10,-10],
"SSRW0SGS":[-10,42.9193,0,0],
"SS0SWWSW":[-10,247.945,-10,-10],
"0WSG0SWW":[675.695,-10,127.474,-10],
"SWSSRWSG":[-10,-10,199.006,-10],
"0GSG0R0W":[450.087,-10,16.2807,142.502],
"SW0WRGSW":[-10,388.35,729.862,-10],
"SSSR0G0W":[-10,-10,729.317,551.677],
"SS0SWWRS":[-10,11.8856,-10,0],
"SWSS0RGW":[-10,-10,290.86,761.125],
"0RSW0S0W":[652.843,-10,581.725,627.601],
"SGSW0WSS":[-10,-10,619.231,-10],
"RWSWSW0G":[646.666,-10,-10,502.417],
"0RSW0SSG":[570.685,-10,0,-10],
"0RSW0G0G":[198.442,-10,720.17,278.751],
"SG0WSWSR":[-10,392.173,-10,-10],
"SGSWWW0S":[-10,-10,-10,114.054],
"SSSRWW0W":[-10,-10,-10,578.925],
"GS0GSS0W":[576.411,0,-10,0],
"0GSSGR0W":[0,-10,408.892,65.5386],
"RWWWSSSS":[462.364,-10,-10,-10],
"0R0WSGSS":[225.626,637.478,-10,-10],
"SG0WGWSW":[-10,382.407,730.886,-10],
"SW0SGWSS":[-10,301.674,645.899,-10],
"RW0WSSSS":[574.655,616.461,-10,-10],
"GGWWSS0W":[839.06,-10,-10,635.399],
"RSWWWWSG":[8.3261,-10,-10,-10],
"WWSSSG0G":[-10,-10,-10,695.418],
"SS0W0WRW":[-10,635.266,650.779,629.445],
"RSSSWWSW":[-3.2249,-10,-10,-10],
"SWSGGW0W":[-10,-10,726.501,326.005],
"SW0GRWSS":[-10,487.267,664.617,-10],
"0SSSGRGS":[39.1042,-10,0,0],
"0WSRSWGG":[20.8086,-10,-10,136.416],
"GW0RWWSW":[688.643,172.879,-10,-10],
"GW0G0WSR":[443.613,50.1406,0,-10],
"0S0W0WSR":[587.182,609.97,649.416,-10],
"WWGGSRWW":[-10,208.698,-10,-10],
"SWRWGWSW":[-10,621.163,132.752,-10],
"WWSSSRWW":[-10,-10,-10,-10],
"0WSSSGGW":[220.598,-10,-10,738.865],
"WWSSRW0G":[-10,-10,636.911,749.692],
"WWWW0GSR":[-10,-10,716.828,-10],
"0G0WGRSS":[0,468.179,0,-10],
"0WRWWWSG":[640.048,198.847,-10,-10],
"SWGWGWSS":[-10,294.21,732.031,-10],
"SW0RWW0G":[-10,206.512,-10,609.523],
"SSSG0WRS":[-10,-10,60.0782,336.884],
"RGSS0SGS":[62.7989,-10,0,0],
"0GRG0WSS":[41.268,110.526,460.552,-10],
"0SSW0R0S":[308.097,-10,577.537,595.329],
"SRSGWWWW":[-10,-10,-10,-10],
"0W0GWWSG":[646.838,628.804,-10,-10],
"WWSR0SGG":[-10,-10,60.6077,0],
"GRSW0W0W":[749.168,-10,557.899,583.723],
"0SSWSW0S":[402.706,-10,-10,435.521],
"RG0WSSWW":[740.909,476.418,-10,-10],
"RW0W0G0W":[-1.9,49.2699,31.815,154.964],
"SWRG0WGW":[-10,64.8508,47.4087,86.8388],
"GWGWSSSR":[138.599,0,-10,-10],
"GWSWSSSW":[721.573,-10,-10,-10],
"SW0WSG0G":[-10,121.848,-10,0],
"SWSWGR0W":[-10,-10,696.581,446.938],
"SWWWRSGS":[-10,-10,63.036,0],
"0WRG0SSS":[204.975,727.341,176.237,-10],
"GWSS0R0G":[752.932,-10,355.177,339.333],
"SGSS0W0G":[-10,-10,516.705,723.74],
"WW0GGSSW":[-10,232.859,663.858,-10],
"WWSWGG0W":[-10,-10,784.606,416.356],
"0RWWSS0S":[636.564,-10,-10,592.35],
"0WSWSW0G":[652.192,-10,-10,736.458],
"SWGS0R0S":[-10,47.12,0,0],
"0G0W0G0W":[9.01232,44.3922,7.25756,115.366],
"0SSGWWRS":[23.7895,-10,-10,0],
"WWGWSRWW":[-10,632.05,-10,-10],
"SW0G0RSW":[-10,718.517,628.458,-10],
"SWRSGS0S":[-10,47.206,0,0],
"GWGR0WSS":[111.67,703.405,111.128,-10],
"SGRS0WSS":[-10,243.84,0,-10],
"SG0SRWWW":[-10,309.354,48.9711,-10],
"0W0W0GRW":[0,0,131.295,-1],
"GW0WWW0W":[120.771,5.98919,-10,42.9323],
"SS0RGSSS":[-10,471.249,52.7241,-10],
"0WSWSGGW":[101.098,-10,-10,723.372],
"0SSW0WGS":[329.593,-10,568.761,720.925],
"WW0GSW0S":[-10,758.105,-10,97.5566],
"SW0S0GRW":[-10,440.823,715.438,549.985],
"GSSWSW0W":[567.21,-10,-10,638.632],
"SSSG0WGW":[-10,-10,292.947,694.254],
"SWWWGW0S":[-10,-10,744.634,631.98],
"SSSW0G0S":[-10,-10,684.765,522.904],
"0GGSSRWW":[65.7832,0,-10,-10],
"0RSWSW0S":[633.729,-10,-10,508.317],
"RW0WGWSS":[316.879,491.585,737.435,-10],
"WWSRSWSS":[-10,-10,-10,-10],
"SSSWSG0R":[-10,-10,-10,411.484],
"0G0RSGWW":[81.5849,595.659,-10,-10],
"GRSSGS0W":[66.9894,-10,0,0],
"SW0W0SSG":[-10,653.865,494.254,-10],
"0WSW0S0S":[650.59,-10,365.956,583.459],
"0SSGSWWW":[116.011,-10,-10,-10],
"WW0GRWSW":[-10,464.103,652.355,-10],
"0SSWSG0G":[240.784,-10,-10,122.204],
"SW0WGSSW":[-10,657.184,569.807,-10],
"SGRWSWSW":[-10,123.825,-10,-10],
"SG0WWWSG":[-10,297.718,-10,-10],
"SSSWWWGW":[-10,-10,-10,755.847],
"0G0W0RSG":[479.717,31.8046,66.3167,-10],
"GWSSWWWW":[723.668,-10,-10,-10],
"SW0SSRWW":[-10,-3.57656,-10,-10],
"SSSSWWSS":[-10,-10,-10,-10],
"WWGWSS0S":[-10,601.158,-10,162.752],
"SWGRGW0W":[-10,491.436,0,63.0856],
"WWSWGS0W":[-10,-10,624.833,581.495],
"RW0WWW0W":[-1.9,47.5721,-10,97.4183],
"GW0SSSWW":[759.38,597.861,-10,-10],
"GWSGSW0W":[725.733,-10,-10,203.095],
"0G0SSWSS":[375.92,566.846,-10,-10],
"SS0W0WRS":[-10,660.409,629.946,627.346],
"0RSSGWWW":[428.296,-10,697.899,-10],
"RG0WSSSW":[720.929,315.146,-10,-10],
"RWGWWWSW":[116.198,737.927,-10,-10],
"0GWWSGSS":[692.629,-10,-10,-10],
"GWRWWWSS":[633.979,8.08576,-10,-10],
"WW0WSSSG":[-10,562.461,-10,-10],
"SSSWGRWW":[-10,-10,633.285,-10],
"GWGRSS0S":[297.972,0,-10,0],
"WW0WGGSW":[-10,333.969,814.919,-10],
"SS0WSR0S":[-10,499.217,-10,72.3557],
"SGSG0W0S":[-10,-10,0,9.85176],
"0WRWSSSG":[255.403,578.145,-10,-10],
"0WSRSWSS":[528.811,-10,-10,-10],
"0G0RSW0G":[291.165,171.728,-10,700.669],
"0W0WGRSS":[607.634,615.916,768.302,-10],
"SS0WRWGG":[-10,128.54,0,95.767],
"0SSWWWWW":[161.275,-10,-10,-10],
"GWWW0W0R":[62.6343,-10,0,0],
"0SSSWW0R":[596.851,-10,-10,666.08],
"0WWWSW0S":[597.399,-10,-10,637.254],
"RWGW0WSW":[558.902,782.832,515.72,-10],
"WW0SSW0G":[-10,105.999,-10,744.848],
"SSGWSWRS":[-10,153.31,-10,0],
"RWWWGWSW":[460.174,-10,219.972,-10],
"0WSW0GGS":[374.281,-10,0,0],
"WWGR0WSS":[-10,781.984,608.629,-10],
"0RGWWWSS":[648.079,738.879,-10,-10],
"SGSSWW0W":[-10,-10,-10,629.195],
"RG0WSWGW":[5.09586,185.756,-10,0],
"SG0G0R0S":[-10,0,0,36.4651],
"WWSS0GRW":[-10,-10,631.776,664.845],
"SWGGWWSR":[-10,22.6009,-10,-10],
"0SSW0W0R":[600.438,-10,662.07,594.018],
"GS0GSS0R":[228.444,0,-10,0],
"WWSSGS0S":[-10,-10,212.929,0],
"RWSS0WGW":[639.656,-10,647.847,781.794],
"RWSSWW0W":[649.871,-10,-10,679.8],
"WW0GSR0W":[-10,734.197,-10,509.586],
"SR0SSSSS":[-10,231.967,-10,-10],
"SWGRSSSW":[-10,251.069,-10,-10],
"0SSGWWWW":[86.9664,-10,-10,-10],
"GSSSWWGW":[587.102,-10,-10,70.3118],
"SWSS0RGS":[-10,-10,605.073,74.098],
"SS0WSRSW":[-10,599.87,-10,-10],
"SWGS0W0G":[-10,62.784,149.904,680.583],
"SWSS0WGG":[-10,-10,643.132,431.075],
"SW0WRG0S":[-10,290.978,259.418,617.234],
"WWWWSWGG":[-10,-10,-10,679.545],
"SGGWWWSS":[-10,701.93,-10,-10],
"0SSWSS0G":[553.793,-10,-10,440.709],
"WWSWSW0S":[-10,-10,-10,70.9215],
"WWRW0SSG":[-10,86.4992,222.341,-10],
"WW0WSG0S":[-10,661.611,-10,45.7682],
"0GWW0WGW":[0.395248,-10,0,0],
"0WSW0G0W":[632.716,-10,725.718,664.897],
"0G0WSSSR":[709.343,597.544,-10,-10],
"0R0S0GSG":[4.6877,0,0,-10],
"RGWWWWSW":[546.938,-10,-10,-10],
"0WRWGWSG":[52.143,0,0,-10],
"0W0GSSSS":[651.647,708.082,-10,-10],
"SWWWSSSG":[-10,-10,-10,-10],
"0WRG0SSW":[308.166,730.053,284.171,-10],
"WW0SSRGG":[-10,0,-10,67.1239],
"WWSWRW0G":[-10,-10,646.379,405.673],
"0R0GWWSW":[638.944,710.542,-10,-10],
"SR0WGW0G":[-10,464.81,82.5012,91.3016],
"0RGSSGSS":[117.333,0,-10,-10],
"0SGWSSSS":[437.512,0,-10,-10],
"SRSW0S0W":[-10,-10,500.898,627.123],
"0GGWSW0W":[693.394,768.073,-10,604.741],
"0SSW0G0R":[399.199,-10,751.332,436.67],
"0GSSRWGW":[165.937,-10,108.063,739.383],
"SS0GWWSR":[-10,700.428,-10,-10],
"SW0SSWWW":[-10,157.62,-10,-10],
"WW0RSSSS":[-10,588.875,-10,-10],
"0WSS0SGW":[650.245,-10,610.812,757.916],
"0GSWSW0S":[707.059,-10,-10,551.711],
"SRSSSSSS":[-10,-10,-10,-10],
"0GSRWWWW":[681.06,-10,-10,-10],
"SG0WWWGW":[-10,263.239,-10,674.086],
"SW0S0RSW":[-10,532.148,625.52,-10],
"SSRSGWGW":[-10,67.3894,0,0],
"SSSSWW0S":[-10,-10,-10,57.6483],
"0R0SSS0W":[603.451,567.05,-10,654.154],
"RWWWGWSG":[0,-10,101.178,-10],
"SWSS0GSS":[-10,-10,600.575,-10],
"RSSW0WGW":[228.838,-10,652.694,332.538],
"SRGS0SSS":[-10,111.759,0,-10],
"SS0WWWGG":[-10,452.762,-10,791.713],
"GGSS0SWW":[67.8593,-10,-0.05,-10],
"0WWW0WGW":[26.2546,-10,0,182.031],
"SWRWGWWW":[-10,119.803,707.191,-10],
"GR0GSWSW":[185.921,0,-10,-10],
"0G0RSS0G":[733.204,415.853,-10,609.154],
"0W0RSSSG":[411.66,640.706,-10,-10],
"SS0GWWRW":[-10,662.121,-10,416.385],
"0G0WSWSG":[707.645,534.595,-10,-10],
"GWRWSSSS":[643.082,116.785,-10,-10],
"SS0GGS0S":[-10,725.768,64.1362,18.2102],
"SWGWSW0S":[-10,730.811,-10,4.99213],
"WW0WRW0W":[-10,47.4382,-4.0951,1.34372],
"SGRSGWWW":[-10,55.5606,0,-10],
"SWSR0WGW":[-10,-10,367.25,769.571],
"0R0SSSGS":[61.7224,0,-10,0],
"SRSG0WWW":[-10,-10,420.938,-10],
"RWWW0SSW":[656.117,-10,6.45622,-10],
"0GSG0S0W":[687.843,-10,76.9628,168.549],
"0SSWRWGG":[202.264,-10,0,0],
"SWSSRW0G":[-10,-10,652.849,303.857],
"SGWWWWRG":[-10,-10,-10,82.8],
"0WSR0GWW":[546.567,-10,709.311,-10],
"RWSW0GGW":[0,-10,536.931,0],
"0R0GSW0G":[71.0047,121.881,-10,438.507],
"WW0WSSSR":[-10,578.252,-10,-10],
"SS0W0GRW":[-10,640.844,743.568,657.354],
"WW0SSW0R":[-10,51.2311,-10,652.533],
"SG0RWW0G":[-10,192.094,-10,59.0821],
"WWSW0S0R":[-10,-10,572.641,629.842],
"WWWW0WRW":[-10,-10,0,-1],
"0GGWSSWW":[573.895,763.951,-10,-10],
"0SSS0SSG":[187.956,-10,50.9694,-10],
"WWSSSW0R":[-10,-10,-10,543.831],
"WWSRSWGS":[-10,-10,-10,9.01],
"0G0SSSSW":[672.858,462.335,-10,-10],
"WWWWSSSS":[-10,-10,-10,-10],
"RWWWSWSS":[570.154,-10,-10,-10],
"SRSSGW0S":[-10,-10,0,55.2293],
"0G0WSWGS":[403.29,381.228,-10,610.543],
"0SSS0WSR":[-2.56632,-10,599.919,-10],
"SSGSSS0R":[-10,9.01,-10,0],
"0WSWGGWW":[387.667,-10,811.72,-10],
"SS0WGRWW":[-10,607.89,759.453,-10],
"RG0WWWSS":[717.712,639.342,-10,-10],
"0S0WRGSW":[237.058,646.301,371.662,-10],
"GWWWSR0W":[758.99,-10,-10,190.976],
"SRSS0W0S":[-10,-10,139.563,554.214],
"GWWW0G0W":[102.211,-10,0,0],
"SSRW0W0W":[-10,647.803,664.197,643.264],
"0SWWGWSR":[29.8061,-10,418.153,-10],
"0RSG0S0W":[188.989,-10,592.822,296.952],
"SWSG0G0S":[-10,-10,27.6855,266.762],
"GWSSGSRW":[75.7923,-10,0,0],
"WWSS0G0R":[-10,-10,717.83,645.208],
"0GRWSWSW":[703.778,453.997,-10,-10],
"RGSW0WGW":[338.525,-10,137.341,107.261],
"SSSS0RSG":[-10,-10,58.5484,-10],
"WWGWSWGW":[-10,217.909,-10,570.618],
"SWRW0GSW":[-10,515.442,724.06,-10],
"RG0W0SSW":[730.935,318.672,386.561,-10],
"0SSSRWGW":[161.113,-10,0,765.58],
"0S0SSWSG":[450.165,104.175,-10,-10],
"SSSSGS0W":[-10,-10,612.989,406.377],
"0RSSSG0G":[159.141,-10,-10,4.06753],
"0WWW0RSG":[521.059,-10,578.407,-10],
"SSSWSS0G":[-10,-10,-10,580.799],
"0WGSSWSR":[0,307.212,-10,-10],
"0SSRSWSS":[465.455,-10,-10,-10],
"RGSWWWGW":[123.274,-10,-10,0],
"RS0G0WSW":[564.462,726.729,513.091,-10],
"SG0W0R0G":[-10,20.7193,101.286,407.563],
"0WGRSWSW":[381.799,746.489,-10,-10],
"SS0G0RSS":[-10,575.648,656.066,-10],
"0SSRWW0G":[574.192,-10,-10,312.118],
"GW0G0WSW":[761.062,682.446,589.821,-10],
"SS0SGWWW":[-10,612.823,716.061,-10],
"0WSSRG0W":[625.35,-10,718.884,649.595],
"WWGW0WSS":[-10,773.48,655.885,-10],
"SWGG0WWW":[-10,798.93,340.724,-10],
"RWGG0SSS":[0,0,318.249,-10],
"SSSSRW0W":[-10,-10,580.372,643.599],
"0GGWSS0R":[727.546,480.173,-10,379.423],
"SW0SSGRW":[-10,-1.04,-10,216.98],
"SRSG0WSW":[-10,-10,483.122,-10],
"SG0W0GSW":[-10,465.165,736.301,-10],
"SWSGRG0W":[-10,-10,89.0607,0],
"SG0G0WSS":[-10,720.225,599.444,-10],
"SWSSWWSS":[-10,-10,-10,-10],
"GRWWSWGW":[132.394,-10,-10,0],
"WW0RSS0S":[-10,631.662,-10,101.904],
"0WGWSWSW":[648.056,743.438,-10,-10],
"WWGGSRSS":[-10,144.309,-10,-10],
"0WRW0WWW":[38.3142,-1.9,107.202,-10],
"SSSWSSGR":[-10,-10,-10,31.8862],
"SW0WSSSS":[-10,650.511,-10,-10],
"RG0GSSWW":[660.915,169.383,-10,-10],
"RWSSGW0W":[643.535,-10,479.593,434.667],
"SSSG0WRW":[-10,-10,625.967,309.47],
"SG0W0G0S":[-10,624.383,268.384,214.456],
"SS0WRG0S":[-10,70.1584,72.1841,630.446],
"GW0GSSSS":[736.145,326.537,-10,-10],
"WW0GSWRW":[-10,342.669,-10,595.569],
"0R0GGWSW":[140.19,185.967,741.228,-10],
"SS0GSWSW":[-10,642.959,-10,-10],
"0SSS0SRW":[162.172,-10,0,0],
"WWSW0GGR":[-10,-10,144.961,405.641],
"SW0WWWRG":[-10,373.869,-10,663.289],
"GG0RSS0W":[616.979,445.738,-10,652.324],
"SSSS0GSS":[-10,-10,709.036,-10],
"GGSWSS0W":[309.523,-10,-10,642.024],
"0WSG0SSW":[641.085,-10,36.9485,-10],
"0GSWSS0S":[596.888,-10,-10,516.476],
"SR0G0SSW":[-10,54.9547,433.219,-10],
"SRSS0GGW":[-10,-10,248.768,0],
"SSGW0WGW":[-10,579.462,319.119,751.832],
"0SSWGR0G":[95.0922,-10,0,465.396],
"SW0SSSRW":[-10,21.088,-10,634.704],
"SS0SSR0S":[-10,230.402,-10,44.7102],
"WWSGSR0W":[-10,-10,-10,538.981],
"WWGGSWSS":[-10,795.919,-10,-10],
"0WGW0WWW":[41.6319,320.163,13.2418,-10],
"SRGG0W0S":[-10,0,103.763,0],
"0WSS0S0G":[655.957,-10,608.407,741.077],
"SWRSSSSW":[-10,206.753,-10,-10],
"SGSWSS0G":[-10,-10,-10,186.714],
"0R0GWW0G":[47.8516,0,-10,-0.05],
"0WSR0SSS":[511.043,-10,66.1669,-10],
"WWGW0GSS":[-10,784.337,724.986,-10],
"SWWW0SGS":[-10,-10,0,268.583],
"RSSWWW0W":[638.373,-10,-10,557.66],
"SG0RSWSS":[-10,563.242,-10,-10],
"0W0WSRSS":[580.848,651.881,-10,-10],
"0W0SSG0R":[640.927,209.481,-10,197.341],
"0SSRSGSW":[-1.976,-10,-10,-10],
"SWGSGWWW":[-10,47.6636,361.988,-10],
"0GRGSSSS":[134.484,0,-10,-10],
"0W0GGWWW":[19.0112,0,67.324,-10],
"WWGWSS0R":[-10,703.839,-10,218.763],
"SW0RGWGW":[-10,56.8949,615.83,73.8464],
"SS0S0SSR":[-10,370.956,122.606,-10],
"RG0WSG0W":[176.506,0,-10,0],
"SSGR0WSG":[-10,66.1181,0,-10],
"SW0GSS0W":[-10,0,-10,490.003],
"0G0G0RSS":[540.288,734.214,514.999,-10],
"0WSWSWRG":[640.203,-10,-10,533.24],
"SW0SRWSW":[-10,573.691,466.208,-10],
"SSSW0SSR":[-10,-10,365.477,-10],
"GW0SSGSS":[53.6131,0,-10,-10],
"RWSS0G0G":[366.977,-10,293.036,733.845],
"SWRS0GWW":[-10,318.805,711.898,-10],
"SWSWSR0W":[-10,-10,-10,652.617],
"SSSW0WGR":[-10,-10,370.33,743.66],
"0SSSWWSS":[193.276,-10,-10,-10],
"SSSWWW0S":[-10,-10,-10,124.705],
"0R0GWWSG":[140.018,672.738,-10,-10],
"RSSWSS0S":[44.5618,-10,-10,426.227],
"SSSGRSSW":[-10,-10,36.1591,-10],
"SW0RGG0S":[-10,413.039,0,26.3606],
"SRSS0S0G":[-10,-10,149.638,0],
"SGSW0W0S":[-10,-10,644.799,500.126],
"SS0R0W0S":[-10,665.415,640.281,544.484],
"0SSG0RGW":[0,-10,0,130.252],
"SW0WGGRW":[-10,408.938,94.5817,0],
"WWRGSW0W":[-10,725.522,-10,307.357],
"WWSSSGGS":[-10,-10,-10,9.01],
"GSSWGW0W":[58.4711,-10,566.691,60.8965],
"RW0W0WSW":[623.799,635.863,647.434,-10],
"0GRWSS0W":[744.218,658.117,-10,648.055],
"GR0G0SSS":[455.409,0,0,-10],
"0S0WSRSW":[360.821,672.255,-10,-10],
"SSWW0WGS":[-10,-10,603.407,737.032],
"0GSSWWRW":[717.532,-10,-10,614.556],
"0W0WSW0G":[647.189,624.1,-10,732.228],
"SWRSWW0W":[-10,7.66648,-10,656.944],
"0WGWSRSW":[427.064,725.895,-10,-10],
"SGRW0G0W":[-10,0,36.1865,79.1284],
"0RWW0GSG":[2.5439,-10,244.098,-10],
"GGWWWWSS":[811.463,-10,-10,-10],
"SSRWGG0S":[-10,459.05,0,0],
"0WGW0SSS":[661.337,730.839,639.572,-10],
"SSRGSW0S":[-10,242.162,-10,0],
"0W0SSWSG":[653.601,510.877,-10,-10],
"0W0GSRWW":[581.187,703.836,-10,-10],
"SW0WSS0S":[-10,649.054,-10,164.698],
"SW0R0GSS":[-10,584.409,726.511,-10],
"RSSWGWGW":[172.202,-10,0,0],
"SWSS0WSG":[-10,-10,578.612,-10],
"GW0RGWSW":[115.837,24.2066,0,-10],
"SRSS0W0G":[-10,-10,620.453,717.43],
"WWGRSW0G":[-10,194.481,-10,21.7414],
"0RSW0SSS":[622.073,-10,15.214,-10],
"WWRWSSWW":[-10,652.65,-10,-10],
"SWWWWWGG":[-10,-10,-10,697.191],
"SSSS0S0S":[-10,-10,371.781,332.303],
"0GWW0R0G":[3.42748,-10,0,0],
"SW0RGG0W":[-10,260.021,230.667,629.333],
"WWSS0SGW":[-10,-10,563.515,656.622],
"0GSSSW0G":[692.091,-10,-10,737.698],
"SSSSSWRW":[-10,-10,-10,602.643],
"0WSGRS0G":[96.3195,-10,0,0],
"0SSR0G0S":[0,-10,7.21227,209.15],
"0GSSRW0G":[416.436,-10,445.335,741.557],
"SSSR0SSS":[-10,-10,273.555,-10],
"GRSW0SSS":[84.4422,-10,0,-10],
"RSSSSSSS":[120.474,-10,-10,-10],
"SWWWWWRW":[-10,-10,-10,622.734],
"0W0GSGSS":[627.697,540.154,-10,-10],
"SSSGSWRG":[-10,-10,-10,44.4604],
"SW0R0S0S":[-10,665.697,486.247,319.164],
"GSSW0W0R":[119.432,-10,600.14,185.683],
"0WSSSGSW":[586.085,-10,-10,-10],
"0WRSSWSW":[357.951,552.908,-10,-10],
"SSSGSSSW":[-10,-10,-10,-10],
"GSSSWWGR":[133.982,-10,-10,0],
"0GSSRG0W":[656.268,-10,130.39,0],
"0WRW0SSW":[646.337,620.259,613.772,-10],
"0SRWWWSW":[584.109,633.882,-10,-10],
"SS0WRW0S":[-10,615.083,453.443,532.099],
"0SWWGWSW":[79.2943,-10,761.825,-10],
"SS0GWW0W":[-10,704.713,-10,469.213],
"GWWW0SSR":[380.053,-10,0,-10],
"0S0WWWSR":[551.299,612.993,-10,-10],
"SSWW0G0S":[-10,-10,743.285,648.14],
"SSWW0GSS":[-10,-10,714.762,-10],
"0GWWSG0S":[479.832,-10,-10,627.668],
"SSSSRGSW":[-10,-10,243.789,-10],
"0WSSSRSW":[593.899,-10,-10,-10],
"SSRS0W0G":[-10,41.4293,213.257,708.039],
"SS0SWWWW":[-10,154.063,-10,-10],
"SSSW0GRW":[-10,-10,712.535,336.183],
"SSWWSWSS":[-10,-10,-10,-10],
"SW0G0RWW":[-10,705.011,605.54,-10],
"SS0W0GSG":[-10,471.199,727.451,-10],
"SWSS0W0S":[-10,-10,631.104,530.212],
"0WWW0SSR":[631.093,-10,63.1064,-10],
"WW0RSWSS":[-10,660.211,-10,-10],
"SWWW0G0G":[-10,-10,745.335,670.394],
"SG0G0WSR":[-10,162.164,0,-10],
"GWSGSWSW":[256.568,-10,-10,-10],
"SWSWSGSS":[-10,-10,-10,-10],
"GWWWSWSG":[542.519,-10,-10,-10],
"SW0SSS0W":[-10,285.722,-10,641.851],
"0W0RSWSS":[598.019,653.691,-10,-10],
"SSSWRW0S":[-10,-10,118.139,631.584],
"SSGW0WRW":[-10,758.506,426.176,477.868],
"SSGWWWGW":[-10,633.604,-10,348.091],
"WWSSGS0W":[-10,-10,729.465,607.334],
"WWWWSGSS":[-10,-10,-10,-10],
"0WSG0GSW":[118.109,-10,0,-10],
"GGSSSW0W":[814.154,-10,-10,507.334],
"SS0S0WSG":[-10,368.305,668.209,-10],
"SSSW0WSG":[-10,-10,649.51,-10],
"WW0SSR0W":[-10,96.1747,-10,664.184],
"0WGGSSSW":[508.454,822.654,-10,-10],
"SS0GWWSS":[-10,706.432,-10,-10],
"SSRS0W0W":[-10,593.981,615.078,648.146],
"SR0GWWWW":[-10,627.471,-10,-10],
"0W0RWW0W":[208.947,92.3259,-10,66.7899],
"0SSGSWRS":[41.2626,-10,-10,0],
"0WRWSWSS":[621.436,653.107,-10,-10],
"0RGW0GSS":[670.859,413.765,432.053,-10],
"0SSW0R0G":[543.153,-10,641.103,714.155],
"0W0RGSSW":[88.9548,114.991,692.233,-10],
"0S0SSG0S":[72.2697,445.695,-10,98.3313],
"GGSWWW0W":[793.367,-10,-10,399.753],
"0WWWGWSR":[433.15,-10,669.564,-10],
"SR0S0S0G":[-10,27.7383,320.566,0],
"0W0RWWSG":[644.311,438.438,-10,-10],
"SW0G0SSR":[-10,669.519,100.133,-10],
"0RWWSG0W":[378.46,-10,-10,527.789],
"GS0R0SSS":[21.2034,0,0,-10],
"0S0RGWSW":[341.079,186.687,749.289,-10],
"0GSGSSWW":[721.574,-10,-10,-10],
"SSSSSGGW":[-10,-10,-10,73.5506],
"0W0GSSRS":[150.097,675.624,-10,29.6711],
"SW0SSGSG":[-10,3.14448,-10,-10],
"RWSWSSWW":[668.999,-10,-10,-10],
"0W0R0W0W":[234.296,219.284,232.722,232.301],
"SGRWWWSS":[-10,590.861,-10,-10],
"WW0RSW0S":[-10,675.016,-10,38.1008],
"0WRW0W0G":[16.9769,-2.71,124.083,-0.0604528],
"SRWW0W0G":[-10,-10,606.026,704.424],
"SSSG0W0R":[-10,-10,648.53,298.361],
"RWWWGW0W":[0,-10,10,0],
"0WGG0W0W":[119.915,338.282,70.5506,77.333],
"GRSW0S0W":[760.564,-10,104.669,193.84],
"SSSSWW0R":[-10,-10,-10,645.06],
"SGSWSSWW":[-10,-10,-10,-10],
"0GSWSSGW":[532.675,-10,-10,767.502],
"SRSSWWSW":[-10,-10,-10,-10],
"WWWWRWSS":[-10,-10,644.238,-10],
"SG0SWWSG":[-10,14.2828,-10,-10],
"0S0GSSGS":[67.2704,0,-10,0],
"WWSGSR0S":[-10,-10,-10,47.8009],
"GW0SSSSW":[752.762,54.9131,-10,-10],
"0G0RGSSW":[0,0,56.833,-10],
"WW0R0GWW":[-10,2.79198,20.2926,-10],
"SS0S0SRG":[-10,58.2081,0,0],
"WW0R0W0W":[-10,102.814,226.526,52.0948],
"WWSRSSSW":[-10,-10,-10,-10],
"SSSW0SRS":[-10,-10,4.67054,360.094],
"0WRWSWSG":[647.418,377.83,-10,-10],
"WW0RGGSW":[-10,138.823,393.53,-10],
"0WSG0GRW":[85.7933,-10,288.749,0],
"RWSGSW0W":[561.287,-10,-10,191.25],
"WWSRSW0G":[-10,-10,-10,559.985],
"0WSS0WGR":[654.884,-10,659.068,774.047],
"0WSSRS0G":[583.695,-10,507.953,727.223],
"SS0SWW0R":[-10,79.6205,-10,652.891],
"WW0WRW0G":[-10,35.4117,0,0],
"0GSGSR0S":[73.1806,-10,-10,0],
"SW0RSWSW":[-10,648.526,-10,-10],
"GS0SSSRS":[49.1062,0,-10,0],
"0WSSGWGW":[634.182,-10,766.862,728.737],
"SWSG0W0S":[-10,-10,652.119,481.667],
"WWWWGW0W":[-10,-10,150.39,42.7462],
"SWSWRWGW":[-10,-10,593.572,130.86],
"0WSWSSGW":[653.182,-10,-10,766.825],
"SSSWRG0G":[-10,-10,63.1025,348.113],
"SS0WGR0G":[-10,323.611,299.569,721.905],
"SWSSSWRW":[-10,-10,-10,588.444],
"0SSSSG0W":[595.003,-10,-10,258.343],
"0WWWRSSG":[536.17,-10,-1.19,-10],
"RW0GWWSS":[594.168,726.247,-10,-10],
"SSGS0G0W":[-10,273.54,229.554,628.317],
"WWGSSWRW":[-10,24.4171,-10,0],
"SG0S0W0R":[-10,153.174,616.882,104.384],
"WWRWSGWW":[-10,262.922,-10,-10],
"0GGW0SSW":[375.49,743.437,144.911,-10],
"0WGR0SSG":[0,21.9753,0,-10],
"GW0RSSWW":[775.573,649.138,-10,-10],
"GW0GWWSS":[758.563,686.159,-10,-10],
"SWSWSS0W":[-10,-10,-10,636.161],
"SRWWGS0S":[-10,-10,0,83.0834],
"GWSW0W0G":[751.944,-10,599.372,656.026],
"0W0G0GSS":[635.01,733.965,699.726,-10],
"SW0WSSSR":[-10,508.342,-10,-10],
"0SSWGWSW":[-2.8184,-10,737.152,-10],
"0W0WWWRW":[0,18.488,-10,-1.9],
"SSGS0G0R":[-10,183.603,0,0],
"WW0W0GGW":[-10,0,0.83684,0],
"WWSS0GGW":[-10,-10,695.952,744.891],
"0R0GSG0W":[120.508,74.0668,-10,463.039],
"0SSWSSGW":[186.304,-10,-10,658.2],
"SSSSWWRG":[-10,-10,-10,725.353],
"WWWWSGRS":[-10,-10,-10,-4.87317],
"SWSWSWRS":[-10,-10,-10,430.391],
"SWSWSRWW":[-10,-10,-10,-10],
"SSGWGWWW":[-10,405.589,740.308,-10],
"RWSSSGGW":[63.6768,-10,-10,0],
"SWSR0GWW":[-10,-10,655.216,-10],
"SSSRGW0S":[-10,-10,72.0784,0],
"0SSWGWSS":[38.9093,-10,701.703,-10],
"SWSWGWSS":[-10,-10,727.198,-10],
"SS0SRS0S":[-10,202.789,0,0],
"SWGGWW0W":[-10,810.394,-10,390.331],
"SWSW0WRG":[-10,-10,639.029,377.157],
"SWGR0WSW":[-10,742.666,371.506,-10],
"RW0SSSSS":[418.052,56.4011,-10,-10],
"0WWWRWGW":[0,-10,0,12.7138],
"GWGWWWSR":[126.84,0,-10,-10],
"SW0R0G0G":[-10,267.142,725.863,261.29],
"GW0RWWSS":[765.925,192.433,-10,-10],
"WW0R0GSW":[-10,618.513,712.585,-10],
"WW0GRW0W":[-10,24.2197,0,0],
"0RGWWWSW":[580.465,757.023,-10,-10],
"WW0W0RSW":[-10,661.613,630.187,-10],
"GWSS0W0R":[769.314,-10,525.186,416.363],
"WWSWSSGW":[-10,-10,-10,695.318],
"WWWW0GSG":[-10,-10,685.648,-10],
"GW0SSRWW":[695.428,215.124,-10,-10],
"SWSGSWRS":[-10,-10,-10,108.586],
"0G0G0SSW":[734.668,643.406,455.806,-10],
"0G0W0SSG":[94.6861,151.996,512.05,-10],
"GS0W0WSG":[149.292,45.892,329.778,-10],
"SRSW0WSS":[-10,-10,630.874,-10],
"0G0WSSGR":[733.325,292.994,-10,216.202],
"SW0SSSGW":[-10,56.0956,-10,714.484],
"0WGSSR0W":[577.136,94.0124,-10,0],
"WW0R0SSG":[-10,540.994,119.798,-10],
"WWSWSWSW":[-10,-10,-10,-10],
"SWSS0SSR":[-10,-10,266.433,-10],
"GRSWSW0G":[308.323,-10,-10,71.2413],
"0RSW0GWW":[368.256,-10,647.415,-10],
"SWSSRW0S":[-10,-10,107.983,528.274],
"SRSWGW0W":[-10,-10,737.91,391.035],
"0SSS0GGR":[414.377,-10,74.1822,74.332],
"SWSWSRGS":[-10,-10,-10,103.819],
"SGSW0G0W":[-10,-10,675.487,508.063],
"GWWWSW0G":[749.388,-10,-10,653.955],
"0WSRSGGW":[10.0506,-10,-10,118.545],
"0WWWSWSG":[583.288,-10,-10,-10],
"SGSSRS0W":[-10,-10,182.545,0],
"SW0WWWGG":[-10,359.727,-10,819.636],
"SW0SSSGS":[-10,-1.04,-10,346.263],
"SS0W0RGW":[-10,450.697,501.549,765.153],
"SSSSSSRG":[-10,-10,-10,136.965],
"0WRWGWSW":[250.499,142.965,730.953,-10],
"0GSW0RGW":[653.824,-10,22.5298,116.22],
"WWSSRW0W":[-10,-10,650.663,677.395],
"GRSW0S0S":[444.989,-10,31.7812,50.0311],
"0G0W0WGW":[30.415,20.6408,8.4865,109.502],
"GSSW0G0W":[166.925,-10,83.4572,639.011],
"0WGW0RWW":[0,0,-0.05,-10],
"SSGGWW0W":[-10,817.539,-10,359.492],
"SSWWWWSS":[-10,-10,-10,-10],
"RW0WSSGS":[112.941,0,-10,0],
"SSWWSSSR":[-10,-10,-10,-10],
"0GSW0RWW":[342.637,-10,501.156,-10],
"0SGRWWSW":[291.113,729.45,-10,-10],
"0SSRSS0S":[364.508,-10,-10,23.1643],
"SSWWWWGW":[-10,-10,-10,743.954],
"WWSSSS0G":[-10,-10,-10,687.294],
"0GWW0RSW":[560.562,-10,351.604,-10],
"WW0W0W0W":[-10,219.896,230.142,208.266],
"SW0RGWWW":[-10,540.077,766.375,-10],
"SSSWWWSW":[-10,-10,-10,-10],
"SR0GSS0W":[-10,64.9384,-10,0],
"SWSWSW0W":[-10,-10,-10,650.235],
"SS0G0WGW":[-10,548.296,608.848,732.349],
"0SSWSS0W":[499.053,-10,-10,655.844],
"WWRG0W0W":[-10,-1,47.3858,6.18253],
"0WSSSWSG":[611.558,-10,-10,-10],
"0G0SSWGW":[561.666,481.762,-10,768.319],
"SSWWSG0S":[-10,-10,-10,54.3579],
"SR0S0G0W":[-10,638.135,328.383,243.045],
"SWSSWWGW":[-10,-10,-10,708.71],
"SSWWGGSW":[-10,-10,767.769,-10],
"SWSSSR0W":[-10,-10,-10,633.932],
"GWSW0SSW":[670.237,-10,22.3529,-10],
"WW0WRWSW":[-10,685.294,609.856,-10],
"GSGWSWSS":[168.479,0,-10,-10],
"WW0GRSSS":[-10,750.371,417.656,-10],
"SW0SSSRS":[-10,216.604,-10,0],
"SWWW0GSG":[-10,-10,694.928,-10],
"GR0WSWSS":[742.371,542.749,-10,-10],
"SS0WRGSW":[-10,405.084,726.434,-10],
"GWSR0SSW":[77.4325,-10,0,-10],
"0SSW0WSS":[177.61,-10,660.794,-10],
"SGWW0WRW":[-10,-10,215.828,458.724],
"0WSGSS0W":[646.849,-10,-10,567.738],
"0S0GSS0S":[575.257,226.057,-10,100.145],
"SS0GSSSW":[-10,618.431,-10,-10],
"0S0G0WSG":[253.012,275.652,617.414,-10],
"WWSS0SWW":[-10,-10,200.557,-10],
"0WSS0WWW":[511.462,-10,609.038,-10],
"SWSW0GSW":[-10,-10,687.042,-10],
"0RSSGS0G":[328.717,-10,0,0],
"GWSWRW0W":[753.445,-10,350.633,403.514],
"0G0SSS0W":[735.644,635.998,-10,648.45],
"SSSW0SWW":[-10,-10,54.8858,-10],
"SSSWSWRG":[-10,-10,-10,594.874],
"0G0WSS0R":[747.284,654.296,-10,639.19],
"SGRW0WSS":[-10,568.611,183.449,-10],
"0S0WSW0S":[583.721,644.236,-10,409.458],
"SS0S0GSR":[-10,0,187.207,-10],
"GWSSSW0R":[740.841,-10,-10,434.958],
"SWSW0G0G":[-10,-10,726.392,659.769],
"RWSWSG0W":[628.331,-10,-10,353.422],
"SS0WWW0R":[-10,553.643,-10,635.952],
"SR0GSWSW":[-10,645.583,-10,-10],
"WW0WSGSR":[-10,487.543,-10,-10],
"WWWWSGSR":[-10,-10,-10,-10],
"0WSG0S0G":[281.099,-10,197.465,724.65],
"WW0WSRSS":[-10,649.419,-10,-10],
"0S0S0RSW":[261.727,515.755,644.097,-10],
"SSSSRWGG":[-10,-10,63.0948,0],
"SW0R0G0S":[-10,639.81,727.958,557.202],
"GGSW0S0W":[823.855,-10,100.987,231.758],
"SSGW0WGS":[-10,652.977,62.1738,37.4567],
"SSSWGSSG":[-10,-10,9.01,-10],
"SSSWSRSW":[-10,-10,-10,-10],
"RWGW0WSS":[650.589,758.383,644.779,-10],
"WW0G0W0G":[-10,0.241625,57.4513,5.86811],
"WWSSSSRG":[-10,-10,-10,673.429],
"SWRG0G0W":[-10,690.98,166.89,169.373],
"SSGW0WSG":[-10,702.581,296.923,-10],
"GWSRSWGW":[72.1342,-10,-10,0],
"0SRWWWSS":[632.996,609.968,-10,-10],
"SW0W0SSR":[-10,628.011,490.009,-10],
"0WSS0SSW":[660.029,-10,156.125,-10],
"0WSGSWGS":[0,-10,-10,90.4179],
"GGSSSR0W":[158.642,-10,-10,0],
"SSWWGGSR":[-10,-10,331.698,-10],
"0SSSWWWW":[235.841,-10,-10,-10],
"0SWWGGSW":[-1.04,-10,222.17,-10],
"SWGWSS0S":[-10,678.983,-10,-1.976],
"SSSSWWGW":[-10,-10,-10,698.068],
"RW0WSSSG":[564.75,76.1504,-10,-10],
"0S0SSWGR":[440.269,0,-10,0],
"SSWWGSSS":[-10,-10,119.412,-10],
"WWSSSW0S":[-10,-10,-10,28.6286],
"0SRWSGSS":[159.228,0,-10,-10],
"GW0SSW0G":[754.745,220.813,-10,364.19],
"SWRW0WSS":[-10,644.931,617.428,-10],
"0SSWSSSR":[252.594,-10,-10,-10],
"0G0WGWSS":[609.523,620.303,736.022,-10],
"RW0WSGWW":[312.164,623.916,-10,-10],
"WWSWGW0R":[-10,-10,717.294,246.691],
"0WRWSWGS":[496.646,56.1961,-10,112.179],
"0G0R0GSW":[7.22887,459.218,12.3329,-10],
"SGSWWWWW":[-10,-10,-10,-10],
"GWRGSWWW":[68.1137,304.648,-10,-10],
"SWSSGRSW":[-10,-10,234.101,-10],
"GRSSSSGW":[188.961,-10,-10,0],
"0R0WSSGG":[349.496,56.953,-10,0],
"SRWWGGSS":[-10,-10,68.9344,-10],
"0SGRSWSW":[32.4264,330.764,-10,-10],
"0SSWSRGW":[0,-10,-10,137.739],
"0WSWGSGW":[180.006,-10,108.879,679.262],
"RWSWSS0S":[639.953,-10,-10,191.706],
"SWSG0GSS":[-10,-10,179.109,-10],
"0SSGSW0R":[100.367,-10,-10,525.514],
"0WSSRWGW":[639.042,-10,639.713,749.661],
"0WSSSSGW":[650.985,-10,-10,767.807],
"SS0S0SGS":[-10,332.29,0,52.4228],
"0WSSSRWW":[636.099,-10,-10,-10],
"SG0RWWWW":[-10,605.027,-10,-10],
"WWSGSG0W":[-10,-10,-10,329.364],
"0GGR0WSW":[74.8937,697.724,55.8159,-10],
"0S0GSS0W":[121.507,56.7501,-10,611.292],
"SWSSSSSW":[-10,-10,-10,-10],
"SSWW0WRG":[-10,-10,629.957,715.836],
"0GSWSSSR":[503.714,-10,-10,-10],
"0WSSGSSW":[523.049,-10,0,-10],
"GW0WSGRW":[0,13.8561,-10,0],
"SW0G0WGR":[-10,0.497959,0,322.201],
"WWSR0SWW":[-10,-10,117.446,-10],
"0S0WWWSG":[634.757,524.518,-10,-10],
"0SGSSSSS":[448.341,0,-10,-10],
"SW0WSGSW":[-10,642.538,-10,-10],
"RW0W0WWW":[-2.71,162.881,13.5722,-10],
"0WGWSWRS":[640.268,254.165,-10,106.45],
"0SSRSWGW":[57.8477,-10,-10,445.871],
"0WSGRS0S":[0,-10,181.786,0],
"RG0WSS0W":[614.651,604.584,-10,650.512],
"SG0R0G0S":[-10,172.894,0,0],
"SSGWGWRW":[-10,74.8774,66.3384,458.295],
"GWGSSS0R":[145.213,0,-10,0],
"GS0W0WSS":[712.82,623.963,597.788,-10],
"SSSW0SGW":[-10,-10,88.2539,693.152],
"0GWWSWRS":[706.011,-10,-10,485.728],
"SS0GGRSS":[-10,283.634,0,-10],
"0G0WSG0S":[700.635,188.309,-10,79.4346],
"SWGW0R0S":[-10,760.658,158.124,88.6896],
"RWGGSW0W":[0,0,-10,140.275],
"0G0WSSRW":[740.471,646.944,-10,650.239],
"GSRWSWSW":[430.306,0,-10,-10],
"GS0G0WSW":[584.89,414.779,154.584,-10],
"0S0SGSSW":[350.327,0,0,-10],
"SS0SSGSG":[-10,32.0553,-10,-10],
"0WGWWWGW":[0,34.101,-10,0],
"0RGSSWWW":[616.516,82.8816,-10,-10],
"0SGWGWSW":[569.29,0,67.1138,-10],
"SW0S0GSG":[-10,0,317.402,-10],
"RW0WSWGG":[0,65.3892,-10,0],
"SSSSRS0S":[-10,-10,315.025,11.111],
"WW0RSSGW":[-10,233.535,-10,698.037],
"SG0GWWRW":[-10,-0.05,-10,78.5751],
"0RWWSSSW":[594.127,-10,-10,-10],
"SWGG0WSS":[-10,820.395,477.895,-10],
"0WWW0WSR":[591.287,-10,541.909,-10],
"WWGWRWSS":[-10,774.661,562.182,-10],
"0GSWGSSS":[0,-10,24.4171,-10],
"RWSSSW0G":[639.796,-10,-10,226.407],
"RGWWSSSW":[713.316,-10,-10,-10],
"GW0SGSSW":[125.617,0,0,-10],
"WWGW0WWW":[-10,18.4558,0,-10],
"GWSR0G0W":[81.1113,-10,57.5564,386.263],
"0GSRSW0W":[723.09,-10,-10,631.702],
"0SSS0WWW":[331.491,-10,234.773,-10],
"0SSSGSSW":[-1.04,-10,207.225,-10],
"0WSGSSRW":[273.862,-10,-10,578.288],
"0GSSSWGW":[726.374,-10,-10,579.526],
"SSSRWW0G":[-10,-10,-10,710.291],
"SSWWGRSW":[-10,-10,691.225,-10],
"0W0SSS0W":[627.763,652.455,-10,625.426],
"0SWWRWSW":[32.9689,-10,673.06,-10],
"SGWWWW0G":[-10,-10,-10,647.989],
"0G0S0SSW":[738.077,543.071,233.5,-10],
"SWWWWWSR":[-10,-10,-10,-10],
"WWSRGWWW":[-10,-10,496.277,-10],
"WW0WGR0W":[-10,0,0,8.08187],
"RWWWSS0G":[607.11,-10,-10,712.319],
"SWRG0W0W":[-10,547.289,658.399,595.811],
"0W0WSWGG":[576.256,578.332,-10,771.452],
"GW0SSWRG":[252.458,0,-10,0],
"SW0SGW0G":[-10,269.532,726.186,348.539],
"0WGWGWSR":[52.1999,221.743,0,-10],
"RWWWWW0W":[-1,-10,-10,0],
"0SSWSWRS":[280.537,-10,-10,129.167],
"SW0W0RGS":[-10,638.817,121.431,93.4215],
"SWSSGRSS":[-10,-10,23.7488,-10],
"0RSWSG0W":[500.023,-10,-10,656.769],
"SW0S0SWW":[-10,409.77,250.67,-10],
"GRGWWWSW":[182.007,0,-10,-10],
"0GSRSW0G":[629.94,-10,-10,11.1778],
"0SGWSW0S":[593.042,305.248,-10,29.8597],
"0G0SSSWW":[731.764,643.535,-10,-10],
"SGSW0R0G":[-10,-10,17.1811,521.262],
"0WRSSGWW":[57.4384,444.515,-10,-10],
"0WSSRW0G":[646.415,-10,651.041,749.108],
"SR0GWW0S":[-10,579.253,-10,28.6348],
"RWSG0GWW":[60.4789,-10,0,-10],
"SWWWGWRW":[-10,-10,716.569,82.178],
"WWRWSWSW":[-10,648.285,-10,-10],
"SRSSSG0W":[-10,-10,-10,62.1167],
"0GSRSS0W":[724.969,-10,-10,574.981],
"SG0WGWWW":[-10,329.393,738.439,-10],
"0RSG0W0S":[128.188,-10,0,0],
"WWSR0WGG":[-10,-10,57.4485,443.26],
"0W0GSWRG":[458.16,74.562,-10,31.2984],
"RSSS0G0G":[599.519,-10,72.4785,70.7313],
"RWGWSSSW":[130.78,678.943,-10,-10],
"RWSGSS0W":[200.18,-10,-10,527.47],
"SWSWSSRW":[-10,-10,-10,636.594],
"0WSG0WGR":[163.848,-10,55.1124,63.3004],
"SS0WRS0S":[-10,623.854,157.463,67.9459],
"SSSW0G0R":[-10,-10,713.835,561.183],
"RW0WSW0W":[621.74,646.594,-10,667.198],
"SS0G0RSW":[-10,724.021,611.398,-10],
"0W0SSWRW":[617.451,567.888,-10,669.894],
"0S0SSWWW":[370.871,265.57,-10,-10],
"WW0GSWGW":[-10,351.829,-10,590.086],
"0W0GRGSW":[99.1398,712.051,281.498,-10],
"0SRGSWSW":[55.1724,632.351,-10,-10],
"GSSWSW0G":[573.119,-10,-10,59.7398],
"RW0SSG0G":[62.7052,0,-10,0],
"WW0WSSRW":[-10,649.789,-10,462.946],
"SGSW0WSW":[-10,-10,633.343,-10],
"GS0S0RSW":[177.22,0,0,-10],
"SSSWRGSS":[-10,-10,121.686,-10],
"RSSW0WSS":[-3.2249,-10,646.609,-10],
"SSGS0R0G":[-10,10,0,0],
"SGSSSWSW":[-10,-10,-10,-10],
"SW0W0W0R":[-10,646.593,661.484,636.601],
"SG0W0WGW":[-10,401.538,424.192,742.611],
"GWSWSW0S":[737.141,-10,-10,355.029],
"SWGS0GSW":[-10,612.694,89.8837,-10],
"SWGW0G0R":[-10,735.861,255.615,131.796],
"SSSS0WGW":[-10,-10,643.11,732.237],
"SWSWSG0G":[-10,-10,-10,548.814],
"WWSWRW0W":[-10,-10,603.97,680.568],
"0WSRWWWW":[615.577,-10,-10,-10],
"SRWWGWSW":[-10,-10,504.582,-10],
"WW0GSWSG":[-10,227.381,-10,-10],
"0WGWSGWW":[151.855,555.535,-10,-10],
"0S0R0SSS":[264.921,17.5909,0,-10],
"SS0S0S0G":[-10,143.395,591.618,361.048],
"0WGWSRGW":[35.2942,0,-10,192.036],
"0RWWSW0G":[622.225,-10,-10,720.33],
"GWSWSS0R":[747.265,-10,-10,260.384],
"0S0SWWSW":[384.641,258.634,-10,-10],
"GRWW0WSW":[635.813,-10,370.361,-10],
"SSSGRW0W":[-10,-10,556.383,231.143],
"SS0GWW0G":[-10,624.99,-10,402.471],
"RW0WSWSG":[192.902,489.376,-10,-10],
"SG0RSSWW":[-10,2.52125,-10,-10],
"GWSSGS0R":[71.107,-10,0,0],
"0SSS0R0W":[586.19,-10,615.548,657.112],
"0WSGSWSS":[620.622,-10,-10,-10],
"0WGSSWSS":[468.543,654.636,-10,-10],
"SWSSRS0W":[-10,-10,568.378,219.166],
"SRWW0G0S":[-10,-10,731.276,339.247],
"RWSSSWSW":[631.543,-10,-10,-10],
"WWRW0SSS":[-10,579.013,644.212,-10],
"SSGW0W0S":[-10,751.931,651.238,531.075],
"SGWW0G0W":[-10,-10,539.866,623.215],
"SWGGSWSW":[-10,276.396,-10,-10],
"GWSS0SGW":[746.78,-10,259.569,381.237],
"WWGRSSSW":[-10,721.246,-10,-10],
"GW0G0SSR":[0,0,102.822,-10],
"SSSGSSSR":[-10,-10,-10,-10],
"SSWWGW0R":[-10,-10,775.118,647.026],
"0SGSSGWW":[94.8777,0,-10,-10],
"0G0GSW0S":[690.812,742.332,-10,544.597],
"0SWW0WSR":[137.278,-10,671.995,-10],
"SGRW0W0S":[-10,524.377,109.455,0],
"0WGG0SSW":[498.722,822.251,550.932,-10],
"0SSG0W0S":[128.447,-10,644.735,144.974],
"SW0R0GSW":[-10,638.899,728.611,-10],
"SSSS0G0W":[-10,-10,735.771,633.863],
"GWWWWWSG":[287.305,-10,-10,-10],
"GGSRSWWW":[382.229,-10,-10,-10],
"GW0GSSRS":[444.024,0,-10,63.3675],
"SWSWSW0G":[-10,-10,-10,717.036],
"SW0WRSSW":[-10,637.906,392.787,-10],
"WWSWSSSG":[-10,-10,-10,-10],
"WW0SSG0R":[-10,-1.01861,-10,518.833],
"0SSSGGWW":[98.8732,-10,0,-10],
"0GSWSSSW":[667.502,-10,-10,-10],
"0GWWSSGW":[737.559,-10,-10,656.681],
"RGSSWWGW":[112.446,-10,-10,724.619],
"SWWW0GRS":[-10,-10,447.082,641.008],
"WWSWSGRS":[-10,-10,-10,50.9885],
"0W0RSGSW":[418.936,632.418,-10,-10],
"SG0RSSSS":[-10,210.921,-10,-10],
"0S0GGWSS":[392.753,630.4,740.151,-10],
"GRSWWW0W":[760.109,-10,-10,366.838],
"GSSRSSSS":[9.01,-10,-10,-10],
"0GWW0WSG":[689.703,-10,425.146,-10],
"WWRG0GSW":[-10,494.23,87.9764,-10],
"0SSWSGGW":[40.0265,-10,-10,0],
"SWGW0R0W":[-10,776.982,409.462,406.924],
"0GSWWW0S":[0,-10,-10,226.306],
"0RWWSSSS":[563.862,-10,-10,-10],
"GWSWRS0G":[0,-10,374.539,61.6164],
"SR0S0W0G":[-10,245.893,627.638,227.272],
"GWGRSSWW":[527.33,64.9126,-10,-10],
"SWRS0G0W":[-10,578.682,728.428,537.356],
"0WSSSSWW":[638.763,-10,-10,-10],
"0W0W0GSW":[628.58,656.575,713.644,-10],
"WWSSSSSW":[-10,-10,-10,-10],
"SG0SGRSW":[-10,0,72.6511,-10],
"0WGWSGSR":[0,56.2895,-10,-10],
"WW0WSS0S":[-10,534.122,-10,165.182],
"0GSS0WRG":[684.109,-10,20.8948,134.605],
"0GGWRSSS":[74.1495,0,0,-10],
"SW0GGW0R":[-10,656.35,25.7827,99.7404],
"0WSWGWGW":[481.713,-10,596.034,753.317],
"SR0WWWWW":[-10,601.385,-10,-10],
"SSGWGWRS":[-10,209.451,0,0],
"GSSW0W0G":[598.891,-10,339.53,195.29],
"SW0SSWSR":[-10,280.699,-10,-10],
"SSWWSRSW":[-10,-10,-10,-10],
"0W0RGW0W":[60.6157,26.9907,246.766,21.5785],
"0SSSWWSR":[70.6532,-10,-10,-10],
"0W0W0WGW":[219.778,186.686,222.643,714.621],
"SS0WSWSW":[-10,624.312,-10,-10],
"WWSGSWSW":[-10,-10,-10,-10],
"0GSS0WWW":[739.523,-10,501.699,-10],
"SG0W0G0W":[-10,545.386,739.861,536.724],
"GRWWSSGW":[72.4966,-10,-10,85.617],
"0SGWSSRS":[220.547,0,-10,0],
"SW0WRWGW":[-10,345.914,308.94,755.864],
"0WSGSW0W":[628.7,-10,-10,652.883],
"0GSR0W0W":[715.519,-10,621.615,605.051],
"0W0G0WWW":[221.269,224.463,218.651,-10],
"WW0WSRWW":[-10,602.98,-10,-10],
"0SSW0SSS":[361.964,-10,171.165,-10],
"SGSSWWRW":[-10,-10,-10,638.975],
"0W0WWW0W":[237.447,208.085,-10,209.927],
"GG0R0WWW":[31.9078,0,0,-10],
"SSGWGR0W":[-10,700.115,240.684,108.13],
"0WWWSS0S":[488.706,-10,-10,632.531],
"SWSW0SSR":[-10,-10,412.682,-10],
"GWWW0RSS":[685.939,-10,386.131,-10],
"0SSWWW0R":[639.384,-10,-10,585.653],
"SS0GWW0S":[-10,719.2,-10,66.5814],
"SS0WWWSS":[-10,508.281,-10,-10],
"SSSS0GSW":[-10,-10,549.67,-10],
"0GGWRSSW":[73.4466,0,0,-10],
"SGSS0S0G":[-10,-10,277.692,0],
"0G0RGW0W":[0,0,0,53.7212],
"0W0W0SSS":[636.521,596.11,594.271,-10],
"SW0SSS0R":[-10,6.70348,-10,566.27],
"SSGWWWRW":[-10,192.491,-10,601.178],
"SRWW0WGW":[-10,-10,113.002,639.207],
"WWGW0R0G":[-10,49.5535,0,0],
"0W0RSG0W":[649.616,598.694,-10,572.502],
"0R0GSWSS":[589.616,696.345,-10,-10],
"0SGSSWGW":[203.137,0,-10,0],
"SW0WSSSW":[-10,632.254,-10,-10],
"SSGS0GWW":[-10,745.408,377.279,-10],
"WW0SSGRW":[-10,-0.05,-10,375.253],
"0WSW0SSS":[640.744,-10,155.045,-10],
"0WSSSR0S":[314.62,-10,-10,176.162],
"WW0SGSSS":[-10,145.428,0,-10],
"SS0W0SSW":[-10,485.113,541.067,-10],
"0RGSSWGW":[55.5105,0,-10,0],
"SR0WWWGW":[-10,330.95,-10,679.751],
"SGWWWWSG":[-10,-10,-10,-10],
"0WGRSWSS":[382.503,700.338,-10,-10],
"0G0GSWSW":[713.516,688.193,-10,-10],
"0GSSWW0R":[720.266,-10,-10,647.789],
"GRWWSW0S":[738.107,-10,-10,260.113],
"0G0RSG0W":[152.068,51.0508,-10,304.23],
"SWWWGR0W":[-10,-10,770.187,308.101],
"SWWWGR0G":[-10,-10,60.3584,389.949],
"0WGRSW0W":[545.893,760.245,-10,564.192],
"0W0WRWSS":[620.854,637.4,658.707,-10],
"SWWWGRSW":[-10,-10,562.816,-10],
"SSSWSSSG":[-10,-10,-10,-10],
"0SSWWW0W":[576.784,-10,-10,657.945],
"GGRW0WSW":[0,87.2806,25.2768,-10],
"WW0S0GSS":[-10,314.974,93.8641,-10],
"0GWWSSGS":[133.886,-10,-10,727.035],
"SSSWGG0W":[-10,-10,821.664,444.182],
"SSSSGRWW":[-10,-10,662.848,-10],
"WWGSSWSS":[-10,123.036,-10,-10],
"SSGWSS0S":[-10,585.457,-10,-0.05],
"0WWW0GSS":[526.285,-10,731.459,-10],
"SW0R0SGW":[-10,35.4704,0,0],
"WWSSSSSS":[-10,-10,-10,-10],
"0RSWGGWW":[133.244,-10,0,-10],
"SGSWWW0R":[-10,-10,-10,616.605],
"0SSSSR0G":[270.721,-10,-10,0],
"SWSSGW0W":[-10,-10,741.986,645.784],
"GW0WSSSW":[753.096,621.168,-10,-10],
"SSSWSSGW":[-10,-10,-10,571.804],
"0WSSWW0R":[662.175,-10,-10,640.528],
"SGWWWW0R":[-10,-10,-10,610.151],
"SW0WGG0W":[-10,640.191,833.083,638.452],
"0G0W0GWW":[-0.17195,0,0,-10],
"SWWW0SSS":[-10,-10,104.93,-10],
"GRSWSSGW":[69.4364,-10,-10,50.9052],
"GW0WSWGW":[756.056,471.187,-10,610.019],
"0G0SSS0R":[736.856,475.378,-10,614.354],
"0S0SSG0W":[265.377,264.258,-10,665.565],
"SR0SSGSW":[-10,39.8887,-10,-10],
"GSGRSW0S":[0,0,-10,26.0533],
"WW0GSSGR":[-10,37.326,-10,355.859],
"0WSWSS0R":[673.046,-10,-10,635.13],
"SW0SWWSG":[-10,122.321,-10,-10],
"SW0SSWGG":[-10,-1.04,-10,216.686],
"0WWWWW0W":[223.603,-10,-10,237.378],
"SWWWRWSG":[-10,-10,501.245,-10],
"0SGGRWSW":[306.247,0,0,-10],
"SSSWGW0S":[-10,-10,748.753,326.63],
"SSGWSSSS":[-10,383.134,-10,-10],
"SRWWWWSW":[-10,-10,-10,-10],
"0WSG0SRW":[90.439,-10,-1.04,550.328],
"RW0GSSSS":[265.866,729.011,-10,-10],
"GWSSSSGR":[45.559,-10,-10,137.315],
"RSSS0GWW":[-2.261,-10,301.245,-10],
"0WGGSSRS":[114.016,0,-10,0],
"SWWWWW0R":[-10,-10,-10,631.68],
"0G0W0SSW":[744.075,652.17,574.414,-10],
"RGSWSWSW":[527.334,-10,-10,-10],
"SWSR0S0S":[-10,-10,367.701,0],
"0WGWSSGR":[6.41092,0,-10,309.244],
"SW0GWWRS":[-10,484.47,-10,0],
"0WSRSWWW":[652.001,-10,-10,-10],
"0SGR0WSW":[434.877,723.576,553.485,-10],
"0SSW0WSW":[158.857,-10,659.403,-10],
"WW0GSGSR":[-10,98.4066,-10,-10],
"WWSS0S0G":[-10,-10,638.753,704.956],
"0GSSSGSW":[184.203,-10,-10,-10],
"0SSS0WGR":[474.048,-10,669.952,552.355],
"SSWW0WSW":[-10,-10,665.487,-10],
"0SSGRWWW":[14.5889,-10,239.349,-10],
"0WSWWWGR":[525.873,-10,-10,752.524],
"0W0W0SSG":[648.128,626.521,606.497,-10],
"SS0RGW0S":[-10,294.738,762.534,334.454],
"SW0G0W0S":[-10,736.819,658.451,611.545],
"GGRWWWSS":[234.813,0,-10,-10],
"0W0WWWGW":[94.8516,67.0913,-10,405.169],
"0GGSSWWW":[216.006,670.273,-10,-10],
"0WRWWWSS":[654.095,633.943,-10,-10],
"0GWW0SSR":[9.984,-10,60.5283,-10],
"SW0SGWSR":[-10,0,101.011,-10],
"GW0W0W0W":[729.68,223.945,252.902,226.603],
"0WSRSWGW":[351.004,-10,-10,756.43],
"SS0W0WGS":[-10,623.197,629.327,736.94],
"0W0WSR0G":[630.259,630.063,-10,725.924],
"GWWW0GSW":[678.023,-10,310.493,-10],
"0G0WSSSW":[742.239,637.219,-10,-10],
"0GSWSS0G":[688.678,-10,-10,733.717],
"SWRWSSSS":[-10,524.699,-10,-10],
"RWGGWWSW":[217.153,0,-10,-10],
"0WSRGSSW":[121.595,-10,0,-10],
"SWWWWW0G":[-10,-10,-10,708.897],
"SSWWRW0G":[-10,-10,605.928,722.577],
"0WSRSGSS":[232.23,-10,-10,-10],
"SWWW0WRG":[-10,-10,404.333,692.191],
"SW0WSG0R":[-10,169.334,-10,0],
"RWGWWWSG":[87.3453,0,-10,-10],
"GS0WSSSG":[378.163,10.166,-10,-10],
"0GSSSW0S":[625.489,-10,-10,289.417],
"SG0SWWWW":[-10,100.385,-10,-10],
"GW0SSR0W":[67.117,587.869,-10,184.137],
"0G0W0WWW":[222.03,261.265,195.321,-10],
"0GSSSW0W":[730.187,-10,-10,656.031],
"WWWWSR0W":[-10,-10,-10,597.458],
"GSSS0G0W":[642.578,-10,67.9212,0],
"0SGGSS0S":[200.054,0,-10,0],
"0R0G0W0W":[89.9618,254.956,110.901,62.4374],
"GWSW0SRS":[142.381,-10,0,0],
"WWWWRSSS":[-10,-10,259.665,-10],
"0WGSSSRS":[68.4143,0,-10,0],
"WW0RSG0S":[-10,426.723,-10,11.3794],
"0GWWSW0R":[729.684,-10,-10,628.366],
"GWSSGSWW":[196.492,-10,0,-10],
"SGSG0R0W":[-10,-10,57.9021,99.0637],
"0GRWSW0W":[742.525,625.542,-10,621.906],
"SS0S0SRW":[-10,0,601.296,60.1138],
"SS0RGW0W":[-10,657.417,751.739,651.33],
"0WWW0W0W":[217.89,-10,217.793,229.702],
"0WSGSGRW":[58.1005,-10,-10,0],
"0WSGRSWW":[449.85,-10,-1.19,-10],
"0SSSGSSS":[0,-10,255.78,-10],
"SSWW0W0W":[-10,-10,682.415,666.931],
"0W0GWWWW":[124.555,46.007,-10,-10],
"0G0SSSSS":[132.812,575.775,-10,-10],
"WWSSSS0R":[-10,-10,-10,535.06],
"WWSW0WRW":[-10,-10,658.147,642.155],
"GWSWSSSR":[138.276,-10,-10,-10],
"WWRWSS0W":[-10,480.089,-10,623.516],
"0R0GSSSS":[325.085,707.56,-10,-10],
"SSSW0GGW":[-10,-10,453.929,736.344],
"RG0SSGWW":[30.1298,150.22,-10,-10],
"SWRWWW0S":[-10,639.747,-10,32.6027],
"SGSS0WSS":[-10,-10,465.658,-10],
"WWSWRWWW":[-10,-10,596.636,-10],
"SG0WRWGW":[-10,48.055,52.662,0],
"0W0WSSRS":[646.485,604.689,-10,550.125],
"0WWW0W0G":[217.677,-10,215.021,201.674],
"0GWWSWGW":[302.483,-10,-10,750.369],
"0S0WRWSW":[538.579,643.434,665.478,-10],
"0G0WSR0W":[746.238,607.567,-10,622.181],
"SWWWRW0S":[-10,-10,582.538,651.046],
"0SSSSR0W":[611.429,-10,-10,223.262],
"SSRG0WWW":[-10,709.655,638.864,-10],
"SWSW0S0S":[-10,-10,362.716,427.848],
"SSRGSSSS":[-10,182.25,-10,-10],
"SW0WGG0R":[-10,187.413,826.687,107.126],
"SSGSSS0W":[-10,176.154,-10,0],
"0W0WRGSW":[650.885,601.827,601.292,-10],
"0GWWSR0W":[460.513,-10,-10,642.036],
"SS0SSS0R":[-10,58.5463,-10,524.878],
"RGSS0WWW":[712.68,-10,332.508,-10],
"0WWWGGSR":[49.8615,-10,583.307,-10],
"SWSRSWWW":[-10,-10,-10,-10],
"SS0RWWSW":[-10,578.792,-10,-10],
"SG0S0RWW":[-10,126.472,467.916,-10],
"WWSSSR0W":[-10,-10,-10,547.322],
"0W0WGRWW":[0.126182,0,13.1804,-10],
"RGSWSSSS":[126.2,-10,-10,-10],
"0GSS0GSW":[26.8928,-10,3.88481,-10],
"GWSWWWRW":[611.344,-10,-10,79.0913],
"SS0S0RSS":[-10,576.303,42.334,-10],
"0W0RWWWW":[160.998,22.8304,-10,-10],
"0SWWWWSG":[81.1378,-10,-10,-10],
"0WSWWW0G":[654.815,-10,-10,753.912],
"0SWWWWSW":[88.0476,-10,-10,-10],
"WWWWSRSG":[-10,-10,-10,-10],
"SSRW0WSW":[-10,625.956,655.216,-10],
"WWWWSGRW":[-10,-10,-10,143.517],
"SR0WWW0S":[-10,620.697,-10,110.146],
"SW0SRS0S":[-10,170.299,0,43.2429],
"SS0SSS0W":[-10,295.836,-10,673.906],
"GS0SSSGR":[100.825,0,-10,0],
"0WGWWW0R":[0,26.3865,-10,0],
"0R0WGW0W":[16.4949,0,0,0],
"SR0WSSSW":[-10,607.621,-10,-10],
"GS0GSSSW":[603.26,71.9616,-10,-10],
"WWSW0GGW":[-10,-10,587.449,760.535],
"SWSWGW0S":[-10,-10,742.057,350.251],
"SSGRWWSW":[-10,698.965,-10,-10],
"WWSWSWGR":[-10,-10,-10,589.522],
"GWSWSSRW":[256.777,-10,-10,587.13],
"0RGGWWSW":[123.9,708.511,-10,-10],
"SSGRSWSS":[-10,73.352,-10,-10],
"GSSS0WGW":[19.7898,-10,634.124,136.139],
"SWGW0GWW":[-10,751.443,338.425,-10],
"SGSSWWWW":[-10,-10,-10,-10],
"0WSWGSSW":[647.511,-10,35.9102,-10],
"SGSSSSRW":[-10,-10,-10,60.247],
"0RGSSS0G":[80.9563,0,-10,0],
"SWGWWW0W":[-10,717.441,-10,602.543],
"0W0GSR0S":[203.662,347.42,-10,491.117],
"SWWW0WSG":[-10,-10,644.638,-10],
"RWGWSS0G":[17.2928,323.475,-10,45.1903],
"SR0W0WGW":[-10,488.507,513.027,769.052],
"SW0WGW0R":[-10,622.591,755.794,611.466],
"RW0W0W0W":[-9.92145,226.528,206.169,243.925],
"SR0W0W0W":[-10,645.965,642.951,636.332],
"RSSWWW0G":[295.223,-10,-10,723.271],
"WWSS0GSS":[-10,-10,245.344,-10],
"0WGWGRSW":[0,258.189,13.0975,-10],
"WWGWSSRG":[-10,290.431,-10,32.349],
"0R0SSG0G":[0,124.395,-10,0],
"SSGG0SSW":[-10,0,75.8,-10],
"0WSW0GGW":[609.438,-10,698.79,735.51],
"WW0RSGSW":[-10,600.536,-10,-10],
"SW0S0R0G":[-10,396.895,374.733,735.113],
"WW0GSW0W":[-10,747.892,-10,427.186],
"0RSSGWGW":[658.838,-10,338.606,179.558],
"0WSWRG0W":[612.531,-10,693.207,633.17],
"SWRWWWSS":[-10,642.865,-10,-10],
"SWSSGRGS":[-10,-10,0,64.9839],
"WWSSGSSR":[-10,-10,9.01,-10],
"WW0SSWWW":[-10,224.774,-10,-10],
"GSSS0G0S":[173.671,-10,0,0],
"GSGWSWSW":[10,0,-10,-10],
"0S0SSGGS":[37.0697,0,-10,0],
"GWWWSWGW":[220.688,-10,-10,712.466],
"WW0WSS0R":[-10,545.66,-10,616.711],
"0GSG0SSR":[72.3576,-10,0,-10],
"SWWW0WSW":[-10,-10,644.771,-10],
"WWWW0G0W":[-10,-10,55.9047,219.736],
"0WRWSW0S":[638.628,661.78,-10,517.351],
"RG0S0SSW":[703.343,0,0,-10],
"0RWW0WSW":[525.799,-10,568.666,-10],
"WW0WGWSS":[-10,661.95,789.302,-10],
"SW0WRGGS":[-10,155.654,0,0],
"SWSSGR0W":[-10,-10,709.534,452.971],
"0G0G0WSR":[631.494,81.7513,88.2627,-10],
"0GWWSSSR":[698.375,-10,-10,-10],
"0WSW0W0W":[684.852,-10,656.731,656.936],
"SWSWSWSG":[-10,-10,-10,-10],
"SW0R0W0G":[-10,477.424,609.689,698.599],
"SW0GGWRS":[-10,74.7716,0,0],
"RSGW0WSW":[184.947,743.818,136.182,-10],
"SWSW0SRW":[-10,-10,323.402,649.32],
"SWRWSW0S":[-10,618.388,-10,-1.976],
"0RSSSWWW":[629.145,-10,-10,-10],
"SR0W0W0S":[-10,620.528,621.882,576.94],
"0SGW0WSW":[614.991,767.253,648.913,-10],
"0WSGSWSW":[640.31,-10,-10,-10],
"0WSWSSSS":[622.339,-10,-10,-10],
"RG0SSS0S":[52.6598,0,-10,0],
"WW0GSSWW":[-10,747.948,-10,-10],
"SG0S0WWW":[-10,627.416,525.918,-10],
"SRGWWWSW":[-10,639.172,-10,-10],
"GSSRWW0W":[409.803,-10,-10,24.4418],
"SGSW0SGR":[-10,-10,0,44.8071],
"SR0W0WWW":[-10,652.732,633.68,-10],
"WWSG0GWW":[-10,-10,645.441,-10],
"SWSGSWSS":[-10,-10,-10,-10],
"SRSGWW0S":[-10,-10,-10,116.89],
"GWSW0W0R":[754.504,-10,454.376,427.439],
"GWGS0SSW":[303.33,38.0987,0,-10],
"WW0WGWSG":[-10,214.92,514.718,-10],
"0WSGSSSG":[298.718,-10,-10,-10],
"0WWWSSSG":[520.929,-10,-10,-10],
"0SWWSR0S":[95.1734,-10,-10,0],
"WW0WSSSS":[-10,613.13,-10,-10],
"WWSW0SGW":[-10,-10,628.613,735.432],
"SGSS0G0W":[-10,-10,736.355,430.741],
"SSGW0RGW":[-10,69.9797,0,199.322],
"SGWWWW0W":[-10,-10,-10,606.784],
"SGSW0WSR":[-10,-10,298.906,-10],
"0SSWWWSR":[-1.976,-10,-10,-10],
"SRSS0G0W":[-10,-10,724.769,404.89],
"SRSSGS0S":[-10,-10,81.9835,0],
"0SSGWWRW":[112.301,-10,-10,355.507],
"0R0WWWSW":[632.524,673.751,-10,-10],
"WWSG0W0G":[-10,-10,594.686,740.741],
"WW0SSWSW":[-10,38.997,-10,-10],
"0WGSSSGW":[0,0,-10,598.651],
"0GSWSRSW":[596.829,-10,-10,-10],
"SWGS0SSW":[-10,470.698,160.068,-10],
"SWWWWWGW":[-10,-10,-10,725.824],
"SSWWGRSS":[-10,-10,622.186,-10],
"SW0WWWSG":[-10,608.176,-10,-10],
"0W0WSSGG":[603.374,612.483,-10,828.021],
"GW0WWWSW":[764.776,621.612,-10,-10],
"0SSGGWSW":[-1.04,-10,0,-10],
"WW0WSG0R":[-10,629.588,-10,423.542],
"WWWW0GSW":[-10,-10,715.695,-10],
"SG0WGR0W":[-10,163.349,0,0],
"0WWW0WGG":[5.8518,-10,0,0],
"SS0S0GRG":[-10,114.613,670.885,0],
"0R0S0WSS":[-0.05,507.608,0,-10],
"0S0W0WSS":[589.06,649.663,570.896,-10],
"SW0S0WSW":[-10,561.22,653.446,-10],
"0WSS0GSG":[118.179,-10,0,-10],
"0SWWSWSG":[46.1949,-10,-10,-10],
"0SSWGG0S":[249.657,-10,0,64.1517],
"0GSR0W0S":[179.655,-10,0,0],
"GR0WSS0G":[756.327,195.945,-10,136.696],
"SWSSWWSR":[-10,-10,-10,-10],
"GSSW0RGW":[23.3599,-10,0,0],
"0SRSGWSS":[103.355,0,0,-10],
"0WSRSSSW":[636.897,-10,-10,-10],
"RWSG0W0W":[510.556,-10,647.193,406.634],
"SWSW0WGS":[-10,-10,642.013,588.418],
"0RSSSWSS":[512.301,-10,-10,-10],
"0W0WRWWW":[22.7694,98.7495,-1,-10],
"SGSWSRSS":[-10,-10,-10,-10],
"0W0SSGSW":[628.383,488.591,-10,-10],
"RWGW0WSG":[0,120.872,42.0584,-10],
"SS0SSSRG":[-10,29.076,-10,0],
"SWSS0RWW":[-10,-10,602.142,-10],
"0WSWSGSW":[623.085,-10,-10,-10],
"SSRW0WGS":[-10,0,136.265,571.233],
"GWSS0SWW":[640.065,-10,61.9156,-10],
"WWSWGS0R":[-10,-10,694.792,178.528],
"0WGWGW0R":[0,0,46.1075,0],
"SSSRSSSG":[-10,-10,-10,-10],
"GWGWSSWW":[401.411,760.78,-10,-10],
"SS0W0S0S":[-10,565.355,482.805,315.983],
"0W0WGSSR":[156.28,17.2145,619.072,-10],
"GSSSSGWW":[19.11,-10,-10,-10],
"0WWWSG0G":[494.137,-10,-10,714.567],
"SW0W0WGW":[-10,638.335,643.686,772.432],
"0W0GSWGW":[564.604,456.319,-10,739.531],
"0SSG0R0G":[59.4909,-10,0,136.503],
"SRSWSW0W":[-10,-10,-10,649.056],
"RG0WSWSG":[0,74.6395,-10,-10],
"0GSS0RGS":[67.5321,-10,0,0],
"GW0SSW0W":[758.613,625.234,-10,648.792],
"SGSS0W0W":[-10,-10,617.644,655.295],
"0SRSSG0W":[214.172,0,-10,0],
"SRSW0WWW":[-10,-10,581.484,-10],
"SG0GRWSW":[-10,384.385,54.3972,-10],
"RWWW0WGW":[0,-10,0,21.4548],
"0GSS0RGW":[375.42,-10,410.724,763.774],
"SSGW0G0W":[-10,724.405,739.374,633.888],
"0RSW0WWW":[622.415,-10,516.383,-10],
"WW0W0GSR":[-10,594.615,710.667,-10],
"RWSS0SSS":[297.641,-10,29.6158,-10],
"0G0WSWGR":[10.9513,3.88536,-10,582.741],
"GSSS0SRS":[40.4868,-10,0,0],
"SSSWSWSG":[-10,-10,-10,-10],
"WW0R0SSW":[-10,626.436,538.853,-10],
"0SSGRWSW":[-1.04,-10,220.079,-10],
"SG0W0W0G":[-10,562.113,576.189,717.016],
"GWSSRS0S":[142.641,-10,0,0],
"RS0GSS0W":[-0.2,112.742,-10,0],
"SWWW0GRG":[-10,-10,25.0767,467.983],
"0WWWSWRS":[546.2,-10,-10,621.288],
"GS0W0WSR":[138.26,433.454,101.373,-10],
"WW0G0RSW":[-10,753.488,635.644,-10],
"GWSWSWSW":[722.906,-10,-10,-10],
"0SSSWWGW":[635.59,-10,-10,720.264],
"SG0WWW0R":[-10,468.913,-10,620.749],
"0WSW0WGR":[618.414,-10,618.142,770.948],
"SRGW0WSW":[-10,742.596,326.542,-10],
"SS0S0SSS":[-10,417.985,350.271,-10],
"0GRWSS0G":[495.226,630.425,-10,468.942],
"SWSSSS0R":[-10,-10,-10,577.778],
"0RGWSSSW":[397.507,750.582,-10,-10],
"RGSSWWWW":[722.016,-10,-10,-10],
"0SSG0WWW":[140.419,-10,633.689,-10],
"SWGW0RGW":[-10,134.361,0,0],
"0SSSRWGS":[0,-10,610.522,71.0454],
"SWRS0S0G":[-10,0,59.6582,418.201],
"SGSRWWWW":[-10,-10,-10,-10],
"0WSWGW0G":[597.22,-10,746.012,695.986],
"SSWW0W0S":[-10,-10,584.405,630.146],
"SW0W0RWW":[-10,657.132,649.691,-10],
"0GGWSR0S":[57.2774,0,-10,0],
"WWGRSS0S":[-10,85.8213,-10,0],
"GWWW0WSS":[728.712,-10,574.712,-10],
"0SSSSWGW":[594.481,-10,-10,265.825],
"0WSSSWRS":[0,-10,-10,525.585],
"SWSGWWGW":[-10,-10,-10,313.228],
"0WGWSWWW":[627.706,774.841,-10,-10],
"0W0WGWSG":[356.045,357.123,759.79,-10],
"0S0G0WSW":[626.75,725.176,635.627,-10],
"SWSRSW0G":[-10,-10,-10,530.921],
"0WSWWWGW":[657.269,-10,-10,781.869],
"SG0WSSSG":[-10,64.0463,-10,-10],
"SW0R0WSW":[-10,658.229,652.173,-10],
"GWRSSWWW":[670.423,56.7087,-10,-10],
"SR0W0WGG":[-10,15.2495,451.665,0],
"0W0WGW0W":[174.583,225.546,751.486,216.651],
"SWWWRW0G":[-10,-10,512.301,700.696],
"WWWW0W0W":[-10,-10,231.912,230.569],
"SWWW0SSR":[-10,-10,45.5134,-10],
"SS0R0GWW":[-10,654.062,737.94,-10],
"WWSSGWGR":[-10,-10,303.303,0],
"SWGG0SSW":[-10,410.829,0,-10],
"SWSWSW0S":[-10,-10,-10,502.235],
"WWSR0S0G":[-10,-10,631.183,359.506],
"0R0WSS0S":[610.458,590.242,-10,654.288],
"WWSWSGSW":[-10,-10,-10,-10],
"WW0SRSSS":[-10,238.541,0,-10],
"SWSSGWRS":[-10,-10,141.387,0],
"SSSW0WSW":[-10,-10,651.671,-10],
"SW0S0WSR":[-10,449.247,658.155,-10],
"SG0S0SSS":[-10,56.2858,317.094,-10],
"0R0WGWSW":[361.138,591.4,755.038,-10],
"0WSSSS0G":[625.336,-10,-10,726.774],
"SR0S0WSS":[-10,530.851,159.295,-10],
"SWWWWWSW":[-10,-10,-10,-10],
"0R0WSW0G":[608.116,604.135,-10,727.03],
"SG0G0W0S":[-10,671.536,260.8,182.445],
"0WRW0WSG":[496.535,495.317,662.791,-10],
"RSSSSWGW":[58.7672,-10,-10,0],
"SW0SRW0G":[-10,216.179,277.079,673.971],
"0SSS0WGW":[642.805,-10,661.374,750.234],
"0WWWSSRW":[644.739,-10,-10,658.225],
"0SSWSWRW":[422.991,-10,-10,641.139],
"0R0WSSGW":[452.046,387.163,-10,768.311],
"0GSG0WRW":[23.7462,-10,221.01,7.43668],
"WWSW0RSW":[-10,-10,-0.05,-10],
"0RSW0WSG":[117.913,-10,0,-10],
"SG0G0W0R":[-10,408.182,69.791,81.0219],
"RWSWSSSG":[221.386,-10,-10,-10],
"0RSGGSSW":[62.8053,-10,0,-10],
"WWGWSG0R":[-10,103.426,-10,27.3176],
"SSSWSW0W":[-10,-10,-10,650.086],
"SWSG0W0R":[-10,-10,453.394,628.369],
"SRSW0W0G":[-10,-10,628.71,712.785],
"GWWWSWRW":[269.827,-10,-10,590.459],
"SW0G0W0G":[-10,602.148,635.762,685.976],
"SSGWSSSW":[-10,584.063,-10,-10],
"WWSSSWSW":[-10,-10,-10,-10],
"SSSS0SGS":[-10,-10,462.763,0],
"SS0R0S0G":[-10,0,157.652,0],
"SWSW0GWW":[-10,-10,682.047,-10],
"0SGWSWGS":[0,0,-10,42.9169],
"0WGSSR0G":[0,0,-10,42.0757],
"SGSW0R0W":[-10,-10,489.047,637.452],
"SS0WWWRG":[-10,467.282,-10,738.602],
"0G0RWWSS":[712.296,640.167,-10,-10],
"GSSSWWSS":[36.6446,-10,-10,-10],
"SWSSWWRS":[-10,-10,-10,122.292],
"GWSS0G0W":[740.714,-10,539.141,585.119],
"0SSWGR0W":[57.8862,-10,754.477,234.561],
"SR0S0WSG":[-10,0,338.101,-10],
"SWSW0SRS":[-10,-10,56.5737,430.565],
"0GSSRWWW":[628.594,-10,264.748,-10],
"SSGWWW0G":[-10,656.319,-10,330.303],
"WWRGSWSG":[-10,52.1335,-10,-10],
"GW0W0WGW":[0,-0.05495,0,17.1197],
"SWSSRS0G":[-10,-10,214.451,0],
"RSSW0WWW":[207.74,-10,646.813,-10],
"WW0WSG0W":[-10,651.368,-10,547.571],
"0WGW0R0W":[9.20119,85.9805,12.2344,0],
"SW0S0S0W":[-10,405.216,575.07,635.606],
"0GRWSSGW":[196.518,61.211,-10,750.222],
"SWRWGSSW":[-10,480.427,0,-10],
"GSSSGRSW":[16.6541,-10,0,-10],
"0W0WSWRW":[660.856,638.471,-10,639.294],
"SSWWSWSR":[-10,-10,-10,-10],
"GRSW0G0W":[14.906,-10,0,301.185],
"WWWWSRGS":[-10,-10,-10,35.2846],
"RWGGSS0S":[0,68.5198,-10,47.9755],
"WW0SSWSG":[-10,126.499,-10,-10],
"WWSW0S0G":[-10,-10,622.897,707.723],
"0WSSRG0S":[-0.05,-10,0,0],
"0W0SSW0R":[631.27,579.195,-10,664.177],
"SW0SSWSG":[-10,396.399,-10,-10],
"WWWWSS0W":[-10,-10,-10,612.614],
"SW0WRWGS":[-10,65.7426,0,344.336],
"SSWW0WRS":[-10,-10,538.079,550.483],
"0WWW0G0W":[154.587,-10,147.183,238.122],
"WW0RSWSW":[-10,584.917,-10,-10],
"SW0G0WGW":[-10,473.666,567.934,751.177],
"SG0RWWSS":[-10,591.99,-10,-10],
"0RWWSGGS":[53.6243,-10,-10,0],
"0WSSSG0G":[636.625,-10,-10,502.803],
"SW0R0W0S":[-10,681.804,638.571,573.818],
"SG0WGWSS":[-10,257.024,711.32,-10],
"0W0WSSSG":[645.897,614.349,-10,-10],
"0WRG0GSS":[15.8775,670.824,0,-10],
"SWSSWWSW":[-10,-10,-10,-10],
"RWSW0SWW":[658.302,-10,17.6846,-10],
"GS0G0WSR":[46.0469,0,0,-10],
"SWSSGWWW":[-10,-10,596.31,-10],
"SWSRSW0W":[-10,-10,-10,640.953],
"GWSG0S0W":[568.164,-10,110.795,0],
"SGGWWW0S":[-10,269.648,-10,0],
"0W0SGRSS":[122.062,0,0,-10],
"SGGWWWSW":[-10,552.14,-10,-10],
"0SSR0SSS":[50.252,-10,94.8251,-10],
"RWSW0SGW":[97.5687,-10,114.619,744.437],
"SWSW0WGW":[-10,-10,652.862,765.323],
"GG0S0WSW":[134.567,0,0,-10],
"SWRW0WSW":[-10,657.763,634.736,-10],
"GG0W0SSW":[832.758,247.581,117.244,-10],
"WWSWSRGS":[-10,-10,-10,24.5035],
"0WGWRWSS":[636.837,767.775,641.068,-10],
"0S0RSWSW":[486.125,629.575,-10,-10],
"0GRW0WWW":[24.2968,0,0.44596,-10],
"0WRG0WSS":[569.829,734.28,604.68,-10],
"SSSW0WSS":[-10,-10,667.816,-10],
"WWRW0WSS":[-10,679.573,650.897,-10],
"GG0SSSSW":[0,337.31,-10,-10],
"SG0WWWWW":[-10,609.258,-10,-10],
"SWSSGGRW":[-10,-10,116.74,0],
"0G0WWWSR":[717.492,560.238,-10,-10],
"0GSRSGSW":[138.544,-10,-10,-10],
"0WSGWWWW":[616.649,-10,-10,-10],
"0WSWSR0W":[674.687,-10,-10,624.616],
"RWSW0WGW":[405.998,-10,526.139,770.78],
"0GSS0SRS":[95.0415,-10,0,0],
"RGSW0W0W":[722.174,-10,620.813,610.028],
"0W0GRGSS":[388.679,739.891,493.281,-10],
"SW0S0S0G":[-10,303.383,540.675,727.885],
"GWSWSS0G":[746.219,-10,-10,603.733],
"SS0WGRSW":[-10,423.915,692.567,-10],
"GW0G0WSS":[755.33,731.629,627.148,-10],
"SSSWSGSW":[-10,-10,-10,-10],
"SW0S0GSW":[-10,552.102,677.408,-10],
"0R0SSW0S":[-0.095,305.789,-10,0],
"0W0R0WSS":[674.024,643.238,636.203,-10],
"SSSRGSWW":[-10,-10,24.4171,-10],
"WWGR0GSS":[-10,60.7478,701.834,-10],
"SW0WWWGW":[-10,567.015,-10,749.689],
"SW0G0WSS":[-10,718.582,653.357,-10],
"GWSWSG0W":[733.663,-10,-10,332.63],
"SGSS0WSW":[-10,-10,625.64,-10],
"GR0GSW0W":[99.2556,280.034,-10,591.358],
"SRWWSS0S":[-10,-10,-10,47.7185],
"0WGWSW0G":[559.392,735.73,-10,523.511],
"SR0WGW0W":[-10,622.761,747.906,611.191],
"SSWWSWRS":[-10,-10,-10,71.1575],
"WWSWSGWW":[-10,-10,-10,-10],
"0SGWSWSW":[264.347,734.949,-10,-10],
"WWSWSSWW":[-10,-10,-10,-10],
"SRSSWWSS":[-10,-10,-10,-10],
"0WSSGWWW":[601.832,-10,700.339,-10],
"RWGWSSWW":[141.311,716.226,-10,-10],
"0WWW0WSW":[608.083,-10,664.459,-10],
"SW0WWWRS":[-10,653.329,-10,75.0618],
"0GWW0W0R":[14.3132,-10,31.3575,101.668],
"0W0R0G0W":[124.2,117.307,292.062,160.788],
"0S0SSRSG":[-1.04,0,-10,-10],
"0WGWSSGW":[492.8,493.025,-10,731.169],
"0RSSGW0G":[366.519,-10,747.967,422.314],
"0SSRSGWW":[15.5466,-10,-10,-10],
"0WSS0GGS":[323.56,-10,0,0],
"0WSR0WWW":[678.203,-10,577.668,-10],
"SS0SSG0R":[-10,-1.04,-10,62.1714],
"SWWWGW0G":[-10,-10,763.348,653.044],
"SS0SSRWW":[-10,40.7817,-10,-10],
"0W0SSR0W":[594.565,629.438,-10,677.295],
"SWWWWWSS":[-10,-10,-10,-10],
"RSSWSS0G":[254.172,-10,-10,0],
"0G0SSW0W":[730.564,567.664,-10,644.59],
"SS0W0RSS":[-10,625.453,579.701,-10],
"WW0S0RSS":[-10,212.21,0,-10],
"SSSSWWSW":[-10,-10,-10,-10],
"0S0W0WSW":[624.358,653.275,629.935,-10],
"SGGSWWSW":[-10,54.7227,-10,-10],
"0W0GRWSW":[620.472,734.417,621.797,-10],
"GSSS0R0S":[87.6453,-10,0,0],
"0WSWGSSS":[66.8849,-10,278.32,-10],
"RWSSWWWW":[650.592,-10,-10,-10],
"0SSWGS0S":[411.331,-10,47.242,0],
"RGWWSWSS":[714.983,-10,-10,-10],
"0SSWSG0W":[442.274,-10,-10,658.407],
"0WRGSW0S":[630.793,418.939,-10,243.897],
"WWSWSWSR":[-10,-10,-10,-10],
"GG0W0SSS":[813.468,64.3475,135.483,-10],
"0WSSGR0W":[599.6,-10,759.631,636.042],
"SWRWWW0W":[-10,624.044,-10,571.954],
"0W0R0SSW":[681.687,634.731,622.767,-10],
"SWWWRSSW":[-10,-10,143.734,-10],
"GSSWSW0R":[343.119,-10,-10,640.72],
"0WSWSGRW":[595.669,-10,-10,274.138],
"0R0WSWWW":[668.079,648.088,-10,-10],
"0GSGSWWW":[702.48,-10,-10,-10],
"SGSR0WSW":[-10,-10,276.397,-10],
"0WSGGS0W":[493.419,-10,46.366,44.4546],
"SS0WWWRW":[-10,555.563,-10,474.749],
"RGSW0S0W":[447.773,-10,224.751,649.614],
"0WRWSSWW":[684.346,658.902,-10,-10],
"0W0G0W0R":[127.956,16.0616,64.1587,11.0742],
"0WGWRWSG":[0,245.525,0,-10],
"GW0WSSSS":[750.888,650.722,-10,-10],
"SSRWWWSS":[-10,405.134,-10,-10],
"SWGG0RSW":[-10,279.914,0,-10],
"SS0W0GGS":[-10,621.427,469.997,185.299],
"0GGWWWSW":[588.778,746.97,-10,-10],
"SGSWGS0W":[-10,-10,55.6895,0],
"0W0WWW0G":[241.319,201.189,-10,181.592],
"WWGRSS0W":[-10,731.648,-10,336.224],
"GG0WSW0S":[825.337,477.348,-10,503.177],
"SWGWRW0S":[-10,58.1557,441.81,0.367225],
"0RSGSSGW":[234.817,-10,-10,70.6397],
"SWRW0WGG":[-10,111.4,241.896,0],
"RW0WSWSW":[657.652,631.209,-10,-10],
"SG0W0WRW":[-10,412.795,642.857,471.688],
"SGSS0SSW":[-10,-10,265.248,-10],
"GWWWRSSG":[132.668,-10,0,-10],
"SSGS0W0W":[-10,746.283,614.295,632.569],
"SWSRWW0G":[-10,-10,-10,617.013],
"SWWWGSSW":[-10,-10,134.087,-10],
"0GRGSW0S":[71.8305,690.754,-10,96.563],
"SW0W0G0S":[-10,651.049,719.711,616.517],
"0W0WSG0R":[647.345,577.097,-10,610.075],
"RW0SSWWW":[639.189,597.934,-10,-10],
"0W0SSGWW":[568.624,616.758,-10,-10],
"SWRW0SSG":[-10,440.497,6.92765,-10],
"SSWWRGGW":[-10,-10,0,255.406],
"WWSS0WGG":[-10,-10,631.485,854.997],
"0W0WSSSS":[568.815,588.592,-10,-10],
"RGWW0WSG":[56.732,-10,0,-10],
"SSSW0RGG":[-10,-10,289.023,0],
"0SWWWWSR":[102.224,-10,-10,-10],
"0WWWSRSS":[511.047,-10,-10,-10],
"0RWWSS0G":[640.681,-10,-10,677.039],
"SWGSSWSR":[-10,71.7819,-10,-10],
"WW0WGWSW":[-10,645.734,763.479,-10],
"SWGW0WWW":[-10,759.377,642.087,-10],
"SS0RGG0W":[-10,467.677,838.919,289.337],
"0R0W0WGW":[21.4553,62.2782,29.3833,151.108],
"GWSWSWSS":[716.604,-10,-10,-10],
"0R0W0GSG":[123.623,422.775,91.1607,-10],
"0GSWSG0R":[433.933,-10,-10,0],
"0WSW0WRG":[541.927,-10,585.606,736.437],
"GSSWRW0G":[141.995,-10,0,0],
"0SSWSW0W":[573.943,-10,-10,658.972],
"WWSSSR0G":[-10,-10,-10,690.419],
"0R0GSG0S":[0,0,-10,72.8138],
"0RWWSW0W":[610.376,-10,-10,660.034],
"0SWWSWGS":[68.5142,-10,-10,0],
"GGSWSWSW":[369.813,-10,-10,-10],
"0RSWSWSS":[624.703,-10,-10,-10],
"WWGGSSRW":[-10,10,-10,235.547],
"0S0WGWSW":[608.304,637.76,758.659,-10],
"RWWW0WSW":[581.047,-10,539.972,-10],
"RWSS0SSW":[562.6,-10,38.1294,-10],
"SW0SSWSW":[-10,438.378,-10,-10],
"0WSWGSRW":[223.958,-10,17.9426,0],
"SSGG0WRS":[-10,155.013,0,0],
"WW0G0R0W":[-10,20.9774,129.596,40.0169],
"SG0WSWSW":[-10,644.684,-10,-10],
"RWSGSSWW":[622.759,-10,-10,-10],
"0G0GWW0W":[43.9953,2.30688,-10,8.24736],
"WWSWGRGW":[-10,-10,353.366,0],
"SSGG0RSS":[-10,318.519,0,-10],
"0GSSWWGW":[715.694,-10,-10,756.628],
"SGRW0WSW":[-10,532.687,156.938,-10],
"0W0WSWSG":[656.805,630.738,-10,-10],
"SW0RWWSW":[-10,569.183,-10,-10],
"SSWWWW0G":[-10,-10,-10,725.779],
"SSGWRWSS":[-10,706.294,107.683,-10],
"SW0SRSWW":[-10,331.6,22.0709,-10],
"WW0SSGSW":[-10,70.365,-10,-10],
"SS0GWWWW":[-10,700.542,-10,-10],
"SWSSWWGS":[-10,-10,-10,103.099],
"0WRSSS0W":[594.086,582.52,-10,653.426],
"0GSS0W0R":[729.116,-10,626.914,644.269],
"0WSS0R0G":[638.418,-10,634.482,751.883],
"0WWWSGGW":[139.732,-10,-10,399.051],
"GSSWSWSG":[71.8231,-10,-10,-10],
"WWSS0WRW":[-10,-10,645.174,671.891],
"0WWWSRSG":[543.169,-10,-10,-10],
"0SWWSWSW":[57.8379,-10,-10,-10],
"GWGWSSRW":[67.1579,74.6291,-10,552.025],
"SSSWWWGR":[-10,-10,-10,741.531],
"0R0WSSSS":[585.139,659.336,-10,-10],
"RWSSGWGW":[59.867,-10,0,699.995],
"0WSG0R0W":[643.921,-10,611.228,615.649],
"0WSGSS0R":[627.484,-10,-10,318.19],
"0SSWGWRG":[0,-10,0,110.006],
"WWGWGRSS":[-10,198.704,599.101,-10],
"SW0G0R0W":[-10,716.594,623.25,596.739],
"SG0WSW0S":[-10,658.054,-10,73.0935],
"SRSWWW0W":[-10,-10,-10,628.671],
"SW0GGWSW":[-10,726.547,456.939,-10],
"0W0GSWSW":[620.355,714.95,-10,-10],
"0SSW0RSS":[79.7757,-10,622.551,-10],
"RWSW0SSS":[608.906,-10,9.04795,-10],
"0SSRSS0W":[576.083,-10,-10,187.246],
"SS0W0WSR":[-10,609.821,663.723,-10],
"0SSGRW0W":[153.72,-10,221.864,469.656],
"WW0WSSWW":[-10,661.368,-10,-10],
"SRGWSSSS":[-10,124.448,-10,-10],
"SWRSGWGW":[-10,60.3555,0,0],
"0WSSSWGW":[638.81,-10,-10,766.81],
"GS0W0RSW":[77.239,593.738,111.497,-10],
"SWSS0G0W":[-10,-10,727.637,643.519],
"0WWWSG0R":[530.961,-10,-10,636.878],
"RSSS0WWW":[20.0591,-10,494.751,-10],
"SW0WGW0W":[-10,661.398,779.702,644.527],
"SSSW0WRG":[-10,-10,370.631,714.456],
"RWSSWWGG":[351.863,-10,-10,0],
"SSSSSGSR":[-10,-10,-10,-10],
"0WGRWWSW":[199.61,765.16,-10,-10],
"0W0GSW0W":[661.177,739.262,-10,634.276],
"0SSWSRSG":[52.6935,-10,-10,-10],
"SSWWWWRG":[-10,-10,-10,733.182],
"SSSSSGWW":[-10,-10,-10,-10],
"SSSR0W0W":[-10,-10,635.558,567.511],
"RSSSSSWW":[69.0668,-10,-10,-10],
"WWGG0WSS":[-10,863.566,642.673,-10],
"0R0SSW0W":[626.907,623.767,-10,685.796],
"SSSSSSSR":[-10,-10,-10,-10],
"SG0GWWWW":[-10,676.894,-10,-10],
"GWSS0S0G":[659.944,-10,443.209,718.522],
"SSSRGW0W":[-10,-10,759.074,402.073],
"SS0GGWSS":[-10,734.996,477.309,-10],
"0WSWGRWW":[320.87,-10,664.468,-10],
"SW0S0SSW":[-10,465.167,373.595,-10],
"0RSWSSGG":[55.9713,-10,-10,222.633],
"WWSGGS0R":[-10,-10,72.5604,0],
"0GSW0WRW":[726.274,-10,492.846,473.997],
"SGWW0W0G":[-10,-10,512.032,702.672],
"0WSSGSGS":[286.891,-10,0,0],
"RWSWGW0W":[212.748,-10,747.16,309.723],
"WWSSSSGR":[-10,-10,-10,618.456],
"0WWWGWSW":[586.222,-10,747.148,-10],
"0GSGRW0W":[0,-10,50.7734,276.906],
"0WGWSR0W":[577.52,750.839,-10,517.392],
"SWSSGGSW":[-10,-10,231.416,-10],
"RW0W0GSS":[593.217,666.017,606.864,-10],
"SSSSWW0W":[-10,-10,-10,531.563],
"0GSW0SSW":[708.079,-10,16.1906,-10],
"SGSSGWSS":[-10,-10,201.996,-10],
"0WSWSGGR":[0,-10,-10,152.55],
"SWSW0W0G":[-10,-10,653.159,694.089],
"SRSWSS0W":[-10,-10,-10,555.844],
"SS0WGW0S":[-10,629.099,771.178,553.919],
"SGSW0WGR":[-10,-10,160.992,0],
"0G0RSSGW":[273.573,349.615,-10,736.475],
"WWSSGGSS":[-10,-10,78.8183,-10],
"SG0WSGSW":[-10,362.064,-10,-10],
"RGWW0WSS":[702.043,-10,417.37,-10],
"SWWWSGSW":[-10,-10,-10,-10],
"SSGWGWSS":[-10,734.695,290,-10],
"0WSGSWRW":[638.506,-10,-10,365.923],
"RWSGWW0W":[110.059,-10,-10,584.959],
"SWSSGRWW":[-10,-10,709.295,-10],
"RWSS0SGW":[645.115,-10,246.48,264.228],
"WWGWSSWW":[-10,766.95,-10,-10],
"WW0W0GSS":[-10,682.227,724.428,-10],
"0S0GSSSW":[530.041,405.967,-10,-10],
"SSGGWWSW":[-10,752.946,-10,-10],
"GSSS0W0W":[700.066,-10,617.737,549.909],
"SWSRWWSS":[-10,-10,-10,-10],
"SSGR0W0W":[-10,756.664,595.781,608.804],
"0RWWWWSG":[584.687,-10,-10,-10],
"0SSS0SWW":[146.73,-10,-3.57656,-10],
"SW0WWWSR":[-10,523.877,-10,-10],
"SWSW0SSG":[-10,-10,353.785,-10],
"SWGW0WSW":[-10,764.567,652.592,-10],
"SSGW0RSS":[-10,178.515,616.039,-10],
"0W0WRGSG":[206.434,7.68735,61.7869,-10],
"SWSG0RSS":[-10,-10,448,-10],
"SGRS0WGW":[-10,40.3582,0,0],
"0G0SSSGS":[113.826,0,-10,0],
"0WSGSGSW":[340.277,-10,-10,-10],
"RSGS0WSS":[369.457,72.6529,0,-10],
"SWWWRWGW":[-10,-10,45.6334,587.035],
"0GSW0WGR":[93.0847,-10,21.928,702.003],
"WWSGSWSR":[-10,-10,-10,-10],
"0WRGSS0W":[639.702,716.927,-10,636.84],
"RGSW0WWW":[313.133,-10,562.806,-10],
"SWWW0WGR":[-10,-10,638.525,384.313],
"0R0GSW0S":[420.197,732.136,-10,368.227],
"GWWW0WSW":[695.192,-10,530.268,-10],
"RS0WSSSW":[463.369,0,-10,-10],
"WWWWSR0G":[-10,-10,-10,709.431],
"0SWWGWSS":[120.721,-10,503.558,-10],
"0W0W0G0W":[248.981,248.961,308.924,246.855],
"0WSRSS0W":[649.825,-10,-10,596.637],
"WW0SSS0W":[-10,246.532,-10,439.292],
"SS0WRGWW":[-10,542.745,728.681,-10],
"GR0W0WSW":[766.454,466.133,544.864,-10],
"0W0WSG0S":[605.771,640.113,-10,600.018],
"SSWW0SRS":[-10,-10,62.5923,31.269],
"0SSWRWGW":[246.579,-10,654.155,135.527],
"GSSG0W0W":[383.319,-10,58.6458,47.5841],
"0WWWGWSG":[289.438,-10,648.567,-10],
"WWSSSRSW":[-10,-10,-10,-10],
"SW0W0GRW":[-10,636.095,737.966,623.942],
"GWSW0R0W":[777.285,-10,458.701,547.996],
"GW0WSWWW":[794.042,650.552,-10,-10],
"SW0W0WSG":[-10,638.127,655.693,-10],
"0W0WSSRG":[632.221,556.704,-10,722.245],
"WWSGSWRW":[-10,-10,-10,277.874],
"WWSS0S0W":[-10,-10,651.822,587.384],
"WWSSGR0G":[-10,-10,691.131,243.255],
"SRGW0WGS":[-10,183.629,0,0],
"GWSR0W0W":[768.201,-10,495.358,540.925],
"0S0RWWSG":[616.562,220.568,-10,-10],
"SWSWGSGW":[-10,-10,65.6867,0],
"0WSSSG0W":[605.62,-10,-10,656.912],
"SR0WGW0S":[-10,649.879,233.766,123.814],
"SSGS0S0S":[-10,268.21,34.5789,0],
"GRWWSSSW":[605.599,-10,-10,-10],
"SWSSWWWW":[-10,-10,-10,-10],
"WWSS0SSW":[-10,-10,109.173,-10],
"SW0GGW0S":[-10,383.674,763.837,161.228],
"RSSS0G0W":[149.449,-10,685.372,119.32],
"SRGW0GWW":[-10,0,63.4569,-10],
"0W0WSRGW":[523.815,506.146,-10,765.532],
"SW0SSWSS":[-10,169.799,-10,-10],
"GS0GSWSS":[399.467,139.936,-10,-10],
"SWRW0GSS":[-10,506.898,720.46,-10],
"SGSSWWGR":[-10,-10,-10,249.149],
"0SSW0WGW":[625.826,-10,648.741,758.24],
"0W0WSSRW":[619.493,639.422,-10,669.684],
"0RWWGWSW":[123.527,-10,717.137,-10],
"SS0S0WWW":[-10,596.479,562.717,-10],
"SSGS0WWW":[-10,732.651,574.416,-10],
"0GSGSS0S":[255.926,-10,-10,0],
"SSGWSWSW":[-10,723.469,-10,-10],
"0W0G0RSW":[644.845,730.795,652.492,-10],
"SWSGSWGR":[-10,-10,-10,27.5637],
"GW0R0W0G":[12.542,0,0,0],
"0WRWSG0W":[504.258,468.628,-10,647.073],
"SW0GGW0W":[-10,705.261,765.935,615.365],
"0GWWSSSG":[675.531,-10,-10,-10],
"SRWW0GSW":[-10,-10,630.094,-10],
"SRSGWW0W":[-10,-10,-10,534.906],
"0GSWWWGW":[630.232,-10,-10,761.867],
"0GSW0WGW":[681.71,-10,613.017,743.652],
"RW0G0GSS":[427.039,735.97,430.601,-10],
"0RWWWW0W":[1.69759,-10,-10,106.996],
"GWSW0SGR":[179.208,-10,0,0],
"0SSSSW0W":[618.251,-10,-10,564.754],
"0WGRGWSW":[43.8324,0,390.934,-10],
"RSSWSSSG":[19.0742,-10,-10,-10],
"0W0G0SSS":[660.395,730.959,641.085,-10],
"SWSWGRSS":[-10,-10,310.712,-10],
"SWRSSWSG":[-10,-2.261,-10,-10],
"0W0W0W0R":[238.778,225.154,237.772,238.032],
"SSSSSWSW":[-10,-10,-10,-10],
"SWWW0SRG":[-10,-10,62.8757,0],
"RGSS0W0W":[726.32,-10,621.288,637.441],
"GW0WSW0R":[755.17,652.152,-10,629.623],
"GWSW0G0W":[740.758,-10,505.66,535.335],
"SWGW0S0R":[-10,205.616,0,0],
"WW0WSWSS":[-10,656.702,-10,-10],
"WWWWSRSS":[-10,-10,-10,-10],
"0WWWWW0R":[104.099,-10,-10,18.9123],
"SS0W0WSG":[-10,578.04,663.165,-10],
"SWGR0W0W":[-10,758.082,520.745,500.341],
"SSWWGW0G":[-10,-10,772.112,701.516],
"SSWWSGSW":[-10,-10,-10,-10],
"WWGSSG0W":[-10,43.4427,-10,0],
"SG0RGW0W":[-10,0.978833,0,245.089],
"0GWWSW0S":[688.375,-10,-10,620.494],
"SS0WGS0S":[-10,642.708,577.238,334.217],
"SSGGWWSR":[-10,85.2778,-10,-10],
"0GWW0W0W":[202.18,-10,136.692,254.725],
"SWGWGWSW":[-10,632.855,73.2405,-10],
"WWSWSWWW":[-10,-10,-10,-10],
"SS0SSW0S":[-10,137.729,-10,227.913],
"RGSWGS0W":[201.657,-10,0,0],
"SWGWGW0R":[-10,590.682,35.2168,105.192],
"WW0WGGSS":[-10,599.547,828.927,-10],
"0WRWSW0W":[643.488,671.475,-10,629.991],
"SWSGSWSR":[-10,-10,-10,-10],
"WWSGSS0W":[-10,-10,-10,534.958],
"SWWWRWSS":[-10,-10,533.235,-10],
"WWWW0RSG":[-10,-10,586.811,-10],
"SWSRGS0W":[-10,-10,200.258,598.808],
"GSSWRSSW":[65.4277,-10,0,-10],
"0WSGSSWW":[662.027,-10,-10,-10],
"SSWWGR0G":[-10,-10,124.276,706.859],
"0WGWSSSW":[638.694,772.41,-10,-10],
"0RSS0SWW":[643.321,-10,10.9874,-10],
"SSSRSWSG":[-10,-10,-10,-10],
"SW0SRSGW":[-10,112.301,0,0],
"SSSW0SGG":[-10,-10,0,224.118],
"GWSWRW0G":[284.667,-10,0,64.7789],
"SWGG0R0S":[-10,268.475,0,0],
"GWSGWW0W":[572.19,-10,-10,92.7376],
"0W0GSWWW":[663.445,707.935,-10,-10],
"GWSG0SWW":[383.711,-10,-1.04,-10],
"WWSGSWGW":[-10,-10,-10,335.093],
"WW0W0GSW":[-10,678.312,659.118,-10],
"0RSSSWSW":[639.105,-10,-10,-10],
"0WSW0W0G":[649.448,-10,655.243,740.789],
"0WSSSW0R":[622.886,-10,-10,665.049],
"SWWWRW0W":[-10,-10,634.495,647.551],
"WW0RSW0W":[-10,626.327,-10,548.263],
"0GSWSWSG":[556.498,-10,-10,-10],
"SR0WGSSW":[-10,122.429,0,-10],
"0RGWSSWW":[196.471,757.398,-10,-10],
"SWSW0W0R":[-10,-10,623.908,653.571],
"0W0W0RSG":[641.752,601.098,590.514,-10],
"SS0GGW0W":[-10,725.419,752.826,639.49],
"GWWWSGSR":[185.256,-10,-10,-10],
"SSRW0WGG":[-10,59.2731,478.047,0],
"SWRW0W0S":[-10,661.333,622.059,574.4],
"SW0GRW0W":[-10,726.848,407.623,495.984],
"0GSW0W0G":[671.48,-10,642.595,745.412],
"RW0GSW0W":[451.497,733.672,-10,559.455],
"SSGW0WSW":[-10,771.965,640.144,-10],
"WWGWSSSS":[-10,732.666,-10,-10],
"SW0W0GSR":[-10,634.021,720.495,-10],
"SRSG0W0W":[-10,-10,469.439,631.95],
"SWWWGG0R":[-10,-10,721.861,125.176],
"0RSWSS0W":[659.78,-10,-10,601.118],
"0R0W0WSW":[614.6,663.284,638.947,-10],
"SG0SSWSS":[-10,306.938,-10,-10],
"SWWW0GGS":[-10,-10,171.871,701.202],
"0WSG0SRG":[60.7606,-10,0,0],
"SR0GWW0W":[-10,698.567,-10,449.394],
"SW0SSG0S":[-10,356.421,-10,109.252],
"0W0RSS0S":[608.203,660.46,-10,528.568],
"SWGW0RWW":[-10,345.222,603.089,-10],
"0SSWSW0R":[521.771,-10,-10,644.15],
"SGSW0WSG":[-10,-10,95.4391,-10],
"0G0WWWSW":[710.445,655.487,-10,-10],
"0WSWSWGS":[644.482,-10,-10,576.192],
"WWSSSG0S":[-10,-10,-10,18.0487],
"0RGWSW0W":[425.51,755.948,-10,384.768],
"WWSS0WWW":[-10,-10,613.835,-10],
"SSRWGWWW":[-10,444.219,759.698,-10],
"SWSS0R0W":[-10,-10,621.163,678.808],
"WW0W0WSS":[-10,698.406,659.164,-10],
"SW0RWWSG":[-10,201.894,-10,-10],
"SWSG0SSR":[-10,-10,146.822,-10],
"GW0R0WSW":[767.19,425.499,356.593,-10],
"SSSS0GWW":[-10,-10,675.033,-10],
"WWSWSW0W":[-10,-10,-10,550.085],
"WWSG0R0W":[-10,-10,521.657,648.448],
"0SSWGWGW":[124.479,-10,759.42,90.7198],
"0W0WRGSS":[611.054,644.744,696.92,-10],
"0GSR0G0W":[72.4267,-10,105.543,603.391],
"0GSSSSRS":[70.537,-10,-10,0],
"SS0W0WSS":[-10,590.87,635.74,-10],
"0GSWWWRW":[702.095,-10,-10,540.37],
"WWSW0GWW":[-10,-10,696.852,-10],
"SG0R0SSW":[-10,466.595,72.5706,-10],
"0W0GGSSW":[326.826,702.889,301.541,-10],
"SS0SRWSS":[-10,477.89,0,-10],
"RWSWSS0W":[653.604,-10,-10,603.16],
"SWSSSRSG":[-10,-10,-10,-10],
"0G0SSG0S":[29.4271,0,-10,0],
"0WGWSWRW":[253.176,760.927,-10,377.754],
"0WWW0WRW":[18.2473,-10,101.305,-1.9],
"SWWWGW0W":[-10,-10,780.456,645.302],
"SW0S0R0W":[-10,620.598,575.642,640.908],
"SWWWWWSG":[-10,-10,-10,-10],
"SSWW0WSS":[-10,-10,575.098,-10],
"0WSWSG0W":[644.678,-10,-10,655.984],
"0R0WSW0S":[610.983,660.202,-10,609.256],
"0W0W0WWW":[222.651,226.155,224.734,-10],
"SR0WWW0G":[-10,552.601,-10,723.523],
"0GSSSS0G":[632.109,-10,-10,733.269],
"GWSG0W0W":[751.181,-10,504.935,395.141],
"0GSWSWGW":[411.311,-10,-10,743.761],
"0W0RSGSS":[592.496,162.232,-10,-10],
"0WGWGWSW":[419.334,749.812,508.192,-10],
"SW0W0R0S":[-10,676.936,552.442,592.444],
"0WSRSGSW":[394.107,-10,-10,-10],
"0GSW0WSS":[305.186,-10,0,-10],
"RSWW0WSS":[92.7541,-10,527.454,-10],
"0S0R0WSW":[571.439,626.526,657.85,-10],
"SRWWWW0W":[-10,-10,-10,623.603],
"SW0R0G0W":[-10,643.696,739.513,641.691],
"0WGSSG0W":[7.60486,385.634,-10,8.74972],
"RWWWSGSW":[111.39,-10,-10,-10],
"SR0SSWSS":[-10,244.824,-10,-10],
"0WSW0W0R":[658.379,-10,660.309,670.236],
"SS0SWWGG":[-10,-1.04,-10,159.687],
"0G0SSG0W":[697.581,335.942,-10,300.879],
"SR0WGWSS":[-10,224.391,669.981,-10],
"SRSWSSWW":[-10,-10,-10,-10],
"SWGW0WSG":[-10,750.235,377.247,-10],
"SW0WSWSS":[-10,642.514,-10,-10],
"0GGWSWSS":[653.161,735.729,-10,-10],
"SW0WRW0S":[-10,665.952,615.764,596.416],
"GG0RSWSS":[0,350.334,-10,-10],
"SRWWSWSW":[-10,-10,-10,-10],
"WW0GSWSR":[-10,651.108,-10,-10],
"0WWWGW0R":[0,-10,54.539,10.6271],
"WW0G0GSS":[-10,765.655,719.029,-10],
"SS0WWWSW":[-10,613.903,-10,-10],
"SW0S0G0W":[-10,639.292,733.777,656.297],
"SSRSWW0W":[-10,94.3641,-10,520.937],
"GRSWSW0S":[244.149,-10,-10,87.0415],
"SG0WRGSW":[-10,63.1091,136.641,-10],
"0SSW0GWW":[150.278,-10,730.457,-10],
"SSWW0G0W":[-10,-10,756.206,652.481],
"SG0R0GSW":[-10,345.855,0,-10],
"SS0W0WGR":[-10,632.312,599.981,766.952],
"0S0GSR0S":[0,298.85,-10,0],
"SWWWGWGW":[-10,-10,660.41,61.6938],
"SSSRGWWW":[-10,-10,638.655,-10],
"SW0W0W0W":[-10,670.083,652.07,655.271],
"SS0S0W0R":[-10,405.421,619.574,669.368],
"SGSW0S0W":[-10,-10,451.878,646.265],
"0SSW0RSW":[30.5653,-10,651.793,-10],
"RWSW0GWW":[572.352,-10,244.124,-10],
"0W0GSGWW":[644.25,540.244,-10,-10],
"0WSS0W0R":[647.163,-10,671.784,648.678],
"RWWWSG0W":[92.3078,-10,-10,497.89],
"RW0WSSSW":[656.573,634.389,-10,-10],
"WWGWSG0W":[-10,686.335,-10,227.293],
"0SRSSG0S":[122.093,0,-10,0],
"GRSS0WGW":[322.632,-10,644.148,308.919],
"SS0WRW0W":[-10,651.251,639.738,663.006],
"SW0WSWSW":[-10,658.209,-10,-10],
"SW0SSS0S":[-10,273.368,-10,458.562],
"GS0RWWSW":[653.621,30.7511,-10,-10],
"GWSSWWRW":[672.801,-10,-10,136.924],
"0G0G0R0W":[0,0,0.210237,8.62567],
"SS0WRWGW":[-10,211.667,215.916,754.558],
"SSSWSSWW":[-10,-10,-10,-10],
"SWWWWW0W":[-10,-10,-10,612.767],
"SGGSSW0W":[-10,54.5208,-10,0],
"0RSSSSGW":[140.406,-10,-10,744.163],
"GRSGSWWW":[72.2326,-10,-10,-10],
"SW0WSWSG":[-10,633.551,-10,-10],
"SSSWGG0R":[-10,-10,155.064,0],
"GR0WSSWW":[776.222,582.454,-10,-10],
"0R0WSGSW":[399.458,656.182,-10,-10],
"0WWWRSSS":[429.273,-10,61.7011,-10],
"0G0GRWSS":[176.219,381.791,636.57,-10],
"0WSWGW0W":[643.339,-10,765.768,649.297],
"WWRW0G0W":[-10,-1,50.3345,6.90495],
"SWGS0G0R":[-10,87.6485,0,0],
"RG0G0WSW":[70.6608,711.665,211.606,-10],
"GW0W0WSG":[739.098,388.32,378.573,-10],
"0WWWSGSS":[637.483,-10,-10,-10],
"SSSWWWRG":[-10,-10,-10,723.268],
"SSSSGS0S":[-10,-10,454.639,55.5299],
"WWSS0G0G":[-10,-10,704.717,736.248],
"RWWWSWGG":[64.5159,-10,-10,0],
"SW0GWW0R":[-10,234.557,-10,533.807],
"WWSSRWWW":[-10,-10,639.113,-10],
"WW0WSW0W":[-10,665.477,-10,590.002],
"0SSGGWSS":[5.49766,-10,69.3319,-10],
"0GWWWWSG":[662.377,-10,-10,-10],
"WW0SSWRW":[-10,40.084,-10,659.351],
"GGWWSW0W":[836.986,-10,-10,558.458],
"0R0WSW0W":[640.633,649.268,-10,672.509],
"SW0S0WWW":[-10,578.144,622.681,-10],
"SRSGSWWW":[-10,-10,-10,-10],
"SWSS0GGS":[-10,-10,702.071,218.686],
"0WSSSGSR":[224.915,-10,-10,-10],
"GSGWWWSW":[421.418,0,-10,-10],
"0WGWSS0W":[648.243,768.536,-10,633.894],
"SWWW0G0R":[-10,-10,744.66,631.923],
"SS0GSGSS":[-10,77.7431,-10,-10],
"0G0W0SSR":[716.111,281.608,197.544,-10],
"0WSWSS0W":[669.37,-10,-10,644.608],
"0G0R0WSS":[727.753,639.203,592.456,-10],
"RW0WGSSW":[494.517,57.9298,126.19,-10],
"WWSSSGSR":[-10,-10,-10,-10],
"SWRGWWSS":[-10,703.629,-10,-10],
"0W0WSWSS":[637.942,655.002,-10,-10],
"0GSWSWSW":[606.883,-10,-10,-10],
"0WGGSRSW":[283.947,0,-10,-10],
"SSWWWWGR":[-10,-10,-10,745.05],
"0W0WSRGS":[564.966,34.1404,-10,73.3427],
"GG0SSRSW":[82.1519,54.4878,-10,-10],
"0WGSSSSS":[651.141,281.003,-10,-10],
"RWGGSW0S":[115.307,0,-10,0],
"GWSS0W0G":[761.66,-10,635.82,739.178],
"GGWWWWSW":[701.374,-10,-10,-10],
"SRSS0G0G":[-10,-10,485.823,0],
"SW0WGSSG":[-10,0,541.274,-10],
"0W0SSSGW":[637.525,564.514,-10,755.109],
"SSWW0W0G":[-10,-10,666.446,724.793],
"SRWWGW0S":[-10,-10,710.562,162.47],
"0S0G0SSS":[501.913,0,63.5959,-10],
"WWSGSS0R":[-10,-10,-10,478.598],
"SRGW0G0W":[-10,139.439,95.4211,0],
"SWWWSWSW":[-10,-10,-10,-10],
"0W0GSWSS":[639.157,722.522,-10,-10],
"SGSSWWSW":[-10,-10,-10,-10],
"SWGWRW0W":[-10,725.249,329.3,286.098],
"0S0GGWSW":[440.953,618.632,729.064,-10],
"RW0WSW0G":[441.637,517.49,-10,723.441],
"WWRGSS0G":[-10,0,-10,369.643],
"GSGR0WSS":[201.537,0,0,-10],
"0RGSSW0G":[116.176,0,-10,0],
"SRSS0WWW":[-10,-10,486.898,-10],
"0GGSSS0W":[260.052,637.007,-10,380.872],
"SWGWGWWW":[-10,154.326,729.511,-10],
"SWSRGSWW":[-10,-10,17.119,-10],
"GG0WSWSS":[822.759,522.455,-10,-10],
"0WSWGSSR":[152.159,-10,0,-10],
"SSWWRSSG":[-10,-10,68.5651,-10],
"0W0WSW0S":[630.261,644.922,-10,621.252],
"GWWWRWSS":[652.198,-10,166.485,-10],
"GW0WGSSW":[653.958,63.5631,0,-10],
"WW0WGRSW":[-10,369.203,766.49,-10],
"RW0G0WSW":[616.893,732.585,617.284,-10],
"GW0WSRWW":[365.8,646.827,-10,-10],
"SWGSRSSW":[-10,0,109.787,-10],
"RSSGSW0S":[54,-10,-10,0],
"0WSG0GWW":[447.562,-10,694.296,-10],
"0SRGSWSG":[49.1324,0,-10,-10],
"0WSW0SGS":[639.976,-10,337.998,523.652],
"WWGWSWRG":[-10,0,-10,68.2834],
"SWWW0WGS":[-10,-10,592.821,649.469],
"GWRWSSGW":[687.82,0,-10,0],
"SW0W0WSR":[-10,634.164,657.811,-10],
"SW0GSWSW":[-10,685.68,-10,-10],
"0G0WGSSW":[155.311,624.76,126.574,-10],
"0WSWSWSW":[656.57,-10,-10,-10],
"GWSSSS0W":[764.813,-10,-10,644.881],
"0W0G0RWW":[30.8633,140.518,48.0563,-10],
"SWGWGSSW":[-10,250.784,0,-10],
"SSSG0R0W":[-10,-10,653.513,455.934],
"SS0WSWSG":[-10,615.87,-10,-10],
"0W0WRSSS":[654.468,585.488,601.26,-10],
"0WSWSW0S":[636.398,-10,-10,537.082],
"0WGSSS0R":[0,0,-10,524.762],
"SW0WGGSW":[-10,405.689,805.246,-10],
"SWWWSSSS":[-10,-10,-10,-10],
"SSSG0W0W":[-10,-10,633.431,544.805],
"WWGSSR0G":[-10,9.01,-10,0],
"0WSS0GGR":[293.295,-10,326.178,758.965],
"0WSWGWRW":[296.675,-10,722.554,319.048],
"0SWW0GSS":[47.8058,-10,748.167,-10],
"0G0G0WWW":[27.8409,83.8772,22.3669,-10],
"RSGWWWSW":[109.432,608.741,-10,-10],
"SR0SWWWW":[-10,114.869,-10,-10],
"SG0WWWSR":[-10,533.631,-10,-10],
"SG0W0WSR":[-10,480.055,632.177,-10],
"RWSSSS0G":[205.922,-10,-10,713.484],
"WW0W0SSW":[-10,672.465,599.115,-10],
"0W0GSSWW":[662.765,657.612,-10,-10],
"GR0WWWSW":[746.383,446.44,-10,-10],
"SWWW0WSS":[-10,-10,645.826,-10],
"0WWWGSSW":[596.995,-10,84.8034,-10],
"0W0W0WSW":[667.417,653.693,653.186,-10],
"0R0WWWSS":[594.926,625.895,-10,-10],
"SSSWGSSR":[-10,-10,149.802,-10],
"SRSSWWGG":[-10,-10,-10,172.579],
"0SSGSWSW":[423.961,-10,-10,-10],
"SW0SGR0W":[-10,421.364,449.275,666.552],
"0W0GSG0W":[565.496,718.493,-10,557.141],
"RG0WSWWW":[744.968,303.327,-10,-10],
"GRWWSWGS":[70.7434,-10,-10,0],
"WWGWSWWW":[-10,707.996,-10,-10],
"SW0WSW0S":[-10,656.659,-10,85.5212],
"0SSG0W0R":[340.503,-10,643.85,245.174],
"0WRW0WSW":[674.285,626.495,632.786,-10],
"0WSRSGWW":[556.017,-10,-10,-10],
"GWSW0WRG":[35.2489,-10,106.201,0],
"SSGS0WGW":[-10,605.155,0,0],
"0WGR0SSW":[474.915,523.879,631.893,-10],
"0RSW0W0G":[643.12,-10,660.781,740.923],
"0GSS0G0R":[132.252,-10,523.502,36.682],
"0GRW0WSS":[721.316,584.145,575.34,-10],
"SSRWWWWW":[-10,615.901,-10,-10],
"GWSSSWSW":[721.421,-10,-10,-10],
"0R0GSW0W":[610.479,726.828,-10,583.505],
"WWSWSSSS":[-10,-10,-10,-10],
"SWGWSSRS":[-10,0,-10,-1.19],
"RGSWWW0W":[698.335,-10,-10,487.421],
"SW0R0WSG":[-10,437.209,641.022,-10],
"GWSW0S0G":[603.958,-10,417.925,731.711],
"SSRW0WSS":[-10,554.305,635.945,-10],
"GRSW0W0G":[666.204,-10,164.555,216.226],
"SS0GRSSS":[-10,374.95,0,-10],
"WW0WSGSW":[-10,637.614,-10,-10],
"SW0GSWSS":[-10,577.213,-10,-10],
"SS0SRWWW":[-10,632.251,599.734,-10],
"0S0WSSSW":[462.439,534.186,-10,-10],
"0GWWGWSW":[236.526,-10,631.474,-10],
"SS0WWW0W":[-10,507.907,-10,605.015],
"0W0SSW0W":[628.204,597.882,-10,671.425],
"GR0WSS0S":[747.447,589.943,-10,348.579],
"WWWWGWSS":[-10,-10,749.734,-10],
"SSSSWWGR":[-10,-10,-10,616.312],
"SG0WRW0W":[-10,667.623,419.125,424.521],
"SG0W0R0W":[-10,686.551,533.85,533.737],
"WWGGSS0S":[-10,0,-10,-0.05],
"GSRSGSSW":[9.01,0,0,-10],
"GWGWSS0W":[726.667,759.199,-10,639.554],
"0WSGGWRW":[0,-10,0,124.736],
"SWWW0SSW":[-10,-10,175.01,-10],
"RG0G0W0W":[0,0,25.2774,0],
"SGSW0W0G":[-10,-10,559.308,718.274],
"0GSSSG0W":[382.517,-10,-10,630.484],
"0WSRSW0W":[642.044,-10,-10,610.223],
"SSSG0G0S":[-10,-10,297.242,0],
"SR0G0W0G":[-10,658.135,160.502,5.72588],
"SWGSWW0G":[-10,0,-10,135.652],
"0GSRSSWW":[730.943,-10,-10,-10],
"SWWWGSSS":[-10,-10,289.828,-10],
"0SRSSSWW":[244.659,0,-10,-10],
"0WSG0WWW":[660.445,-10,570.678,-10],
"SSSS0W0W":[-10,-10,614.943,602.278],
"0G0RSSWW":[754.127,656.851,-10,-10],
"0WGGSS0S":[639.297,148.469,-10,146.686],
"0WGW0WSG":[530.1,721.624,497.209,-10],
"0S0WSG0G":[61.9888,0,-10,0],
"WW0WSSRG":[-10,385.783,-10,709.157],
"SWSWGSSW":[-10,-10,273.565,-10],
"SGGW0RWW":[-10,56.0499,0,-10],
"SG0WRWWW":[-10,312.433,601.343,-10],
"0GSS0RSG":[-0.05,-10,0,-10],
"GS0WRWSW":[49.6185,100.682,522.195,-10],
"0WSSSR0W":[579.186,-10,-10,666.193],
"WW0WGW0G":[-10,12.502,0,0],
"SS0R0G0W":[-10,655.43,740.567,647.197],
"0WGRGSSS":[62.3568,0,0,-10],
"SWWWSWSR":[-10,-10,-10,-10],
"SWSWWWSW":[-10,-10,-10,-10],
"SSRS0G0G":[-10,47.22,662.551,73.8021],
"0WSS0SSR":[481.753,-10,18.2844,-10],
"0WSS0R0W":[617.806,-10,644.249,659.737],
"0W0SSWSS":[623.832,544.047,-10,-10],
"WWGW0SSR":[-10,723.388,27.4233,-10],
"GSRG0WSS":[72.7409,0,0,-10],
"0W0GSSSG":[318.725,705.637,-10,-10],
"0GGSSSWW":[701.75,317.764,-10,-10],
"0G0W0SSS":[745.689,648.09,528.096,-10],
"0GSS0WSW":[9.39983,-10,459.408,-10],
"SG0WWW0W":[-10,542.171,-10,656.253],
"0G0WSSSG":[701.868,535.717,-10,-10],
"0SSG0G0S":[-1.04,-10,0,329.043],
"0W0WWWWW":[199.721,185.023,-10,-10],
"GW0GWWSR":[79.4424,0,-10,-10],
"SW0WSGSS":[-10,642.336,-10,-10],
"0R0GWWWW":[0,0.910416,-10,-10],
"GWWWSS0W":[757.845,-10,-10,661.834],
"SS0RWW0S":[-10,611.622,-10,26.1871],
"SWGWWWGW":[-10,40.7009,-10,555.711],
"SGSW0RSW":[-10,-10,342.154,-10],
"SWSS0GWW":[-10,-10,686.518,-10],
"RSWWWWSS":[160.475,-10,-10,-10],
"0WSGWW0R":[631.847,-10,-10,277.102],
"GWGWSW0R":[0,574.004,-10,0],
"SRSS0W0W":[-10,-10,590.646,658.447],
"WWSWSW0G":[-10,-10,-10,681.25],
"GWSWSSSG":[71.9548,-10,-10,-10],
"SWGSSW0W":[-10,9.01,-10,615.115],
"0SSG0RSW":[-1.04,-10,457.612,-10],
"GRSWSS0W":[424.049,-10,-10,644.918],
"0G0GSWWW":[742.146,669.934,-10,-10],
"SSWWWW0R":[-10,-10,-10,648.328],
"GW0R0GSW":[267.648,34.9885,6.02388,-10],
"0WWWSS0R":[617.786,-10,-10,653.612],
"0WRGSGSW":[15.2741,0,-10,-10],
"SWSWGG0W":[-10,-10,814.537,395.594],
"SGSS0R0W":[-10,-10,257.885,618.064],
"WWSWSGRW":[-10,-10,-10,398.703],
"0S0G0GSW":[482.312,670.567,741.569,-10],
"SW0WGR0S":[-10,483.368,732.369,399.476],
"WWSS0GWW":[-10,-10,716.444,-10],
"SW0W0W0G":[-10,641.682,660.944,729.132],
"WWRWSW0G":[-10,593.177,-10,161.749],
"0R0GSSSW":[579.154,722.019,-10,-10],
"0WSWSSGG":[486.415,-10,-10,803.181],
"0WSSSS0W":[629.343,-10,-10,656.098],
"SR0SGS0W":[-10,-1.04,30.9282,0],
"RSSS0W0W":[618.623,-10,592.306,597.775],
"0SSWGR0S":[152.908,-10,0,0],
"SSSS0S0G":[-10,-10,110.947,489.428],
"GRSG0W0W":[0,-10,245.04,93.879],
"WW0GSSRW":[-10,718.509,-10,325.192],
"0W0SSG0S":[208.539,0,-10,0],
"GW0RSWSS":[745.724,477.342,-10,-10],
"SSGSWWRW":[-10,9.01,-10,0],
"SRWWWWSS":[-10,-10,-10,-10],
"SS0S0GWW":[-10,636.056,717.035,-10],
"0SSWSSRG":[181.491,-10,-10,0],
"SWSG0WSW":[-10,-10,643.906,-10],
"SWRWGW0G":[-10,103.798,296.959,72.3772],
"WWSWGWWW":[-10,-10,697.826,-10],
"SG0W0SSG":[-10,66.3846,0,-10],
"0W0RSGWW":[655.367,561.326,-10,-10],
"0SSW0WGG":[422.06,-10,636.318,821.647],
"SS0SSSWW":[-10,340.877,-10,-10],
"SR0WWW0W":[-10,536.147,-10,550.196],
"0WWW0GRW":[0,-10,30.0696,0],
"0GSSWW0S":[212.123,-10,-10,0],
"WW0WSRGW":[-10,280.973,-10,696.458],
"SW0WWWSW":[-10,614.341,-10,-10],
"0R0WSS0W":[619.981,634.372,-10,667.702],
"SSWWSSSW":[-10,-10,-10,-10],
"SS0W0GGW":[-10,632.846,733.169,762.891],
"SRWW0WSG":[-10,-10,450.391,-10],
"SW0WRWWW":[-10,657.132,633.777,-10],
"GSGWWWSS":[592.654,0,-10,-10],
"SGWW0WSS":[-10,-10,582.224,-10],
"WWGGSSSS":[-10,774.745,-10,-10],
"0S0W0GSW":[572.685,644.462,741.04,-10],
"SWSW0RGS":[-10,-10,611.316,277.313],
"SWWWSSSW":[-10,-10,-10,-10],
"SWSG0G0W":[-10,-10,724.057,583.011],
"GSWWWWSR":[26.9853,-10,-10,-10],
"0WSRSS0S":[177.206,-10,-10,535.308],
"SW0G0WSG":[-10,723.912,498.916,-10],
"SWRWGWGW":[-10,236.922,0,0],
"SWSWWWSG":[-10,-10,-10,-10],
"SR0GWWGW":[-10,0,-10,378.753],
"SSGSGSWW":[-10,105.493,0,-10],
"0WRSSWWW":[593.157,627.335,-10,-10],
"SSGGWW0R":[-10,268.723,-10,0],
"SWSR0WSG":[-10,-10,452.274,-10],
"0W0W0W0G":[226.09,224.75,223.011,224.866],
"SW0G0G0W":[-10,713.24,737.783,632.078],
"WWGSSWWW":[-10,130.352,-10,-10],
"SSSS0WWW":[-10,-10,491.176,-10],
"RWWWWWSG":[419.531,-10,-10,-10],
"0WWWRGSW":[305.284,-10,670.796,-10],
"0SSW0GSR":[-1.976,-10,505.243,-10],
"SG0WRW0S":[-10,109.019,583.867,153.215],
"WW0G0WSS":[-10,760.465,657.091,-10],
"WW0W0GRG":[-10,-0.0891274,1.00461,0],
"WWSWSG0W":[-10,-10,-10,553.098],
"GG0WSSSW":[569.012,642.492,-10,-10],
"RS0S0GSW":[291.873,0,0,-10],
"RWGGSSWW":[260.312,0,-10,-10],
"0GRW0W0W":[115.394,-5.69533,40.5219,38.0029],
"RW0WSSWW":[676.036,650.09,-10,-10],
"SGSW0W0W":[-10,-10,638.102,654.304],
"GWSRSGSW":[118.482,-10,-10,-10],
"SWSW0W0W":[-10,-10,641.88,642.005],
"0GGWWW0W":[0,89.364,-10,5.17994],
"SWGW0WRS":[-10,74.4175,651.658,91.9482],
"0WGW0WSS":[660.197,760.256,657.65,-10],
"GWSSSWSR":[62.8138,-10,-10,-10],
"WWSSSGRW":[-10,-10,-10,511.225],
"RW0GSG0W":[46.1105,388.884,-10,99.1272],
"SWSWSWGG":[-10,-10,-10,179.112],
"0W0WSGSG":[575.009,366.235,-10,-10],
"WWGW0W0G":[-10,43.9593,0.671346,0],
"SWSW0G0W":[-10,-10,728.917,658.56],
"WWGSSW0W":[-10,93.2122,-10,580.98],
"0G0SSG0R":[69.8431,0,-10,19.4941],
"GRWWSWSG":[63.588,-10,-10,-10],
"0WGWSGRS":[0,0,-10,57.278],
"SWWW0RGW":[-10,-10,140.395,730.725],
"GSRW0WSW":[0,310.981,0,-10],
"0WSSGSWW":[358.859,-10,101.215,-10],
"RG0S0SSS":[-0.2,232.376,0,-10],
"0W0GSW0S":[635.964,737.913,-10,584.055],
"SG0W0SSR":[-10,339.078,32.9497,-10],
"0G0W0R0W":[25.6635,83.6667,13.7779,51.8176],
"SSGSSSSG":[-10,58.871,-10,-10],
"SR0S0GSW":[-10,96.7914,687.899,-10],
"SWSW0RGW":[-10,-10,443.716,766.266],
"0S0GSG0S":[205.427,70.574,-10,-1.04],
"0WSS0RGS":[499.987,-10,34.3535,0],
"SSRSGWWW":[-10,606.534,135.493,-10],
"0W0WSW0W":[653.64,677.768,-10,655.289],
"SWSW0WWW":[-10,-10,586.514,-10],
"SS0S0W0W":[-10,587.771,651.959,577.589],
"WWWW0SSR":[-10,-10,78.5484,-10],
"0G0W0WSG":[716.044,563.425,552.774,-10],
"SGSSSWSR":[-10,-10,-10,-10],
"GWWW0WSG":[707.711,-10,363.342,-10],
"SSSGSS0W":[-10,-10,-10,407.722],
"GGWWSSRS":[201.338,-10,-10,0],
"SW0G0WWW":[-10,714.223,649.009,-10],
"SWSS0SGW":[-10,-10,199.45,746.713],
"RW0WSSGG":[0,282.022,-10,81.1257],
"0WWW0WSS":[454.999,-10,577.991,-10],
"SG0W0WWW":[-10,655.702,633.177,-10],
"0WSS0WRW":[647.045,-10,664.017,658.444],
"0S0S0SSR":[434.289,39.6549,0,-10],
"SSGR0WSW":[-10,754.174,483.308,-10],
"GSSSSS0W":[504.942,-10,-10,649.873],
"0SSWWWSW":[244.862,-10,-10,-10],
"0W0RSS0W":[668.426,639.073,-10,644.762],
"SSGRGW0S":[-10,257.075,0,0],
"SSGWWW0W":[-10,678.116,-10,562.121],
"GWWWWW0W":[44.9714,-10,-10,9.0556],
"0W0GRWSS":[653.754,739.309,656.754,-10],
"GG0W0RSW":[595.501,57.9092,43.3608,-10],
"SW0SSSSR":[-10,132.353,-10,-10],
"WWSSSRGG":[-10,-10,-10,281.596],
"0W0WSG0W":[639.442,657.134,-10,661.644],
"0WWW0SSS":[444.709,-10,188.777,-10],
"WW0WRWSG":[-10,202.373,518.981,-10],
"GGWW0RSW":[242.458,-10,31.6269,-10],
"0S0SRWSS":[305.877,0,0,-10],
"SSSS0W0G":[-10,-10,645.121,718.824],
"SWSWRG0G":[-10,-10,376.006,0],
"WW0SSW0W":[-10,81.3148,-10,659.525],
"SSRWGW0S":[-10,656.394,269.323,160.036],
"SSWWWW0S":[-10,-10,-10,120.442],
"SW0SSGSR":[-10,75.9868,-10,-10],
"RG0GSW0W":[397.947,21.0195,-10,61.8436],
"0GWWSRSG":[66.3065,-10,-10,-10],
"0SSG0GWW":[-1.04,-10,345.596,-10],
"0G0W0WSS":[714.878,642.761,643.219,-10],
"0GSSRW0W":[586.964,-10,589.161,669.347],
"0GSWSGRW":[128.649,-10,-10,0],
"0WSS0WGW":[659.497,-10,663.657,758.156],
"0RGWGSSS":[65.2269,0,0,-10],
"0R0SSSGW":[61.2847,43.1695,-10,689.573],
"SSRS0SSG":[-10,152.821,0,-10],
"0SSSGWWW":[82.8723,-10,681.235,-10],
"SS0W0RWW":[-10,664.256,624.339,-10],
"GRWW0WSS":[732.265,-10,362.163,-10],
"0W0GSRGW":[17.499,60.7454,-10,398.117],
"0W0GSW0R":[675.223,517.064,-10,604.564],
"SW0GSSSR":[-10,319.894,-10,-10],
"0SSWGWRW":[37.9952,-10,58.2111,495.004],
"SW0S0GGR":[-10,315.601,0,0],
"GW0GSS0S":[743.336,465.591,-10,299.041],
"RG0W0W0W":[-5.21703,23.262,118.546,72.3081],
"SSSW0W0G":[-10,-10,651.115,734.644],
"WWSS0SRS":[-10,-10,35.5855,326.355],
"GWSW0SGS":[0,-10,-1.04,313.067],
"WWSG0G0W":[-10,-10,712.039,560.194],
"GWSWRS0S":[563.602,-10,16.9953,0],
"0WSWSWGW":[652.249,-10,-10,775.961],
"SW0G0WSW":[-10,724.844,649.962,-10],
"SW0SGGRW":[-10,0,319.931,61.27],
"RW0GSGWW":[62.6396,151.178,-10,-10],
"0G0WSS0W":[744.984,658.638,-10,663.36],
"0GSSWW0G":[719.036,-10,-10,750.367],
"0W0WWWGG":[10.1506,9.10077,-10,143.43],
"WW0WSS0W":[-10,587.46,-10,561.87],
"0WGGWW0W":[18.2673,20.3914,-10,-0.05],
"GWSW0S0W":[777.808,-10,562.991,640.911],
"GGSW0SWW":[198.436,-10,0,-10],
"0WGW0GSW":[619.879,750.666,688.35,-10],
"SWSSSGSR":[-10,-10,-10,-10],
"SGWWSSSG":[-10,-10,-10,-10],
"0WRWSWGG":[181.54,0,-10,0],
"0WSGSSSW":[641.95,-10,-10,-10],
"GSRSSWSW":[101.404,0,-10,-10],
"SG0W0SSS":[-10,654.002,376.445,-10],
"0R0G0WGW":[0,2.53923,0,0],
"RWWWGSSW":[56.2895,-10,0,-10],
"0G0WWWSS":[719.361,635.235,-10,-10],
"GWGW0RSS":[240.387,329.178,572.966,-10],
"0S0S0WSW":[373.902,573.02,647.137,-10],
"GSSSSWGW":[246.938,-10,-10,74.1659],
"0GWWSWSR":[673.886,-10,-10,-10],
"0WGWSW0W":[658.553,772.054,-10,629.298],
"0S0WWWSS":[601.994,543.987,-10,-10],
"SW0WWWGR":[-10,220.658,-10,732.888],
"0WSS0S0W":[627.908,-10,607.774,611.631],
"SW0SSGSW":[-10,365.945,-10,-10],
"0GRGSWSS":[335.129,72.3537,-10,-10],
"0WSWSSSR":[642.289,-10,-10,-10],
"0RSWWW0G":[637.784,-10,-10,738.318],
"RWSWSGGW":[205.017,-10,-10,0],
"0W0WSGWW":[636.694,646.036,-10,-10],
"WWRWSS0G":[-10,348.896,-10,639.461],
"SW0GWWGR":[-10,83.0361,-10,0],
"SGSW0G0R":[-10,-10,274.733,43.8004],
"0RSWSWGW":[443.625,-10,-10,748.692],
"0GSW0SRW":[137.516,-10,153.208,619.377],
"0SGWSR0S":[162.076,72.5145,-10,0],
"SS0W0W0W":[-10,646.926,677.61,635.144],
"0G0WRSSW":[721.483,347.704,381.94,-10],
"0WWWSSGR":[559.509,-10,-10,747.25],
"SWGWGSSS":[-10,216.338,0,-10],
"0GSS0WSS":[262.691,-10,0,-10],
"SW0RGW0W":[-10,635.007,761.286,626.68],
"0G0WSWSR":[712.099,633.765,-10,-10],
"0WRG0WSG":[36.8886,110.815,42.8054,-10],
"GWRSSSWW":[661.242,219.511,-10,-10],
"0W0W0GSR":[613.299,626.073,725.047,-10],
"RWGW0GSW":[-0.2,589.686,75.8859,-10],
"SW0RSSSS":[-10,638.592,-10,-10],
"0SSGRG0W":[22.5223,-10,0,0],
"SS0WGG0S":[-10,637.666,838.529,505.693],
"0GRWSWWW":[468.892,643.936,-10,-10],
"SWSWWWGW":[-10,-10,-10,729.528],
"0W0G0RSS":[647.807,731.58,660.054,-10],
"SGSS0S0W":[-10,-10,241.466,641.733],
"SSSRWWGW":[-10,-10,-10,608.115],
"0SSW0RGW":[98.8031,-10,663.855,391.123],
"WWGWGSSS":[-10,630.422,0,-10],
"WWRSSGSS":[-10,8.04079,-10,-10],
"SR0SWW0W":[-10,132.151,-10,666.976],
"GWRWSS0W":[755.595,659.22,-10,653.086],
"RWSW0WWW":[638.957,-10,586.632,-10],
"0WRSGSSW":[365.686,0,0,-10],
"0SWW0WSG":[54.2868,-10,664.14,-10],
"SSWWRWSS":[-10,-10,378.294,-10],
"SWSS0SWW":[-10,-10,97.8383,-10],
"0W0GGWSS":[632.742,732.192,762.494,-10],
"SR0W0GWW":[-10,653.591,440.718,-10],
"0R0G0WSW":[652.141,736.979,651.12,-10],
"0WWWWWSR":[570.857,-10,-10,-10],
"0W0WSW0R":[663.648,622.545,-10,593.584],
"0WRGSWSW":[450.804,706.737,-10,-10],
"SSSWSWSW":[-10,-10,-10,-10],
"GGWWSWSS":[801.817,-10,-10,-10],
"GSSR0S0W":[66.0507,-10,0,0],
"0WSSSGWW":[555.775,-10,-10,-10],
"0W0R0WSW":[651.02,671.031,647.224,-10],
"SW0SGWRG":[-10,156.705,0,0],
"GW0GSWSW":[497.993,711.161,-10,-10],
"SSSGGWWW":[-10,-10,675.76,-10],
"WW0G0GSR":[-10,79.6348,694.571,-10],
"0S0W0RSW":[620.004,616.721,675.039,-10],
"GW0G0RSW":[283.418,726.571,153.528,-10],
"0WWWSG0W":[632.589,-10,-10,648.702],
"SGSWSWSW":[-10,-10,-10,-10],
"SS0RGG0S":[-10,577.445,0,64.2975],
"0WSRSWSG":[261.568,-10,-10,-10],
"0GSRWW0W":[702.768,-10,-10,571.783],
"SWGWWW0G":[-10,689.385,-10,274.763],
"SW0G0S0S":[-10,739.05,490.026,257.072],
"GS0SSWGW":[343.615,0,-10,0],
"SSGSSSGW":[-10,49.7169,-10,0],
"SG0WGS0S":[-10,216.843,0,0],
"0S0RWWSW":[584.315,631.247,-10,-10],
"0W0R0SSG":[250.234,269.954,552.568,-10],
"SSWWRG0W":[-10,-10,745.677,508.072],
"0R0G0SSG":[152.344,0,0,-10],
"SWSGSSSR":[-10,-10,-10,-10],
"0RSWGW0W":[436.335,-10,757.697,567.018],
"SSSGSW0W":[-10,-10,-10,567.882],
"SS0SGG0W":[-10,556.32,814.321,548.425],
"RWSS0WWW":[543.913,-10,524.38,-10],
"SRSSSWSG":[-10,-10,-10,-10],
"SSGGWWWW":[-10,797.593,-10,-10],
"WWSGGW0W":[-10,-10,614.032,147.52],
"SWSSRG0G":[-10,-10,138.047,0],
"0WRGSWSS":[322.285,730.212,-10,-10],
"0WWWSSSS":[523.59,-10,-10,-10],
"SW0R0WGG":[-10,0,274.895,153.04],
"SW0W0RGG":[-10,0,231.876,0],
"0W0WSS0W":[652.083,668.562,-10,651.629],
"0WWWSW0R":[650.988,-10,-10,604.445],
"SSSS0W0R":[-10,-10,567.375,670.579],
"WWSSSGGR":[-10,-10,-10,174.016],
"0WSSRGGS":[63.8981,-10,0,0],
"WW0GRSSW":[-10,729.46,367.489,-10],
"RG0SSSSS":[167.547,0,-10,-10],
"SWSWRWSS":[-10,-10,625.583,-10],
"SG0S0GSW":[-10,543.661,0,-10],
"SW0R0S0G":[-10,0,417.881,0],
"GS0W0GSW":[528.718,80.3477,160.315,-10],
"0WSWSW0W":[644.296,-10,-10,664.053],
"WWWWSS0G":[-10,-10,-10,705.051],
"SGSW0WWW":[-10,-10,582.769,-10],
"SGSR0WSG":[-10,-10,60.9593,-10],
"0GSGSS0W":[726.021,-10,-10,518.676],
"SR0SSWSW":[-10,443.259,-10,-10],
"SSGWWW0R":[-10,635.461,-10,226.094],
"SS0SRW0W":[-10,458.275,437.42,603.025],
"SWSWWWGR":[-10,-10,-10,604.522],
"SWSS0WGS":[-10,-10,654.684,590.507],
"SWSR0GSW":[-10,-10,593.287,-10],
"0W0W0WSS":[656.541,647.448,651.761,-10],
"SSSWSW0G":[-10,-10,-10,710.944],
"0WSWWWWW":[652.755,-10,-10,-10],
"SSGWRW0G":[-10,0,0,134.004],
"0SSW0R0W":[546.676,-10,624.806,665.601],
"0GRSSSSW":[223.789,59.5806,-10,-10],
"SWGSSWSW":[-10,153.306,-10,-10],
"0W0WGWSW":[634.048,666.865,767.756,-10],
"0GSSSW0R":[707.851,-10,-10,631.103],
"0RSWGSSS":[123.102,-10,0,-10],
"0RSW0G0W":[559.259,-10,544.171,662.702],
"SWSG0RWW":[-10,-10,613.125,-10],
"SWSWGW0R":[-10,-10,750.646,405.41],
"0G0WSSWW":[735.151,661.017,-10,-10],
"GGSWSRSS":[74.3289,-10,-10,-10],
"0GRW0SSS":[0,604.155,0,-10],
"0WSWGRGW":[387.551,-10,12.036,0],
"0S0W0RSG":[231.823,617.153,337.823,-10],
"0WWW0G0R":[17.3701,-10,50.6428,18.849],
"SGSG0WWW":[-10,-10,504.847,-10],
"SWSS0W0G":[-10,-10,635.612,684.711],
"RSSW0W0W":[611.709,-10,666.143,611.326],
"SWSWGR0S":[-10,-10,366.752,0],
"SW0WRWSW":[-10,651.146,634.811,-10],
"SW0G0W0R":[-10,522.499,657.273,509.322],
"WWSWSRGG":[-10,-10,-10,332.329],
"0GSW0W0W":[721.598,-10,644.843,658.197],
"GWGW0RSW":[551.063,73.5139,0,-10],
"0GSGRWWW":[32.194,-10,-1.19,-10],
"0SRWSW0G":[156.74,0,-10,0],
"SWGS0S0R":[-10,151.773,0,0],
"WW0G0RSS":[-10,760.89,655.995,-10],
"SSSWGW0W":[-10,-10,752.187,650.221],
"0SSSGW0W":[557.49,-10,752.382,642.233],
"0W0SGGSW":[0,0,145.751,-10],
"SSRW0GGS":[-10,0,127.618,0],
"SG0S0WSW":[-10,468.197,616.595,-10],
"0SRS0SSS":[225.863,0,0,-10],
"WW0W0R0W":[-10,220.24,197.211,223.798],
"RW0WSSGW":[230.768,633.677,-10,437.11],
"0RWWSWGW":[538.162,-10,-10,258.195],
"SWSW0R0W":[-10,-10,642.278,659.968],
"WWSWSR0S":[-10,-10,-10,84.2404],
"SW0GRSSW":[-10,74.6137,311.324,-10],
"0GWW0SSW":[740.322,-10,41.7897,-10],
"WW0G0W0W":[-10,211.221,218.316,137.312],
"WW0WSWSG":[-10,604.549,-10,-10],
"SW0GSGSR":[-10,157.896,-10,-10],
"0GWWSGRS":[134.169,-10,-10,0],
"SGSWWWRG":[-10,-10,-10,67.2568],
"0W0G0GSW":[628.708,725.494,708.873,-10],
"GWSW0SWW":[770.331,-10,13.4387,-10],
"SWGG0W0W":[-10,812.041,592.757,553.313],
"WWRSSWWW":[-10,128.007,-10,-10],
"0WSW0GRS":[60.56,-10,0,0],
"SSGWRG0W":[-10,0,266.691,0],
"0S0RSS0S":[206.869,571.494,-10,48.1251],
"0GRGSSSW":[408.322,0,-10,-10],
"GW0RSWSG":[71.9444,0,-10,-10],
"0RSS0S0W":[612.592,-10,549.868,658.573],
"WWSWGGRW":[-10,-10,149.68,0],
"0WGWSSRG":[44.7734,314.229,-10,63.8296],
"0W0SSRWW":[643.544,564.071,-10,-10],
"SSSW0GWW":[-10,-10,699.885,-10],
"SSGS0R0S":[-10,17.7096,0,0],
"WWSRGW0W":[-10,-10,613.58,255.16],
"SWSWSGRW":[-10,-10,-10,337.817],
"SWWW0GRW":[-10,-10,743.019,473.676],
"0SSW0W0G":[616.683,-10,663.15,740.338],
"SW0WRS0S":[-10,659.65,214.188,61.8541],
"SS0G0GWW":[-10,706.563,740.456,-10],
"WW0GSW0G":[-10,398.472,-10,676.763],
"WWSG0WWW":[-10,-10,599.541,-10],
"0W0WSSGS":[609.477,593.451,-10,684.26],
"SWWWWWRS":[-10,-10,-10,55.6981],
"0S0GSSSS":[232.013,606.836,-10,-10],
"0GSSGWWW":[687.954,-10,552.926,-10],
"SSWWGS0S":[-10,-10,262.697,121.475],
"WW0W0W0R":[-10,77.237,204.856,95.346],
"GGWW0WSS":[824.315,-10,507.684,-10],
"0W0WSRSW":[645.58,651.974,-10,-10],
"SG0WWWRW":[-10,304.935,-10,546.848],
"GWRW0WSS":[756.542,230.385,103.087,-10],
"SW0RWWSS":[-10,623.873,-10,-10],
"SSSSSS0S":[-10,-10,-10,363.521],
"GRSSWWWW":[748.37,-10,-10,-10],
"SW0WRGSS":[-10,375.407,715.943,-10],
"0SSW0G0S":[360.995,-10,739.079,560.716],
"SWRG0SSW":[-10,609.649,0,-10],
"SW0WGSRS":[-10,400.533,0,0],
"0RSSGW0S":[0,-10,74.6811,0],
"0WSGWW0W":[643.502,-10,-10,632.735],
"0W0WSWWW":[690.416,652.952,-10,-10],
"0GSS0WGW":[716.148,-10,645.54,743.046],
"0SWWSSSG":[36.0373,-10,-10,-10],
"0WGRSSSG":[202.376,63.1864,-10,-10],
"0WGS0RSS":[604.225,0,0,-10],
"0WWWGRSS":[431.727,-10,752.798,-10],
"SW0GSR0S":[-10,552.396,-10,24.2717],
"0RSG0WGW":[0,-10,0,358.312],
"GRSWSW0W":[699.987,-10,-10,492.255],
"0RSW0SGG":[288.795,-10,0,0],
"SSSW0WWW":[-10,-10,447.291,-10],
"0WGSSW0R":[107.557,104.874,-10,610.021],
"0RSS0WWW":[634.52,-10,518.531,-10],
"SS0G0WWW":[-10,725.38,649.248,-10],
"SR0WWWGG":[-10,169.028,-10,36.0868],
"SWSS0WGW":[-10,-10,646.213,758.828],
"SWSW0WSW":[-10,-10,661.065,-10],
"RW0WGW0W":[-1.9,19.1566,0,0],
"SRSGSW0W":[-10,-10,-10,290.871],
"SGSGSS0W":[-10,-10,-10,155.833],
"SSSRSWSS":[-10,-10,-10,-10],
"SWSSSSSR":[-10,-10,-10,-10],
"0WRSSW0W":[612.307,612.078,-10,651.528],
"0W0W0SSW":[690.669,639.531,639.094,-10],
"WW0WRSSW":[-10,620.82,596.223,-10],
"0SSGWWSW":[-1.976,-10,-10,-10],
"GWSGWW0R":[0,-10,-10,111.63],
"WW0WSGSG":[-10,372.137,-10,-10],
"SS0SGG0R":[-10,56.4691,439.053,0],
"0W0SSRGW":[153.27,215.286,-10,744.204],
"SW0WRWSS":[-10,661.504,618.555,-10],
"SG0WGRSS":[-10,55.8912,0,-10],
"RWSW0S0W":[682.476,-10,592.161,619.031],
"SSSRSSSW":[-10,-10,-10,-10],
"GR0W0SSS":[686.255,215.894,0,-10],
"0G0WSS0G":[743.597,619.611,-10,722.396],
"GGRWSW0S":[272.543,66.4461,-10,0],
"SWGW0G0W":[-10,747.008,667.995,599.251],
"SS0SGS0G":[-10,13.9943,675.378,192.902],
"WWSWSS0W":[-10,-10,-10,533.456],
"0W0WSS0R":[632.876,639.304,-10,660.743],
"RSSWGW0W":[574.44,-10,282.574,0],
"SS0WGG0W":[-10,647.964,852.321,649.556],
"RWSWGS0W":[103.945,-10,10,494.024],
"SSWWWW0W":[-10,-10,-10,654.374],
"SS0SRSGS":[-10,39.1602,0,0],
"0WRWSSSS":[626.052,566.974,-10,-10],
"WWSWGW0G":[-10,-10,736.777,339.045],
"0GSSSS0R":[710.013,-10,-10,514.32],
"0WSW0GWW":[614.843,-10,721.669,-10],
"SSSW0G0W":[-10,-10,731.107,652.686],
"0GSWSRWW":[310.983,-10,-10,-10],
"SWSWGWRG":[-10,-10,21.4794,0],
"WW0W0WSW":[-10,689.549,630.481,-10],
"0SGWSSSW":[161.527,619.215,-10,-10],
"SW0RGW0G":[-10,60.8973,15.0167,691.963],
"SW0WGRSS":[-10,421.742,694.041,-10],
"0G0WSG0W":[733.939,559.69,-10,545.828],
"0RSSSSGG":[0,-10,-10,299.95],
"WWWWSWSS":[-10,-10,-10,-10],
"SRSWWWGW":[-10,-10,-10,718.737],
"SW0W0SSS":[-10,660.423,558.424,-10],
"SGRWGWWW":[-10,11.8163,0,-10],
"SGSGWW0W":[-10,-10,-10,409.867],
"SW0SGWWW":[-10,630.646,736.305,-10],
"0WSSSW0G":[653.489,-10,-10,723.975],
"SG0WSRSS":[-10,110.268,-10,-10],
"SRSW0W0W":[-10,-10,614.356,673.08],
"SWSS0WSW":[-10,-10,659.73,-10],
"SW0W0RSS":[-10,611.176,645.052,-10],
"0SSSWWGG":[640.053,-10,-10,544.515],
"SGSS0S0S":[-10,-10,314.296,0],
"WWSW0SRW":[-10,-10,599.343,565.759],
"WWWWRSSW":[-10,-10,158.555,-10],
"0WSSSSRG":[121.915,-10,-10,682.766],
"RWSSGWWW":[196.995,-10,697.316,-10],
"SGWW0R0S":[-10,-10,347.06,638.782],
"WWGRSWWW":[-10,610.047,-10,-10],
"GGSW0R0W":[0,-10,32.432,523.942],
"0RSWSW0G":[621.522,-10,-10,710.21],
"SSGG0W0R":[-10,84.0155,609.915,45.5197],
"SW0WGWSW":[-10,648.781,780.092,-10],
"SWSSGR0S":[-10,-10,73.2577,209.703],
"GR0W0WSS":[717.857,617.914,613.194,-10],
"SG0W0RWW":[-10,641.585,455.099,-10],
"SWSR0GGW":[-10,-10,469.921,0],
"GRWW0W0W":[0,-10,2.36828,31.4455],
"GW0W0SSW":[770.268,648.857,527.067,-10],
"0S0RWWSS":[558.894,636.829,-10,-10],
"WWRWSW0W":[-10,646.338,-10,554.498],
"0WRGSSWW":[639.346,721.383,-10,-10],
"0WWWSGSR":[536.093,-10,-10,-10],
"SW0SWWSW":[-10,97.2942,-10,-10],
"0GSS0S0G":[689.025,-10,437.603,729.073],
"0G0W0RSS":[620.231,643.382,574.514,-10],
"0SWWSSSW":[28.8689,-10,-10,-10],
"WW0W0W0G":[-10,192.185,237.996,191.871],
"SSRGWW0W":[-10,710.019,-10,415.635],
"0GRWWW0W":[38.2452,0,-10,-0.05],
"0W0W0RSW":[643.131,660.521,647.758,-10],
"0SSWSSRS":[-1.04,-10,-10,230.064],
"RSSGSWGW":[62.5257,-10,-10,0],
"0WWWSGGR":[0,-10,-10,147.711],
"WW0GSWSW":[-10,726.124,-10,-10],
"SWSGRWWW":[-10,-10,570.675,-10],
"SG0GRW0S":[-10,132.12,0,0],
"SS0SSG0W":[-10,62.3242,-10,655.985],
"SSWW0G0R":[-10,-10,754.464,652.736],
"GGWWSW0S":[805.325,-10,-10,522.123],
"GW0WSW0G":[706.446,610.599,-10,713.559],
"0SSWWWRW":[639.088,-10,-10,571.805],
"SG0SWW0W":[-10,120.145,-10,654.505],
"SW0S0GSR":[-10,299.497,44.5597,-10],
"0WWW0RSW":[508.139,-10,626.652,-10],
"SS0W0W0G":[-10,649.049,667.083,738.895],
"SSWWGW0W":[-10,-10,772.831,653.199],
"SWGR0W0G":[-10,64.8468,51.3077,527.646],
"GRSSSW0W":[494.599,-10,-10,645.608],
"SWSW0G0R":[-10,-10,720.024,611.139],
"SRGW0WSG":[-10,0,32.0662,-10],
"GWSS0SSS":[555.968,-10,30.1896,-10],
"SS0W0GSS":[-10,645.82,732.726,-10],
"SWSG0GWW":[-10,-10,704.063,-10],
"GWSWSW0G":[744.293,-10,-10,425.027],
"0WWWSWSS":[539.943,-10,-10,-10],
"WWSW0SSR":[-10,-10,40.5665,-10],
"SS0WGWGS":[-10,56.5475,132.598,710.289],
"SS0W0G0R":[-10,645.828,727.062,656.186],
"SR0WWWSG":[-10,536.805,-10,-10],
"0GSGSW0W":[715.047,-10,-10,540.012],
"SSGW0R0W":[-10,762.624,484.384,502.963],
"SWSGSS0W":[-10,-10,-10,589.237],
"0GSSWW0W":[725.794,-10,-10,672.053],
"WWWWGSSW":[-10,-10,175.314,-10],
"0G0G0RSW":[434.242,727.251,191.02,-10],
"RGSSGWWW":[225.944,-10,0,-10],
"WWSSGWWW":[-10,-10,748.121,-10],
"0WSS0W0G":[661.466,-10,664.173,747.826],
"SG0W0W0S":[-10,616.39,632.278,598.381],
"GWSW0WWW":[751.421,-10,523.868,-10],
"SSSW0RSS":[-10,-10,540.856,-10],
"SGWWGWSS":[-10,-10,542.216,-10],
"SRSW0WSW":[-10,-10,645.836,-10],
"WW0RSWWW":[-10,636.515,-10,-10],
"GWSG0RWW":[251.291,-10,0.144911,-10],
"WWGW0W0R":[-10,0,0,-0.05],
"0WWWSW0G":[631.704,-10,-10,705.209],
"SW0SGG0W":[-10,518.917,811.865,488.374],
"SW0GWW0S":[-10,722.912,-10,111.418],
"0SSR0WSG":[-1.04,-10,250.563,-10],
"GWGWSWRW":[0,0,-10,167.885],
"0GWWWWSW":[686.738,-10,-10,-10],
"0WSSRS0W":[629.2,-10,577.849,651.045],
"SWSS0RSS":[-10,-10,518.193,-10],
"0S0SRGSS":[-1.04,201.412,73.9417,-10],
"0SGW0RSW":[267.464,754.945,452.525,-10],
"SWSWGS0W":[-10,-10,540.848,650.472],
"0WSWSS0G":[648.099,-10,-10,737.946],
"SR0WSWSS":[-10,643.366,-10,-10],
"SS0G0RWW":[-10,716.722,649.061,-10],
"0W0WGW0R":[0,43.0143,265.233,3.94039],
"0RSSWWWW":[599.551,-10,-10,-10],
"RW0SSW0W":[661.864,614.272,-10,590.955],
"0WGRWWSG":[312.091,0,-10,-10],
"SW0R0W0W":[-10,619.842,657.186,619.016],
"RSSW0W0G":[590.986,-10,657.256,637.053],
"GW0WWWSG":[165.85,444.468,-10,-10],
"RG0S0GSW":[30.2766,0,0,-10],
"0GGRSW0S":[428.301,0,-10,0],
"RWSG0S0W":[571.458,-10,101.619,123.401],
"WW0WSWGR":[-10,288.052,-10,690.764],
"SW0RGSSW":[-10,637.623,211.723,-10],
"RW0GSW0G":[260.206,32.6647,-10,0],
"WWSW0G0W":[-10,-10,722.315,643.727],
"SSSS0S0W":[-10,-10,511.92,637.207],
"RWGWGWSW":[146.951,0,0,-10],
"GWSWSW0W":[769.33,-10,-10,651.343],
"SWSWWW0R":[-10,-10,-10,643.871],
"SGSG0SSS":[-10,-10,39.165,-10],
"0RSGGWWW":[1.48096,-10,0,-10],
"0WWWSS0G":[652.525,-10,-10,721.13],
"SRSW0SSW":[-10,-10,339.209,-10],
"SW0G0GSW":[-10,723.552,688.438,-10],
"WWSWSRGW":[-10,-10,-10,650.836],
"0WSGWWRG":[0,-10,-10,15.0496],
"SS0W0WGW":[-10,641.75,647.558,775.642],
"SS0G0G0R":[-10,720.493,529.665,373.691],
"0G0RWWSW":[703.617,616.728,-10,-10],
"SG0GSWSW":[-10,346.248,-10,-10],
"0W0W0WSG":[639.243,639.373,659.464,-10],
"SWGWRWSG":[-10,0,206.129,-10],
"SW0G0SSS":[-10,710.941,460.971,-10],
"SG0WSWSS":[-10,643.897,-10,-10],
"SWWWSR0S":[-10,-10,-10,22.5196],
"GR0W0W0G":[0,0,0,-0.142643],
"SWRWSWSW":[-10,644.51,-10,-10],
"SWGSWWGW":[-10,17.119,-10,0],
"0W0GSS0W":[647.205,728.802,-10,645.153],
"0SRGWWSS":[293.07,707.492,-10,-10],
"GWWW0W0W":[270.836,-10,26.3868,47.811],
"0G0WWWSG":[707.961,486.263,-10,-10],
"SSGS0S0W":[-10,26.7167,63.1991,563.064],
"SSSG0G0R":[-10,-10,363.124,0],
"SWSWSSWW":[-10,-10,-10,-10],
"SWSWWWRW":[-10,-10,-10,638.824],
"SSSS0SSR":[-10,-10,241.626,-10],
"0S0SSS0G":[633.74,129.11,-10,371.925],
"0WSW0WWW":[600.402,-10,628.015,-10],
"SRSS0WSS":[-10,-10,410.221,-10],
"WWSWRSGS":[-10,-10,34.7913,0],
"SS0G0W0W":[-10,729.921,664.681,647.843],
"RWSWWWWW":[628.431,-10,-10,-10],
"RW0S0SSS":[510.564,152.26,0,-10],
"SWGW0WSR":[-10,764.849,438.348,-10],
"RSGWWWSG":[112.187,0,-10,-10],
"WW0WRWWW":[-10,-0.05,-1,-10],
"0W0GSR0W":[624.05,705.958,-10,629.412],
"SW0S0W0G":[-10,586.359,631.294,750.976],
"0WSSWW0G":[660.236,-10,-10,759.144],
"0GSS0R0W":[606.306,-10,522.821,662.11],
"GG0W0WSW":[826.881,568.168,547.203,-10],
"WW0RSWSG":[-10,270.152,-10,-10],
"RSGG0WSW":[96.8288,0,0,-10],
"0WSG0G0W":[589.233,-10,730.169,579.656],
"0GSSGW0R":[246.437,-10,0,0],
"WW0G0SSW":[-10,694.081,615.372,-10],
"0W0G0G0W":[68.9729,117.338,319.526,52.4521],
"SS0G0W0S":[-10,721.235,665.016,499.115],
"GR0G0SSW":[448.79,73.6472,0,-10],
"0GSW0WWW":[731.853,-10,522.801,-10],
"0SSSRWSS":[-0.05,-10,351.098,-10],
"SR0S0GWW":[-10,627.164,272.118,-10],
"RW0G0SSW":[650.458,548.881,397.312,-10],
"SSRGGW0W":[-10,269.811,744.217,270.656],
"0W0GSS0R":[651.24,624.228,-10,558.089],
"SW0SWWRG":[-10,0,-10,358.186],
"WWWWSG0W":[-10,-10,-10,608.921],
"GS0R0WSS":[689.368,0,0,-10],
"0WRSSSGS":[61.7556,0,-10,0],
"SG0WWW0S":[-10,602.351,-10,132.661],
"RWSSSG0W":[260.993,-10,-10,645.415],
"0WSSSWWW":[634.854,-10,-10,-10],
"SRWW0WSW":[-10,-10,587.789,-10],
"0GSG0S0S":[288.299,-10,7.43093,0],
"RSSG0GWW":[-1.19,-10,118.877,-10],
"SWSWSS0R":[-10,-10,-10,630.971],
"GWSSRSGS":[75.7969,-10,0,0],
"WWSWGSSS":[-10,-10,47.8813,-10],
"SRWW0GSG":[-10,-10,17.4646,-10],
"SSGS0WSR":[-10,115.921,0,-10],
"GW0W0WSW":[774.13,645.734,647.692,-10],
"SWSSSWSS":[-10,-10,-10,-10],
"SSGWGR0S":[-10,418.176,0,66.3321],
"RGGWSSSS":[132.934,0,-10,-10],
"GGSS0W0W":[828.192,-10,600.381,604.837],
"0SSRWWGW":[92.2281,-10,-10,502.009],
"SSGRGWWW":[-10,36.8783,595.308,-10],
"0SRGSWSS":[344.846,0,-10,-10],
"GWSSRW0W":[749.379,-10,447.065,484.114],
"SGGS0WSR":[-10,0,1.75708,-10],
"SGWWWWSS":[-10,-10,-10,-10],
"WW0WSWSR":[-10,538.346,-10,-10],
"0WSW0S0R":[666.617,-10,582.573,604.442],
"GSSSSW0S":[482.976,-10,-10,49.3045],
"SSSWWW0W":[-10,-10,-10,613.738],
"SWGS0W0R":[-10,160.159,582.875,64.1864],
"SGSRSW0W":[-10,-10,-10,507.763],
"SWRWGW0W":[-10,523.577,771.512,473.548],
"SGRWWWSG":[-10,55.0963,-10,-10],
"WWSWGWRW":[-10,-10,61.8811,487.44],
"SW0WRWGG":[-10,0,0,226.642],
"0GGWSRWW":[108.322,0,-10,-10],
"0WSR0W0G":[600.582,-10,607.888,745.375],
"SWSSSS0W":[-10,-10,-10,662.934],
"SWSGSW0R":[-10,-10,-10,475.752],
"SGSSSWGS":[-10,-10,-10,92.3613],
"SSSGSRSS":[-10,-10,-10,-10],
"0S0SSS0W":[557.279,316.372,-10,653.28],
"0S0GRSSW":[12.8851,0,0,-10],
"WW0GSW0R":[-10,662.596,-10,262.866],
"0WSW0S0W":[679.305,-10,650.786,642.726],
"SSSSWWGS":[-10,-10,-10,143.157],
"SWSSRGWW":[-10,-10,700.546,-10],
"GWGRSS0W":[725.776,72.4335,-10,76.4593],
"GS0WSWSS":[606.876,633.519,-10,-10],
"SSGWSRSW":[-10,42.7593,-10,-10],
"0GSRSSGS":[63.8468,-10,-10,0],
"WW0WSGSS":[-10,648.679,-10,-10],
"0S0WWWSW":[568.854,626.894,-10,-10],
"WW0S0SSW":[-10,274.728,405.954,-10],
"0WRWSSGS":[531.491,62.0032,-10,69.6486],
"0S0S0RSG":[115.11,476.358,73.1609,-10],
"0RSSWWGW":[653.567,-10,-10,783.032],
"WW0WSWSW":[-10,663.849,-10,-10],
"GWSWWWWW":[725.762,-10,-10,-10],
"WW0GSWWW":[-10,713.391,-10,-10],
"0WSWRS0G":[631.577,-10,540.388,736.425],
"0GSW0R0W":[621.735,-10,538.605,654.497],
"0WGWGRSS":[231.201,291.5,759.386,-10],
"0R0W0GSW":[524.437,640.915,570.029,-10],
"WWRW0GSS":[-10,617.892,725.022,-10],
"0WSR0S0W":[668.041,-10,637.138,586.791],
"GRGWSW0W":[73.0755,470.179,-10,57.9348],
"0G0WSGWW":[579.649,649.305,-10,-10],
"SWSGRS0W":[-10,-10,156.72,0],
"WWSSRS0S":[-10,-10,286.792,62.1939],
"SS0SRSWW":[-10,251.986,0,-10],
"0GSWSW0W":[667.466,-10,-10,644.742],
"SWSSGS0R":[-10,-10,476.062,69.1141],
"0WWWWWSW":[553.16,-10,-10,-10],
"SSSGGS0W":[-10,-10,513.116,0],
"0G0SGSSS":[135.625,0,0,-10],
"RGWW0WSW":[693.326,-10,353.382,-10],
"0S0SSR0W":[236.518,113.957,-10,683.764],
"GWGSRSSW":[72.969,0,0,-10],
"RWGWSWSS":[3.84207,699.016,-10,-10],
"SRSS0GWW":[-10,-10,699.796,-10],
"0S0W0WSG":[617.135,620.447,667.157,-10],
"SGSSSR0W":[-10,-10,-10,71.5429],
"WWWWSW0G":[-10,-10,-10,671.522],
"0SRW0GSW":[245.56,200.471,698.562,-10],
"0W0GSGSW":[635.988,591.032,-10,-10],
"SS0SWWGW":[-10,41.6578,-10,618.251],
"0RSW0WSS":[3.12931,-10,536.139,-10],
"0SSSSW0S":[421.14,-10,-10,324.77],
"SGSWRWWW":[-10,-10,329.596,-10],
"SS0G0WSR":[-10,716.603,318.573,-10],
"WWSW0WGG":[-10,-10,523.977,835.073],
"GWWWSG0W":[749.741,-10,-10,441.332],
"0SGSWWSW":[430.076,0,-10,-10],
"SSWWSSSG":[-10,-10,-10,-10],
"WWSS0W0G":[-10,-10,657.203,742.12],
"SWGWSGSR":[-10,73.0238,-10,-10],
"WWGG0W0W":[-10,0,1.65169,22.9978],
"SWSRSG0W":[-10,-10,-10,495.624],
"SG0SSW0R":[-10,-1.04,-10,546.478],
"0GSS0GWW":[690.086,-10,534.625,-10],
"SS0GGWSW":[-10,607.81,745.258,-10],
"GWWWSW0W":[769.167,-10,-10,643.887],
"SW0WGWGS":[-10,120.393,724.968,48.9331],
"SSSWSRGW":[-10,-10,-10,50.8118],
"0GWW0WSW":[689.841,-10,603.676,-10],
"SSSSWWSG":[-10,-10,-10,-10],
"SW0W0RSW":[-10,661.783,629.873,-10],
"0WSRSSWW":[664.984,-10,-10,-10],
"0WWWSR0G":[613.349,-10,-10,682.108],
"0GSWSW0R":[718.056,-10,-10,630.746],
"SW0WWWSS":[-10,660.359,-10,-10],
"GW0WSGSS":[717.439,182.408,-10,-10],
"GS0SSRSS":[92.9879,0,-10,-10],
"SSWW0WGG":[-10,-10,601.58,814.861],
"SWSW0WSR":[-10,-10,644.765,-10],
"WW0SSSRW":[-10,13.8569,-10,217.238],
"GWRSSS0G":[257.097,61.3746,-10,0],
"0GSRSWWW":[704.732,-10,-10,-10],
"0GSWWW0W":[696.741,-10,-10,656.646],
"SGSGSW0W":[-10,-10,-10,221.854],
"WW0WSS0G":[-10,532.853,-10,722.349],
"GWSS0R0W":[752.432,-10,517.431,630.905],
"0W0GSWRW":[649.625,578.972,-10,567.008],
"0W0G0GSR":[177.853,125.192,609.726,-10],
"0RGW0W0W":[20.2584,297.266,0,2.80096],
"WWSW0W0G":[-10,-10,652.405,744.547],
"0W0WSS0G":[646.779,631.502,-10,733.705],
"SSSWRSSG":[-10,-10,34.179,-10],
"0GSWSRGW":[70.0154,-10,-10,0],
"GWRWWWSW":[27.0127,453.738,-10,-10],
"SS0WWWWW":[-10,613.285,-10,-10],
"SSSR0GSS":[-10,-10,72.2632,-10],
"SS0GSS0S":[-10,653.675,-10,6.63628],
"0WWWSSGG":[480.432,-10,-10,823.317],
"RWSWGWWW":[173.631,-10,615.154,-10],
"0W0GGW0W":[30.4294,111.272,19.3736,11.5328],
"GSSSSWWW":[263.854,-10,-10,-10],
"SG0R0WWW":[-10,657.046,521.453,-10],
"GRSGSW0W":[119.824,-10,-10,0],
"SW0GSSSG":[-10,501.121,-10,-10],
"SRSW0GSW":[-10,-10,535.422,-10],
"0GSRWWGW":[61.3582,-10,-10,462.354],
"0SWW0WSW":[40.5546,-10,677.667,-10],
"0WSG0RGW":[24.8844,-10,293.987,98.6446],
"0SSW0G0W":[545.526,-10,740.026,638.168],
"WWSS0RWW":[-10,-10,631.889,-10],
"0WGRSGSS":[167.796,0,-10,-10],
"RGSWSW0W":[719.102,-10,-10,341.537],
"SR0WSW0S":[-10,645.54,-10,37.597],
"SG0R0G0W":[-10,52.7889,111.449,347.984],
"0WSS0SRW":[583.034,-10,400.528,507.532],
"WW0S0SSG":[-10,194.667,0,-10],
"SW0G0G0R":[-10,343.931,330.568,588.267],
"RG0WSWSW":[727.414,359.898,-10,-10],
"SSGW0W0W":[-10,771.493,640.95,643.259],
"SW0S0GWW":[-10,630.256,717.746,-10],
"SWSS0SGS":[-10,-10,523.73,257.036],
"SSWW0W0R":[-10,-10,651.868,664.974],
"0SSS0RSW":[62.0758,-10,619.453,-10],
"0WWWSS0W":[637.974,-10,-10,664.034],
"GWSWGWWW":[562.045,-10,110.419,-10],
"SGSWRW0W":[-10,-10,103.083,626.996],
"RWSWGS0G":[216.809,-10,0,0],
"GW0GSSSW":[752.623,483.924,-10,-10],
"SW0W0WSW":[-10,644.28,676.873,-10],
"0SSWRW0W":[560.251,-10,672.489,624.04],
"GS0G0RSS":[0,277.896,0,-10],
"WW0R0WSG":[-10,357.257,598.808,-10],
"0WGWSSWW":[665.291,779.714,-10,-10],
"SS0WRG0W":[-10,578.218,738.768,606.658],
"RS0W0GSS":[297.93,659.751,253.877,-10],
"GWGSSRWW":[73.7416,0,-10,-10],
"0RSS0SGS":[0,-10,-0.05,656.965],
"0GSWSWWW":[719.977,-10,-10,-10],
"SWWW0W0R":[-10,-10,682.993,633.746],
"WW0WGRSG":[-10,92.207,0,-10],
"0RSWSS0S":[634.729,-10,-10,436.589],
"GWWWSW0R":[762.169,-10,-10,520.075],
"GGSSRW0W":[424.348,-10,0,0],
"SWSS0RSW":[-10,-10,621.557,-10],
"0W0G0SSR":[226.734,722.354,91.7841,-10],
"GSWWSWRS":[36.0063,-10,-10,0],
"GWWWSSRW":[748.007,-10,-10,492.899],
"0RSWGWWW":[38.4101,-10,662.212,-10],
"SSSW0W0S":[-10,-10,642.121,587.548],
"SSSWRWGW":[-10,-10,627.158,244.406],
"GSSW0SSG":[9.01,-10,0,-10],
"0W0WSR0S":[608.306,657.372,-10,622.928],
"SWSR0WWW":[-10,-10,573.612,-10],
"SSGWRWSW":[-10,714.09,124.596,-10],
"0WGW0GSS":[637.245,732.626,716.869,-10],
"RGWWWW0W":[-1,-10,-10,0],
"RWWW0W0G":[-1.9,-10,0,0],
"RSSG0WSS":[-1.19,-10,63.4265,-10],
"0WSSRW0W":[677.286,-10,622.58,637.518],
"RW0W0WSS":[661.323,632.882,635.678,-10],
"RWWWSGSS":[270.54,-10,-10,-10],
"RW0W0GSG":[233.516,63.1154,0,-10],
"0SWWSWSR":[39.6416,-10,-10,-10],
"WWWWSG0S":[-10,-10,-10,103.386],
"0WSWWWGG":[470.922,-10,-10,843.348],
"0WSGGW0W":[391.805,-10,748.139,389.592],
"SSSR0G0G":[-10,-10,0,416.08],
"0WSSSSSG":[583.743,-10,-10,-10],
"GGSWSS0R":[210.349,-10,-10,61.4216],
"SR0SGWSS":[-10,159.03,0,-10],
"SWGW0W0R":[-10,773.148,573.312,448.821],
"0WSSGSGW":[0,-10,110.001,747.838],
"SWSRGWSS":[-10,-10,72.3382,-10],
"0SGGRWSS":[0,83.9542,291.073,-10],
"0RSGSW0S":[35.0357,-10,-10,374.107],
"0WSWSRWW":[619.451,-10,-10,-10],
"SGRG0W0W":[-10,0,5.37195,380.797],
"SW0SGS0W":[-10,374.582,595.28,652.96],
"SG0SSSSR":[-10,55.5401,-10,-10],
"GGWWSS0R":[508.665,-10,-10,651.451],
"RSSGWWSW":[25.5211,-10,-10,-10],
"GSSSGWWW":[24.3113,-10,0,-10],
"0GSW0WSW":[375.884,-10,64.0998,-10],
"SS0RWW0W":[-10,616.911,-10,574.291],
"SGGW0W0R":[-10,394.895,50.817,28.5813],
"SRSS0WGW":[-10,-10,650.964,332.137],
"SW0W0WGG":[-10,503.172,535.477,823.147],
"SRSS0SWW":[-10,-10,97.571,-10],
"SSSS0WSS":[-10,-10,569.475,-10],
"WWSW0R0G":[-10,-10,608.591,728.848],
"0WGRSG0W":[187.636,0,-10,56.5028],
"0G0R0WSW":[723.433,598.565,628.651,-10],
"0GSSSWSW":[629.393,-10,-10,-10],
"SG0SGW0W":[-10,539.814,112.64,117.862],
"0WGSSG0R":[53.1971,0,-10,0],
"SS0SWWSR":[-10,120.808,-10,-10],
"SW0R0WWW":[-10,640.713,659.338,-10],
"SSWW0SSG":[-10,-10,158.066,-10],
"0WSGRW0G":[204.618,-10,0,0],
"WWGWSWRW":[-10,489.96,-10,58.4684],
"0GWWSS0W":[744.764,-10,-10,649.184],
"SRSSWW0W":[-10,-10,-10,640.773],
"0WSG0SGW":[563.843,-10,71.7955,121.905],
"RSWWSWSW":[34.4852,-10,-10,-10],
"SS0S0G0G":[-10,581.236,707.278,743.415],
"SWSWGW0W":[-10,-10,770.756,645.248],
"0WWW0R0G":[27.5802,-10,17.4195,61.2557],
"0W0GWWSR":[647.058,519.077,-10,-10],
"WW0WSG0G":[-10,436.128,-10,727.693],
"GRSS0WWW":[743.907,-10,339.268,-10],
"GS0WGWSR":[74.042,0,0,-10],
"0W0RGG0W":[0.448654,0,15.0979,0],
"GW0WSWSG":[731.45,212.089,-10,-10],
"0WGGSW0W":[483.187,831.302,-10,576.148],
"SS0G0WSW":[-10,723.769,654.626,-10],
"SW0WSS0R":[-10,554.715,-10,29.2592],
"SSGR0WGW":[-10,32.1309,377.096,0],
"0RGGSW0W":[53.6885,197.047,-10,56.3528],
"0WRWSSGG":[568.419,0,-10,60.8409],
"RG0WSS0G":[644.764,94.5029,-10,110.705],
"GRWWSSGS":[74.9463,-10,-10,0],
"SSWWGW0S":[-10,-10,747.486,629.726],
"WWGRSSWW":[-10,718.235,-10,-10],
"0WSS0GWW":[561.817,-10,722.383,-10],
"0WRSSWGW":[626.606,167.52,-10,121.453],
"0SRS0WSG":[89.7735,0,0,-10],
"0S0WSSGR":[215.43,0,-10,0],
"WW0SSG0W":[-10,59.8195,-10,634.561],
"WW0GSS0W":[-10,739.928,-10,390.022],
"0W0GGRSW":[81.7154,654.131,150.382,-10],
"GW0WSW0S":[729.225,648.045,-10,609.883],
"0R0WSSWW":[634.204,664.31,-10,-10],
"0WSSRGWW":[444.195,-10,700.309,-10],
"WWSWRWGW":[-10,-10,517.835,351.118],
"GWSW0S0R":[158.095,-10,158.954,623.563],
"0G0W0GSS":[552.695,639.47,549.466,-10],
"GSSSRW0W":[477.275,-10,0,0],
"RW0GWWSW":[405.112,734.894,-10,-10],
"SSSG0GSW":[-10,-10,337.147,-10],
"0W0RSSSW":[657.483,621.16,-10,-10],
"SSRWWWGG":[-10,291.795,-10,0],
"RSSWSW0W":[360.004,-10,-10,652.199],
"SS0W0WWW":[-10,663.939,654.055,-10],
"SW0WGWRW":[-10,481.58,755.959,412.038],
"GS0WSWSW":[546.59,654.227,-10,-10],
"0RSW0S0G":[635.507,-10,569.458,719.681],
"GW0G0SSS":[764.979,560.784,381.243,-10],
"0WSGGRWW":[32.2619,-10,81.6295,-10],
"0WWWRWSW":[597.696,-10,533.709,-10],
"0WSWSSSW":[665.796,-10,-10,-10],
"SW0RGWSS":[-10,276.979,744.247,-10],
"SWSWSSGS":[-10,-10,-10,390.309],
"0S0SGRSW":[-0.05,401.789,0,-10],
"0WSWGWWW":[594.332,-10,721.87,-10],
"SSSS0G0G":[-10,-10,731.367,639.166],
"SW0W0GWW":[-10,651.872,737.872,-10],
"WW0WSW0R":[-10,530.741,-10,529.384],
"WWSW0SGS":[-10,-10,405.272,9.01],
"GS0SSSSS":[351.763,-1.04,-10,-10],
"SWWWRWGS":[-10,-10,0,460.066],
"0WWWSSSW":[601.762,-10,-10,-10],
"WW0G0WSW":[-10,763.01,652.833,-10],
"0WSWSR0S":[636.171,-10,-10,536.978],
"GW0W0GWW":[25.6947,36.5014,-0.05,-10],
"0SSRSG0G":[58.5079,-10,-10,0],
"0S0GWWSS":[632.35,705.63,-10,-10],
"0GWWSWSS":[691.708,-10,-10,-10],
"0GSS0RWW":[651.745,-10,398.149,-10],
"0WSSWWWW":[638.567,-10,-10,-10],
"0WGRSSSS":[362.15,737.597,-10,-10],
"SWGWGR0W":[-10,0,343.502,0],
"SG0S0WSR":[-10,111.378,0,-10],
"WWSS0W0R":[-10,-10,649.736,652.439],
"0WWW0GSW":[549.775,-10,692.003,-10],
"0GSSSSGW":[728.577,-10,-10,412.639],
"GW0RSS0G":[747.648,308.851,-10,399.063],
"SSSSSW0R":[-10,-10,-10,590.842],
"RSSS0WGG":[396.456,-10,0,0],
"0WSWRWWW":[568.758,-10,644.345,-10],
"WW0WSSSW":[-10,653.023,-10,-10],
"SWGRWWSW":[-10,473.542,-10,-10],
"RSSW0SSG":[0,-10,-1.04,-10],
"SW0G0GWW":[-10,687.405,734.961,-10],
"WWWW0RSS":[-10,-10,636.173,-10],
"SW0W0WRS":[-10,606.197,657.045,603.574],
"0GSWSW0G":[681.147,-10,-10,725.932],
"SWRWSSSW":[-10,613.058,-10,-10],
"GW0R0WSG":[0,29.916,11.1118,-10],
"WWRG0SSG":[-10,0,92.3815,-10],
"GSSSSSSS":[137.082,-10,-10,-10],
"GRWWSS0W":[762.809,-10,-10,590.575],
"SS0GWW0R":[-10,664.148,-10,311.526],
"SGSWGWSW":[-10,-10,294.384,-10],
"WW0RSS0W":[-10,646.172,-10,473.257],
"0GWWSRGW":[154.565,-10,-10,0],
"SGGW0W0W":[-10,751.326,358.825,381.878],
"SR0WGWGW":[-10,0,173.52,0],
"SGWWWWSW":[-10,-10,-10,-10],
"GRSW0WGW":[460.079,-10,55.6099,0],
"SS0R0GSS":[-10,410.249,722.966,-10],
"SWSR0GSS":[-10,-10,307.777,-10],
"0G0RGWSS":[0.330224,6.05528,529.335,-10],
"SW0WSRSG":[-10,369.908,-10,-10],
"0G0WSGSS":[720.498,402.478,-10,-10],
"0RSGSSSW":[470.927,-10,-10,-10],
"GW0W0G0W":[192.219,40.2111,0.694447,3.95772],
"SS0WGWSS":[-10,650.936,752.233,-10],
"WWSS0S0R":[-10,-10,588.143,648.538],
"SSSGSWSW":[-10,-10,-10,-10],
"SWGG0SRW":[-10,24.3492,0,0],
"SGSRWW0S":[-10,-10,-10,9.51427],
"0W0WSRWW":[666.949,644.794,-10,-10],
"GGSWSSSW":[153.998,-10,-10,-10],
"0W0RSG0G":[472.59,55.8614,-10,35.1531],
"GWWWGSSW":[67.6532,-10,0,-10],
"0SWWSRSW":[25.4127,-10,-10,-10],
"GS0WSW0S":[661.735,595.023,-10,372.317],
"0R0WSSSW":[609.684,575.227,-10,-10],
"0R0WWW0W":[199.549,240.063,-10,225.071],
"SGSSSRSW":[-10,-10,-10,-10],
"0R0W0GSS":[554.889,648.476,622.26,-10],
"SRSWWW0S":[-10,-10,-10,104.442],
"SGSWWWGW":[-10,-10,-10,539.005],
"GWSGSS0S":[73.2488,-10,-10,0],
"0WRWSGSW":[561.789,122.095,-10,-10],
"RWWWSSGG":[214.626,-10,-10,0],
"RS0WSWSW":[246.207,638.878,-10,-10],
"SW0W0G0R":[-10,645.658,737.867,631.586],
"SWSRSW0S":[-10,-10,-10,156.221],
"SG0WRSSW":[-10,130.246,0,-10],
"WWSGRSWW":[-10,-10,60.109,-10],
"WW0W0SSG":[-10,521.998,607.585,-10],
"SWSS0WGR":[-10,-10,156.543,706.199],
"0WWWSWGW":[617.632,-10,-10,759.384],
"RWSS0SWW":[388.715,-10,22.0635,-10],
"SS0SGSRW":[-10,0,537.601,63.786],
"0G0WSGSR":[233.375,0,-10,-10],
"SSSG0WWW":[-10,-10,573.961,-10],
"SSRG0GSW":[-10,0,479.102,-10],
"WWGW0SSW":[-10,757.611,610.304,-10],
"WW0G0SSR":[-10,734.495,466.17,-10],
"0RGSSSSS":[554.312,63.9133,-10,-10],
"WWRGSWSS":[-10,723.761,-10,-10],
"SW0W0GSS":[-10,653.729,728.341,-10],
"WWSWRS0W":[-10,-10,629.391,552.55],
"SWSG0S0R":[-10,-10,497.193,144.633],
"SSRSSS0W":[-10,223.628,-10,0],
"0GRW0GSS":[-0.05,35.7614,459.904,-10],
"WW0WSR0S":[-10,659.66,-10,101.744],
"SG0W0S0G":[-10,119.239,0,0],
"SG0R0W0G":[-10,459.532,139.427,72.6468],
"SWGGRS0S":[-10,82.9637,0,0],
"0W0R0W0G":[58.1326,11.1005,160.68,15.7846],
"WWSW0WGW":[-10,-10,646.204,756.942],
"SWRG0S0W":[-10,130.144,0,0],
"RS0SSG0W":[139.722,0,-10,0],
"0SGSGWSS":[309.87,0,0,-10],
"SWSS0WWW":[-10,-10,564.007,-10],
"GSGWSWRS":[66.4536,0,-10,0],
"GS0G0RSW":[0,309.653,0,-10],
"GW0RSWGW":[60.0788,0,-10,529.707],
"0WSS0WGG":[645.685,-10,650.178,850.257],
"SSSSGWWW":[-10,-10,639.069,-10],
"RSSSSGWW":[-2.261,-10,-10,-10],
"WWRG0WSW":[-10,750.771,464.246,-10],
"0SGRGWSS":[363.669,0,0,-10],
"SRSW0S0G":[-10,-10,314.859,0],
"RG0WSGSW":[58.2036,0,-10,-10],
"RSSSSG0W":[124.505,-10,-10,0],
"SWSGWW0R":[-10,-10,-10,572.927],
"0W0SSWWW":[610.503,642.261,-10,-10],
"SGSW0GSW":[-10,-10,239.756,-10],
"0WSS0RWW":[495.058,-10,642.403,-10],
"SG0W0W0W":[-10,642.869,645.925,658.209],
"SS0RSG0S":[-10,259.353,-10,-1.04],
"SWSSGWSS":[-10,-10,594.102,-10],
"SRSW0SGG":[-10,-10,65.3925,0],
"0WSWSSWW":[677.529,-10,-10,-10],
"WWSSSWRG":[-10,-10,-10,729.936],
"SS0G0W0G":[-10,582.95,649.928,566.046],
"0WWW0GSG":[526.528,-10,724.675,-10],
"0W0R0GSW":[587.038,615.757,709.659,-10],
"0WGWSS0S":[640.522,772.09,-10,488.926],
"0G0WSWWW":[746.031,651.627,-10,-10],
"WWRWSG0W":[-10,595.521,-10,338.261],
"SSWWGRSG":[-10,-10,156.208,-10],
"0WSG0W0W":[647.27,-10,656.128,641.44],
"0SSGSGSS":[-1.04,-10,-10,-10],
"0W0RSWSG":[650.064,532.911,-10,-10],
"RW0W0SSS":[610.179,645.038,508.981,-10],
"SWGW0W0W":[-10,775.909,636.906,648.242],
"RWGWSS0W":[211.919,754.008,-10,331.936],
"0RGW0GSW":[87.0909,692.998,0,-10],
"SR0W0WSW":[-10,633.02,661.053,-10],
"WWSGSW0G":[-10,-10,-10,648.434],
"GGSWSWSS":[201.274,-10,-10,-10],
"0WGW0RSW":[628.553,769.228,609.634,-10],
"SSSS0SSS":[-10,-10,337.493,-10],
"SW0GWWGW":[-10,372.777,-10,686.296],
"SW0WGRGS":[-10,296.233,0,0],
"WW0WGSSR":[-10,44.6777,344.606,-10],
"SSSW0SSW":[-10,-10,156.338,-10],
"SSSW0RSG":[-10,-10,288.652,-10],
"SSGRWWSS":[-10,636.967,-10,-10],
"0R0WSGWW":[467.661,646.779,-10,-10],
"RGSW0GWW":[0,-10,209.125,-10],
"0RGWSGSW":[58.1625,0,-10,-10],
"SGWWWW0S":[-10,-10,-10,59.7673],
"SSWWWWRS":[-10,-10,-10,298.37],
"SG0R0SSS":[-10,0,97.7206,-10],
"0G0SSSGR":[424.803,0,-10,0],
"0W0WWWSG":[651.459,639.935,-10,-10],
"0WWWWWSS":[618.731,-10,-10,-10],
"0WSS0S0S":[473.866,-10,297.766,607.104],
"0W0WSSGR":[596,589.078,-10,756.248],
"SW0SWWWW":[-10,132.697,-10,-10],
"0SSWSSGG":[97.8183,-10,-10,0],
"0RSWGS0W":[95.8939,-10,157.453,617.564],
"SR0S0S0W":[-10,126.521,135.336,654.49],
"0WSS0SWW":[533.513,-10,204.611,-10],
"SW0SWW0G":[-10,186.176,-10,744.607],
"WWSG0W0W":[-10,-10,649.211,634.807],
"0GRSSWGW":[0,423.382,-10,73.8654],
"WWSSSWGG":[-10,-10,-10,793.385],
"0WSSGRWW":[415.78,-10,737.336,-10],
"SWRGWW0W":[-10,710.367,-10,288.599],
"0WWWSWSR":[566.588,-10,-10,-10],
"SWWWSSRS":[-10,-10,-10,85.2864],
"0SWW0RSS":[19.4464,-10,648.96,-10],
"0SSW0RWW":[73.4402,-10,663.131,-10],
"0WSWRW0G":[623.543,-10,622.954,743.412],
"SSGWGW0W":[-10,748.075,728.403,629.269],
"0W0W0W0W":[226.146,241.593,225.662,226.174],
"SW0S0W0W":[-10,636.077,639.544,667.314],
"GSSRSS0G":[136.824,-10,-10,0],
"SWWWRG0G":[-10,-10,59.8288,453.792],
"SW0SRGGW":[-10,63.2705,0,0],
"0SRSSS0G":[316.994,0,-10,0],
"SSRS0W0S":[-10,299.156,0,0],
"SS0RWWGW":[-10,431.092,-10,704.335],
"SS0WWWSG":[-10,591.432,-10,-10],
"SRSWSS0G":[-10,-10,-10,92.745],
"0WSSGW0W":[621.902,-10,773.565,680.151],
"0R0WGGSS":[539.083,62.0727,62.9919,-10],
"SS0WGR0W":[-10,644.038,759.196,660.129],
"WWGG0SSW":[-10,836.471,405.923,-10],
"GWWW0SSW":[750.382,-10,23.4989,-10],
"SSGSGRWW":[-10,73.6445,0,-10],
"0WWWSRGS":[58.5085,-10,-10,273.005],
"WW0RSSSW":[-10,626.069,-10,-10],
"SS0SGRSW":[-10,218.799,0,-10],
"SG0G0WWW":[-10,708.388,516.334,-10],
"0WWWSRSW":[501.294,-10,-10,-10],
"WWRWSWSG":[-10,185.966,-10,-10],
"SS0SGS0W":[-10,338.259,584.366,648.125],
"SS0RSS0W":[-10,292.104,-10,-1.04],
"0W0W0GGW":[19.0624,24.4324,43.8267,198.033],
"RWSS0W0G":[643.006,-10,643.469,748.936],
"0WWWSR0W":[639.423,-10,-10,653.592],
"0SSS0W0W":[591.022,-10,595.894,629.353],
"SW0RGWSW":[-10,435.832,747.983,-10],
"GSSWSWWW":[122.605,-10,-10,-10],
"SW0GRW0G":[-10,39.3757,243.677,0.30043],
"RGWWSS0W":[361.191,-10,-10,647.172],
"SWGW0RSW":[-10,766.031,383.89,-10],
"0RGSSGSW":[66.2008,0,-10,-10],
"SWSSSSSG":[-10,-10,-10,-10],
"SW0S0RSS":[-10,554.675,293.87,-10],
"GWSWGS0S":[0,-10,66.7746,0],
"GW0WSR0W":[745.436,582.064,-10,591.512],
"SS0G0WSS":[-10,721.211,651.311,-10],
"GW0WRGSS":[57.2604,498.803,50.8668,-10],
"WW0WSRSW":[-10,627.193,-10,-10],
"SWSS0W0R":[-10,-10,611.653,678.412],
"SGSWSWRS":[-10,-10,-10,50.0188],
"WW0W0WGG":[-10,0,0,11.2949],
"GSRW0WSS":[26.0037,0,198.511,-10],
"0W0GSRSW":[622.844,716.211,-10,-10],
"SW0SWW0R":[-10,110.849,-10,665.656],
"0WRWSWGW":[297.688,361.193,-10,759.943],
"SSGWWWSW":[-10,688.058,-10,-10],
"0GGW0W0W":[25.4107,248.988,0,-0.00573906],
"SSGSSGSW":[-10,69.3604,-10,-10],
"RSWWSWSS":[79.9185,-10,-10,-10],
"0W0G0WSS":[663.811,742.338,664.027,-10],
"GWRW0WSW":[329.055,602.637,226.78,-10],
"0WGW0SSW":[663.138,754.978,628.637,-10],
"GW0WSWSW":[747.751,640.584,-10,-10],
"0G0WSWSW":[710.404,639.1,-10,-10],
"0R0W0SSS":[656.244,637.378,519.787,-10],
"SWWW0W0S":[-10,-10,560.191,637.7],
"SW0W0W0S":[-10,641.77,660.441,612.356],
"0WRGSW0W":[596.478,703.555,-10,609.798],
"RSSWGSSW":[35.6376,-10,0,-10],
"0WGSSRWW":[143.965,53.093,-10,-10],
"WWGGRWSS":[-10,445.004,0,-10],
"0G0WSW0S":[717.969,660.811,-10,608.577],
"0S0S0GSG":[121.686,0,0,-10],
"SWSSSG0W":[-10,-10,-10,643.276],
"SWWW0WGW":[-10,-10,636.46,764.462],
"SWGWSSGS":[-10,74.4844,-10,0],
"RWSSSS0W":[546.76,-10,-10,620.01],
"GRGWSWSW":[58.6576,0,-10,-10],
"GW0RSWWW":[774.861,521.285,-10,-10],
"WWWWSSRG":[-10,-10,-10,714.827],
"0RGWWWSG":[515.429,0,-10,-10],
"SSSSRG0G":[-10,-10,294.633,0],
"SSSRSW0W":[-10,-10,-10,591.031],
"SSWWGWSR":[-10,-10,703.08,-10],
"WWRSSG0W":[-10,101.728,-10,0],
"SSRS0SSW":[-10,1.90168,374.082,-10],
"SWGSWWWW":[-10,165.946,-10,-10],
"GG0W0WSS":[826.586,610.249,618.078,-10],
"RWSSSSWW":[631.971,-10,-10,-10],
"0WWWSW0W":[637.377,-10,-10,673.253],
"GWSWSS0W":[758.854,-10,-10,641.373],
"SWWWGW0R":[-10,-10,784.559,637.42],
"0S0SSSSR":[59.2681,341.888,-10,-10],
"WW0GSWSS":[-10,725.629,-10,-10],
"GG0SSWRW":[0,0,-10,343.757],
"0GGWWWSR":[57.3012,637.301,-10,-10],
"SSSS0SRW":[-10,-10,445.286,9.62635],
"SWGSSRSW":[-10,68.5609,-10,-10],
"SSSWSW0R":[-10,-10,-10,653.241],
"SSWWRWGW":[-10,-10,248.923,715.402],
"RWWWSSGW":[42.8845,-10,-10,637.409],
"0R0WSG0W":[528.269,599.515,-10,666.1],
"WWWWSSGR":[-10,-10,-10,714.214],
"SWSGWWWW":[-10,-10,-10,-10],
"SGWW0WSG":[-10,-10,505.461,-10],
"0WGGSW0R":[19.574,446.919,-10,62.0644],
"SSSW0RSW":[-10,-10,600.448,-10],
"SW0SRWSS":[-10,494.575,148.296,-10],
"SGWW0W0W":[-10,-10,647.687,655.461],
"SWWWGWSS":[-10,-10,718.873,-10],
"SS0SSW0R":[-10,44.2016,-10,581.575],
"RW0WSWWW":[606.262,655.382,-10,-10],
"SWSRGW0G":[-10,-10,223.031,0],
"0WSW0S0G":[658.391,-10,602.924,737.037],
"WWWWGSSS":[-10,-10,346.657,-10],
"SS0SGW0G":[-10,584.064,444.088,377.028],
"SR0WGGSW":[-10,47.5762,143.579,-10],
"SSGWWWWW":[-10,738.916,-10,-10],
"WWSG0WRW":[-10,-10,89.8707,571.981],
"0RGWSGWW":[24.2512,0,-10,-10],
"SSSRSSSS":[-10,-10,-10,-10],
"SSSWRW0W":[-10,-10,658.385,623.063],
"0GWW0RSG":[7.85977,-10,165.55,-10],
"0RGG0WSS":[386.358,843.821,302.642,-10],
"SW0WSW0G":[-10,553.83,-10,7.02564],
"GW0WSS0W":[758.438,662.222,-10,663.266],
"SWWWGG0W":[-10,-10,852.118,512.832],
"WW0GRWSS":[-10,756.742,594.653,-10],
"0W0RSGGW":[41.9357,-0.04179,-10,275.48],
"0W0G0SSG":[157.292,688.798,245.209,-10],
"WWSWGW0W":[-10,-10,775.379,616.959],
"GWSWSSWW":[760.406,-10,-10,-10],
"RS0GWWSS":[629.638,350.916,-10,-10],
"GGSR0WWW":[394.638,-10,0,-10],
"0SSRGW0W":[26.3654,-10,747.272,74.0561],
"SWGS0W0W":[-10,581.786,650.793,595.328],
"SS0WGWSW":[-10,638.362,751.257,-10],
"GGSW0SSS":[218.528,-10,-1.04,-10],
"0GRWSS0S":[589.721,623.277,-10,411.539],
"0SSW0WRW":[598.505,-10,672.788,596.013],
"SW0RWWWW":[-10,600.027,-10,-10],
"0S0GRWSS":[445.249,529.127,665.636,-10],
"SS0SSWWW":[-10,93.7988,-10,-10],
"SWRG0SSS":[-10,375.984,55.7839,-10],
"SW0WGR0W":[-10,632.453,771.613,616.735],
"SSSRGG0W":[-10,-10,0,321.533],
"SS0WWWSR":[-10,574.272,-10,-10],
"SWSSWWSG":[-10,-10,-10,-10],
"0GSWRGWW":[100.141,-10,0,-10],
"GWWWSW0S":[654.159,-10,-10,600.869],
"0G0RWWSG":[451.141,-0.05,-10,-10],
"GR0GSSSS":[0,229.506,-10,-10],
"0WSRGWWW":[474.021,-10,686.999,-10],
"GR0SSS0W":[746.966,402.254,-10,443.402],
"0RSWSW0W":[647.327,-10,-10,656.864],
"SWWWRGSS":[-10,-10,669.44,-10],
"SWSG0SWW":[-10,-10,54.9857,-10],
"RW0WSWSS":[618.376,663.128,-10,-10],
"SSRWGW0W":[-10,644.637,757.916,634.177],
"SSSGWWGW":[-10,-10,-10,288.874],
"SWSSSWSR":[-10,-10,-10,-10],
"GW0WSS0G":[757.687,633.25,-10,714.947],
"SSSS0G0R":[-10,-10,523.933,657.045],
"WWWW0WRG":[-10,-10,0,-1],
"SW0WWW0S":[-10,661.513,-10,57.2075],
"SWSGRW0W":[-10,-10,336.543,587.088],
"SWGWRSSW":[-10,0,0.450532,-10],
"0R0WGWSG":[279.189,39.6939,0,-10],
"0RGWGWSS":[342.954,721.728,289.646,-10],
"GSGRSS0S":[69.5585,0,-10,0],
"SR0SGW0W":[-10,34.0818,714.499,0],
"0W0GSW0G":[630.474,564.738,-10,590.502],
"GS0W0WSW":[618.775,629.088,598.096,-10],
"RWGW0SSS":[661.04,249.449,260.174,-10],
"RG0S0WSS":[78.7087,0,0,-10],
"RG0W0WWW":[-1,0.971961,0,-10],
"SRWW0WSS":[-10,-10,606.84,-10],
"0WSG0W0R":[654.73,-10,573.294,558.11],
"SRGW0W0G":[-10,587.058,11.5554,0],
"GW0R0GSS":[64.2402,0,369.422,-10],
"SS0R0WGW":[-10,529.256,600.752,753.71],
"SG0WRSSS":[-10,0,112.496,-10],
"0G0W0RSW":[611.153,649.704,566.713,-10],
"SWGWWWGS":[-10,40.0081,-10,0],
"SRWWWW0G":[-10,-10,-10,723.764],
"SSSS0WGR":[-10,-10,642.571,34.4934],
"GWGR0SSS":[514.558,0,0,-10],
"0WSW0GRG":[19.9257,-10,351.218,0],
"0R0GSS0G":[559.261,70.9502,-10,102.987],
"SG0WGW0S":[-10,73.6504,586.309,171.06],
"0GSGWW0W":[707.54,-10,-10,532.211],
"0W0G0WSG":[575.722,735.959,549.134,-10],
"SSGR0W0G":[-10,145.699,0,525.416],
"SWGWGR0S":[-10,0,0,279.832],
"SGSWGWWW":[-10,-10,448.439,-10],
"0WRWGWSS":[306.483,262.877,743.152,-10],
"WWWW0W0R":[-10,-10,102.575,10.4012],
"SG0W0SGS":[-10,193.462,0,0],
"RG0GSWWW":[129.438,318.194,-10,-10],
"SR0W0G0S":[-10,650.406,461.797,283.238],
"SSSW0W0W":[-10,-10,675.447,610.404],
"RSSWSWSW":[291.571,-10,-10,-10],
"0W0R0WSG":[654.089,507.638,537.523,-10],
"SRGS0GSW":[-10,65.9117,0,-10],
"0RGWSS0W":[474.934,778.473,-10,487.44],
"WW0SSSGG":[-10,14.0671,-10,322.527],
"0WGWWWSR":[436.4,746.485,-10,-10],
"GWSW0RWW":[717.307,-10,176.071,-10],
"0WSRWW0W":[636.101,-10,-10,675.781],
"SGSR0S0S":[-10,-10,56.0006,0],
"SWSWWWWW":[-10,-10,-10,-10],
"GG0WWWSW":[791.549,433.621,-10,-10],
"WW0G0WSG":[-10,443.882,618.562,-10],
"GWSSWWRG":[135.653,-10,-10,0],
"0WSWSWGG":[450.783,-10,-10,812.849],
"SW0SWW0W":[-10,118.713,-10,679.446],
"GWSSWWGW":[600.301,-10,-10,752.063],
"0WWW0RGW":[0,-10,0,16.0919],
"SWSWSSGR":[-10,-10,-10,164.298],
"0GSS0W0G":[723.201,-10,645.571,745.472],
"0WWWSSGW":[647.838,-10,-10,775.038],
"SWSW0W0S":[-10,-10,653.879,586.863],
"0RSG0W0W":[613.366,-10,660.608,587.876],
"SSSG0GSS":[-10,-10,180.345,-10],
"SWSG0WGW":[-10,-10,376.41,739.8],
"SSSGSWRW":[-10,-10,-10,306.543],
"SS0W0RSW":[-10,608.189,608.193,-10],
"0WGGSWSS":[365.402,803.004,-10,-10],
"0G0RSWSG":[416.226,10.0463,-10,-10],
"0SWW0GSG":[23.9588,-10,224.302,-10],
"GS0WWWSS":[719.462,581.642,-10,-10],
"RWGW0WWW":[0,26.1832,0,-10],
"0S0WSWSS":[561.082,630.837,-10,-10],
"WWRGSWWW":[-10,591.844,-10,-10],
"SWWW0WRS":[-10,-10,636.662,594.108],
"GWSGSWWW":[564.751,-10,-10,-10],
"WWSSSGRG":[-10,-10,-10,309.508],
"0WRSSSSW":[646.128,116.574,-10,-10],
"0WSSSSSW":[659.944,-10,-10,-10],
"WWSS0GRG":[-10,-10,540.503,28.4199],
"0SGSSW0S":[197.571,0,-10,0],
"SWSWSWSW":[-10,-10,-10,-10],
"SGGWWW0W":[-10,682.837,-10,198.519],
"SGWW0G0S":[-10,-10,157.713,596.883],
"SSSW0GSW":[-10,-10,681.448,-10],
"WW0S0SSR":[-10,-1.04,64.7888,-10],
"SWSSWW0W":[-10,-10,-10,655.181],
"0WSWRGGW":[547.289,-10,44.8964,135.807],
"0GSS0SGR":[593.661,-10,57.4987,15.7463],
"SS0S0RWW":[-10,612.614,607.802,-10],
"WW0SSS0S":[-10,159.336,-10,17.2004],
"0RGWSWSW":[441.15,759.635,-10,-10],
"WW0W0SSS":[-10,660.12,622.119,-10],
"SW0W0GSG":[-10,571.369,703.046,-10],
"RGGW0WSW":[509.794,0,49.0485,-10],
"0W0SSGSG":[0,78.0704,-10,-10],
"SSSWGS0S":[-10,-10,424.732,-1.04],
"GWSSRS0G":[503.461,-10,0,0],
"0W0GSS0S":[657.919,721.245,-10,466.408],
"SGSWWW0W":[-10,-10,-10,618.643],
"SS0WWW0S":[-10,384.94,-10,221.934],
"WWGGSWSW":[-10,658.751,-10,-10],
"0WSGWWRW":[250.294,-10,-10,564.043],
"SS0WRSSW":[-10,482.955,0,-10],
"0G0WSSGW":[730.797,640.493,-10,759.514],
"0WSWWWRG":[334.828,-10,-10,737.727],
"0G0W0W0W":[412.312,246.265,262.107,252.756],
"GW0W0GSW":[741.25,525.284,536.006,-10],
"GSSWSSSR":[33.2569,-10,-10,-10],
"0S0WSRSS":[275.485,609.158,-10,-10],
"0W0GSR0G":[86.0661,652.681,-10,215.226],
"SGSW0R0S":[-10,-10,541.444,0],
"0R0WSWSW":[649.519,635.388,-10,-10],
"GW0WSG0W":[738.647,549.946,-10,492.709],
"SS0GRWGW":[-10,0,0,235.203],
"SS0GGRSW":[-10,441.358,0,-10],
"0S0WSSSS":[558.423,456.29,-10,-10],
"RGSWSS0G":[439.968,-10,-10,0],
"0W0G0G0R":[-0.0439683,1.70575,-0.05,2.08837],
"0WSR0G0W":[604,-10,725.404,606.858],
"GW0WRWSW":[769.541,335.929,412.612,-10],
"SGSS0WWW":[-10,-10,571.919,-10],
"0SRSSS0W":[627.069,33.0709,-10,-0.05],
"SW0SSSSW":[-10,455.313,-10,-10],
"SWSG0GRW":[-10,-10,475.501,59.5871],
"0RWW0G0W":[6.65183,-10,4.65761,113.623],
"SSGR0GSS":[-10,298.216,0,-10],
"RG0W0GSW":[0,481.436,0,-10],
"0W0SSWGG":[148.55,354.303,-10,837.278],
"WW0WSR0G":[-10,505.145,-10,708.146],
"0WSS0W0W":[645.168,-10,666.595,650.776],
"SW0GWWWW":[-10,695.158,-10,-10],
"0SSW0GGR":[327.29,-10,70.562,45.2946],
"0G0GSS0R":[735.437,640.862,-10,362.763],
"SWSS0WRW":[-10,-10,622.856,665.405],
"0W0RSWGG":[3.5456,2.97681,-10,533.155],
"SSSSSGGS":[-10,-10,-10,32.6221],
"GWSR0WWW":[467.59,-10,555.732,-10],
"0WSSRWGG":[325.6,-10,33.9569,831.767],
"WWRW0WSG":[-10,165.376,504.964,-10],
"SWWW0G0S":[-10,-10,750.589,623.999],
"WWSW0GRW":[-10,-10,493.913,657.193],
"0WSGSS0G":[642.123,-10,-10,355.138],
"SW0S0WGW":[-10,571.119,631.402,787.494],
"WW0W0SSR":[-10,665.394,574.557,-10],
"SGSWSW0G":[-10,-10,-10,533.043],
"RWSWSW0W":[659.305,-10,-10,627.336],
"SSSGWW0W":[-10,-10,-10,545.892],
"WWGWGWSS":[-10,547.145,763.261,-10],
"GWSW0W0W":[772.423,-10,646.218,644.535],
"0GSSSSGR":[0,-10,-10,313.206],
"GWRWSWGW":[0,0,-10,114.332],
"SGGW0WSR":[-10,73.21,0,-10],
"0G0GSSWW":[707.206,720.801,-10,-10],
"SW0G0RSS":[-10,703.855,557.578,-10],
"0SRS0GSW":[253.202,62.2545,0,-10],
"0SSRGW0G":[62.6425,-10,0,0],
"0G0RSWWW":[739.505,641.347,-10,-10],
"0S0WSS0S":[538.534,611.447,-10,407.575],
"SW0S0SGW":[-10,108.601,206.954,744.61],
"0WSWGS0W":[618.135,-10,703.32,613.855],
"WWWWSW0W":[-10,-10,-10,553.487],
"SWGSRS0W":[-10,44.3282,0,0],
"SW0S0WGR":[-10,225.848,283.323,755.954],
"SW0SGW0W":[-10,629,755.911,645.537],
"RSSWWWGW":[0,-10,-10,612.042],
"WW0G0SSS":[-10,740.819,649.201,-10],
"0WSWSRSG":[383.393,-10,-10,-10],
"SSSW0W0R":[-10,-10,664.867,629.649],
"GWSWWW0W":[756.29,-10,-10,623.021],
"GWWWSRSW":[214.598,-10,-10,-10],
"GGSWSWWW":[757.022,-10,-10,-10],
"SGSG0W0R":[-10,-10,92.9694,0],
"0S0RSW0G":[325.648,-0.05,-10,0],
"0WSWSWSR":[640.942,-10,-10,-10],
"SS0R0WSS":[-10,598.823,638.378,-10],
"0WGGSR0W":[115.467,56.7664,-10,480.629],
"0W0WGG0W":[197.575,27.1095,52.1966,62.509],
"0W0WSSSW":[650.47,619.827,-10,-10],
"SW0S0W0R":[-10,578.365,606.665,677.487],
"0G0WRSSS":[696.922,120.817,177.545,-10],
"WW0RSGWW":[-10,579.855,-10,-10],
"SRSW0WGW":[-10,-10,362.618,751.661],
"WWSSGG0W":[-10,-10,811.073,571.488],
"SRSW0GWW":[-10,-10,570.119,-10],
"SR0W0WSS":[-10,649.634,599.452,-10],
"SGSW0W0R":[-10,-10,454.671,624.09],
"SGSRWWSS":[-10,-10,-10,-10],
"0GGSSWSW":[671.053,73.758,-10,-10],
"SWSS0GRW":[-10,-10,507.089,650.778],
"0W0RSWGS":[115.34,73.6169,-10,539.675],
"0W0G0GWW":[57.7435,76.383,11.6732,-10],
"GWSRWW0W":[683.461,-10,-10,253.588],
"RWGGWWSS":[512.135,0,-10,-10],
"0GRWWWSG":[414.156,0,-10,-10],
"SGGSWWSS":[-10,29.4742,-10,-10],
"0WWWRW0W":[19.6308,-10,-1,37.4495],
"0SSR0GSW":[15.9879,-10,473.519,-10],
"SSSG0S0G":[-10,-10,162.964,0],
"SW0WSRSW":[-10,641.223,-10,-10],
"WWSGSRWW":[-10,-10,-10,-10],
"0SSSRSSS":[41.2671,-10,0,-10],
"0GGSSSSW":[516.315,0,-10,-10],
"WWWW0R0W":[-10,-10,12.3312,87.6732],
"SSSWSRSS":[-10,-10,-10,-10],
"SRGW0WSS":[-10,746.166,340.482,-10],
"WWSW0RGS":[-10,-10,110.345,0],
"GSSSGW0W":[9.01,-10,524.187,109.495],
"GRGWSS0S":[374.318,0,-10,0],
"0W0R0GSG":[34.5982,311.885,81.3832,-10],
"0WGWSSSS":[627.602,740.67,-10,-10],
"0GSG0S0R":[54.4626,-10,0,53.3023],
"0WGRSSWW":[573.264,741.969,-10,-10],
"SSSWRWSG":[-10,-10,165.826,-10],
"0W0RGWSW":[452.135,428.433,753.116,-10],
"GW0WGWSR":[174.618,0,0,-10],
"SRSSSS0G":[-10,-10,-10,67.5764],
"WWSGSSWW":[-10,-10,-10,-10],
"SG0SSRSS":[-10,-1.04,-10,-10],
"SSGR0WWW":[-10,757.479,521.899,-10],
"0WSRSG0G":[6.03382,-10,-10,95.3209],
"WWSSSWSR":[-10,-10,-10,-10],
"GGRWWWSW":[200.363,0,-10,-10],
"SWSW0R0G":[-10,-10,590.458,721.574],
"WWWWSGSG":[-10,-10,-10,-10],
"SG0RWWSW":[-10,613.953,-10,-10],
"WWSWSRSW":[-10,-10,-10,-10],
"0SSSGG0R":[65.6801,-10,0,0],
"WW0SSSWW":[-10,173.169,-10,-10],
"SSSSRG0S":[-10,-10,0,221.491],
"0GGW0WSW":[652.887,771.273,591.447,-10],
"SR0WGWWW":[-10,430.073,751.455,-10],
"0W0SSR0G":[402.664,209.174,-10,726.789],
"WWRWSGSW":[-10,503.604,-10,-10],
"RWGGSSSW":[60.0521,0,-10,-10],
"SWGRWWWW":[-10,590.132,-10,-10],
"WWWW0WSR":[-10,-10,626.523,-10],
"SR0SWWGW":[-10,9.569,-10,382.457],
"0RSWWW0W":[657.519,-10,-10,626.633],
"0G0W0W0R":[209.965,166.33,92.3454,117.197],
"WWWWSWSR":[-10,-10,-10,-10],
"SWSS0WRG":[-10,-10,363.818,725.895],
"SS0GWWGR":[-10,191.199,-10,71.0491],
"SWRGGW0W":[-10,0,0,467.909],
"SW0GGR0S":[-10,413.599,0,62.1709],
"GRSS0GWW":[428.967,-10,18.0498,-10],
"GWWWRGSS":[78.5135,-10,309.891,-10],
"WWGW0RSW":[-10,720.595,544.306,-10],
"0WGSSW0G":[623.228,167.298,-10,131.504],
"SS0GWWSW":[-10,713.503,-10,-10],
"0S0SSG0G":[0,135.1,-10,0],
"0GGWSR0W":[358.221,16.2647,-10,42.7986],
"0WSW0SGR":[493.895,-10,622.113,511.374],
"GGSSRWWW":[279.057,-10,0,-10],
"WWSSSSGS":[-10,-10,-10,74.763],
"SGSWSSSS":[-10,-10,-10,-10],
"0SRGSSSW":[100.686,0,-10,-10],
"0WSWGSWW":[566.578,-10,109.078,-10],
"0W0WWW0R":[187.146,41.1074,-10,9.60066],
"WWSG0SWW":[-10,-10,99.3556,-10],
"GWGWSWSR":[291.036,0,-10,-10],
"SW0GWWSG":[-10,676.267,-10,-10],
"WW0W0GRW":[-10,7.63533,32.6288,-2.71],
"RGSSSW0G":[359.064,-10,-10,134.971],
"SW0SGS0S":[-10,386.265,53.197,0],
"0G0SSSRG":[704.586,33.6663,-10,70.7741],
"WWSWSWSS":[-10,-10,-10,-10],
"SG0SSGSW":[-10,59.2171,-10,-10],
"SGSGWWSS":[-10,-10,-10,-10],
"0W0W0GWW":[196.921,234.99,202.659,-10],
"0W0G0SSW":[662.121,729.536,623.169,-10],
"0S0GRGSS":[-1.04,680.386,0,-10],
"0W0GSSRW":[643.376,622.744,-10,599.162],
"SWSGWW0S":[-10,-10,-10,78.8161],
"SWSWSWSS":[-10,-10,-10,-10],
"WWSWSRSG":[-10,-10,-10,-10],
"0G0WGRSW":[48.4414,19.0115,491.614,-10],
"SSSWSGRW":[-10,-10,-10,141.683],
"0WGRSWGS":[43.5386,0,-10,0],
"0WSGSSGW":[206.255,-10,-10,703.447],
"WWSRSWSW":[-10,-10,-10,-10],
"SG0GWW0W":[-10,701.204,-10,440.764],
"WW0R0GSS":[-10,653.044,717.103,-10],
"SWSS0SSW":[-10,-10,314.413,-10],
"SWGG0WSW":[-10,807.927,367.805,-10],
"SWRG0GWW":[-10,72.8745,565.896,-10],
"0W0GGWSW":[608.025,699.673,765.909,-10],
"WWSSRGWW":[-10,-10,707.424,-10],
"GG0W0WSR":[0,509.567,56.9927,-10],
"0G0SSWSW":[708.851,560.183,-10,-10],
"0GWWSSSS":[692.955,-10,-10,-10],
"SS0RSSSW":[-10,531.253,-10,-10],
"0GWW0RSS":[417.157,-10,565.73,-10],
"0R0G0WSS":[663.611,737.437,657.389,-10],
"0WSWSG0G":[632.67,-10,-10,590.28],
"0GWWSS0R":[739.193,-10,-10,649.087],
"RWGG0WSS":[118.81,833.885,170.884,-10],
"0G0R0SSW":[732.358,452.93,414.718,-10],
"SGGW0WSW":[-10,709.61,167.723,-10],
"0WSWSWRW":[663.748,-10,-10,628.939],
"0WWW0SSG":[640.466,-10,87.8248,-10],
"0GSSSWWW":[743.768,-10,-10,-10],
"GSSSSWSS":[201.598,-10,-10,-10],
"SS0WRGSS":[-10,595.585,217.664,-10],
"0SWWRWSS":[9.99314,-10,188.699,-10],
"SGSR0W0G":[-10,-10,107.86,0],
"SWSSSW0W":[-10,-10,-10,655.184],
"RSSSWWGG":[297.083,-10,-10,0],
"SW0RSSSW":[-10,616.749,-10,-10],
"SG0SWWSW":[-10,86.3146,-10,-10],
"SWSS0R0G":[-10,-10,604.02,713.078],
"WWRWSWGW":[-10,414.619,-10,133.479],
"SGWW0W0S":[-10,-10,519.497,629.067],
"GW0GWWSW":[742.94,272.846,-10,-10],
"0S0RSS0G":[176.66,10.6464,-10,0],
"0SSWWWRG":[434.923,-10,-10,722.538],
"0W0WSGSW":[614.638,630.986,-10,-10],
"0GSSSGWW":[717.78,-10,-10,-10],
"SS0R0G0S":[-10,651.973,724.789,437.221],
"SWSWRGWW":[-10,-10,577.025,-10],
"SGGW0WWW":[-10,405.532,143.089,-10],
"0W0W0GSG":[573.164,546.441,727.297,-10],
"GWWWGWSS":[692.251,-10,235.504,-10],
"0GWWGSSS":[103.692,-10,0,-10],
"WW0SGRSW":[-10,-0.05,0,-10],
"RWSWWWGW":[162.969,-10,-10,669.174],
"WWSWSS0G":[-10,-10,-10,695.429],
"0GSRGW0W":[320.02,-10,0,0],
"0R0W0SSW":[601.555,647.067,523.3,-10],
"WWRWSSGG":[-10,11.8802,-10,258.061],
"SSWWWWSG":[-10,-10,-10,-10],
"SG0S0RSS":[-10,232.9,0,-10],
"RS0SSSSW":[-1.19,325.622,-10,-10],
"SWSWSSGG":[-10,-10,-10,131.828],
"SSSR0S0S":[-10,-10,287.581,52.7606],
"RG0WSSSG":[250.848,0,-10,-10],
"SWSW0S0W":[-10,-10,544.305,654.124],
"WW0GSSSW":[-10,749.556,-10,-10],
"GSWWSWSW":[122.245,-10,-10,-10],
"0GRW0WSW":[719.184,441.639,505.842,-10],
"SSGW0RWW":[-10,739.171,236.375,-10],
"SSSWSSRG":[-10,-10,-10,68.5308],
"GRSW0WWW":[706.602,-10,378.717,-10],
"GW0W0RSW":[761.922,563.387,429.869,-10],
"0GRGSW0W":[162.191,667.125,-10,39.2615],
"WWSS0RGW":[-10,-10,650.502,764.108],
"0S0SSW0W":[597.624,400.606,-10,645.768],
"SSSS0SRS":[-10,-10,275.597,0],
"SSGWRW0S":[-10,104.904,61.7811,288.787],
"0S0SSGSS":[451.165,23.6828,-10,-10],
"0G0SSWWW":[737.776,584.458,-10,-10],
"WW0G0G0W":[-10,36.599,11.3464,15.478],
"SS0RWWSS":[-10,615.068,-10,-10],
"GWRGSW0S":[134.889,0,-10,0],
"SGSWWWSR":[-10,-10,-10,-10],
"0WGW0WSR":[589.668,748.054,600.659,-10],
"0WWW0WSG":[591.935,-10,556.372,-10],
"0W0SSGGW":[73.626,101.476,-10,626.669],
"0GWWSWRW":[733.076,-10,-10,391.051],
"RWSSSWGW":[605.556,-10,-10,25.1922],
"GWSWSRSW":[274.253,-10,-10,-10],
"GWSWRSWW":[204.982,-10,-1.19,-10],
"WWWWSS0R":[-10,-10,-10,579.923],
"WW0RSSWW":[-10,627.919,-10,-10],
"0RSS0G0W":[546.783,-10,606.29,647.53],
"0RGW0WSS":[649.219,761.768,640.249,-10],
"SSSSRGGS":[-10,-10,70.9555,0],
"SG0RGWWW":[-10,245.953,0,-10],
"0G0G0WSS":[722.062,742.749,637.423,-10],
"SWWW0WGG":[-10,-10,350.936,802.954],
"WWSW0G0G":[-10,-10,711.036,689.551],
"SSSWRGWW":[-10,-10,715.194,-10],
"GR0WSS0W":[766.78,647.983,-10,656.173],
"WW0GSRSG":[-10,5.61443,-10,-10],
"0G0GSRSS":[546.234,68.6159,-10,-10],
"WWSWSSRW":[-10,-10,-10,494.646],
"0WGW0RSG":[354.734,43.4663,121.924,-10],
"0WRWWW0G":[14.7359,0,-10,0],
"GW0RWWSG":[76.0515,0,-10,-10],
"0GGWWWSS":[700.492,735.645,-10,-10],
"0G0W0GSR":[74.0011,593.242,180.446,-10],
"WW0GSSRS":[-10,387.973,-10,0],
"GSSSSR0W":[128.077,-10,-10,0],
"WWSSGWGW":[-10,-10,758.002,590.645],
"GWSSGRWW":[282.054,-10,0,-10],
"SWGS0RWW":[-10,637.502,242.072,-10],
"SGWWWWRW":[-10,-10,-10,231.776],
"SSSSGWGW":[-10,-10,735.318,126.112],
"SGGWRWWW":[-10,87.864,49.0492,-10],
"SSSG0WGR":[-10,-10,120.392,0],
"SS0G0WRW":[-10,582.258,674.772,573.891],
"SWSGSGWW":[-10,-10,-10,-10],
"WWSWRSGW":[-10,-10,123.431,621.526],
"WW0WSGGR":[-10,198.341,-10,10.99],
"SWGS0WWW":[-10,707.598,598.165,-10],
"GW0W0WSR":[754.323,528.252,516.548,-10],
"SSSWGS0W":[-10,-10,525.122,654.014],
"RGSS0SSW":[134.225,-10,0,-10],
"SSRWGSSW":[-10,0,291.625,-10],
"RS0GGWSS":[528.692,0,0,-10],
"0S0WGWSS":[459.12,650.7,750.857,-10],
"0SSW0S0S":[434.02,-10,226.427,286.24],
"0G0R0G0W":[8.18821,0,0,0],
"0GSSSSSW":[685.93,-10,-10,-10],
"SS0WGGRS":[-10,293.443,0,0],
"0GSS0SGS":[712.131,-10,55.815,167.298],
"GWSSGR0W":[434.444,-10,0,0],
"0WSWRW0W":[638.026,-10,613.9,663.167],
"SGRG0W0S":[-10,0,0,8.05424],
"0GWWSGSW":[615.625,-10,-10,-10],
"SSSW0SSG":[-10,-10,227.379,-10],
"0WSWGWGR":[0,-10,0,410.77],
"SSWW0GSW":[-10,-10,721.75,-10],
"0G0W0GSW":[559.867,644.721,590.504,-10],
"RG0SSS0W":[712.104,100.125,-10,213.382],
"0GGSSSRW":[59.6522,0,-10,0],
"GWSSSSWW":[759.707,-10,-10,-10],
"RG0GWWSS":[238.142,719.966,-10,-10],
"GG0RSW0S":[403.363,65.8316,-10,0],
"SSSWSS0W":[-10,-10,-10,607.842],
"SSSSRWSW":[-10,-10,517.46,-10],
"WWSR0WGW":[-10,-10,498.961,754.003],
"0W0W0SSR":[659.922,595.499,607.398,-10],
"SGSWGRSS":[-10,-10,66.7052,-10],
"WW0W0WGW":[-10,45.2985,40.4952,347.98],
"SWGWRGSS":[-10,0,174.552,-10],
"0GRW0SSG":[0,0,83.2549,-10],
"SW0SSW0W":[-10,62.2984,-10,652.717],
"0G0WGSSS":[630.683,63.9473,64.5301,-10],
"SS0WSSRS":[-10,473.924,-10,0],
"0WSGSSSS":[631.869,-10,-10,-10],
"SSGS0SRW":[-10,42.8118,0,0],
"0WSGSWRG":[92.4804,-10,-10,0],
"WWSSSWWW":[-10,-10,-10,-10],
"SWRG0W0G":[-10,434.566,0,0],
"SRWWSW0S":[-10,-10,-10,64.026],
"0WSW0RGW":[616.657,-10,607.458,751.771],
"WWWWSWSG":[-10,-10,-10,-10],
"0W0R0SSS":[554.355,663.983,597.699,-10],
"WWWW0WSG":[-10,-10,623.931,-10],
"RGWWSWSW":[559.616,-10,-10,-10],
"0S0WSSSR":[466.023,101.194,-10,-10],
"SR0G0W0S":[-10,726.356,322.198,210.402],
"SRGW0W0S":[-10,728.577,195.715,0],
"SSSG0W0S":[-10,-10,395.261,553.032],
"0SRSSWWW":[189.998,34.7556,-10,-10],
"RWSSWWGW":[530.884,-10,-10,799.181],
"0SSS0W0S":[357.198,-10,676.429,560.939],
"0R0WSWSS":[621.95,651.831,-10,-10],
"0WSGGW0R":[33.1128,-10,196.886,0],
"0WRW0GSS":[544.372,639.415,729.585,-10],
"0SSWWWGG":[377.882,-10,-10,826.942],
"0SSWGWWW":[73.6928,-10,753.794,-10],
"GWSG0WWW":[657.834,-10,288.392,-10],
"GGRSSSWW":[143.483,0,-10,-10],
"SW0G0WRW":[-10,573.705,651.73,532.479],
"SWGW0RSS":[-10,740.701,154.054,-10],
"WWWWSWSW":[-10,-10,-10,-10],
"0WSRWW0G":[437.193,-10,-10,743.964],
"SGSS0S0R":[-10,-10,354.132,62.8215],
"0WSWGSGS":[511.007,-10,0,65.2744],
"WWGSSWSW":[-10,145.282,-10,-10],
"GSSWSR0S":[114.037,-10,-10,0],
"0W0G0WSR":[625.015,736.053,629.88,-10],
"0WGGRWSS":[638.115,219.992,97.0676,-10],
"SWGSWWSW":[-10,127.07,-10,-10],
"GGSW0W0R":[295.673,-10,0,0.106953],
"0RWWSWSS":[446.175,-10,-10,-10],
"SSRW0W0G":[-10,611.93,661.962,565.004],
"0RSS0W0W":[634.975,-10,633.949,668.056],
"0G0WSWRG":[717.067,33.8995,-10,216.185],
"WWSSGG0R":[-10,-10,0,201.754],
"0S0WSR0S":[250.93,609.828,-10,100.578],
"0SGW0WSS":[637.1,741.491,650.256,-10],
"GWSSSSSS":[432.734,-10,-10,-10],
"0RWW0SSS":[621.957,-10,96.0729,-10],
"0G0SSW0R":[728.013,537.572,-10,659.831],
"WW0GGWSS":[-10,560.159,770.317,-10],
"0GGWSWWW":[364.557,732.3,-10,-10],
"WWSSSW0G":[-10,-10,-10,697.482],
"SW0SSW0R":[-10,5.59458,-10,666.71],
"GSSW0R0W":[125.764,-10,601.591,239.867],
"SWSWRW0W":[-10,-10,627.727,646.541],
"GWWWGSSS":[72.8561,-10,0,-10],
"WWGWSW0G":[-10,706.976,-10,360.169],
"0WSGSW0G":[633.832,-10,-10,566.831],
"SWSWGGWW":[-10,-10,700.876,-10],
"SWGWWW0R":[-10,736.679,-10,126.198],
"0RWW0SSW":[660.397,-10,44.5717,-10],
"0RSWWWWW":[560.685,-10,-10,-10],
"SGGW0RSW":[-10,141.893,0,-10],
"0RGWSWWW":[290.241,739.191,-10,-10],
"0GSSWWWW":[737.012,-10,-10,-10],
"SSRS0G0S":[-10,54.5652,0,0],
"SW0R0SSW":[-10,644.919,544.111,-10],
"WW0W0RSG":[-10,543.514,645.78,-10],
"0GSW0S0W":[745.434,-10,542.091,657.368],
"SWSW0G0S":[-10,-10,727.845,537.685],
"GSSSWWSG":[40.858,-10,-10,-10],
"SSRWWW0G":[-10,369.266,-10,564.939],
"0SSWGWGR":[141.099,-10,0,0],
"SWSSRW0W":[-10,-10,625.293,662.203],
"SGWW0RGW":[-10,-10,64.2774,0],
"WWSSSGWW":[-10,-10,-10,-10],
"0WWWSGRW":[535.042,-10,-10,112.442],
"0SSWGW0W":[498.279,-10,767.294,642.906],
"WWGWSS0W":[-10,687.905,-10,542.717],
"0W0S0SSG":[646.6,336.418,209.716,-10],
"WWRW0WSW":[-10,623.201,657.373,-10],
"0WGW0W0R":[14.7212,167.571,26.2479,3.76792],
"WWSSGWRG":[-10,-10,67.1554,67.6675],
"WWWWSG0G":[-10,-10,-10,676.293],
"SSRG0SSW":[-10,48.8096,168.05,-10],
"GSGRSSSW":[62.9644,0,-10,-10],
"SWSWSGWW":[-10,-10,-10,-10],
"0GRSSW0W":[730.648,594.006,-10,483.206],
"0SWWSW0R":[190.813,-10,-10,0],
"0GWW0GSW":[675.625,-10,325.189,-10],
"0WGG0WSS":[645.029,846.034,646.471,-10],
"0SRGWWSW":[331.276,689.755,-10,-10],
"SSWW0SSW":[-10,-10,58.2882,-10],
"SS0S0W0G":[-10,524.882,638.392,741.776],
"0WSWSW0R":[673.619,-10,-10,636.775],
"SSRSGW0W":[-10,651.854,422.677,176.068],
"RS0S0SSW":[318.485,0,0,-10],
"RSSWSG0W":[63.8222,-10,-10,0],
"SW0W0RGW":[-10,455.591,444.559,763.474],
"0WSSGWRW":[286.87,-10,738.416,294.016],
"GSSWSWSW":[176.03,-10,-10,-10],
"0WGWSSGS":[61.9506,582.091,-10,0],
"SWGR0WWW":[-10,734.304,515.225,-10],
"SSRWWWSW":[-10,554.342,-10,-10],
"GSSR0WWW":[0,-10,46.1118,-10],
"0GSWRWWW":[279.648,-10,582.621,-10],
"0WGWSWGW":[255.894,721.24,-10,273.451],
"SSSW0WSR":[-10,-10,642.784,-10],
"SWWWRWSW":[-10,-10,648.271,-10],
"WWGW0WSW":[-10,787.393,652.637,-10],
"WWRWGSSS":[-10,293.907,0,-10],
"SR0W0W0G":[-10,623.315,619.936,728.292],
"SW0W0SSW":[-10,671.303,506.172,-10],
"WWRGSS0W":[-10,721.61,-10,458.125],
"SR0G0WGS":[-10,137.984,0,0],
"WW0WRGSS":[-10,592.171,708.108,-10],
"SSSR0S0W":[-10,-10,116.528,478.83],
"0W0WGR0W":[33.6976,22.4914,66.0966,65.3567],
"WWSRSSWW":[-10,-10,-10,-10],
"0SRGSS0W":[0,0,-10,156.895],
"SW0WWW0G":[-10,618.862,-10,726.869],
"0GSWRW0W":[625.5,-10,515.542,650.686],
"RGSSSSSW":[223.061,-10,-10,-10],
"GW0WSWRW":[766.769,455.532,-10,465.174],
"0SSWWW0S":[247.104,-10,-10,314.716],
"SS0G0WRG":[-10,66.5276,529.07,0],
"WWGW0W0W":[-10,434.226,86.5722,4.16297],
"0SSG0W0W":[604.867,-10,609.151,646.381],
"SSSSSS0G":[-10,-10,-10,677.799],
"SW0R0GWW":[-10,633.401,736.253,-10],
"SGSRGW0W":[-10,-10,185.595,0],
"SGWW0WGS":[-10,-10,102.616,0],
"0W0WGWSS":[637.353,671.022,774.834,-10],
"0W0GSG0R":[418.761,81.8487,-10,8.7103],
"0SSW0WSG":[79.3257,-10,669.624,-10],
"GWWWRWSG":[57.6471,-10,0,-10],
"GGWW0WSR":[0,-10,230.509,-10],
"SWSSSWGW":[-10,-10,-10,723.457],
"0G0WSW0G":[740.22,635.652,-10,709.339],
"SW0WGW0S":[-10,648.022,760.273,622.029],
"GG0WSWWW":[842.056,495.273,-10,-10],
"WW0GGSSS":[-10,726.839,200.6,-10],
"RW0GSSGW":[343.707,0,-10,0],
"SWSSSWSW":[-10,-10,-10,-10],
"SWRW0WSG":[-10,333.739,651.803,-10],
"SSWW0GRW":[-10,-10,755.052,644.362],
"0SSWSWWW":[117.815,-10,-10,-10],
"0SGSWWSS":[99.3983,351.836,-10,-10],
"SW0GSSSW":[-10,666.793,-10,-10],
"SWWWWWRG":[-10,-10,-10,542.197],
"GG0W0W0W":[402.66,63.4164,42.0109,42.9109],
"0SSSSWSG":[317.747,-10,-10,-10],
"0WSWGG0W":[558.737,-10,818.262,568.282],
"SS0GRWSW":[-10,714.174,537.089,-10],
"GRSS0S0W":[112.808,-10,197.942,631.837],
"SWWW0G0W":[-10,-10,755.237,646.349],
"SSWWWWSW":[-10,-10,-10,-10],
"0W0RGWSS":[471.546,508.352,754.923,-10],
"0SSSSSWW":[28.1437,-10,-10,-10],
"0G0WRWSG":[304.442,0,21.653,-10],
"0RSGWW0W":[652.588,-10,-10,548.487],
"WW0RSG0W":[-10,545.877,-10,528.737],
"0W0W0RWW":[63.3339,205.62,65.5987,-10],
"RG0GWWSW":[0,359.927,-10,-10],
"0SGWWWSR":[253.727,682.926,-10,-10],
"SSSW0G0G":[-10,-10,679.969,720.531],
"SGSSRW0S":[-10,-10,120.246,0],
"WW0WSGRW":[-10,366.491,-10,589.952],
"SSRGSWSG":[-10,69.8978,-10,-10],
"0G0WWWWW":[118.064,223.574,-10,-10],
"0W0RGWWW":[0,0,76.9587,-10],
"WW0RGGSS":[-10,211.55,0,-10],
"GWSG0R0W":[246.543,-10,38.1669,0],
"0W0W0WGR":[57.5019,63.415,21.275,139.729],
"WWGSSS0W":[-10,133.806,-10,374.819],
"0RGG0SSS":[464.602,91.901,0,-10],
"0RSW0WGW":[634.01,-10,615.431,764.893],
"0SSWSW0G":[571.909,-10,-10,717.274],
"WWWWSSGG":[-10,-10,-10,817.517],
"GW0W0WWW":[338.574,33.0059,42.5043,-10],
"SS0SGRGW":[-10,61.0958,69.7369,392.072],
"SSSR0G0S":[-10,-10,29.3554,0],
"0GGSSW0R":[230.387,0,-10,0],
"RW0GWW0W":[0,12.2758,-10,3.66497],
"0WSWSWRS":[356.289,-10,-10,573.069],
"0SSWSR0W":[555.172,-10,-10,634.928],
"GR0GSWWW":[0,174.43,-10,-10],
"0WGWSS0G":[627.167,727.004,-10,524.695],
"WW0WSSGG":[-10,434.669,-10,807.112],
"0WSRSWGS":[172.493,-10,-10,0],
"SW0W0WRG":[-10,594.453,581.753,724.523],
"SW0SRGSS":[-10,-0.05,251.565,-10],
"WW0R0WSW":[-10,641.317,662.6,-10],
"0SWW0WSS":[204.904,-10,607.139,-10],
"0WSWSWGR":[373.772,-10,-10,745.903],
"SRSWGW0G":[-10,-10,147.342,624.239],
"SS0S0SWW":[-10,296.167,235.119,-10],
"0WSS0RSS":[327.867,-10,0,-10],
"SGRWWWGW":[-10,0,-10,43.2897],
"0WSR0SSW":[623.809,-10,72.0276,-10],
"0WWWSWGS":[539.461,-10,-10,713.753],
"0RWW0WSG":[555.09,-10,418.668,-10],
"0SWWSSRS":[162.942,-10,-10,0],
"RW0G0WSS":[646.362,746.311,649.235,-10],
"WW0GSSSS":[-10,737.044,-10,-10],
"WWGSSW0R":[-10,9.01,-10,85.318],
"0SSW0SSR":[383.56,-10,103.142,-10],
"0W0GWWSS":[648.506,720.471,-10,-10],
"SR0GWWSS":[-10,691.441,-10,-10],
"0G0RSSSG":[388.193,117.572,-10,-10],
"0SSRSWSW":[436.37,-10,-10,-10],
"SWSWGSSS":[-10,-10,218.284,-10],
"0RWW0W0G":[10.3499,-10,3.8186,33.0292],
"0R0GSSWW":[650.036,715.002,-10,-10],
"SW0WRG0W":[-10,556.977,734.075,542.798],
"RG0W0WSW":[681.663,519.352,598.481,-10],
"0WSG0SSG":[136.407,-10,0,-10],
"RWWWSWGS":[240.025,-10,-10,72.0988],
"0W0RSW0S":[624.007,647.613,-10,598.58],
"0W0GSS0G":[637.252,616.411,-10,627.496],
"0RWWSWSW":[562.071,-10,-10,-10],
"SR0W0WSG":[-10,365.184,641.293,-10],
"SSSWWW0R":[-10,-10,-10,648.996],
"SS0SSG0S":[-10,269.256,-10,56.5128],
"SSSSRW0G":[-10,-10,644.212,208.258],
"0WGWSG0S":[204.655,570.959,-10,0],
"GWSSWW0R":[172.664,-10,-10,648.881],
"GW0GSSWW":[708.25,719.342,-10,-10],
"SG0RWWGW":[-10,0.489212,-10,24.4171],
"0WGW0W0W":[224.805,685.004,214.773,249.385],
"0WGWSWSS":[621.501,736.562,-10,-10],
"SGSW0G0S":[-10,-10,127.047,503.729],
"0GSSSGSS":[192.045,-10,-10,-10],
"0W0GSSRG":[40.9669,531.106,-10,45.1248],
"SWSG0WWW":[-10,-10,625.067,-10],
"SSRW0GGW":[-10,93.706,176.327,739.559],
"SSSWRWWW":[-10,-10,641.968,-10],
"GWSWGR0W":[0,-10,10,157.361],
"SSSS0WRG":[-10,-10,593.105,189.538],
"SRSW0SGW":[-10,-10,11.0036,0],
"GWSS0RGS":[79.4398,-10,0,0],
"0RSSWW0G":[642.122,-10,-10,752.151],
"GWSSSWWW":[761.574,-10,-10,-10],
"0GSSGW0W":[539.015,-10,696.474,619.151],
"SWSW0GGW":[-10,-10,491.135,754.643],
"RWSGSWWW":[513.036,-10,-10,-10],
"SW0G0WGS":[-10,649.07,62.6971,131.978],
"RWWW0GSG":[73.4182,-10,58.9544,-10],
"SGWW0W0R":[-10,-10,662.537,552.202],
"0RGWSSSG":[97.3512,0,-10,-10],
"0RSWSSWW":[665.977,-10,-10,-10],
"RWWW0GSS":[374.478,-10,671.467,-10],
"WWSW0SRS":[-10,-10,366.689,17.1688],
"0WGWSWSR":[411.714,761.865,-10,-10],
"SWSS0S0W":[-10,-10,576.063,644.865],
"WWGWRWSW":[-10,196.452,609.465,-10],
"SS0R0GSW":[-10,584.4,717.709,-10],
"0GSS0WGS":[0,-10,0,472.725],
"0RSSSS0W":[647.71,-10,-10,597.054],
"0WGG0RSS":[454.271,577.768,658.891,-10],
"SSGW0W0G":[-10,754.217,613.406,548.53],
"0SRS0SSG":[22.1473,0,0,-10],
"SWGR0GSW":[-10,66.1831,284.45,-10],
"WWSWSG0G":[-10,-10,-10,696.319],
"0S0GSGSS":[77.7222,155.276,-10,-10],
"0S0GSRSW":[345.67,186.353,-10,-10],
"SG0WWWRG":[-10,0,-10,98.1638],
"SWSGSWWW":[-10,-10,-10,-10],
"0GRSSWSW":[399.677,0,-10,-10],
"GGRWSWWW":[83.8226,0,-10,-10],
"SR0S0WWW":[-10,487.594,617.104,-10],
"SG0WRWSW":[-10,641.052,244.58,-10],
"WW0S0RSW":[-10,229.713,0,-10],
"0SWWSGSW":[63.9399,-10,-10,-10],
"0WSRSW0G":[536.943,-10,-10,732.384],
"GWWWRSSS":[255.372,-10,0,-10],
"0WSS0RGW":[656.951,-10,656.601,770.858],
"GR0SSS0G":[0,3.79635,-10,645.88],
"SSSWGWWW":[-10,-10,699.943,-10],
"WW0RGSSG":[-10,75.5283,0,-10],
"SWSGGWSS":[-10,-10,134.49,-10],
"GSSW0WGR":[172.48,-10,58.7381,0],
"SGSWGSSS":[-10,-10,84.7148,-10],
"GWRGSWSW":[179.241,0,-10,-10],
"SSSWGW0G":[-10,-10,740.268,582.252],
"0R0W0W0G":[63.8595,104.14,107.108,130.501],
"0SSR0G0G":[55.2081,-10,0,0],
"RG0S0GSS":[61.8439,0,0,-10],
"0WRG0GSW":[0.189582,492.105,58.7285,-10],
"WWWW0GSS":[-10,-10,740.475,-10],
"0RSSSW0S":[538.044,-10,-10,289.606],
"WWWWRGSW":[-10,-10,546.303,-10],
"WW0WRWSS":[-10,689.144,657.246,-10],
"RG0W0GWW":[0,7.23674,0,-10],
"WW0W0WRW":[-10,23.2439,91.1902,-4.0951],
"SGSSGW0W":[-10,-10,695.045,149.251],
"GW0WSSRW":[761.565,633.522,-10,634.112],
"GWRWGSSW":[71.178,0,0,-10],
"0WSGGWWW":[281.197,-10,695.056,-10],
"0G0WWW0R":[61.236,1.86745,-10,1.8964],
"SWGS0R0G":[-10,72.2384,0,0],
"0SSG0R0S":[0,-10,315.285,60.3303],
"GSSWWW0W":[703.766,-10,-10,607.616],
"SSSWGSRW":[-10,-10,579.684,119.207],
"SWSWSWGW":[-10,-10,-10,701.136],
"SSRS0WWW":[-10,623.033,584.682,-10],
"RS0W0WSS":[608.322,601.861,633.123,-10],
"GWGSSSSS":[141.618,0,-10,-10],
"SSSSWWGG":[-10,-10,-10,800.808],
"SSSSWWWW":[-10,-10,-10,-10],
"SSSS0WRW":[-10,-10,636.099,575.999],
"RWWWSW0G":[484.94,-10,-10,713.127],
"0WRGSSSW":[321.628,718.398,-10,-10],
"SSSWRW0G":[-10,-10,642.092,514.961],
"GGSSSSRW":[81.5403,-10,-10,0],
"SRGWWW0W":[-10,689.394,-10,469.455],
"SSRWSWSW":[-10,622.939,-10,-10],
"RGSW0W0G":[676.182,-10,57.8622,99.3616],
"0G0WSRSW":[734.532,492.692,-10,-10],
"SW0RWW0S":[-10,665.56,-10,155.871],
"WWSS0WGR":[-10,-10,641.124,761.527],
"0SSWRSSW":[196.177,-10,-1.19,-10],
"GWSSSW0W":[762.228,-10,-10,647.019],
"0S0WSWSG":[446.096,624.639,-10,-10],
"SWSRGSSS":[-10,-10,51.7098,-10],
"SWSW0WSG":[-10,-10,654.513,-10],
"SSSW0RWW":[-10,-10,637.891,-10],
"GR0SSSGW":[380.121,63.7364,-10,0],
"0WRWSGSS":[276.598,599.35,-10,-10],
"WWSSSS0W":[-10,-10,-10,374.834],
"0SSW0W0W":[615.699,-10,649.059,623.186],
"0WSGRS0W":[65.5442,-10,612.733,115.83],
"WWRWSSGW":[-10,145.28,-10,604.467],
"SWSRGSSW":[-10,-10,98.7135,-10],
"SRSSSS0W":[-10,-10,-10,546.991],
"GW0S0SSR":[201.846,0,0,-10],
"SWRW0WWW":[-10,633.622,677.268,-10],
"RS0S0WSG":[37.0376,0,312.966,-10],
"SSSSGG0R":[-10,-10,324.828,0],
"SWGWWWSW":[-10,686.607,-10,-10],
"0WGG0WSR":[92.7302,598.233,43.934,-10],
"0SRG0SSW":[62.9956,0,0,-10],
"SSSW0R0S":[-10,-10,326.849,645.596],
"SSSR0WWW":[-10,-10,547.544,-10],
"SR0W0G0W":[-10,641.071,745.631,623.117],
"WWSG0G0R":[-10,-10,8.43332,177.143],
"SGRS0SSW":[-10,22.9234,0,-10],
"SSWWSWSW":[-10,-10,-10,-10],
"RW0WSG0W":[444.922,698.191,-10,463.929],
"0W0WSWSW":[645.22,665.305,-10,-10],
"WWSR0S0W":[-10,-10,541.651,632.338],
"GS0RSS0G":[66.7668,4.24216,-10,0],
"WWSSSG0W":[-10,-10,-10,511.192],
"SGSGWWSW":[-10,-10,-10,-10],
"SSSRSG0G":[-10,-10,-10,59.7356],
"SSSSWWRS":[-10,-10,-10,207.414],
"WW0GSSGW":[-10,381.558,-10,607.706],
"GWSS0W0W":[766.292,-10,636.482,642.879],
"WW0G0RSG":[-10,141.808,0,-10],
"GS0RGWSW":[67.1346,0,0,-10],
"SSSR0W0S":[-10,-10,651.033,188.423],
"GWGWWWSW":[639.187,130.855,-10,-10],
"0GWW0SSG":[379.024,-10,2.1801,-10],
"0WSW0WRW":[645.101,-10,668.391,617.422],
"SWRWSGSW":[-10,275.99,-10,-10],
"SSSWGWSS":[-10,-10,708.703,-10],
"WWSWSGGS":[-10,-10,-10,9.01],
"0RSWSSSW":[637.38,-10,-10,-10],
"0G0WRWSS":[581.568,646.566,615.328,-10],
"SW0SWWGG":[-10,-1.04,-10,396.96],
"SSWWGG0W":[-10,-10,858.281,642.22],
"SWSW0RWW":[-10,-10,597.642,-10],
"GWSW0SSG":[68.815,-10,-1.04,-10],
"0RWW0WSS":[621.668,-10,434.186,-10],
"WWSS0S0S":[-10,-10,276.347,171.138],
"0RSGSWSW":[568.219,-10,-10,-10],
"SW0W0GGS":[-10,469.292,146.409,555.657],
"0GWWSWSW":[663.871,-10,-10,-10],
"0SSSWW0S":[359.557,-10,-10,225.8],
"0WSS0GSW":[0,-10,394.685,-10],
"0G0WSSGS":[439.648,354.557,-10,692.421],
"SGSS0RWW":[-10,-10,573.526,-10],
"SSWWRW0W":[-10,-10,674.398,650.695],
"SWSW0S0R":[-10,-10,530.416,620.708],
"0R0W0WSG":[590.074,632.908,596.385,-10],
"WWRGSW0S":[-10,432.447,-10,0],
"GW0SSRGW":[74.1212,0,-10,0],
"0S0GWWSW":[588.218,690.905,-10,-10],
"SS0SSW0W":[-10,231.744,-10,653.45],
"SW0GWWSS":[-10,708.794,-10,-10],
"SSSRWWWW":[-10,-10,-10,-10],
"WW0WSWGS":[-10,613.91,-10,54.5304],
"0W0RSWGW":[585.867,501.235,-10,744.891],
"0WRSSWSS":[451.755,-1.19,-10,-10],
"SW0WSSGS":[-10,554.019,-10,29.8904],
"0GWWSSSW":[690.991,-10,-10,-10],
"0W0RSG0S":[609.394,0,-10,227.564],
"WW0WSRSG":[-10,507.057,-10,-10],
"WWSW0SWW":[-10,-10,126.529,-10],
"GW0RSW0G":[73.4589,625.913,-10,59.14],
"SWSSRWGW":[-10,-10,180.631,684.297],
"SRSWWWSW":[-10,-10,-10,-10],
"SR0S0G0G":[-10,88.209,0,0],
"SSGWGW0S":[-10,287.122,746.664,200.639],
"0WGW0W0G":[31.5625,63.6336,23.6643,8.00749],
"0GRWWWSS":[721.285,597.444,-10,-10],
"SS0GGR0S":[-10,643.196,0,0],
"SWWWWW0S":[-10,-10,-10,72.2708],
"WW0WGWSR":[-10,245.566,726.751,-10],
"SG0S0R0W":[-10,574.248,176.148,230.65],
"SWGW0WSS":[-10,760.404,648.764,-10],
"0S0SSW0G":[541.5,312.451,-10,734.274],
"0RSS0W0G":[648.251,-10,648.239,729.251],
"SGWWGWSW":[-10,-10,345.871,-10],
"GWSW0SGW":[748.083,-10,257.712,268.83],
"RSSW0GWW":[25.9202,-10,443.144,-10],
"0GSWWW0G":[708.439,-10,-10,668.887],
"GR0G0WSS":[193.963,393.185,635.7,-10],
"0SWWGGSS":[-1.04,-10,0,-10],
"SSRWGGSW":[-10,142.448,0,-10],
"0WRGWWSS":[647.866,554.357,-10,-10],
"0WGW0SSR":[580.056,96.9302,174.951,-10],
"0G0RSS0W":[744.697,664.655,-10,649.73],
"GW0GSW0W":[765.388,699.157,-10,569.705],
"SSSRSG0S":[-10,-10,-10,35.6034],
"SSSGRWWW":[-10,-10,611.905,-10],
"0SSGSGSW":[62.3034,-10,-10,-10],
"RWSSSSSS":[244.985,-10,-10,-10],
"SWSWWWSS":[-10,-10,-10,-10],
"0WSW0RGG":[178.163,-10,164.153,805.847],
"0SSW0WWW":[240.778,-10,657.848,-10],
"0RWWGGSW":[49.4251,-10,0,-10],
"SS0G0S0S":[-10,691.565,359.452,51.327],
"WW0SSRWW":[-10,144.669,-10,-10],
"WWSG0S0W":[-10,-10,636.339,564.641],
"0SSG0G0W":[203.683,-10,687.542,284.887],
"0WSRSG0W":[643.294,-10,-10,488.757],
"SW0SWWRW":[-10,61.4038,-10,670.749],
"WWWWGGSS":[-10,-10,830.587,-10],
"0WGGSS0W":[614.946,817.875,-10,614.759],
"RG0SSWWW":[728.228,371.124,-10,-10],
"WWGWSG0S":[-10,213.562,-10,0],
"0R0SSGSW":[490.517,51.3573,-10,-10],
"0WSWRGWW":[611.267,-10,415.463,-10],
"SSSSSSSG":[-10,-10,-10,-10],
"SR0GGWSS":[-10,0,543.471,-10],
"0SSW0WGR":[449.744,-10,554.738,704.216],
"SSSGWW0R":[-10,-10,-10,606.668],
"WWSW0RWW":[-10,-10,617.691,-10],
"0G0G0W0W":[309.954,139.708,44.9689,74.8098],
"RWSWSW0S":[658.807,-10,-10,470.289],
"GG0WWWSS":[808.296,581.784,-10,-10],
"0WWW0G0G":[24.144,-10,0,102.632],
"0S0WSWSR":[437.568,651.323,-10,-10],
"SSGWWWSG":[-10,624.931,-10,-10],
"WW0WSR0W":[-10,514.275,-10,552.64],
"SGWWGR0S":[-10,-10,39.0807,0],
"0RSS0WGW":[658.975,-10,645.805,775.78],
"WWSGSSGR":[-10,-10,-10,89.5586],
"SS0S0SSG":[-10,0,374.011,-10],
"0R0WWW0G":[116.108,27.1601,-10,68.1716],
"0WWWSRGW":[162.888,-10,-10,689.961],
"SS0G0SSS":[-10,213.311,549.386,-10],
"GW0R0SSW":[763.027,150.65,42.2435,-10],
"SWGR0W0S":[-10,741.921,209.569,201.761],
"SGRG0SSW":[-10,73.0851,0,-10],
"0GWW0G0W":[17.1198,-10,5.42937,54.9563],
"GWSSWW0W":[777.603,-10,-10,656.419],
"0WSWSSGR":[650.055,-10,-10,561.172],
"0G0GWWSW":[680.333,723.706,-10,-10],
"SWSRWW0S":[-10,-10,-10,34.3011],
"0WWWSG0S":[607.668,-10,-10,517.8],
"0SSS0GRW":[407.004,-10,73.9532,0],
"SWRW0W0G":[-10,542.758,655.594,479.541],
"SS0WSGRS":[-10,46.1647,-10,0],
"0G0RSWGS":[333.931,0,-10,70.7599],
"0WSS0RSW":[373.165,-10,0,-10],
"0WSWSWSS":[641.908,-10,-10,-10],
"SWSSSG0G":[-10,-10,-10,455.141],
"0WSWSS0S":[660.239,-10,-10,556.533],
"0G0GSWRW":[220.052,615.549,-10,68.58],
"0WRGSSSS":[610.289,0,-10,-10],
"SW0WWW0W":[-10,584.758,-10,624.575],
"SW0SGGSW":[-10,330.06,0,-10],
"SWSW0GSS":[-10,-10,646.897,-10],
"GRSSWW0W":[761.123,-10,-10,597.388],
"SGWWGWSR":[-10,-10,86.1499,-10],
"0S0SGGSS":[120.164,0,0,-10],
"RWSSGS0G":[170.435,-10,0,0],
"0WSGSW0S":[647.315,-10,-10,447.499],
"SSWWRWGG":[-10,-10,170.895,0],
"WWRSSWSS":[-10,118.055,-10,-10],
"0SRW0WSW":[595.682,621.063,684.94,-10],
"0SSWSGWW":[150.44,-10,-10,-10],
"SGWWWWSR":[-10,-10,-10,-10],
"SW0RSG0S":[-10,557.928,-10,18.3492],
"SSSWSWWW":[-10,-10,-10,-10],
"WWRSSWGW":[-10,-2.261,-10,520.69],
"GWSWGS0W":[0,-10,132.76,538.112],
"SWWW0WSR":[-10,-10,617.18,-10],
"SS0WSGSG":[-10,180.235,-10,-10],
"SWSW0SGW":[-10,-10,399.995,749.965],
"SWGWGRSW":[-10,225.956,0,-10],
"SSSWGGWW":[-10,-10,782.799,-10],
"SRSG0SWW":[-10,-10,14.1518,-10],
"SSSW0WRW":[-10,-10,664.806,620.754],
"SWSG0SGR":[-10,-10,114.916,0],
"GWRSSSGW":[440.316,0,-10,0],
"0SGSSWSS":[533.74,78.8483,-10,-10],
"WWSG0SSS":[-10,-10,-1.04,-10],
"WW0G0WSR":[-10,754.858,649.092,-10],
"0R0W0W0W":[228.452,237.505,223.467,237.387],
"0SGRGWSW":[0,0,288.842,-10],
"SWSGSS0S":[-10,-10,-10,265.982],
"SS0WGGSW":[-10,330.049,802.369,-10],
"GSSW0GSS":[0,-10,107.365,-10],
"SWSWWW0W":[-10,-10,-10,622.873],
"GWWWSWSW":[582.253,-10,-10,-10],
"0GSWSWSR":[600.496,-10,-10,-10],
"SSGW0SSG":[-10,129.982,0,-10],
"SS0RSSSS":[-10,432.939,-10,-10],
"SR0WWWSW":[-10,571.91,-10,-10],
"WWWWGRSW":[-10,-10,630.657,-10],
"0W0WSGGR":[93.9442,310.665,-10,65.0225],
"RS0G0GSW":[63.1665,0,642.859,-10],
"SSRWWWGW":[-10,524.625,-10,214.156],
"SSSRGS0W":[-10,-10,0,516.876],
"GS0WWWSW":[703.254,553.951,-10,-10],
"0WRWWWSW":[646.095,632.503,-10,-10],
"WWSSSSRW":[-10,-10,-10,419.698],
"SR0SSWGW":[-10,-1.04,-10,0],
"SS0R0WSG":[-10,619.08,302.316,-10],
"GWSWWWGW":[638.964,-10,-10,72.3631],
"SW0R0SSG":[-10,55.8166,449.133,-10],
"0WSSGW0R":[494.035,-10,538.901,665.77],
"RW0W0SSG":[105.068,95.8979,441.228,-10],
"WWSRSG0W":[-10,-10,-10,476.858],
"0RWWSSGS":[63.0964,-10,-10,709.595],
"SS0GSGSR":[-10,133.891,-10,-10],
"0WSSWWGR":[603.036,-10,-10,776.987],
"SS0G0W0R":[-10,597.386,664.242,520.173],
"RSSWSW0G":[130.508,-10,-10,16.0011],
"SG0SWW0G":[-10,40.5216,-10,340.658],
"GWSS0WGW":[762.973,-10,620.376,728.389],
"SSSS0RSW":[-10,-10,620.336,-10],
"SS0RGWWW":[-10,628.624,774.558,-10],
"SWWW0GSW":[-10,-10,714.564,-10],
"0WSR0SWW":[654.517,-10,207.627,-10],
"SSGSRWSS":[-10,189.185,62.7983,-10],
"0WSWSRSS":[609.603,-10,-10,-10],
"SRSG0GSW":[-10,-10,136.719,-10],
"0SSRWW0W":[583.326,-10,-10,540.824],
"0R0W0SSG":[268.737,606.831,149.594,-10],
"RG0WSW0S":[723.758,242.763,-10,241.569],
"0R0SSS0G":[244.251,60.0277,-10,726.782],
"WWSSGR0S":[-10,-10,21.633,0],
"SWGSWW0R":[-10,24.4171,-10,0],
"WWGGSS0W":[-10,834.974,-10,450.065],
"WWGRSW0S":[-10,213.519,-10,-1.04],
"WW0GGWSW":[-10,361.579,743.408,-10],
"SSWW0WGW":[-10,-10,664.296,780.712],
"0R0WSSSG":[289.279,528.23,-10,-10],
"SW0WGWGW":[-10,513.272,733.094,574.401],
"GS0RGSSW":[0,7.76869,0,-10],
"0WSS0GGW":[640.765,-10,739.068,723.605],
"0GSW0S0G":[726.636,-10,484.387,677.275],
"RSSS0W0G":[479.784,-10,552.311,733.612],
"0WSSSR0G":[583.505,-10,-10,727.498],
"WWWW0SSS":[-10,-10,223.541,-10],
"SS0WSW0S":[-10,634.656,-10,125.357],
"0GSWSSSS":[694.96,-10,-10,-10],
"WW0R0GSG":[-10,164.331,29.1501,-10],
"SWSWGGSW":[-10,-10,135.576,-10],
"WWSG0R0G":[-10,-10,106.177,683.14],
"SSSSGW0W":[-10,-10,760.28,643.253],
"SWGWRWWW":[-10,570.619,112.622,-10],
"SW0W0GRG":[-10,63.6189,725.122,192.694],
"0SRGSS0S":[242.978,0,-10,0],
"0W0RSSSS":[594.143,622.806,-10,-10],
"SS0WWWGR":[-10,408.538,-10,722.29],
"RW0W0GSW":[549.766,651.094,541.751,-10],
"SR0S0WGG":[-10,48.4836,0,0],
"SWSR0WSS":[-10,-10,612.635,-10],
"0W0WSGRW":[669.063,507.054,-10,427.189],
"SWSR0G0W":[-10,-10,724.638,631.432],
"WWGG0WSR":[-10,289.966,0,-10],
"0S0SSRWW":[80.8415,0,-10,-10],
"GWSGSS0W":[189.657,-10,-10,641.069],
"0RGWSW0G":[0,421.154,-10,62.7938],
"SWSG0R0W":[-10,-10,626.923,439.13],
"SSGW0WRG":[-10,246.727,64.0717,-0.2],
"0R0WGWSS":[578.159,618.166,753.134,-10],
"0WWW0RSS":[558.957,-10,643.617,-10],
"0SSGSW0W":[477.74,-10,-10,640.418],
"0GSW0G0W":[526.947,-10,588.91,649.22],
"RWGWSWGW":[33.8938,0,-10,0],
"0WSG0RSS":[58.8363,-10,0,-10],
"SW0W0R0G":[-10,607.364,583.264,708.69],
"WWGGSW0W":[-10,833.451,-10,364.79],
"0R0SSWWW":[653.591,591.926,-10,-10],
"0GSSWWRG":[54.9102,-10,-10,665.518],
"SWWWRG0W":[-10,-10,534.766,651.343],
"SGSWSGSR":[-10,-10,-10,-10],
"0WSWSGSS":[624.011,-10,-10,-10],
"0W0W0G0R":[144.12,126.807,37.9272,196.229],
"0S0RSWSG":[90.3183,523.742,-10,-10],
"0GSS0W0W":[731.266,-10,646.692,663.01],
"SSWW0WSR":[-10,-10,642.178,-10],
"0SSGWW0W":[642.917,-10,-10,561.713],
"0RSWSG0G":[498.235,-10,-10,66.9102],
"SW0W0GSW":[-10,648.53,718.101,-10],
"GRWWSGSW":[20.3763,-10,-10,-10],
"SS0G0R0S":[-10,154.371,596.734,156.536],
"WWSSGRGW":[-10,-10,83.7314,486.066],
"SWRWWW0G":[-10,539.442,-10,305.136],
"0W0RSSGW":[625.763,395.24,-10,757.04],
"WWSSSWSS":[-10,-10,-10,-10],
"SSWWGWSW":[-10,-10,705.37,-10],
"0SSRWWGS":[76.9505,-10,-10,0],
"SR0WGWSW":[-10,317.752,746.03,-10],
"GGRWSWSW":[82.9181,0,-10,-10],
"WWSWSWGG":[-10,-10,-10,679.055],
"0W0WSGGS":[62.0922,55.4933,-10,391.736],
"0G0WSRWW":[746.392,500.241,-10,-10],
"RW0W0SSW":[681.18,613.367,483.436,-10],
"0GSRSG0W":[36.0581,-10,-10,96.9641],
"WW0WSWWW":[-10,650.266,-10,-10],
"SWSG0WSS":[-10,-10,642.676,-10],
"0SSS0WSW":[152.046,-10,638.104,-10],
"0WSW0G0G":[634.095,-10,702.137,742.375],
"WWGW0WSG":[-10,642.756,332.866,-10],
"0G0WSS0S":[735.211,651.727,-10,599.133],
"0R0GWWSS":[645.931,722.656,-10,-10],
"RGSSWW0W":[716.329,-10,-10,642.966],
"SRSSWWWW":[-10,-10,-10,-10],
"0SSW0S0G":[416.627,-10,63.8944,22.3048],
"RGSWSG0W":[137.747,-10,-10,0],
"0R0WSSGS":[605.742,159.853,-10,187.433],
"0SSRSW0W":[490.036,-10,-10,643.552],
"RWWWWWSW":[562.433,-10,-10,-10],
"0W0WGWWW":[83.4587,25.9389,257.409,-10],
"SWSWSRGW":[-10,-10,-10,209.107],
"WWWWSSGW":[-10,-10,-10,740.807],
"RGWW0GSW":[0.218828,-10,79.9234,-10],
"RGGW0SSW":[124.22,0,0,-10],
"SWSWSG0W":[-10,-10,-10,652.914],
"GRWWSW0W":[483.65,-10,-10,648.291],
"SWGW0WRW":[-10,748.349,282.287,426.493],
"SS0W0W0S":[-10,627.031,657.193,623.93],
"SWSSSRSS":[-10,-10,-10,-10],
"SG0R0W0W":[-10,587.231,662.405,577.211],
"SGGWWW0R":[-10,70.5793,-10,5.81367],
"0GGW0WSR":[67.1902,389.161,50.8427,-10],
"SSGW0WWW":[-10,771.185,661.424,-10],
"SG0WRWSS":[-10,617.967,132.666,-10],
"WWSRSW0W":[-10,-10,-10,579.23],
"WW0GSG0W":[-10,727.155,-10,480.669],
"WWRWGWSS":[-10,111.668,708.618,-10],
"0GSWSG0W":[730.787,-10,-10,470.202],
"SRGW0G0S":[-10,0,60.5858,0],
"WWSW0S0W":[-10,-10,644.601,582.032],
"WW0RSWGS":[-10,40.3151,-10,0],
"SSSGWWWW":[-10,-10,-10,-10],
"GW0GSSRW":[741.755,287.605,-10,44.3824],
"SS0SGGWW":[-10,327.181,830.494,-10],
"GR0W0SSW":[132.966,651.828,85.1601,-10],
"0WSWGS0G":[499.342,-10,600.796,423.444],
"0SWW0RSG":[0.206,-10,504.159,-10],
"WWWWSSRW":[-10,-10,-10,622.241],
"GWSRSW0W":[733.315,-10,-10,373.972],
"GRGSSW0W":[137.679,0,-10,0],
"0WSWGR0G":[592.042,-10,106.14,125.752],
"0RSGSW0G":[10.3315,-10,-10,276.324],
"RGSWGS0S":[11.4969,-10,0,0],
"0WRWGGSS":[0,197.759,78.8159,-10],
"0W0RWWSW":[638.004,675.17,-10,-10],
"SW0GGWWW":[-10,654.664,757.484,-10],
"SW0GSWSR":[-10,442.623,-10,-10],
"SW0GRGWW":[-10,523.075,0,-10],
"0WGR0SSS":[523.062,747.475,424.464,-10],
"GSSW0G0R":[55.5158,-10,0,0],
"SGSW0RWW":[-10,-10,567.609,-10],
"RS0S0GSS":[90.7054,0,0,-10],
"0W0S0SSW":[654.039,573.493,452.81,-10],
"SWSWRW0G":[-10,-10,488.184,706.8],
"WW0SSRGW":[-10,-1.04,-10,404.395],
"0RWWWWSS":[615.87,-10,-10,-10],
"SWSRSSGW":[-10,-10,-10,396.798],
"WWSGSW0W":[-10,-10,-10,612.481],
"0SSGRW0S":[0,-10,60.9693,4.21887],
"0WSSGG0W":[607.582,-10,836.605,611.99],
"RWSG0WGW":[0,-10,0,194.699],
"0WGWSSRW":[645.356,486.92,-10,408.899],
"SW0S0WRW":[-10,569.733,623.5,664.851],
"0WRWSS0S":[609.705,541.653,-10,571.579],
"0SSS0G0R":[54.0945,-10,710.755,122.183],
"SWWWGWSG":[-10,-10,543.987,-10],
"WWSSGWRW":[-10,-10,584.227,180.222],
"SR0G0W0W":[-10,731.683,598.468,621.053],
"SWWWGWSR":[-10,-10,670.489,-10],
"0WSS0G0G":[638.274,-10,720.548,751.75],
"RG0WGWSW":[207.544,0,0,-10],
"WWRW0WWW":[-10,-1,0,-10],
"WW0SSWGW":[-10,49.9692,-10,753.052],
"SSRW0WWW":[-10,647.979,653.083,-10],
"0WSG0RWW":[466.959,-10,618.917,-10],
"SSRGSWSS":[-10,71.6534,-10,-10],
"WW0R0SSS":[-10,594.784,643.773,-10],
"RWSWGGWW":[105.827,-10,0,-10],
"0GWWSR0G":[435.918,-10,-10,192.879],
"SWWW0RSW":[-10,-10,626.693,-10],
"0WRSSGSW":[201.35,0,-10,-10],
"WWGSSSSS":[-10,160.674,-10,-10],
"0G0WGW0W":[3.96016,10.4647,60.5838,108.376],
"SWGS0RSW":[-10,617.102,151.654,-10],
"GR0W0W0W":[357.256,41.3905,61.1684,56.7071],
"SSGW0GSS":[-10,768.121,413.346,-10],
"SW0GSW0S":[-10,705.097,-10,9.61697],
"0W0WSWRS":[628.9,646.446,-10,622.811],
"WW0SSWSS":[-10,58.8269,-10,-10],
"0W0WSRSG":[456.619,659.587,-10,-10],
"SS0G0WGS":[-10,246.891,0,610.289],
"0WSWGG0R":[0,-10,0,221.992],
"SSSW0SRW":[-10,-10,191.786,557.567],
"SG0W0WSS":[-10,657.543,612.159,-10],
"RWSSGW0G":[638.27,-10,80.5485,0],
"GGSWWWWW":[712.359,-10,-10,-10],
"GWSR0GWW":[338.599,-10,41.1679,-10],
"SS0SGW0W":[-10,633.51,734.817,659.707],
"SWWWSWSS":[-10,-10,-10,-10],
"0S0S0SSG":[66.8806,6.09923,548.829,-10],
"WW0R0WSS":[-10,676.818,651.253,-10],
"0WGWGWSS":[629.524,709.343,758.931,-10],
"SW0WSRSS":[-10,643.512,-10,-10],
"WWRG0GSS":[-10,117.005,660.256,-10],
"RS0SSW0W":[597.672,94.5823,-10,198.625],
"SG0S0WSS":[-10,584.712,118.222,-10],
"SG0R0GWW":[-10,63.9275,390.471,-10],
"SWSWSW0R":[-10,-10,-10,646.946],
"RSGWWWSS":[616.031,0,-10,-10],
"WWGG0WSW":[-10,848.331,428.58,-10],
"RS0GSSSW":[195.053,0,-10,-10],
"0WSGRWGW":[46.0814,-10,36.7079,270.316],
"WWSS0RGG":[-10,-10,229.872,844.263],
"SW0WGWSS":[-10,642.125,762.817,-10],
"SGSWRSSW":[-10,-10,28.06,-10],
"WWSGSWSS":[-10,-10,-10,-10],
"SRWW0W0W":[-10,-10,671.608,641.32],
"GWWW0WSR":[649.832,-10,325.229,-10],
"WWSR0GWW":[-10,-10,689.142,-10],
"RS0SWWSS":[185.693,9.1524,-10,-10],
"SSRSGG0W":[-10,380.696,0,0],
"WWSRGGWW":[-10,-10,61.5902,-10],
"0WWWSWRW":[656.625,-10,-10,607.703],
"SWGS0WSR":[-10,106.861,0,-10],
"SWGW0GSW":[-10,756.593,496.229,-10],
"0SSSWWGS":[370.568,-10,-10,29.6988],
"RW0WGWSG":[61.1717,0,0,-10],
"WWSW0W0R":[-10,-10,658.526,639.262],
"0GSWWW0R":[695.298,-10,-10,636.771],
"GW0W0RSS":[734.892,628.423,467.434,-10],
"0SSGGW0R":[0,-10,0,30.6063],
"SS0SRGWW":[-10,290.921,719.787,-10],
"0R0GSWSW":[627.205,701.979,-10,-10],
"GWGWRWSW":[230.609,67.7159,0,-10],
"GWSR0W0G":[0,-10,273.632,73.2614],
"0RSWSGSS":[449.013,-10,-10,-10],
"0GWW0WSR":[682.771,-10,529.309,-10],
"SWSSSGWW":[-10,-10,-10,-10],
"SWSSSWRG":[-10,-10,-10,244.529],
"0WSS0GRW":[595.405,-10,719.474,586.933],
"RW0SSS0W":[506.203,506.494,-10,658.425],
"SWSSSSSS":[-10,-10,-10,-10],
"SS0W0WGG":[-10,609.839,599.531,812.762],
"GWSWSGRW":[87.3541,-10,-10,0],
"GG0RSWSW":[0,174.803,-10,-10],
"SRGWGWSW":[-10,246.273,70.7307,-10],
"SWRW0G0S":[-10,456.152,725.77,485.129],
"GWSS0R0S":[0,-10,0,113.142],
"0G0GSW0R":[311.817,198.016,-10,617.386],
"0GRSSS0G":[701.821,0,-10,0],
"SWSR0WSW":[-10,-10,653.867,-10],
"GGSS0W0R":[98.7978,-10,0,398.545],
"0WRWSGWW":[164.085,511.964,-10,-10],
"0RWWSW0S":[639.735,-10,-10,594.7],
"GSWWSSSS":[119.213,-10,-10,-10],
"GSRGSS0S":[105.282,0,-10,34.0638],
"0SSR0WSS":[48.4557,-10,539.59,-10],
"WW0WSW0S":[-10,671.027,-10,77.976],
"0WSW0SRW":[685.064,-10,597.927,634.414],
"SWWWGRSG":[-10,-10,124.786,-10],
"SRGWSWSG":[-10,111.279,-10,-10],
"SSGW0RSW":[-10,728.844,299.066,-10],
"0GWWSS0G":[739.73,-10,-10,709.989],
"0WGRGWSS":[588.516,137.79,0,-10],
"RWWWSW0W":[616.065,-10,-10,651.769],
"GWSWSWRS":[72.5546,-10,-10,0],
"SWRS0SWW":[-10,-2.261,220.038,-10],
"0WGWSW0R":[515.803,742.131,-10,436.018],
"SWSWRW0S":[-10,-10,664.254,360.736],
"SS0RSWSW":[-10,622.379,-10,-10],
"0GSWGW0W":[370.86,-10,735.374,580.313],
"0SSSGS0S":[-0.05,-10,489.214,0],
"SWGWWWRW":[-10,553.433,-10,145.8],
"0GWWWWSR":[688.166,-10,-10,-10],
"SW0W0WRW":[-10,642.922,669.43,629.685],
"0SSW0W0S":[416.612,-10,664.19,615.358],
"SS0SSSSG":[-10,207.869,-10,-10],
"0W0SSSWW":[596.512,642.314,-10,-10],
"WWRS0SSW":[-10,301.897,24.0088,-10],
"0SWW0GSW":[45.734,-10,755.233,-10],
"GS0WRWSS":[525.226,0,0,-10],
"0WSGSS0S":[341.482,-10,-10,522.194],
"0WSSWWRW":[652.63,-10,-10,666.408],
"GW0GSS0W":[766.436,713.217,-10,642.372],
"0WRWWW0W":[70.6387,-2.71,-10,8.97839],
"0SGS0WSS":[344.358,567.346,636.59,-10],
"0SSSSWRW":[228.372,-10,-10,648.208],
"0WSW0SRS":[641.86,-10,180.09,170.103],
"SWSS0G0R":[-10,-10,718.894,586.192],
"0WSW0SSW":[660.12,-10,81.0385,-10],
"SSRGGWWW":[-10,640.783,61.9593,-10],
"SWSSSWWW":[-10,-10,-10,-10],
"SWRGSW0S":[-10,330.066,-10,-1.04],
"0RWW0GSW":[299.865,-10,645.085,-10],
"SWSGGS0W":[-10,-10,361.178,0],
"GWSWRSGW":[290.111,-10,0,0],
"WW0G0WWW":[-10,169.096,96.067,-10],
"0RSGGSWW":[26.677,-10,0,-10],
"WWSWSSGS":[-10,-10,-10,225.663],
"SWWW0RSG":[-10,-10,545.953,-10],
"SG0S0GWW":[-10,148.337,642.101,-10],
"GGSSWW0W":[812.967,-10,-10,595.392],
"SWRWWWSG":[-10,87.9651,-10,-10],
"0SSS0RGG":[324.256,-10,0,0],
"0G0SSGSW":[674.518,126.491,-10,-10],
"RS0WSSSS":[566.943,177.121,-10,-10],
"WWWWSGGW":[-10,-10,-10,360.422],
"0WWW0SSW":[660.819,-10,130.43,-10],
"0GSS0S0W":[734.696,-10,548.026,655.986],
"SWGR0GWW":[-10,86.7056,492.722,-10],
"SWSWSWGR":[-10,-10,-10,162.403],
"0WSG0WRW":[531.434,-10,668.163,476.325],
"SR0G0WSW":[-10,719.178,634.762,-10],
"GW0W0W0G":[182.542,66.9831,43.3102,24.7586],
"GR0WSWSG":[91.6008,0,-10,-10],
"SWGR0WGW":[-10,64.483,231.865,0],
"WWSWSGGW":[-10,-10,-10,589.595],
"SGSWSWWW":[-10,-10,-10,-10],
"WWSS0R0G":[-10,-10,650.899,745.786],
"SWSW0RSS":[-10,-10,632.285,-10],
"0R0WSWGW":[426.561,450.328,-10,761.622],
"0SSSWWSW":[101.369,-10,-10,-10],
"SRSWWWSS":[-10,-10,-10,-10],
"GGSR0W0W":[19.0333,-10,268.459,84.8768],
"WWSRSS0S":[-10,-10,-10,62.0756],
"0G0RSWGW":[138.68,110.714,-10,732.331],
"0WSRGS0W":[1.69793,-10,667.597,29.6824],
"0GWWRWSS":[581.104,-10,378.451,-10],
"SSWW0RSW":[-10,-10,624.656,-10],
"SSRS0S0S":[-10,138.553,0,0],
"SWSSWW0R":[-10,-10,-10,676.654],
"0WSGSW0R":[644.278,-10,-10,453.938],
"SWGR0GSS":[-10,307.729,67.1672,-10],
"WWSSGSSW":[-10,-10,113.451,-10],
"0SGWWWSS":[611.847,706.348,-10,-10],
"SW0W0GGW":[-10,573.054,694.519,748.867],
"0WSR0WGW":[529.394,-10,516.869,754.034],
"SW0G0SSW":[-10,691.523,534.272,-10],
"SG0SRWSW":[-10,33.4382,243.092,-10],
"0SSSSW0R":[616.919,-10,-10,501.857],
"SW0SGG0R":[-10,328.419,0,0],
"0SGS0SSW":[377.391,0,0,-10],
"SW0WSWSR":[-10,633.182,-10,-10],
"WWWW0W0G":[-10,-10,195.932,93.3874],
"SSGG0R0W":[-10,519.319,30.4421,0],
"WWWWSR0S":[-10,-10,-10,63.8258],
"SWSSGSSG":[-10,-10,9.01,-10],
"GSSR0W0W":[126.073,-10,53.4835,559.909],
"0SSGGW0W":[47.8088,-10,580.518,207.066],
"WWSW0R0W":[-10,-10,638.04,664.098],
"SGSWSGSW":[-10,-10,-10,-10],
"0GSSSWGS":[624.974,-10,-10,0],
"SWSWSSSW":[-10,-10,-10,-10],
"WW0G0GSW":[-10,754.303,700.138,-10],
"SSWW0RSS":[-10,-10,511.196,-10],
"0G0RSS0S":[724.912,634.194,-10,492.043],
"0S0SSSRS":[309.233,0,-10,-0.2],
"0RSGSW0W":[438.694,-10,-10,654.684],
"0S0SSGWW":[258.105,-1.04,-10,-10],
"SS0GSRSS":[-10,133.87,-10,-10],
"0R0WWWWW":[18.7482,44.2068,-10,-10],
"SR0S0WSW":[-10,487.144,632.065,-10],
"0R0SSGWW":[349.378,586.738,-10,-10],
"0RWWWW0G":[5.66065,-10,-10,0],
"0R0W0WWW":[77.392,213.29,66.8547,-10],
"0RWWSWSG":[598.176,-10,-10,-10],
"0RGSSW0W":[111.971,143.22,-10,638.888],
"SG0GWWSS":[-10,694.218,-10,-10],
"SSSWSG0W":[-10,-10,-10,512.665],
"SSSS0SWW":[-10,-10,129.181,-10],
"0G0W0WRW":[6.35155,24.944,68.4421,-1.9],
"0W0SSWSW":[661.859,560.472,-10,-10],
"0S0SSSSW":[314.582,453.453,-10,-10],
"SS0WSGSW":[-10,637.09,-10,-10],
"RW0WGWSW":[435.709,370.593,755.942,-10],
"SSSWSSSW":[-10,-10,-10,-10],
"SSSRSWWW":[-10,-10,-10,-10],
"GSSSSSRW":[272.211,-10,-10,0],
"SWSGSSWW":[-10,-10,-10,-10],
"0SSSWW0W":[650.773,-10,-10,600.808],
"RW0G0W0W":[-1.9,93.267,40.832,0],
"SGWWGW0S":[-10,-10,511.223,94.3973],
"0S0WSWGS":[120.535,648.279,-10,92.4717],
"SS0W0GWW":[-10,659.537,735.617,-10],
"SWSS0RSG":[-10,-10,207.384,-10],
"SS0S0WRW":[-10,372.45,650.021,596.876],
"0SSW0GSS":[60.2211,-10,727.244,-10],
"SWSGGWRW":[-10,-10,80.1628,0],
"SSSS0R0G":[-10,-10,492.353,713.594],
"RGSW0S0G":[630.019,-10,16.2481,0],
"WWSGSS0G":[-10,-10,-10,698.759],
"SSSWGS0R":[-10,-10,541.16,118.449],
"SW0SWWGW":[-10,57.986,-10,780.177],
"SS0W0S0G":[-10,487.945,0,14.9555],
"0RWWSS0W":[638.517,-10,-10,648.7],
"0S0WGRSW":[556.344,357.339,199.931,-10],
"GWSWSWRW":[658.833,-10,-10,175.901],
"0WGGSWSR":[259.151,0,-10,-10],
"SS0GSWSS":[-10,632.797,-10,-10],
"0SSR0WWW":[193.595,-10,636.576,-10],
"0WGWSG0W":[415.967,740.515,-10,438.215],
"GG0WSW0R":[828.633,152.503,-10,223.531],
"GG0WSS0R":[411.395,429.124,-10,656.778],
"RS0W0WSW":[598.126,636.901,667.44,-10],
"SWSWRSSW":[-10,-10,391.813,-10],
"SSSWSR0W":[-10,-10,-10,631.033],
"0W0GSSSW":[657.509,725.408,-10,-10],
"0W0SGSSW":[219.322,589.418,222.964,-10],
"RSSGWW0G":[92.4989,-10,-10,0],
"GW0GSR0W":[115.227,11.5241,-10,504.255],
"SG0G0RWW":[-10,108.187,418.646,-10],
"WWGWSWGS":[-10,105.821,-10,0],
"SWSG0WSR":[-10,-10,464.206,-10],
"0SSSSSSR":[205.626,-10,-10,-10],
"SGSW0S0R":[-10,-10,436.616,102.809],
"SSSSSRSS":[-10,-10,-10,-10],
"0W0WSG0G":[554.092,556.172,-10,721.925],
"GW0WSSWW":[786.602,652.238,-10,-10],
"0WGGSWWW":[434.489,803.791,-10,-10],
"SS0G0SWW":[-10,224.934,62.7143,-10],
"WWGW0WSR":[-10,476.061,646.658,-10],
"SSRG0WSS":[-10,61.5042,641.112,-10],
"GW0SSWWW":[739.376,638.434,-10,-10],
"GW0R0WSS":[761.434,493.898,446.167,-10],
"WWRG0WSS":[-10,566.088,654.4,-10],
"WWSW0RGW":[-10,-10,610.013,743.123],
"SWSR0SSS":[-10,-10,374.717,-10],
"0SSSRG0W":[25.5095,-10,725.373,169.103],
"SWRSWWSG":[-10,8.98842,-10,-10],
"WWSS0WRG":[-10,-10,647.873,585.069],
"0G0WSGSW":[722.646,453.539,-10,-10],
"0GSSSR0W":[724.836,-10,-10,459.008],
"0S0W0GSG":[175.846,614.547,263.879,-10],
"SSSG0W0G":[-10,-10,317.209,722.764],
"GSWW0GSS":[0,-10,188.933,-10],
"WWSWSG0S":[-10,-10,-10,22.6206],
"0GGWSSRW":[699.082,129.644,-10,149.264],
"WW0WSSGW":[-10,597.667,-10,635.934],
"0WSSGRGW":[642.618,-10,265.296,70.4607],
"SWSWRSGS":[-10,-10,139.39,0],
"SSSW0S0R":[-10,-10,511.116,300.914],
"0W0R0WGW":[166.451,0.299161,18.7418,0],
"0SSS0G0W":[537.047,-10,744.037,643.964],
"SS0SGWGW":[-10,619.681,331.245,451.137],
"RGWW0SSG":[0,-10,-1.04,-10],
"0RSSGW0W":[535.766,-10,741.477,635.226],
"0SWW0SSR":[14.7563,-10,0,-10],
"RGWWSS0G":[624.899,-10,-10,57.3316],
"0WSRGW0W":[566.935,-10,737.441,542.361],
"WWGWSWSS":[-10,731.517,-10,-10],
"WW0WRSSS":[-10,580.622,666.515,-10],
"SWWW0RSS":[-10,-10,624.355,-10],
"0SSSRSSG":[60.919,-10,0,-10],
"WWRW0W0W":[-10,-2.71,139.325,37.1082],
"0WWW0W0R":[221.868,-10,203.935,208.08],
"SS0WRSSS":[-10,585.469,113.462,-10],
"WWGW0RSG":[-10,0,27.889,-10],
"SRSS0GSS":[-10,-10,237.035,-10],
"GW0RSS0S":[757.099,410.333,-10,311.495],
"RWSS0G0W":[610.468,-10,578.368,669.599],
"GW0G0SSW":[747.88,623.441,365.179,-10],
"SW0GSGWW":[-10,68.0669,-10,-10],
"0G0G0WSW":[703.965,739.025,619.597,-10],
"0WSGRG0W":[354.334,-10,34.5752,108.762],
"SSWWWWRW":[-10,-10,-10,646.27],
"0S0SSR0S":[22.4064,415.052,-10,0],
"SGSR0W0W":[-10,-10,646.216,474.854],
"SG0SRSSW":[-10,30.9025,0,-10],
"SW0G0SWW":[-10,-0.05,185.949,-10],
"SSWW0G0G":[-10,-10,754.452,718.83],
"RG0G0WSS":[431.517,521.549,640.704,-10],
"0G0SGWSW":[70.9373,0,0,-10],
"0RWW0GSS":[309.341,-10,696.524,-10],
"RWSW0SSG":[410.874,-10,0,-10],
"WWSGSWWW":[-10,-10,-10,-10],
"SR0WGG0W":[-10,241.855,0,0],
"SS0SRGGW":[-10,65.6259,0,0],
"RGGWSWSW":[0,64.4697,-10,-10],
"0WGG0RSW":[191.835,206.123,609.735,-10],
"SWSSGGWW":[-10,-10,789.177,-10],
"0WWWSWRG":[649.948,-10,-10,501.877],
"SW0GWW0W":[-10,694.049,-10,607.139],
"0RWWSG0S":[89.5068,-10,-10,411.383],
"WWWWSGSW":[-10,-10,-10,-10],
"GSSGWWWW":[9.01,-10,-10,-10],
"GR0GSS0W":[424.605,435.642,-10,640.866],
"0W0WSR0W":[645.388,651.562,-10,666.461],
"SS0WSSSS":[-10,491.839,-10,-10],
"SSGG0WWW":[-10,817.253,584.097,-10],
"0WSWGR0W":[566.409,-10,717.081,570.318],
"0WGWWWSS":[653.659,734.378,-10,-10],
"0R0GWW0W":[37.0905,52.9925,-10,23.194],
"0G0RSGSW":[353.278,13.1542,-10,-10],
"0S0SSSRW":[609.062,-0.095,-10,158.04],
"SWGG0S0W":[-10,126.636,0,0],
"SS0WGWRS":[-10,60.1839,766.491,272.908],
"0W0GRW0W":[18.9199,0,-1,110.503],
"0RSSSGWW":[593.217,-10,-10,-10],
"SSSSSWWW":[-10,-10,-10,-10],
"WW0G0RGW":[-10,-0.05,0.725002,0],
"0WSSSW0S":[475.64,-10,-10,568.654],
"SGSW0RSS":[-10,-10,433.263,-10],
"SGSSSSSW":[-10,-10,-10,-10],
"0SGW0WSG":[85.4767,558.969,97.8476,-10],
"RWSW0G0G":[606.454,-10,170.737,122.219],
"RWSW0G0W":[554.646,-10,548.279,660.831],
"SS0R0S0W":[-10,279.428,63.2024,65.8311],
"SG0SGWWW":[-10,258.265,0,-10],
"WWRGSG0W":[-10,57.1572,-10,0],
"0W0WGRSW":[532.58,504.053,750.762,-10],
"0W0RWWSS":[650.39,669.877,-10,-10],
"SGWW0WGW":[-10,-10,83.1545,549.584],
"GS0GSW0S":[645.14,70.1428,-10,38.6538],
"WWRW0W0G":[-10,0,9.21031,-0.05],
"GW0SSWSS":[656.153,116.888,-10,-10],
"0GWWSG0W":[736.272,-10,-10,552.535],
"SWWWSWSG":[-10,-10,-10,-10],
"0W0GGSSS":[638.17,245.254,291.727,-10],
"SSRG0WSW":[-10,718.689,327.27,-10],
"RWWWWWSS":[619.459,-10,-10,-10],
"GWSWRSSW":[134.052,-10,0,-10],
"0WRWSWWW":[676.321,614.499,-10,-10],
"RW0WSWGW":[180.632,239.618,-10,740.916],
"GWSRSWSW":[168.699,-10,-10,-10],
"0SSSWWRW":[646.318,-10,-10,533.59],
"0WRWSS0G":[646.78,587.382,-10,609.225],
"WWSR0W0G":[-10,-10,573.477,746.019],
"SWGWSSSS":[-10,683.996,-10,-10],
"SWGW0R0G":[-10,245.761,0,0],
"0GSWSS0R":[696.234,-10,-10,615.228],
"SS0WGWWW":[-10,653.093,763.402,-10],
"SW0GRGSW":[-10,0,372.476,-10],
"SWGW0W0G":[-10,735.035,560.978,477.472],
"GWRWSSWW":[773.284,509.969,-10,-10],
"0WWWGW0G":[-0.0579392,-10,0,-0.0738206],
"SS0SSSGG":[-10,103.942,-10,0],
"SS0R0WGS":[-10,553.483,61.8516,73.6242],
"RWWWSSGS":[62.9705,-10,-10,305.903],
"GR0G0WSW":[171.306,682.14,145.617,-10],
"SGGWSWSW":[-10,311.2,-10,-10],
"SW0WSSSG":[-10,585.573,-10,-10],
"RGSSGW0W":[465.18,-10,70.9341,111.595],
"SWSRWW0W":[-10,-10,-10,613.974],
"SRWWWWGG":[-10,-10,-10,128.446],
"WWSWSWGW":[-10,-10,-10,716.104],
"SW0W0G0G":[-10,631.701,731.7,698.07],
"0GWWSWSG":[685.473,-10,-10,-10],
"WWSW0SSW":[-10,-10,173.005,-10],
"0S0W0GSS":[493.563,670.2,737.66,-10],
"SR0W0GSG":[-10,125.234,0,-10],
"SGSWWWSS":[-10,-10,-10,-10],
"GW0WSGWW":[760.816,453.013,-10,-10],
"SSWW0WRW":[-10,-10,684.036,658.422],
"GWWWSS0R":[779.249,-10,-10,649.675],
"GW0W0WRW":[26.184,0,0,0],
"SS0SGWSS":[-10,137.723,682.016,-10],
"SWSR0SWW":[-10,-10,125.479,-10],
"0WRW0GSW":[474.193,491.488,708.987,-10],
"0WGW0WSW":[651.028,755.795,663.784,-10],
"WWSWSWRG":[-10,-10,-10,627.536],
"RWSW0WGG":[105.975,-10,494.586,0],
"0WGWSRWW":[139.489,722.168,-10,-10],
"RSSW0SSS":[85.1628,-10,-1.04,-10],
"0SSWSR0G":[144.32,-10,-10,477.373],
"WWSGSRSW":[-10,-10,-10,-10],
"WWSGRG0W":[-10,-10,165.375,0],
"SW0SWWSS":[-10,47.6776,-10,-10],
"SS0WSWSS":[-10,637.32,-10,-10],
"SS0WGGSS":[-10,257.061,814.727,-10],
"0WSWWWRW":[650.667,-10,-10,641.087],
"0SGGSSWW":[39.442,0,-10,-10],
"GSGWSSRS":[129.317,0,-10,0],
"RSSSWW0S":[248.408,-10,-10,0],
"SSRG0W0W":[-10,727.285,631.741,621.088],
"SSSSGWGS":[-10,-10,272.497,0],
"0WSW0RWW":[563.294,-10,636.37,-10],
"0SSG0SSS":[196.645,-10,0,-10],
"RWGSSWSS":[508.095,70.3995,-10,-10],
"WWSS0R0W":[-10,-10,651.264,663.849],
"0S0GGRSS":[443.293,0,0,-10],
"0GWWSSRG":[261.171,-10,-10,709.33],
"SSSSSS0W":[-10,-10,-10,551.935],
"SSSS0WSW":[-10,-10,614.901,-10],
"SWGW0W0S":[-10,744.04,621.453,495.978],
"0WSW0SWW":[679.381,-10,101.112,-10],
"SW0WGRSG":[-10,137.99,0,-10],
"SWGW0SGS":[-10,238.066,0,0],
"0RGW0SSW":[293.179,766.406,290.661,-10],
"RSSS0GGS":[71.8786,-10,0,0],
"SG0SSW0W":[-10,9.15895,-10,649.421],
"0GWWSW0G":[730.213,-10,-10,690.293],
"WWWWRWSW":[-10,-10,626.414,-10],
"0GSW0S0R":[492.12,-10,324.872,611.155],
"WW0R0W0G":[-10,0.336974,4.17596,0.145674],
"SS0RSWGW":[-10,29.878,-10,0],
"WWWW0SSW":[-10,-10,111.991,-10],
"0G0RSWSW":[712.729,613.189,-10,-10],
"GS0SSW0G":[707.543,0,-10,70.8035],
"SWGRWW0W":[-10,318.496,-10,555.148],
"0GSWGRWW":[15.7712,-10,0,-10],
"SWSW0R0S":[-10,-10,638.6,518.001],
"GR0WSW0S":[546.068,657.898,-10,417.659],
"SWSRSG0S":[-10,-10,-10,49.3933],
"SWSRSWSW":[-10,-10,-10,-10],
"SSGWRW0W":[-10,408.139,642.487,314.384],
"RG0WGWSS":[365.381,61.6511,10.0945,-10],
"SWSWSWWW":[-10,-10,-10,-10],
"RSSWSSSW":[146.905,-10,-10,-10],
"0WRWGSSS":[0,0,486.85,-10],
"0S0WSGSG":[106.247,0,-10,-10],
"SWGR0G0S":[-10,71.8478,281.562,0],
"RWSW0W0G":[610.867,-10,636.824,743.086],
"WWRSSSSS":[-10,81.3092,-10,-10],
"GWSR0S0W":[711.019,-10,183.907,71.7549],
"GSWWGWSW":[9.01,-10,124.004,-10],
"GW0W0R0W":[67.5462,12.7711,16.0507,59.8079],
"SW0WGS0S":[-10,659.426,528.401,342.908],
"SR0SSSSW":[-10,249.744,-10,-10],
"0G0SSWRW":[593.957,468.822,-10,659.638],
"WWSG0S0S":[-10,-10,7.83071,109.812],
"0RSG0W0G":[94.4272,-10,20.8669,573.302],
"GWSSSG0R":[74.8219,-10,-10,0],
"0SSGWWGW":[231.63,-10,-10,142.818],
"SS0SGWRG":[-10,0,192.398,0],
"SS0GSR0S":[-10,0,-10,61.2213],
"SWGGWWSS":[-10,768.951,-10,-10],
"SWWWSW0S":[-10,-10,-10,268.045],
"SGSS0G0R":[-10,-10,73.5457,0],
"WWGGSWWW":[-10,725.927,-10,-10],
"0SSGGWRW":[58.8436,-10,0,0],
"SW0RGS0S":[-10,627.455,177.789,44.4639],
"SGSSSSSS":[-10,-10,-10,-10],
"GW0SSW0R":[290.22,375.464,-10,677.499],
"SG0SSSSS":[-10,280.768,-10,-10],
"SSSGSSSG":[-10,-10,-10,-10],
"SG0W0R0S":[-10,342.984,109.631,592.51],
"GW0WSSRS":[477.587,649.913,-10,265.508],
"0SSGSRSW":[131.691,-10,-10,-10],
"SRSSSSSW":[-10,-10,-10,-10],
"SGSW0SRW":[-10,-10,0,137.733],
"0GSSGS0W":[45.7038,-10,81.2218,601.697],
"SSWWGG0R":[-10,-10,857.483,156.977],
"RSSGSSSW":[20.4544,-10,-10,-10],
"0WSW0R0W":[636.896,-10,614.867,656.462],
"SSWWGSSW":[-10,-10,126.349,-10],
"0RSSSSSG":[235.849,-10,-10,-10],
"0R0GGSSW":[364.919,0,0,-10],
"0W0SGSSR":[30.0495,0,53.4662,-10],
"SWWWRG0S":[-10,-10,361.544,636.479],
"WW0GSG0S":[-10,294.438,-10,18.6416],
"0WGGSWSW":[288.475,817.751,-10,-10],
"0GSWGSWW":[296.679,-10,0,-10],
"0RSSSW0W":[631.824,-10,-10,677.924],
"WWRWSWWW":[-10,623.982,-10,-10],
"0SRWSWSW":[380.621,642.061,-10,-10],
"0WRGWW0W":[23.9806,-1,-10,0],
"SWSG0S0S":[-10,-10,470.959,126.777],
"WWWWSRSW":[-10,-10,-10,-10],
"0R0SSSSW":[625.477,522.716,-10,-10],
"0S0GGSSS":[124.177,0,0,-10],
"SR0WSGSS":[-10,161.182,-10,-10],
"0G0G0SSS":[742.341,692.552,487.299,-10],
"SWSGWWSS":[-10,-10,-10,-10],
"0S0R0GSW":[351.872,396.561,727.335,-10],
"0WGGSW0S":[142.844,836.727,-10,218.97],
"RSGWSSSS":[65.0396,0,-10,-10],
"GWSS0RWW":[722.588,-10,279.126,-10],
"0WSSSWGR":[327.444,-10,-10,742.562],
"WW0SSR0G":[-10,45.403,-10,574.692],
"SW0S0WRG":[-10,348.612,395.527,734.566],
"SR0GSS0S":[-10,104.244,-10,0],
"WWSWRWGG":[-10,-10,0,217.149],
"GSSG0WSW":[29.9394,-10,63.5585,-10],
"0R0SSWSG":[370.884,86.032,-10,-10],
"SRSWSSSS":[-10,-10,-10,-10],
"0GSWSWSS":[689.035,-10,-10,-10],
"0RGWSG0S":[116.022,0,-10,0],
"0W0SSSSG":[644.559,344.865,-10,-10],
"SSSWSWRW":[-10,-10,-10,643.238],
"SS0WGGSR":[-10,285.006,0,-10],
"0WSG0WRG":[46.6421,-10,18.8093,309.765],
"WWRG0WSG":[-10,0,108.911,-10],
"SWSW0SSS":[-10,-10,366.708,-10],
"0G0WSGRW":[213.787,18.0031,-10,79.0191],
"0W0W0WSR":[645.533,632.154,659.93,-10],
"RGSWSW0S":[666.492,-10,-10,79.9829],
"SWSW0SRG":[-10,-10,19.3231,521.714],
"WWGWSGSW":[-10,597.742,-10,-10],
"SS0SSR0W":[-10,25.9177,-10,574.081],
"SSSWSGWW":[-10,-10,-10,-10],
"0G0GRWSW":[204.588,703.895,25.494,-10],
"SS0S0R0W":[-10,578.1,561.105,633.008],
"SR0SSW0W":[-10,63.5702,-10,649.466],
"0S0GSWSR":[523.426,71.5778,-10,-10],
"WW0RGWSS":[-10,199.542,742.216,-10],
"GSSWSS0R":[660.665,-10,-10,63.7237],
"SGSGRW0W":[-10,-10,0,67.2234],
"GW0WSW0W":[775.898,638.606,-10,662.428],
"SG0SWWSS":[-10,47.3791,-10,-10],
"SGSS0GWW":[-10,-10,695.938,-10],
"SGSRGWWW":[-10,-10,132.176,-10],
"RW0SSWGW":[19.311,0,-10,587.643],
"SWSSSSGG":[-10,-10,-10,259.227],
"GW0SSWSG":[17.3351,59.6087,-10,-10],
"SSSG0WRG":[-10,-10,79.8979,0],
"SRGWWWSS":[-10,658.288,-10,-10],
"0WGWSSSR":[636.891,119.846,-10,-10],
"GGSSSSSW":[139.494,-10,-10,-10],
"SS0WSRSS":[-10,613.754,-10,-10],
"0G0WSG0R":[121.805,98.5298,-10,397.442],
"SW0GSGSW":[-10,236.512,-10,-10],
"RW0WSGSG":[97.3749,0,-10,-10],
"SSGSSWSW":[-10,384.366,-10,-10],
"WWSW0W0W":[-10,-10,648.201,668.301],
"SW0SGRWW":[-10,288.598,742.102,-10],
"0GGWRWSW":[440.157,118.86,0,-10],
"RW0GWWSG":[47.4156,276.454,-10,-10],
"GG0SSWWW":[817.911,424.718,-10,-10],
"SWSWGGSS":[-10,-10,147.649,-10],
"0G0GSSSS":[619.639,724.74,-10,-10],
"WWGWSW0W":[-10,757.389,-10,580.374],
"SWRG0S0S":[-10,664.553,61.3958,0],
"0W0WSS0S":[582.732,576.351,-10,635.407],
"0GWWRWSG":[5.78456,-10,51.2154,-10],
"SWSSGSGW":[-10,-10,67.4329,0],
"GRWWSWSS":[710.874,-10,-10,-10],
"0WSWGSSG":[156.942,-10,0,-10],
"SSRGGW0S":[-10,377.745,0,0],
"0WSSGG0R":[44.527,-10,552.464,0],
"SSWW0GRS":[-10,-10,747.451,368.371],
"SSGWRWWW":[-10,252.75,579.349,-10],
"SG0WGW0R":[-10,43.9859,323.731,69.4368],
"GGSSSS0R":[155.279,-10,-10,0],
"GWWWRGSW":[99.0945,-10,59.6688,-10],
"SG0W0GRW":[-10,233.835,44.982,64.4146],
"SW0W0GGR":[-10,535,0,194.249],
"0WSWRSSW":[638.657,-10,216.914,-10],
"SSSS0GRW":[-10,-10,265.996,646.154],
"SGRS0WWW":[-10,112.471,358.828,-10],
"GWWWSSSG":[570.333,-10,-10,-10],
"WWWWSRGW":[-10,-10,-10,580.234],
"SWWWGRSS":[-10,-10,722.155,-10],
"0RGG0WSW":[627.742,275.848,97.8799,-10],
"GS0WSSSW":[543.659,652.335,-10,-10],
"0GSR0SSS":[198.128,-10,0,-10],
"SWGWWWSR":[-10,47.8146,-10,-10],
"0W0SSGRG":[85.5138,0,-10,0],
"SWSWSG0S":[-10,-10,-10,469.462],
"SGGW0SSW":[-10,140.24,0,-10],
"WWSW0SGG":[-10,-10,513.878,795.143],
"SSGG0WSW":[-10,787.838,454.561,-10],
"SS0GRGWW":[-10,647.075,193.927,-10],
"RWSGSWSS":[114.422,-10,-10,-10],
"SWSR0W0G":[-10,-10,540.935,725.464],
"0S0WSGSS":[367.831,643.79,-10,-10],
"0R0SSSSG":[153.66,0,-10,-10],
"SSGS0RWW":[-10,86.5157,560.845,-10],
"SW0RWWGW":[-10,166.72,-10,721.779],
"0SWWSSGS":[15.1672,-10,-10,208.814],
"GS0WSWRS":[0,416.188,-10,0],
"0GSRSS0G":[543.083,-10,-10,130.665],
"RWGWSSGW":[62.6434,0,-10,0],
"SGWWRWSW":[-10,-10,156.978,-10],
"SSGR0G0W":[-10,745.255,264.967,339.586],
"WWGRSWSS":[-10,620.234,-10,-10],
"0W0RSWWW":[681.752,620.39,-10,-10],
"RWSS0W0W":[645.324,-10,641.115,675.762],
"SRGS0W0W":[-10,449.48,130.41,62.4866],
"SWSSGGSR":[-10,-10,80.6985,-10],
"WWSSRSSS":[-10,-10,163.695,-10],
"SW0GRWSG":[-10,110.282,20.7081,-10],
"0GGW0RSS":[342.696,738.908,345.159,-10],
"SSSWGSWW":[-10,-10,139.17,-10],
"SSGS0WSW":[-10,711.726,576.445,-10],
"SS0S0R0G":[-10,223.58,131.819,665.388],
"SG0WRGWW":[-10,0,165.766,-10],
"0S0GRSSS":[92.0314,0,0,-10],
"GG0R0W0W":[0,0,0,51.5267],
"RWSSSS0S":[396.039,-10,-10,0],
"0GSWGW0R":[0,-10,428.251,0],
"RG0SSSSW":[72.1792,278.98,-10,-10],
"SG0WSRSW":[-10,423.968,-10,-10],
"0WSWSGGS":[462.154,-10,-10,0],
"SRSWSWWW":[-10,-10,-10,-10],
"SRGS0WSW":[-10,621.1,150.667,-10],
"0WSSRG0G":[241.746,-10,494.063,743.062],
"SW0G0WSR":[-10,740.475,503.947,-10],
"SSGW0S0S":[-10,71.0799,455.241,0],
"0SWWSWRS":[226.906,-10,-10,47.5444],
"GWSW0RGW":[98.8436,-10,0,447.071],
"GWSSSG0W":[319.581,-10,-10,631.939],
"SW0GSSWW":[-10,135.281,-10,-10],
"0RWWSSSG":[537.442,-10,-10,-10],
"GW0WSSGR":[733.904,0,-10,229.08],
"0SGGWWSW":[433.233,797.035,-10,-10],
"SWSWSGSR":[-10,-10,-10,-10],
"0SSWRWWW":[65.6589,-10,660.862,-10],
"SWGSSS0R":[-10,21.0988,-10,0],
"WWGWSW0S":[-10,767.662,-10,31.4036],
"WWGWSWSR":[-10,340.747,-10,-10],
"GGRW0WSS":[480.723,0,0,-10],
"SS0W0WSW":[-10,623.286,656.476,-10],
"0SGRSW0S":[312.704,141.579,-10,0],
"SS0WSWRS":[-10,623.911,-10,27.8535],
"SGSR0SWW":[-10,-10,69.4893,-10],
"0WSWWW0R":[659.369,-10,-10,610.811],
"RGSWGW0W":[115.986,-10,346.422,0],
"0WSGSGSS":[140.586,-10,-10,-10],
"0WSSSRGS":[426.406,-10,-10,0],
"SWSW0WSS":[-10,-10,665.16,-10],
"SW0SRGSW":[-10,41.8284,659.838,-10],
"RW0GSWGW":[0,42.4933,-10,0],
"SW0W0SGS":[-10,206.501,563.719,180.26],
"SRSS0S0W":[-10,-10,230.992,621.257],
"0RSW0S0S":[642.544,-10,294.716,530.888],
"RS0WWWSS":[642.596,571.858,-10,-10],
"RG0W0WSG":[0,0,255.99,-10],
"SS0SSWSW":[-10,354.073,-10,-10],
"0GSGSS0R":[231.858,-10,-10,0],
"SRSW0WSG":[-10,-10,412.588,-10],
"0WSWSGRG":[0,-10,-10,204.982],
"WWSWRS0G":[-10,-10,641.454,441.969],
"0G0SSRSW":[685.342,90.6103,-10,-10],
"SWWWRSSS":[-10,-10,81.9209,-10],
"GWRWSWWW":[687.648,121.822,-10,-10],
"GW0RSSSS":[728.634,51.8453,-10,-10],
"0WGWRW0W":[45.2402,0,-1,0],
"0RGSSS0W":[102.593,10.2512,-10,514.023],
"GWRWSSSW":[0,556.135,-10,-10],
"SSSWSG0G":[-10,-10,-10,337.104],
"0GSG0RWW":[203.682,-10,8.1338,-10],
"SSSSSSRS":[-10,-10,-10,203.28],
"SS0SGGSW":[-10,27.8761,185.898,-10],
"SRWWSSSW":[-10,-10,-10,-10],
"SRSG0WGW":[-10,-10,143.01,0],
"WWSSSRGW":[-10,-10,-10,581.982],
"SW0G0GRW":[-10,111.328,701.653,155.224],
"SS0SSW0G":[-10,44.2559,-10,699.55],
"WWSGGWWW":[-10,-10,366.901,-10],
"SS0W0S0R":[-10,462.46,63.2644,0],
"SRGWGW0W":[-10,0,81.4781,231.394],
"GS0WSSSR":[108.906,530.782,-10,-10],
"SRSW0G0W":[-10,-10,728.618,460.985],
"0RGWGWSW":[463.308,0,0,-10],
"SWSR0W0W":[-10,-10,637.526,671.668],
"GWRWSWSG":[31.0558,0,-10,-10],
"0SGSRWSW":[155.857,0,0,-10],
"GW0SSS0G":[757.675,301.967,-10,478.344],
"SRSS0WGG":[-10,-10,168.727,0],
"SW0SSW0S":[-10,391.018,-10,211.154],
"0SSWSWSR":[423.94,-10,-10,-10],
"GSRWWWSW":[425.787,0,-10,-10],
"SWGWGRSS":[-10,255.136,0,-10],
"0SWWRGSS":[-0.05,-10,0,-10],
"SSSG0SSW":[-10,-10,201.317,-10],
"0WGRSWWW":[348.509,719.436,-10,-10],
"SGWWSGSW":[-10,-10,-10,-10],
"0GSS0WRW":[728.477,-10,586.733,514.115],
"SSGR0W0S":[-10,744.926,172.219,65.5341],
"0GWW0W0G":[70.2413,-10,22.5013,25.5253],
"SW0WSSRS":[-10,634.428,-10,-4.09241],
"GSSSSW0G":[72.6497,-10,-10,545.445],
"WWSSRSWW":[-10,-10,90.8704,-10],
"SWRG0WSS":[-10,732.699,371.355,-10],
"SW0G0GSR":[-10,679.57,185.977,-10],
"0SSWSWRG":[579.992,-10,-10,0],
"0W0WRW0W":[207.61,246.839,-9.95362,211.959],
"SGSWRSSS":[-10,-10,-1.19,-10],
"0GSSSWSS":[584.555,-10,-10,-10],
"0RSSSSSW":[586.881,-10,-10,-10],
"RS0SSGSW":[72.0578,0,-10,-10],
"SRSGWW0G":[-10,-10,-10,86.8637],
"0W0WWWRG":[80.0115,0,-10,0],
"0W0WSWRG":[606.785,605.413,-10,708.046],
"GW0W0R0G":[48.7693,0,0,0],
"GW0WWWWW":[0,2.71046,-10,-10],
"0S0RSW0S":[433.494,650.745,-10,288.45],
"GWSSRSWW":[130.051,-10,0,-10],
"SS0R0S0S":[-10,467.3,161.051,122.596],
"0WSGSR0S":[94.1942,-10,-10,342.737],
"RGWW0W0G":[-1,-10,0,0],
"GWSWSGWW":[253.786,-10,-10,-10],
"0WWWSGRG":[99.5578,-10,-10,0],
"SWSWGSRW":[-10,-10,318.085,0],
"WW0GSGWW":[-10,685.141,-10,-10],
"GWGWSWWW":[537.107,0,-10,-10],
"SWSR0W0S":[-10,-10,689.256,433.957],
"SRSW0WGG":[-10,-10,56.0145,389.527],
"WWSGSW0S":[-10,-10,-10,79.9221],
"SWWW0WRW":[-10,-10,672.07,617.365],
"0WSSRSGW":[218.883,-10,261.567,765.775],
"SW0RSSWW":[-10,202.739,-10,-10],
"SW0SRG0G":[-10,0,0,245.745],
"WWSSSRSS":[-10,-10,-10,-10],
"GWWWSRGW":[141.839,-10,-10,0],
"GSSW0SGS":[36.6675,-10,0,0],
"RGSSSS0W":[702.552,-10,-10,93.9968],
"0SRG0WSS":[112.517,66.3706,616.522,-10],
"GWRSSW0W":[763.813,63.6246,-10,172.257],
"SWSSSS0G":[-10,-10,-10,656.349],
"SR0GWW0G":[-10,8.65224,-10,361.121],
"0S0WGWSR":[106.907,621.812,98.9026,-10],
"WWSS0G0W":[-10,-10,720.861,674.556],
"GSSW0WSW":[108.359,-10,607.525,-10],
"SRGWWWGS":[-10,52.0229,-10,0],
"GWSS0SSG":[9.01,-10,0,-10],
"RG0S0WSW":[21.5654,0,0,-10],
"GSSWWWRW":[319.095,-10,-10,0],
"WWSGSW0R":[-10,-10,-10,279.688],
"WWGGSSSW":[-10,828.522,-10,-10],
"0SWWSRSS":[39.3479,-10,-10,-10],
"WWGWSR0G":[-10,48.9764,-10,246.765],
"SSSWSS0S":[-10,-10,-10,390.698],
"SWRGGSSS":[-10,137.262,0,-10],
"WW0WGSSS":[-10,606.686,751.534,-10],
"0SSWGW0G":[489.537,-10,756.306,578.318],
"WWGGSR0S":[-10,84.6871,-10,0],
"GGSWSR0W":[0,-10,-10,45.7603],
"0WSSGR0G":[344.725,-10,385.983,735.288],
"SW0S0S0S":[-10,186.02,236.132,497.42],
"SSGW0G0R":[-10,394.031,737.684,448.638],
"SSGWWWSR":[-10,595.789,-10,-10],
"GWSWSGSS":[389.329,-10,-10,-10],
"SS0GGWWW":[-10,713.762,703.918,-10],
"GW0SSG0W":[218.514,542.949,-10,114.229],
"0RGWSW0S":[336.036,762.188,-10,262.751],
"GR0SSSWW":[744.478,291.131,-10,-10],
"WW0SSSSW":[-10,175.056,-10,-10],
"0G0GWWSR":[583.187,107.14,-10,-10],
"RWSGSW0S":[62.1727,-10,-10,189.423],
"WW0G0SSG":[-10,81.5864,497.978,-10],
"GSSW0W0S":[302.675,-10,640.22,236.435],
"WWSGSSGW":[-10,-10,-10,651.832],
"SWSWWWRS":[-10,-10,-10,128.591],
"SWRS0WSW":[-10,327.253,645.643,-10],
"SGWW0GSS":[-10,-10,561.235,-10],
"RG0G0SSW":[125.979,655.164,0,-10],
"0RGGSWWW":[174.658,30.6229,-10,-10],
"0G0SSWSG":[314.758,13.7939,-10,-10],
"0R0SSW0G":[331.083,457.611,-10,734.977],
"SR0WGGWW":[-10,32.0276,126.608,-10],
"SWWWGGSW":[-10,-10,700.185,-10],
"0SRG0WSW":[394.902,681.738,387.24,-10],
"GWSSRWGW":[639.092,-10,101.06,0],
"RSWWWWSW":[39.1821,-10,-10,-10],
"RW0WSS0G":[568.419,550.011,-10,716.098],
"RW0SSG0W":[0,56.2372,-10,631.259],
"GWSWSWSG":[16.4619,-10,-10,-10],
"SSSSGW0R":[-10,-10,167.85,621.87],
"0S0GSSSR":[110.491,0,-10,-10],
"RSSG0WWW":[-2.261,-10,536.225,-10],
"SSSSSW0W":[-10,-10,-10,644.983],
"RGSSSWSW":[570.658,-10,-10,-10],
"0GGWSSRS":[470.336,0,-10,0],
"WWGRGWSW":[-10,29.7347,0,-10],
"SSWW0WGR":[-10,-10,602.336,773.151],
"SWSSSGGW":[-10,-10,-10,96.418],
"0SSSRGWW":[11.633,-10,310.913,-10],
"RWSWSSGW":[613.765,-10,-10,118.616],
"WWGWGWSR":[-10,167.248,0,-10],
"GWSWSSGR":[179.231,-10,-10,0],
"WWSWGR0G":[-10,-10,404.198,0],
"GWGWSSSW":[733.584,282.204,-10,-10],
"GS0GSWSW":[501.595,152.38,-10,-10],
"0GSW0SSS":[703.873,-10,-5.78374,-10],
"RG0W0SSS":[721.857,167.664,115.427,-10],
"0WGSSWRW":[164.487,479.165,-10,0],
"SS0W0GRG":[-10,645.178,422.404,446.408],
"GWSSSRWW":[662.871,-10,-10,-10],
"0G0WSSSS":[730.853,640.686,-10,-10],
"0SSWSR0S":[212.147,-10,-10,442.682],
"GRGW0WSS":[754.923,226.18,201.421,-10],
"WWGG0RSS":[-10,853.795,330.815,-10],
"GGSWSS0S":[392.646,-10,-10,0],
"WW0WSSGS":[-10,143.093,-10,298.785],
"SGWW0SSG":[-10,-10,51.23,-10],
"RGSSSSWW":[684.898,-10,-10,-10],
"0W0WSWSR":[652.873,626.856,-10,-10],
"WWSWSGRG":[-10,-10,-10,87.1968],
"0G0SSRWW":[381.837,595.716,-10,-10],
"0SSS0SSW":[162.794,-10,226.662,-10],
"SWSSGW0R":[-10,-10,753.728,229.965],
"0WGWSWGR":[30.6276,0,-10,64.4588],
"GG0WSS0W":[849.046,647.929,-10,648.654],
"SWSWSGSG":[-10,-10,-10,-10],
"SWSWSSGW":[-10,-10,-10,700.736],
"RW0SSSSW":[625.641,193.353,-10,-10],
"0WSS0S0R":[580.303,-10,632.373,563.596],
"0RSS0S0G":[649.992,-10,537.145,713.947],
"SS0SSSGW":[-10,78.0437,-10,624.631],
"SGSWSS0W":[-10,-10,-10,645.232],
"0GRSSWWW":[458.891,637.217,-10,-10],
"GS0GSW0W":[555.814,0,-10,0],
"GWSRSS0W":[739.74,-10,-10,444.944],
"SRSW0SSG":[-10,-10,59.1575,-10],
"WW0GSSSR":[-10,720.93,-10,-10],
"0GGWSS0S":[718.252,660.629,-10,347.318],
"SGRW0W0W":[-10,464.802,517.467,652.279],
"SRSWSSSW":[-10,-10,-10,-10],
"0WSSGS0W":[614.854,-10,700.104,621.64],
"0WGR0GSS":[326.652,352.315,729.435,-10],
"0RSSSGSW":[373.805,-10,-10,-10],
"SWRSSW0W":[-10,176.831,-10,639.93],
"WWGWRSSW":[-10,137.693,493.327,-10],
"0WSGSRSW":[430.411,-10,-10,-10],
"GWSSSW0G":[525.389,-10,-10,729.753],
"0GSRWW0G":[67.297,-10,-10,594.329],
"0SGSSWSG":[84.8296,0,-10,-10],
"SWSWSGGS":[-10,-10,-10,74.5738],
"SR0SWWSS":[-10,108.647,-10,-10],
"SSSW0WGW":[-10,-10,642.195,737.558],
"RW0GSWSS":[373.777,701.377,-10,-10],
"SWSWGWSR":[-10,-10,221.49,-10],
"SWGWSWSS":[-10,693.231,-10,-10],
"0GRW0WSG":[94.1345,187.668,34.8758,-10],
"0SSWSGSG":[17.8328,-10,-10,-10],
"SGSSGWWW":[-10,-10,458.796,-10],
"0SSSGWSW":[67.6247,-10,632.013,-10],
"SWSGSR0W":[-10,-10,-10,254.548],
"SR0SGWWW":[-10,0,611.345,-10],
"0RSGSSSS":[223.331,-10,-10,-10],
"0G0SSGWW":[741.125,360.575,-10,-10],
"WWSSRS0W":[-10,-10,640.044,550.386],
"0W0W0R0W":[235.381,234.763,235.479,271.885],
"SG0G0W0W":[-10,726.902,560.899,561.899],
"0RSWGSSW":[0,-10,153.999,-10],
"SSSWGR0W":[-10,-10,369.018,659.348],
"0RSW0SGS":[117.338,-10,58.3743,656.413],
"SS0S0WGG":[-10,155.087,212.464,825.928],
"SS0WGR0S":[-10,520.866,728.135,584.447],
"0RSWGWSW":[47.1519,-10,0,-10],
"SSRW0GSW":[-10,471.026,717.769,-10],
"SS0R0GGW":[-10,209.095,739.047,409.489],
"SSSWSW0S":[-10,-10,-10,287.686],
"SGGR0W0W":[-10,62.7104,89.4538,21.9006],
"0GWW0GSR":[396.93,-10,12.2899,-10],
"GG0SSS0W":[827.462,578.599,-10,509.32],
"0RSS0GGW":[84.61,-10,259.635,762.62],
"WW0SSGGW":[-10,0,-10,215.873],
"GW0W0GSS":[734.248,617.638,526.707,-10],
"WW0SSWGG":[-10,32.0864,-10,0],
"SSSSSWSG":[-10,-10,-10,-10],
"0SSS0G0G":[449.83,-10,743.008,695.983],
"0G0G0WRW":[0,2.54855,0,0],
"SGWW0SSW":[-10,-10,134.782,-10],
"SS0RSW0S":[-10,619.01,-10,68.8918],
"SRGG0W0W":[-10,469.11,0,0],
"SWSWRWGG":[-10,-10,147.095,0],
"SSSWRWGG":[-10,-10,64.6723,0],
"0WWWWWSG":[589.888,-10,-10,-10],
"GWGRSW0W":[68.8366,76.4539,-10,312.471],
"0SSWSWSG":[405.95,-10,-10,-10],
"0GSS0SSR":[106.467,-10,22.2045,-10],
"SS0R0W0W":[-10,635.87,684.056,612.058],
"0G0WWWRW":[25.6633,2.20032,-10,-1],
"SWGG0WRW":[-10,230.103,0,0],
"0G0SWWSW":[377.507,0,-10,-10],
"0WGWGW0W":[0,188.934,52.3337,45.9784],
"0WRWGW0W":[46.3392,0,189.533,0],
"RGSWSSSG":[25.2218,-10,-10,-10],
"GSSSGW0R":[163.652,-10,0,0],
"SRSSSSSG":[-10,-10,-10,-10],
"SWSS0S0R":[-10,-10,487.96,596.509],
"SS0WGRSG":[-10,107.234,0,-10],
"0S0S0WSR":[104.147,595.872,244.973,-10],
"0SSWRG0W":[578.257,-10,376.025,252.105],
"SWSRSWGW":[-10,-10,-10,408.746],
"RSGSSW0W":[61.6992,154.18,-10,0],
"0SGWRWSW":[61.0706,734.292,63.7284,-10],
"RGWW0GSS":[360.529,-10,8.94892,-10],
"SWSSRSWW":[-10,-10,45.3551,-10],
"RW0SSSSG":[64.101,0,-10,-10],
"SWSGRWSW":[-10,-10,357.484,-10],
"0WWWRG0W":[4.86759,-10,-1,0],
"SSSR0GWW":[-10,-10,691.195,-10],
"RSSGSW0W":[93.0658,-10,-10,0],
"GW0WSR0S":[728.372,143.059,-10,154.724],
"RWSWSWGS":[0,-10,-10,343.049],
"GWWWSS0G":[755.76,-10,-10,706.882],
"0SWWSSSR":[58.9908,-10,-10,-10],
"WWSW0R0S":[-10,-10,329.248,0],
"0RSSSWSG":[405.54,-10,-10,-10],
"0S0WGRSS":[595.685,113.201,72.1824,-10],
"WWWWSWRG":[-10,-10,-10,648.428],
"GWGW0WSS":[750.443,737.146,636.666,-10],
"SSRWWW0W":[-10,487.509,-10,610.097],
"SS0WRW0G":[-10,582.297,658.764,586.098],
"GW0W0RSG":[441.086,90.8771,5.58881,-10],
"GG0WRWSW":[32.7379,313.795,81.3503,-10],
"WWGGSRSW":[-10,113.517,-10,-10],
"0W0WRSSW":[671.954,620.955,583.671,-10],
"SGSRSWSW":[-10,-10,-10,-10],
"0G0RSGSS":[74.3668,0,-10,-10],
"SGGR0WSW":[-10,147.829,60.4148,-10],
"GS0SSS0S":[85.6699,434.308,-10,29.7393],
"0RSWSGWW":[271.517,-10,-10,-10],
"SSWW0R0S":[-10,-10,600.962,644.247],
"SWGWGWRW":[-10,164.641,0,0],
"SGSSRWWW":[-10,-10,499.775,-10],
"0SSWWW0G":[637.104,-10,-10,730.953],
"0GSWRS0G":[72.0601,-10,0,612.917],
"0SSWSG0S":[32.978,-10,-10,553.681],
"SWSS0SRW":[-10,-10,197.064,657.381],
"0SSSRW0G":[335.246,-10,467.089,724.474],
"0G0R0GSS":[78.2006,580.759,3.2558,-10],
"0GSGSSSW":[413.295,-10,-10,-10],
"0WSWRG0S":[0,-10,58.1133,243.143],
"SGSSRWGW":[-10,-10,169.783,0],
"SRWWSSSS":[-10,-10,-10,-10],
"SSGSGWSW":[-10,67.6477,0,-10],
"SWWWGGRW":[-10,-10,288.131,63.0798],
"GWSSSWGW":[345.494,-10,-10,739.348],
"SS0RGS0S":[-10,662.586,72.477,146.168],
"SSRWGW0G":[-10,234.679,743.228,160.041],
"GSSWSS0W":[550.082,-10,-10,664.704],
"0S0R0GSS":[21.4905,616.307,135.751,-10],
"0SSRWWWW":[81.9479,-10,-10,-10],
"SWSR0S0G":[-10,-10,184.147,702.511],
"SSGWRGSW":[-10,0,207.373,-10],
"0RWWSGSW":[388.318,-10,-10,-10],
"SW0GRWGW":[-10,42.0624,0,211.697],
"0RGWSSGW":[84.39,0,-10,0],
"GW0SSWGW":[758.579,186.613,-10,295.394],
"SS0WGG0R":[-10,302.537,848.482,363.14],
"SW0RGGSW":[-10,0,434.632,-10],
"SW0G0GRS":[-10,0,638.223,34.5218],
"SWSSRWSW":[-10,-10,601.854,-10],
"GG0RSW0W":[829.194,46.4232,-10,129.622],
"WW0WGRWW":[-10,15.4499,0,-10],
"0SSS0GRS":[32.3225,-10,0,0],
"0WSW0SRG":[658.74,-10,291.421,412.838],
"SG0W0S0S":[-10,647.041,213.177,144.152],
"0SGR0WSS":[533.389,723.87,530.777,-10],
"0WGGSS0R":[79.1011,638.921,-10,0],
"WWWWRWSG":[-10,-10,266.771,-10],
"GW0WRSSW":[757.391,62.1485,174.756,-10],
"GWGSSWWW":[218.646,459.592,-10,-10],
"WWWWSRGG":[-10,-10,-10,197.798],
"0SWWSW0G":[243.446,-10,-10,0],
"SS0WGRGW":[-10,37.8256,716.691,44.0473],
"GS0SSGSR":[42.1483,0,-10,-10],
"SRWW0G0G":[-10,-10,675.734,195.033],
"SS0GSSSR":[-10,69.9362,-10,-10],
"0W0GSWRS":[636.28,311.314,-10,321.466],
"GWSWRS0W":[755.711,-10,153.042,123.725],
"SR0S0WGW":[-10,91.74,68.7558,737.432],
"SWWW0SSG":[-10,-10,62.8938,-10],
"SSSWSGSS":[-10,-10,-10,-10],
"RWGS0GSW":[60.5384,0,0,-10],
"GG0WSS0S":[829.099,536.891,-10,499.827],
"GGSS0S0S":[80.3086,-10,0,0],
"SGSWRW0G":[-10,-10,338.996,0],
"0W0SSRSS":[224.498,510.434,-10,-10],
"SW0WSWRS":[-10,638.251,-10,89.045],
"SS0SGW0R":[-10,169.849,760.941,337.444],
"SGSSSW0W":[-10,-10,-10,652.386],
"RSSWSWWW":[95.7577,-10,-10,-10],
"RWGWGWSS":[56.2932,694.15,0,-10],
"WWSGRWWW":[-10,-10,411.303,-10],
"WW0WSWGG":[-10,359.907,-10,785.686],
"SSSR0WSG":[-10,-10,164.928,-10],
"SWSW0RSW":[-10,-10,628.844,-10],
"SSSGGWSS":[-10,-10,68.6793,-10],
"GWSW0S0S":[735.031,-10,54.2417,358.856],
"SRWWWWSG":[-10,-10,-10,-10],
"WW0SSRSW":[-10,86.0896,-10,-10],
"RS0SSS0S":[340.358,0,-10,0],
"RWWWSG0S":[38.7018,-10,-10,413.277],
"GR0SSGWW":[59.5222,0,-10,-10],
"SSSS0GGR":[-10,-10,217.583,186.924],
"SW0SGWGW":[-10,571.976,141.931,74.304],
"SSSWSWSS":[-10,-10,-10,-10],
"WWSWGG0R":[-10,-10,32.5599,276.919],
"SW0SSG0W":[-10,21.2514,-10,642.153],
"0SSWWWGR":[637.812,-10,-10,452.511],
"0GSR0W0G":[635.589,-10,62.3992,165.618],
"SWRWSWSG":[-10,184.013,-10,-10],
"0SSG0WGW":[23.2704,-10,34.8805,662.038],
"0SWW0RSW":[109.35,-10,671.708,-10],
"GWSSSGWW":[706.065,-10,-10,-10],
"0WSS0SSS":[455.405,-10,265.337,-10],
"SSRWWW0S":[-10,250.145,-10,28.7132],
"0GSRSSSW":[559,-10,-10,-10],
"SS0WSSSG":[-10,445.045,-10,-10],
"0WGW0RSS":[646.934,783.525,657.91,-10],
"SW0W0SRS":[-10,258.803,567.219,132.052],
"SWRS0W0G":[-10,556.229,296.037,158.995],
"SS0GSG0R":[-10,9.90984,-10,0],
"0WSWSRGG":[47.5881,-10,-10,313.174],
"SR0S0SSG":[-10,23.36,0,-10],
"0GWWSSGR":[587.133,-10,-10,295.043],
"0S0GSWRS":[364.775,0,-10,0],
"0RSGSWSS":[380.823,-10,-10,-10],
"SWSW0SGR":[-10,-10,212.988,0],
"0WGWRGSW":[0,549.768,66.1026,-10],
"0WSGRSSS":[61.8361,-10,0,-10],
"WWSSSRGS":[-10,-10,-10,56.5946],
"SGSW0WRW":[-10,-10,427.572,130.082],
"0GSWRG0W":[457.239,-10,20.4835,39.4211],
"SRSWGWSS":[-10,-10,275.568,-10],
"0SGW0RSG":[22.058,0,0,-10],
"SW0R0GSG":[-10,455.344,0,-10],
"0WSWSGSG":[221.968,-10,-10,-10],
"RWSGSW0G":[103.961,-10,-10,0],
"WWGWSSSR":[-10,634.781,-10,-10],
"SW0GSSSS":[-10,709.856,-10,-10],
"0WSSWW0W":[669.264,-10,-10,683.573],
"RW0G0SSS":[465.047,725.792,452.593,-10],
"0GSR0S0W":[732.424,-10,354.457,237.694],
"GWSSSSRW":[704.823,-10,-10,58.9889],
"GW0W0GSR":[460.873,0,58.8455,-10],
"SG0WGSSW":[-10,57.4982,0,-10],
"GWWWSG0R":[0,-10,-10,432.697],
"SS0SWWRW":[-10,59.1917,-10,314.313],
"SGSRWW0G":[-10,-10,-10,32.6178],
"RWSWGWGW":[56.6829,-10,231.071,0],
"SSGW0W0R":[-10,774.822,605.397,501.158],
"0SRSSW0W":[619.395,106.353,-10,64.3532],
"GW0WSWGR":[425.693,0,-10,36.0475],
"SR0SWWSG":[-10,19.7206,-10,-10],
"0SSRGG0W":[57.958,-10,79.9695,0],
"SWSW0SWW":[-10,-10,80.0939,-10],
"0GGRSW0W":[677.166,70.2621,-10,107.888],
"0G0WRGSW":[417.505,54.5331,0,-10],
"SWSG0WRG":[-10,-10,0,166.992],
"WW0GSWGS":[-10,0,-10,19.0954],
"GWWWSR0S":[336.015,-10,-10,0],
"SGRGWW0W":[-10,217.582,-10,0],
"0WSSRGGW":[636.489,-10,171.763,187.653],
"WWSR0SSW":[-10,-10,-1.976,-10],
"SSSS0GRS":[-10,-10,0,101.887],
"0GRGWWSS":[108.331,664.689,-10,-10],
"RGSGWW0W":[159.267,-10,-10,24.0048],
"GRGS0SSS":[72.6539,0,0,-10],
"WWSSGRWW":[-10,-10,735.862,-10],
"SWSWRG0S":[-10,-10,623.004,56.0457],
"GGSW0WWW":[811.978,-10,380.686,-10],
"SW0GSRSS":[-10,436.335,-10,-10],
"0GSWRSSW":[92.598,-10,15.0249,-10],
"GW0RGWSS":[122.393,0,0,-10],
"SS0SSGSW":[-10,363.134,-10,-10],
"GSWWWWSG":[52.9449,-10,-10,-10],
"0WGGSSSS":[629.488,323.341,-10,-10],
"0GSGSWSS":[469.267,-10,-10,-10],
"GG0WSR0W":[546.527,34.9278,-10,183.999],
"GWWWSGSS":[618.252,-10,-10,-10],
"SGSS0WGW":[-10,-10,612.351,178.085],
"SWSGSW0G":[-10,-10,-10,498.214],
"SSWW0R0W":[-10,-10,633.541,648.139],
"SS0SWW0W":[-10,293.487,-10,561.244],
"SWGGWWWW":[-10,662.41,-10,-10],
"WWSGRWGW":[-10,-10,0,95.4472],
"WWSWSGSR":[-10,-10,-10,-10],
"0RSW0SGW":[273.676,-10,343.817,749.626],
"SSSSSW0S":[-10,-10,-10,404.275],
"0G0SSSRS":[144.594,0,-10,0],
"GR0S0SSW":[26.344,0,242.667,-10],
"0RSGSS0S":[164.592,-10,-10,0],
"SSRW0GWW":[-10,646.841,733.386,-10],
"GG0WSSRW":[840.428,212.774,-10,170.77],
"GWGWSWSS":[715.16,236.875,-10,-10],
"SRGWWWGW":[-10,0,-10,168.032],
"GWRWSW0G":[523.916,18.2432,-10,89.1835],
"SRGWSW0S":[-10,139.347,-10,0],
"0WSGSG0R":[123.441,-10,-10,0],
"0WGGRSSW":[208.082,12.1542,0,-10],
"WWGR0SSW":[-10,736.765,296.818,-10],
"SG0S0WGW":[-10,90.1458,0,493.029],
"SGWWSSSR":[-10,-10,-10,-10],
"SGSSGWSW":[-10,-10,342.171,-10],
"0WGWSG0R":[187.153,0,-10,0],
"0GGWSSSR":[56.4249,411.157,-10,-10],
"0SSG0RWW":[0.195111,-10,364.248,-10],
"0SGWWWSW":[635.581,704.606,-10,-10],
"GW0WSWRS":[238.822,140.423,-10,626.462],
"SS0WGSSW":[-10,649.267,495.708,-10],
"GS0WWWSR":[0,248.836,-10,-10],
"0S0SRWSG":[-0.05,326.89,0,-10],
"0GSW0GWW":[425.555,-10,585.742,-10],
"0WSSGGRW":[24.4196,-10,376.005,0],
"SSGS0W0R":[-10,75.6456,495.892,135.04],
"0GRGWWSW":[0,496.768,-10,-10],
"RWSWSGSW":[364.386,-10,-10,-10],
"GRSWWWGW":[147.722,-10,-10,0],
"SRWW0SSS":[-10,-10,150.022,-10],
"GGSW0RWW":[0,-10,12.0651,-10],
"RSSW0SSW":[145.548,-10,0,-10],
"GG0WSRWW":[131.275,24.7992,-10,-10],
"0RSWWWGS":[106.209,-10,-10,0],
"0GSWRWGW":[146.286,-10,475.056,98.9209],
"0RSW0GGW":[89.0233,-10,59.7792,703.755],
"SWGWRWSS":[-10,681.46,238.434,-10],
"SS0S0GSS":[-10,591.462,462.801,-10],
"GSSWSR0W":[0,-10,-10,131.531],
"RG0WWWSG":[26.1507,0,-10,-10],
"0SSSRWWW":[7.32472,-10,236.8,-10],
"SS0GWWRG":[-10,269.465,-10,33.3076],
"RGSS0SGW":[55.8626,-10,168.289,0],
"SW0SWWGR":[-10,-1.04,-10,152.099],
"SGWWSS0S":[-10,-10,-10,75.6405],
"0GSSSSRW":[726.198,-10,-10,364.535],
"GWWWSWSR":[662.915,-10,-10,-10],
"GSGRWWSS":[61.6544,0,-10,-10],
"WWWWGGSW":[-10,-10,744.856,-10],
"0WRG0WSW":[652.257,628.032,549.444,-10],
"SWSW0SGG":[-10,-10,60.7589,563.752],
"SSSW0GSS":[-10,-10,622.714,-10],
"WWGSSW0G":[-10,0,-10,160.216],
"SWSW0WGR":[-10,-10,409.366,720.491],
"SS0WWWRS":[-10,468.161,-10,53.2406],
"RG0GSSSW":[364.482,0,-10,-10],
"WWSWRGWW":[-10,-10,625.754,-10],
"0WSSGS0R":[259.075,-10,0,61.6627],
"0WGG0WWW":[11.3571,72.5327,23.1517,-10],
"GGRS0SSW":[75.4229,0,0,-10],
"SSSGSSGW":[-10,-10,-10,117.671],
"0SGG0WSW":[349.009,822.194,438.549,-10],
"WWGWSGWW":[-10,425.028,-10,-10],
"GRSSWW0G":[121.668,-10,-10,718.464],
"WW0WSGRS":[-10,473.863,-10,-1.19],
"0SSR0WGW":[544.997,-10,145.939,181.409],
"SSGWSRSS":[-10,136.601,-10,-10],
"0G0W0G0R":[1.97724,0,0,0],
"WWGWGWSW":[-10,182.917,549.332,-10],
"SSWW0WSG":[-10,-10,632.017,-10],
"SG0SSW0G":[-10,77.2166,-10,0],
"0G0W0WSW":[730.759,648.105,642.431,-10],
"SW0RGGSS":[-10,363.681,0,-10],
"WW0SSGSS":[-10,59.6829,-10,-10],
"GW0RWW0W":[0,7.22079,-10,0],
"SWGW0GRS":[-10,383.984,69.2482,60.7386],
"SSRG0WGW":[-10,3.12738,349.109,0],
"SSRWSS0S":[-10,441.124,-10,0],
"SSGSWW0W":[-10,95.5237,-10,423.948],
"SSSWGGRW":[-10,-10,84.6853,0],
"RW0W0GWW":[-1,0,0,-10],
"0SWW0GSR":[-1.04,-10,519.436,-10],
"0GGRSS0W":[730.934,289.936,-10,239.017],
"WW0RSGGW":[-10,58.915,-10,0],
"GWSSSGSW":[520.634,-10,-10,-10],
"GR0GWWSS":[244.023,689.423,-10,-10],
"0WWWGSSR":[179.405,-10,0,-10],
"SR0W0S0S":[-10,312.559,553.402,96.074],
"SSSGGW0R":[-10,-10,197.432,0],
"0S0SGWSG":[122.267,0,0,-10],
"WWRSSGGW":[-10,-1.19,-10,0],
"SSSSSWSR":[-10,-10,-10,-10],
"0RSWSGSW":[521.153,-10,-10,-10],
"SRSSSWSS":[-10,-10,-10,-10],
"WWRGSS0S":[-10,205.075,-10,-1.04],
"RWGWSSSS":[600.874,0,-10,-10],
"0WSW0GGR":[253.285,-10,627.195,74.5116],
"GW0R0SSG":[70.5968,0,0,-10],
"GRSSSS0W":[706.209,-10,-10,376.744],
"SGGW0WRW":[-10,0,25.7538,119.439],
"RGWWWWSG":[59.7816,-10,-10,-10],
"SW0SSG0G":[-10,-1.04,-10,230.159],
"SG0WSSSR":[-10,248.213,-10,-10],
"SWSG0GSW":[-10,-10,430.006,-10],
"0GWWSGSR":[146.339,-10,-10,-10],
"SGSRSWWW":[-10,-10,-10,-10],
"GWGRSW0S":[0,34.2682,-10,60.9874],
"SRSSSGSS":[-10,-10,-10,-10],
"GGWWSS0S":[811.384,-10,-10,625.433],
"SWWW0GGW":[-10,-10,389.716,752.22],
"0SGWSWSG":[23.0116,534.6,-10,-10],
"WWSSGW0W":[-10,-10,756.452,666.6],
"0SGW0RSS":[303.385,372.613,657.234,-10],
"RG0WSW0G":[94.1229,335.717,-10,28.7179],
"0WRSSGSS":[164.967,0,-10,-10],
"SRSSSS0S":[-10,-10,-10,293.334],
"WW0G0GWW":[-10,120.878,38.1906,-10],
"GR0WSSSS":[737.556,169.359,-10,-10],
"SG0RWW0W":[-10,597.888,-10,470.873],
"SRSWSW0S":[-10,-10,-10,373.048],
"0G0WRWWW":[1.85449,0,0,-10],
"0WGGSSWW":[538.947,789.523,-10,-10],
"0SWWSG0S":[195.808,-10,-10,0],
"SS0GSWSG":[-10,449.256,-10,-10],
"0G0GSSSW":[731.332,677.125,-10,-10],
"SR0SWW0G":[-10,49.9462,-10,492.33],
"SSGW0SSW":[-10,91.2216,480.504,-10],
"SRGSWWWW":[-10,46.4017,-10,-10],
"SSSRSGSW":[-10,-10,-10,-10],
"GRSS0SWW":[105.097,-10,0,-10],
"0GRWSWSS":[587.635,634.71,-10,-10],
"SW0WRW0G":[-10,516.259,437.172,711.879],
"RS0W0GSW":[295.329,613.266,169.698,-10],
"GW0RSSSW":[509.549,648.56,-10,-10],
"GRWWSWSW":[562.939,-10,-10,-10],
"SG0SWWGR":[-10,0,-10,53.8481],
"GWGWSS0R":[736.75,144.179,-10,237.31],
"SWSG0WRW":[-10,-10,631.972,376.283],
"SGSSSWSS":[-10,-10,-10,-10],
"RWGSSSWW":[451.467,0,-10,-10],
"SG0W0WRS":[-10,90.5569,269.238,588.665],
"0GSWSRSS":[576.814,-10,-10,-10],
"0GSR0WGW":[580.724,-10,0,144.216],
"WWSWSW0R":[-10,-10,-10,585.547],
"GW0WRGSW":[451.41,0,16.8442,-10],
"0G0R0SSS":[726.569,143.412,160.267,-10],
"0WSRSS0G":[393.1,-10,-10,725.785],
"SGRSSSSW":[-10,28.3793,-10,-10],
"WWSW0SSG":[-10,-10,46.8207,-10],
"SWSS0GSG":[-10,-10,267.439,-10],
"0WSS0SGR":[647.097,-10,390.693,451.829],
"0S0S0RSS":[44.2722,282.585,554.296,-10],
"0GSW0GRW":[0,-10,0,234.532],
"0WSSRSWW":[581.472,-10,66.0394,-10],
"RS0GSWSW":[316.007,0,-10,-10],
"0R0WWWSG":[483.865,632.955,-10,-10],
"0GSWSR0G":[104.758,-10,-10,654.016],
"SWSWGWRW":[-10,-10,77.7882,566.727],
"GSSWSSRS":[146.374,-10,-10,0],
"0W0G0R0W":[140.537,227.402,115.48,134.796],
"RWSS0S0G":[538.496,-10,349.641,722.944],
"SGWWSSSS":[-10,-10,-10,-10],
"0W0R0WWW":[177.352,186.294,216.8,-10],
"SGSSWW0S":[-10,-10,-10,54.1328],
"GW0WRWSG":[143.635,0,0,-10],
"SW0WSW0R":[-10,591.51,-10,114.106],
"0WWWSR0S":[569.669,-10,-10,643.505],
"SWGRWW0G":[-10,96.2642,-10,0],
"WW0S0SSS":[-10,169.898,344.424,-10],
"0WSWRS0S":[413.11,-10,287.702,593.554],
"0SSWSWGW":[337.215,-10,-10,749.643],
"0SWWRWSG":[7.86204,-10,288.941,-10],
"0GWWSSRS":[358.737,-10,-10,632.367],
"0GSS0S0S":[129.66,-10,34.2645,591.429],
"SWSSSGSG":[-10,-10,-10,-10],
"0S0RSS0W":[117.488,76.8508,-10,603.015],
"SG0R0WGW":[-10,0,27.4959,298.599],
"GWWW0SSG":[302.991,-10,42.1102,-10],
"SSSGGS0R":[-10,-10,124.027,0],
"GRSWSSSW":[92.6558,-10,-10,-10],
"SR0G0WGW":[-10,64.3802,94.8025,505.336],
"SW0WGGSS":[-10,448.425,824.133,-10],
"SWSGWWSG":[-10,-10,-10,-10],
"WWSSSGGW":[-10,-10,-10,694.441],
"SWRW0GSG":[-10,0,334.347,-10],
"GWSGSWRW":[22.5865,-10,-10,0],
"GSRS0WSW":[40.5652,0,0,-10],
"0GSW0R0G":[84.5321,-10,286.679,737.073],
"SS0GSGSW":[-10,173.923,-10,-10],
"0SSGSS0W":[570.095,-10,-10,178.96],
"SW0WRG0G":[-10,323.427,0,0],
"SW0WGRWW":[-10,433.681,777.024,-10],
"GWSRSSWW":[694.807,-10,-10,-10],
"SSGSRWWW":[-10,244.748,0,-10],
"SGSRSS0S":[-10,-10,-10,-1.04],
"RSSSGW0S":[-0.2,-10,199.269,0],
"0WSGSWWW":[626.577,-10,-10,-10],
"SSSWGWGW":[-10,-10,745.314,305.061],
"SWRGWWWW":[-10,532.509,-10,-10],
"0RSWWWGG":[107.4,-10,-10,737.367],
"0SRS0SSW":[405.962,0,0,-10],
"SWGWRG0W":[-10,0,0,142.251],
"0WWWSGRS":[25.5591,-10,-10,310.821],
"SSWWRSSS":[-10,-10,43.4136,-10],
"0WSSSRSS":[453.864,-10,-10,-10],
"WW0WGGSR":[-10,175.28,75.4456,-10],
"0SGSSW0W":[176.323,231.469,-10,643.957],
"0GWWGWSR":[245.503,-10,52.6127,-10],
"SRGWGWSS":[-10,136.819,0,-10],
"0RSWSSSG":[490.377,-10,-10,-10],
"GS0RSWWW":[62.0503,0,-10,-10],
"GG0WWWSR":[0,151.52,-10,-10],
"WWWWSSGS":[-10,-10,-10,289.332],
"RWGWSG0W":[176.677,51.1622,-10,0],
"SGWWRWGW":[-10,-10,26.6518,0],
"0WSR0S0S":[646.002,-10,180.78,155.443],
"0GSW0SSG":[404.053,-10,-1.04,-10],
"0S0RSSSW":[464.082,286.111,-10,-10],
"RS0SWWSW":[142.976,-0.240813,-10,-10],
"SWSSSWRS":[-10,-10,-10,71.1201],
"0GSSWWGR":[215.666,-10,-10,748.934],
"0W0WGSSG":[0,385.528,62.044,-10],
"GGWWSWRW":[0,-10,-10,110.347],
"GWSWRWGW":[301.691,-10,61.1004,0],
"GRSWGW0W":[271.579,-10,74.4138,61.5531],
"0W0WGWRW":[18.0286,0,111.175,0],
"SSSR0GSW":[-10,-10,488.432,-10],
"0WGWSWGS":[149.338,65.8793,-10,488.827],
"SW0GSS0S":[-10,705.517,-10,63.7301],
"SW0S0SSR":[-10,439.059,99.3316,-10],
"SGWWSW0S":[-10,-10,-10,-1.976],
"SGGWSRSW":[-10,48.9287,-10,-10],
"SS0SGS0S":[-10,513.043,32.7539,62.6867],
"SS0G0WGR":[-10,504.175,0,53.6691],
"SRGW0WGW":[-10,273.626,62.0511,0],
"RGGW0WSS":[720.038,253.285,159.023,-10],
"WWSRSWGW":[-10,-10,-10,268.5],
"GSSGWW0W":[227.944,-10,-10,0],
"SW0G0RGW":[-10,52.8983,64.9492,380.671],
"SWGRWW0S":[-10,290.815,-10,-1.04],
"0W0WWWSR":[651.803,638.691,-10,-10],
"SSSSSG0R":[-10,-10,-10,157.02],
"0RSWSG0S":[454.232,-10,-10,82.1513],
"SGRWSSSW":[-10,110.252,-10,-10],
"SW0WRSSG":[-10,119.006,0,-10],
"GSSS0R0W":[0,-10,519.985,210.47],
"SWSSRGSW":[-10,-10,556.799,-10],
"SG0W0RSG":[-10,0,63.5902,-10],
"SS0W0G0G":[-10,623.936,741.34,713.994],
"GG0SSWSW":[275.174,-1.04,-10,-10],
"0S0RSGSW":[403.89,132.499,-10,-10],
"0RGSSWSW":[629.261,149.149,-10,-10],
"RWSW0SSW":[635.359,-10,-2.8184,-10],
"SGGR0WSS":[-10,199.399,0,-10],
"SS0SGSSW":[-10,115.961,431.161,-10],
"SW0GWWSW":[-10,701.192,-10,-10],
"GS0WGWSW":[18.7923,42.0157,639.905,-10],
"SS0WRWSW":[-10,595.268,657.723,-10],
"0WSG0GSS":[88.8627,-10,0,-10],
"SW0SSSSS":[-10,327.719,-10,-10],
"GW0WSSSG":[741.197,183.14,-10,-10],
"GSWWSWSR":[44.8501,-10,-10,-10],
"RSGW0GSS":[357.899,0,73.6857,-10],
"WWWWSWGW":[-10,-10,-10,683.934],
"RWSWSG0G":[327.368,-10,-10,0],
"0GSSSRSS":[172.038,-10,-10,-10],
"SGGS0W0W":[-10,508.501,0,103.962],
"SSRSSW0W":[-10,86.6579,-10,564.037],
"SSSSSGSS":[-10,-10,-10,-10],
"GWSRSGWW":[69.8561,-10,-10,-10],
"WWSSRG0G":[-10,-10,190.482,732.625],
"0R0GSS0S":[166.786,739.003,-10,126.126],
"0WRGSGWW":[47.936,133.842,-10,-10],
"0R0GSWGS":[115.88,0,-10,0],
"GWGRSSSS":[71.7987,0,-10,-10],
"GRSW0GWW":[117.661,-10,0,-10],
"RW0SSGSG":[65.3039,0,-10,-10],
"SS0WGSSG":[-10,417.292,0,-10],
"0SSRSWWW":[166.29,-10,-10,-10],
"SW0SGS0R":[-10,5.09515,627.773,61.9278],
"GW0GSS0R":[747.005,453.526,-10,185.826],
"SW0WSR0G":[-10,0,-10,-0.05],
"SSSW0RGS":[-10,-10,413.117,0],
"SSSRSS0S":[-10,-10,-10,208.454],
"WWSGSGWW":[-10,-10,-10,-10],
"SSSR0WSW":[-10,-10,640.085,-10],
"0R0S0SSG":[248.07,0,0,-10],
"SS0WSGSR":[-10,317.773,-10,-10],
"0SSGWW0G":[158.357,-10,-10,625.513],
"GSSR0W0S":[61.0682,-10,0,0],
"0G0WSWSS":[726.278,633.046,-10,-10],
"0GSSSSGS":[503.244,-10,-10,68.9788],
"GR0WWWSS":[752.192,624.062,-10,-10],
"0R0GSGSW":[62.4629,570.293,-10,-10],
"SWRGGS0S":[-10,179.064,0,0],
"SSSSSSSS":[-10,-10,-10,-10],
"0W0WGGSW":[545.238,534.751,818.45,-10],
"GSSGSW0W":[452.371,-10,-10,0],
"WWSSRWGW":[-10,-10,470.712,771.856],
"0WGRSSGW":[0,354.55,-10,0],
"0G0GWWSS":[704.892,719.086,-10,-10],
"SG0SRG0W":[-10,51.1125,0,0],
"0WSGRW0W":[474.976,-10,666.017,429.681],
"0WRW0GSG":[59.1639,57.0628,203.336,-10],
"SWSSSG0R":[-10,-10,-10,370.555],
"RSSS0WSW":[50.9288,-10,602.818,-10],
"0SSSGR0W":[117.219,-10,736.906,162.076],
"0WSWSSRS":[613.229,-10,-10,215.467],
"0W0G0W0W":[232.076,222.374,230.397,230.424],
"0S0GSW0R":[356.745,0,-10,0],
"SS0RSWSS":[-10,626.644,-10,-10],
"0RSG0SWW":[418.582,-10,52.6747,-10],
"WWRSSW0G":[-10,35.6013,-10,508.672],
"0SSG0GRS":[45.8966,-10,0,0],
"RWWWSS0W":[638.879,-10,-10,658.095],
"RWSS0S0W":[583.703,-10,474.794,652.64],
"SWSSRGSS":[-10,-10,134.676,-10],
"0SRW0GSG":[0,28.0479,0,-10],
"SGRW0G0S":[-10,0,69.1498,0],
"RWGGSS0W":[58.8033,0,-10,170.056],
"SG0G0WSW":[-10,719.829,544.595,-10],
"0W0RGGSW":[0,205.785,0,-10],
"0GSGRS0W":[71.9409,-10,0,0],
"GS0SSW0W":[581.011,392.103,-10,663.753],
"0SGWWWSG":[114.528,679.153,-10,-10],
"0SSWSS0R":[468.38,-10,-10,368.965],
"0WSG0S0W":[665.877,-10,617.936,632.446],
"WWSSSS0S":[-10,-10,-10,62.3765],
"SWWWRWGG":[-10,-10,142.364,0],
"GWSW0WGR":[473.913,-10,26.9069,0],
"SWSWSRSW":[-10,-10,-10,-10],
"SG0WWWRS":[-10,374.745,-10,-2.261],
"SSWWGWGR":[-10,-10,642.332,71.9656],
"SR0S0GSG":[-10,0,38.6821,-10],
"SSSS0GGW":[-10,-10,491.762,755.754],
"SSSR0WGG":[-10,-10,55.4868,0],
"0WSGSG0S":[160.409,-10,-10,-0.05],
"SSSG0SWW":[-10,-10,38.0264,-10],
"SSRG0GWW":[-10,180.44,727.044,-10],
"SWGRWWSG":[-10,37.8907,-10,-10],
"0SSWGRGW":[62.2441,-10,0,0],
"0WSW0WGW":[675.312,-10,660.431,777.784],
"SGWWSSRS":[-10,-10,-10,-1.19],
"0S0GSWSW":[535.192,692.527,-10,-10],
"WW0GSRGW":[-10,171.474,-10,32.6444],
"0SSWGSSS":[317.416,-10,0,-10],
"SSRGWWSS":[-10,670.057,-10,-10],
"SGWWGW0R":[-10,-10,0,344.678],
"0W0SSGGR":[36.7857,0,-10,0],
"SWGGRW0S":[-10,48.0377,0,0],
"0SGSWWSR":[26.2443,0,-10,-10],
"SRWW0WGS":[-10,-10,82.2695,387.826],
"WWSS0SSR":[-10,-10,72.2476,-10],
"0SSRSWGS":[59.1602,-10,-10,0],
"GW0WRSSS":[738.781,0,61.4608,-10],
"0WRWGSSG":[0,81.904,0,-10],
"0S0WSSRS":[292.966,579.029,-10,41.1486],
"SWSS0SSS":[-10,-10,353.57,-10],
"SW0GSG0S":[-10,384.296,-10,-1.04],
"0SGG0WSS":[533.053,816.429,495.684,-10],
"0WSGSGWW":[504.263,-10,-10,-10],
"0G0S0SSR":[0,57.9816,17.7554,-10],
"0GSSSRWW":[696.439,-10,-10,-10],
"GRSG0SWW":[67.7222,-10,0,-10],
"GWGWRWSS":[622.336,39.1665,116.418,-10],
"RW0SSW0G":[63.2528,137.836,-10,711.614],
"0W0WWWSW":[660.695,642.963,-10,-10],
"0SSRSSSS":[273.672,-10,-10,-10],
"0SSW0WSR":[47.414,-10,643.439,-10],
"WWSG0WGW":[-10,-10,452.159,769.55],
"SS0R0WSW":[-10,628.348,654.088,-10],
"SWSW0GRG":[-10,-10,517.533,105.624],
"0W0SSSRG":[648.277,128.106,-10,183.907],
"0GGWSWSR":[633.62,79.3769,-10,-10],
"SWSWRWSW":[-10,-10,652.438,-10],
"SW0SSGWW":[-10,41.7012,-10,-10],
"SR0W0WGS":[-10,74.6593,47.5663,622.171],
"GR0WGWSS":[27.8337,29.705,432.798,-10],
"SGSS0R0G":[-10,-10,155.454,322.29],
"SWRG0WSG":[-10,298.186,0,-10],
"SWSG0SRW":[-10,-10,53.8667,370.784],
"0SSS0RGW":[370.592,-10,357.326,769.929],
"GWSWSRWW":[214.696,-10,-10,-10],
"0SSGSSWW":[66.9833,-10,-10,-10],
"0SWWGRSS":[-0.05,-10,68.5404,-10],
"SWWWSG0S":[-10,-10,-10,-5.42571],
"0WSGSWSR":[398.011,-10,-10,-10],
"0WRSSSSS":[538.339,0,-10,-10],
"0W0RGSSS":[520.63,62.3785,68.6046,-10],
"GWSSSWSS":[415.894,-10,-10,-10],
"SGSSGS0W":[-10,-10,71.0482,0],
"SGSR0WSS":[-10,-10,87.5727,-10],
"SS0SSGRW":[-10,-1.04,-10,0],
"WWSG0WGR":[-10,-10,215.739,0],
"SGWWSWSS":[-10,-10,-10,-10],
"SG0SSS0W":[-10,10.4949,-10,634.081],
"0W0GWW0W":[232.008,164.809,-10,134.261],
"SWSRWWSW":[-10,-10,-10,-10],
"SSRWGSSS":[-10,122.189,0,-10],
"SSGG0W0W":[-10,830.845,605.951,617.485],
"GWWW0GSS":[638.114,-10,472.873,-10],
"0SSWSG0R":[56.9496,-10,-10,459.901],
"GW0RSWGS":[72.0262,0,-10,0],
"SWSRGW0W":[-10,-10,504.113,655.57],
"WWRW0GSG":[-10,24.3659,109.34,-10],
"0GGRSWWW":[423.645,0,-10,-10],
"SWSSSWGG":[-10,-10,-10,85.9792],
"RSWW0GSS":[0,-10,568.776,-10],
"GS0WWWSG":[261.865,58.6356,-10,-10],
"RWSGWWWW":[178.289,-10,-10,-10],
"SSGW0GSW":[-10,750.58,530.562,-10],
"RSSSSS0G":[66.3964,-10,-10,0],
"SSSG0WSR":[-10,-10,44.5609,-10],
"0GWWSRGS":[154.326,-10,-10,0],
"SWSSRS0S":[-10,-10,327.311,25.3267],
"SS0GRW0W":[-10,724.182,584.729,562.654],
"0GRSSSSS":[197.153,0,-10,-10],
"0WSW0RSG":[69.4,-10,-0.05,-10],
"WWSGGR0W":[-10,-10,137.032,0],
"GSSSSSRS":[71.6047,-10,-10,0],
"SSWWSRSS":[-10,-10,-10,-10],
"SSSRGSGW":[-10,-10,71.1506,0],
"SSGS0W0S":[-10,0,0,372.375],
"GSSWWWSS":[47.2207,-10,-10,-10],
"RWSGWW0G":[115.571,-10,-10,0],
"0W0WRWGW":[0,0,-1,91.9361],
"SSSGSW0G":[-10,-10,-10,639.92],
"0SSS0GGS":[345.283,-10,72.2163,0],
"0SWWSRSG":[10.4298,-10,-10,-10],
"GWGRWWSS":[250.815,0,-10,-10],
"SSGW0G0S":[-10,671.525,736.143,484.33],
"SSSWSWGR":[-10,-10,-10,235.146],
"GGWWSWSR":[236.51,-10,-10,-10],
"0WGS0SSW":[625.612,572.428,352.773,-10],
"WWSGSG0S":[-10,-10,-10,16.5784],
"GW0RSGWW":[0,307.574,-10,-10],
"SRSSSWSW":[-10,-10,-10,-10],
"0R0SSWGW":[638.683,174.953,-10,232.489],
"SG0GWW0R":[-10,130.096,-10,0],
"0G0SSSGW":[736.375,375.169,-10,615.673],
"SSWW0S0R":[-10,-10,222.266,0],
"WW0SSSSS":[-10,62.061,-10,-10],
"0RSSSWGW":[317.807,-10,-10,767.057],
"GSSS0W0R":[193.376,-10,58.7079,569.697],
"SGWW0G0R":[-10,-10,183.766,385.048],
"GW0SSRSS":[0,120.178,-10,-10],
"0GWWRGSW":[16.525,-10,0,-10],
"SSSW0GGR":[-10,-10,327.614,75.8855],
"GGSS0R0W":[680.687,-10,49.5651,63.5332],
"GWSS0S0R":[54.5184,-10,415.205,29.2273],
"SWRS0G0S":[-10,40.3754,0,0],
"WWRWSG0G":[-10,0,-10,142.933],
"0G0WSRGW":[149.694,0,-10,40.3082],
"0GGWSRSS":[98.6601,0,-10,-10],
"0GSWWWRG":[58.917,-10,-10,476.408],
"SWGSSSWW":[-10,24.4171,-10,-10],
"SG0WSSSS":[-10,603.909,-10,-10],
"SWGWWWRS":[-10,349.445,-10,0],
"SRSW0SWW":[-10,-10,60.4834,-10],
"SWSSSGRG":[-10,-10,-10,130.667],
"SWSW0WRS":[-10,-10,210.055,548.084],
"SSRS0WSW":[-10,587.914,416.897,-10],
"SSWW0SSR":[-10,-10,172.314,-10],
"0GRW0SSW":[674.876,171.316,53.6486,-10],
"0SSSWWGR":[645.541,-10,-10,323.636],
"SWSW0GGS":[-10,-10,622.791,66.0502],
"GSSW0S0S":[0,-10,0,225.916],
"RWSWGW0G":[0,-10,0,647.098],
"0W0GRWSG":[0,33.5406,113.752,-10],
"0G0WSW0R":[739.664,630.138,-10,650.407],
"SS0GRWSS":[-10,325.951,650.087,-10],
"SW0SSRGW":[-10,-1.04,-10,140.851],
"SWGSRSGW":[-10,0,2.01825,0],
"SWSSSSRW":[-10,-10,-10,616.742],
"0GSWRW0S":[-0.05,-10,0,165.97],
"GWSWGW0R":[128.943,-10,0,0],
"SSRS0GWW":[-10,595.534,324.823,-10],
"RGWWGWSS":[249.733,-10,0,-10],
"0SSWSGSS":[250.358,-10,-10,-10],
"GR0WSW0G":[676.78,0,-10,182.88],
"RSWWSWSG":[45.6321,-10,-10,-10],
"GS0GSS0S":[680.88,285.395,-10,25.458],
"SSRW0GSS":[-10,655.545,246.986,-10],
"WWRWSWGG":[-10,53.1595,-10,0],
"0GSGSSRW":[317.042,-10,-10,63.3735],
"0SSSSGRW":[58.8039,-10,-10,0],
"SWWW0W0G":[-10,-10,664.611,712.787],
"0G0GSWSR":[650.895,125.792,-10,-10],
"RWGWSW0G":[129.619,0,-10,0],
"0WRWSSGW":[423.062,452.573,-10,762.951],
"SSSSGG0W":[-10,-10,805.302,353.701],
"SSSWRG0S":[-10,-10,346.509,0],
"GSRSSSGS":[57.557,0,-10,0],
"RWGWSS0S":[58.9734,491.927,-10,0],
"SSSWSSGS":[-10,-10,-10,320.969],
"WWRGSW0G":[-10,4.13354,-10,0],
"SS0GRW0S":[-10,0,0,369.787],
"RSSSSWSW":[360.721,-10,-10,-10],
"0G0W0WSR":[718.479,630.813,622.911,-10],
"SWSGGSSW":[-10,-10,18.2611,-10],
"RW0WSS0W":[644.09,641.16,-10,666.015],
"SR0S0SGW":[-10,7.97182,0,0],
"SRSS0S0S":[-10,-10,254.966,0],
"SWGSSGSS":[-10,9.01,-10,-10],
"RGGWSWSS":[85.8199,0,-10,-10],
"SS0GGW0R":[-10,342.68,757.022,209.953],
"SRWWSSSG":[-10,-10,-10,-10],
"SSSS0SGG":[-10,-10,154.752,0],
"0G0RSWSS":[719.381,636.464,-10,-10],
"SG0WSSRS":[-10,148.15,-10,0],
"SR0SGG0W":[-10,63.683,0,0],
"SWGGRWWW":[-10,35.9163,0,-10],
"0SSWSRWW":[149.307,-10,-10,-10],
"RG0SSWSW":[674.33,73.7101,-10,-10],
"WWSG0SRW":[-10,-10,316.231,85.2342],
"SSSWSSSS":[-10,-10,-10,-10],
"SGRW0W0G":[-10,0,30.7455,344.383],
"RW0SSGWW":[467.743,229.173,-10,-10],
"GRSSSSWW":[682.896,-10,-10,-10],
"GS0SSSGW":[643.573,0,-10,0],
"0SSSWWSG":[77.8708,-10,-10,-10],
"SSRGSS0S":[-10,71.2081,-10,0],
"RGWW0SSW":[402.754,-10,23.7362,-10],
"GRSWSSWW":[660.31,-10,-10,-10],
"SGSSWWSR":[-10,-10,-10,-10],
"SSSGSWGS":[-10,-10,-10,52.5812],
"0WSW0SSR":[636.918,-10,92.1467,-10],
"0WRW0WSS":[666.165,612.08,639.51,-10],
"SWRGWWSG":[-10,-0.2,-10,-10],
"SS0WGRSS":[-10,235.492,688.677,-10],
"0SGR0GSW":[317.612,0,0,-10],
"SSRSGSWW":[-10,23.8697,0,-10],
"SSWWRW0S":[-10,-10,597.685,650.862],
"SWGWRWSW":[-10,667.248,57.5095,-10],
"SG0SRGWW":[-10,0,80.4255,-10],
"RW0W0WSG":[507.185,632.773,404.945,-10],
"WWWWGWSR":[-10,-10,600.747,-10],
"SSWWWWSR":[-10,-10,-10,-10],
"0W0GSGRW":[201.493,35.2721,-10,0],
"0SWWSSSS":[112.343,-10,-10,-10],
"0SSSGRWW":[17.2655,-10,0,-10],
"0WSSRSSW":[565.354,-10,-3.2249,-10],
"SS0WSWGS":[-10,116.374,-10,268.501],
"SSSWSGSR":[-10,-10,-10,-10],
"0GRWSSSS":[725.38,288.31,-10,-10],
"GRWWSS0S":[743.351,-10,-10,299.218],
"0WGG0SSS":[576.981,817.387,440.621,-10],
"0RSS0WGG":[657.083,-10,378.027,474.128],
"WW0RGSSS":[-10,0,705.791,-10],
"GRSSSWSW":[223.491,-10,-10,-10],
"SW0G0SGW":[-10,4.7536,0,0],
"0R0SSG0S":[81.5064,0,-10,0],
"SWSW0GRS":[-10,-10,327.507,0],
"SWSSSGSS":[-10,-10,-10,-10],
"0S0WSSGS":[59.9438,56.1093,-10,476.877],
"0GGWRWSS":[254.231,723.932,62.4929,-10],
"RWGW0SSW":[617.623,140.834,134.481,-10],
"0SSRGW0S":[73.5712,-10,0,0],
"SG0G0SSW":[-10,377.865,11.1244,-10],
"0S0GSGSW":[317.472,0,-10,-10],
"GSWW0WSR":[17.119,-10,0,-10],
"SG0S0WRW":[-10,96.856,453.125,104.128],
"SGSSRWSW":[-10,-10,155.93,-10],
"GS0WSS0S":[702.208,605.429,-10,338.678],
"SSGWRWGW":[-10,0,94.0269,0],
"0S0SSW0R":[550.156,293.764,-10,632.987],
"0GGW0RSW":[642.104,191.653,82.6445,-10],
"GRSSWWGW":[190.818,-10,-10,528.529],
"WWSR0GGW":[-10,-10,477.016,50.3418],
"0R0SSSWW":[587.835,659.515,-10,-10],
"GGSS0RWW":[465.463,-10,0,-10],
"SRGSWWSW":[-10,43.1351,-10,-10],
"GWSSSSSW":[678.936,-10,-10,-10],
"SWGGWWSW":[-10,708.405,-10,-10],
"SWSW0WGG":[-10,-10,383.858,811.799],
"RGWWSSSS":[666.793,-10,-10,-10],
"WWSG0W0R":[-10,-10,532.663,401.373],
"0SSS0SRS":[197.618,-10,0,0],
"SS0WGW0W":[-10,657.289,771.163,650.518],
"SSSWSRWW":[-10,-10,-10,-10],
"WWSSSWGR":[-10,-10,-10,664.636],
"SWWWGWGS":[-10,-10,70.1854,358.628],
"GSSW0RSS":[43.9942,-10,0,-10],
"SWGS0GSS":[-10,659.429,62.8307,-10],
"0WSGSWSG":[215.766,-10,-10,-10],
"GGSRSW0W":[361.335,-10,-10,53.0875],
"SGSWSWRW":[-10,-10,-10,336.633],
"GWSWSSGW":[739.716,-10,-10,223.146],
"SSRS0GSS":[-10,141.512,0,-10],
"GRSG0WWW":[70.337,-10,0,-10],
"0GGRSWSS":[471.526,63.3199,-10,-10],
"WWGWSRSS":[-10,657.424,-10,-10],
"SSSWGWSW":[-10,-10,729.065,-10],
"0GSSSG0S":[106.138,-10,-10,0],
"0G0SRSSS":[99.9294,239.593,0,-10],
"WWSSGSWW":[-10,-10,324.335,-10],
"GWSRWWWW":[302.124,-10,-10,-10],
"SS0W0GRS":[-10,566.26,710.337,591.382],
"GWSWSWSR":[183.523,-10,-10,-10],
"0RSSGGSW":[1.21392,-10,0,-10],
"0WRWSS0W":[668.894,637.15,-10,599.217],
"GW0RSW0S":[745.163,386.782,-10,367.015],
"0WGWRGSS":[89.2077,746.81,227.341,-10],
"WWWWGRSS":[-10,-10,721.215,-10],
"0SSWSSSG":[238.311,-10,-10,-10],
"SG0WGR0S":[-10,0,15.4492,0],
"SS0GRG0W":[-10,576.293,41.2996,52.4492],
"0GGR0WSS":[312.32,764.094,354.836,-10],
"SSRSWWSW":[-10,133.293,-10,-10],
"SS0WGGRW":[-10,134.497,831.394,58.0281],
"SS0RGSGW":[-10,-0.05,71.8884,0],
"GSSWSSRW":[434.004,-10,-10,63.969],
"SGSWSW0R":[-10,-10,-10,597.633],
"SWGSRWWW":[-10,316.361,0,-10],
"GGSWRWWW":[73.9066,-10,0,-10],
"RGSS0GWW":[325.84,-10,56.3205,-10],
"SGSS0GRW":[-10,-10,69.6773,0],
"SRSSSW0S":[-10,-10,-10,210.595],
"SWSGRW0S":[-10,-10,2.39541,363.17],
"SSGS0W0G":[-10,90.5078,601.254,126.52],
"SWRSSWSW":[-10,219.88,-10,-10],
"SW0S0S0R":[-10,181.677,544.067,635.617],
"GWWW0SSS":[648.298,-10,79.2779,-10],
"0RSW0WGG":[643.902,-10,172.67,236.169],
"0SGGWWSS":[410.492,801.061,-10,-10],
"0RSWWWSW":[60.4456,-10,-10,-10],
"0W0SSGSS":[219.859,555.908,-10,-10],
"0SGSSS0W":[173.288,481.848,-10,125.58],
"SW0RGGWW":[-10,65.2083,768.318,-10],
"GGWWSWSW":[729.295,-10,-10,-10],
"SS0G0SSR":[-10,238.636,0,-10],
"GWSGSSWW":[681.683,-10,-10,-10],
"SW0GGSSW":[-10,641.93,107.208,-10],
"RWSSSSGW":[101.949,-10,-10,632.567],
"0SSSGWGW":[260.863,-10,746.442,342.014],
"SGSRSSSS":[-10,-10,-10,-10],
"SS0GRGSW":[-10,351.605,0,-10],
"SSRSGS0W":[-10,370.876,0,119.483],
"SSGW0WGR":[-10,42.2727,345.578,88.0148],
"0WGRSGWW":[173.221,0,-10,-10],
"0SSS0WGS":[345.127,-10,665.344,590.967],
"SWGWSWSW":[-10,684.65,-10,-10],
"0GRWGWSS":[0,0,325.885,-10],
"SGRS0W0W":[-10,229.474,69.2532,619.15],
"0S0WSW0R":[583.424,61.7627,-10,74.0318],
"SSSGGS0S":[-10,-10,115.508,0],
"GRSWSS0G":[296.428,-10,-10,53.2305],
"WWSWSWSG":[-10,-10,-10,-10],
"SRGWWW0G":[-10,0,-10,128.798],
"0WRGSG0S":[65.5441,0,-10,0],
"0G0SSSSG":[39.9758,246.507,-10,-10],
"SG0SGWSS":[-10,149.29,0,-10],
"GR0GSSWW":[246.449,704.729,-10,-10],
"0SGR0GSS":[126.63,71.5814,558.329,-10],
"GSSSRWWW":[31.5377,-10,0,-10],
"SGRSWWSW":[-10,70.4952,-10,-10],
"SRSSWW0S":[-10,-10,-10,43.617],
"0W0SRSSW":[80.0333,602.876,136.534,-10],
"0SSSSR0S":[269.289,-10,-10,21.1503],
"SWGW0WRG":[-10,289.254,0,2.83545],
"SW0R0GGS":[-10,0,374.802,41.2697],
"GW0SSRSW":[507.341,44.279,-10,-10],
"SR0WSWSG":[-10,329.002,-10,-10],
"SWGW0GRW":[-10,595.996,127.714,24.044],
"RSSWSSWW":[31.866,-10,-10,-10],
"GG0WWW0W":[0,15.5353,-10,0],
"SWRS0GSW":[-10,154.586,476.327,-10],
"0R0GGWSS":[299.869,734.164,522.162,-10],
"SG0G0RSS":[-10,310.164,61.1799,-10],
"SG0GWW0S":[-10,434.08,-10,16.9404],
"SRWWSWSS":[-10,-10,-10,-10],
"SSGW0GSR":[-10,69.7842,442.605,-10],
"GWGWWWSS":[319.139,744.003,-10,-10],
"SWGRSWSG":[-10,73.3081,-10,-10],
"0GRSSW0G":[496.413,0,-10,0],
"0SGWSS0G":[62.0113,0,-10,0],
"GW0WSG0S":[533.713,29.0023,-10,36.92],
"WWSWSRWW":[-10,-10,-10,-10],
"GGWWWWSR":[70.2769,-10,-10,-10],
"WWSGGSWW":[-10,-10,33.2585,-10],
"0GSWSWGS":[469.381,-10,-10,53.7922],
"0WSSSSGS":[498.429,-10,-10,621.646],
"SG0G0RSW":[-10,530.015,65.8445,-10],
"SW0W0WWW":[-10,649.072,673.558,-10],
"SGGS0WWW":[-10,41.1165,343.904,-10],
"0SSRWWGG":[171.654,-10,-10,0],
"0WSW0RGS":[398.659,-10,0,0],
"0GSSRS0W":[639.744,-10,218.218,287.408],
"0RGS0WSW":[61.6959,0,423.328,-10],
"0GSWSGRS":[0,-10,-10,32.8636],
"0WSG0SSS":[572.851,-10,101.226,-10],
"WWSSSWSG":[-10,-10,-10,-10],
"GSSS0S0W":[369.357,-10,0,0],
"SG0WGW0W":[-10,446.941,742.269,492.128],
"SGSSSWWW":[-10,-10,-10,-10],
"0W0SSRSG":[281.465,40.9039,-10,-10],
"GWSW0SRW":[632.443,-10,96.6006,51.3945],
"0WRGWWSW":[645.179,418.452,-10,-10],
"SRSS0WGS":[-10,-10,573.572,112.832],
"0W0WRGWW":[0,21.9554,0,-10],
"SW0SRWWW":[-10,636.535,572.688,-10],
"0G0WWW0W":[244.017,239.145,-10,221.598],
"SSWWGG0S":[-10,-10,842.194,294.578],
"SWSG0WSG":[-10,-10,352.369,-10],
"0W0R0GWW":[40.2089,118.196,3.34679,-10],
"0GGRSSSW":[322.579,72.1822,-10,-10],
"WWGS0SSW":[-10,9.01,373.362,-10],
"GS0RSWSS":[251.857,0,-10,-10],
"SSGSSS0S":[-10,88.4634,-10,0],
"0G0WSWGW":[696.888,603.166,-10,760.073],
"RS0S0WSS":[27.8003,0,577.693,-10],
"0G0RSW0W":[736.183,627.754,-10,649.394],
"SG0WSWGS":[-10,58.7518,-10,0],
"0S0WSWSW":[550.628,660.182,-10,-10],
"0S0SSWSS":[398.579,321.431,-10,-10],
"WWRSSS0G":[-10,0,-10,312.232],
"SGSW0SSS":[-10,-10,239.075,-10],
"SGRG0WWW":[-10,120.122,0,-10],
"SWSR0G0S":[-10,-10,38.6101,275.853],
"0RWWSWGG":[209.279,-10,-10,0],
"0WSGSWRS":[311.148,-10,-10,50.6606],
"GWSWSGSW":[159.591,-10,-10,-10],
"SSSGRSSS":[-10,-10,76.7411,-10],
"SWSS0GSW":[-10,-10,620.317,-10],
"GR0GSSSW":[0,311.719,-10,-10],
"0WSRGSSS":[62.9387,-10,0,-10],
"GWWWSRSS":[386.497,-10,-10,-10],
"GWGW0SSS":[757.302,337.35,216.149,-10],
"SW0SSWRG":[-10,-1.04,-10,330.576],
"SGSWSG0R":[-10,-10,-10,64.5553],
"WW0SSG0G":[-10,38.6034,-10,416.875],
"SGSSSG0W":[-10,-10,-10,172.087],
"GWSS0RSS":[19.8876,-10,0,-10],
"SSGSWW0R":[-10,9.01,-10,0],
"GSSWSWSS":[229.394,-10,-10,-10],
"GS0G0WSS":[642.311,507.995,479.255,-10],
"0WWW0GSR":[516.321,-10,725.098,-10],
"SW0WGSSS":[-10,653.981,614.625,-10],
"WW0W0RGW":[-10,38.3237,0,0],
"0R0WGSSS":[465.559,0,86.2443,-10],
"0R0WSWSG":[433.587,631.18,-10,-10],
"SR0G0S0S":[-10,83.9286,0,-0.346119],
"GR0SSW0G":[43.4392,86.907,-10,470.301],
"GR0WSWWW":[764.129,383.123,-10,-10],
"SS0SGSSS":[-10,469.141,0,-10],
"SW0WGSSR":[-10,599.009,114.836,-10],
"SWSW0RGG":[-10,-10,0,189.978],
"GWGSSW0W":[722.039,174.726,-10,35.8098],
"SSSG0R0S":[-10,-10,0,163.527],
"GW0WRW0W":[27.0606,4.00402,0,0],
"SW0SSR0S":[-10,55.7003,-10,267.136],
"SWRWWWGS":[-10,0,-10,9.01],
"SSRS0G0W":[-10,611.129,725.573,491.571],
"RGSWSS0S":[551.398,-10,-10,0],
"0RSSGS0W":[522.816,-10,0,0],
"WW0R0WGW":[-10,-0.05,23.866,0],
"SWSS0S0S":[-10,-10,451.448,313.851],
"SSSG0S0W":[-10,-10,557.167,110.734],
"GWSSRS0W":[42.5408,-10,48.2472,623.312],
"SSSGSSSS":[-10,-10,-10,-10],
"SS0GSS0G":[-10,21.1615,-10,0],
"0G0SGSSW":[34.2036,227.653,0,-10],
"RSWWSW0S":[379.073,-10,-10,39.7336],
"SWSGSGSS":[-10,-10,-10,-10],
"0W0GRSSS":[638.167,544.053,432.586,-10],
"0GRG0SSW":[38.598,122.956,0,-10],
"WWSG0WRG":[-10,-10,95.3069,0],
"SS0S0GGW":[-10,561.563,722.398,575.845],
"WWGRSWSW":[-10,562.819,-10,-10],
"0SSSRS0W":[177.09,-10,0,0],
"0R0WGGSW":[393.694,0,75.895,-10],
"RS0WWWSW":[542.709,635.195,-10,-10],
"SSWWSRSG":[-10,-10,-10,-10],
"0GGW0SSS":[742.875,550.395,273.419,-10],
"0GSSSR0S":[32.6175,-10,-10,127.305],
"0SSRSW0G":[567.789,-10,-10,117.711],
"SW0SSSSG":[-10,147.482,-10,-10],
"GWSWSG0S":[48.2027,-10,-10,236.618],
"GSRWSW0S":[499.402,0,-10,38.9884],
"SRGW0GSW":[-10,171.135,0,-10],
"0SSSSWSS":[351.055,-10,-10,-10],
"SWSGWW0G":[-10,-10,-10,326.035],
"WW0WGSSG":[-10,225.344,64.9756,-10],
"WWSRSSGS":[-10,-10,-10,9.01],
"SS0SSSSW":[-10,346.379,-10,-10],
"WW0WGRSS":[-10,579.726,782.561,-10],
"SSSG0WSS":[-10,-10,612.655,-10],
"0SSS0WRS":[296.848,-10,0,118.696],
"WWSGSRSS":[-10,-10,-10,-10],
"SS0S0WRG":[-10,593.251,116.787,132.342],
"0RSG0WSW":[62.1713,-10,0,-10],
"SRGSSW0G":[-10,9.01,-10,0],
"0R0GSGWW":[16.0244,180.304,-10,-10],
"0SSSRW0S":[7.67511,-10,0,542.89],
"0WGS0SSS":[654.573,581.076,364.233,-10],
"SWRWSG0S":[-10,227.323,-10,0],
"GRSSSS0G":[230.98,-10,-10,0],
"WWSWSSSW":[-10,-10,-10,-10],
"RWSGWWGW":[33.5821,-10,-10,0],
"WWGWSGSS":[-10,670.865,-10,-10],
"GWGSSS0W":[753.985,184.592,-10,62.9174],
"0S0WGRSG":[54.1384,0,0,-10],
"RWGGSWWW":[0,325.708,-10,-10],
"GWWWSWGR":[0,-10,-10,85.9114],
"SGSWSWSR":[-10,-10,-10,-10],
"SG0SSW0S":[-10,268.364,-10,0],
"SGRW0GSW":[-10,63.7226,0,-10],
"0SSGRW0G":[34.1519,-10,0,0],
"0SSG0W0G":[201.733,-10,184.24,718.259],
"SWRSWWWW":[-10,38.6073,-10,-10],
"SS0R0SSS":[-10,146.757,537.023,-10],
"GSSWRWGW":[59.0351,-10,0,0],
"0SWWGWSG":[0,-10,283.697,-10],
"0S0S0WSS":[365.748,490.797,554.293,-10],
"SS0WSSSR":[-10,423.121,-10,-10],
"GW0RSG0W":[72.6716,342.917,-10,62.7588],
"0SSWRG0G":[454.52,-10,69.3101,0],
"SWSGSWGW":[-10,-10,-10,224.991],
"GW0GSWSR":[361.031,44.3193,-10,-10],
"SS0W0G0W":[-10,654.969,751.546,653.78],
"0S0SSS0R":[184.928,31.15,-10,511.067],
"SW0S0SSG":[-10,10.9059,471.593,-10],
"SS0SSGWW":[-10,99.0975,-10,-10],
"0SSGSWGW":[376.172,-10,-10,0],
"SWSSWWGG":[-10,-10,-10,796.046],
"SWRSWWGW":[-10,95.7538,-10,0],
"SWSWGSRG":[-10,-10,69.5981,0],
"0GSG0SWW":[418.067,-10,-2.8184,-10],
"GWGSSSWW":[603.307,0,-10,-10],
"0GGW0WSS":[702.126,763.728,640.69,-10],
"GW0SSSGW":[737.419,104.466,-10,397.854],
"SSRSSS0S":[-10,-1.19,-10,10.181],
"SRSWSWSG":[-10,-10,-10,-10],
"0GGRWWSW":[449.597,46.7826,-10,-10],
"0RSS0S0S":[61.3902,-10,49.699,543.371],
"WW0WSRGG":[-10,169.505,-10,0],
"0WSS0G0R":[578.618,-10,735.927,659.639],
"SGSS0W0S":[-10,-10,33.8996,584.232],
"GR0SSWSW":[350.168,0,-10,-10],
"SWSGSG0W":[-10,-10,-10,142.472],
"0GSSSSSS":[606.01,-10,-10,-10],
"GSWW0GSR":[9.01,-10,0,-10],
"RG0GSWSS":[169.07,0,-10,-10],
"SSWWSGSG":[-10,-10,-10,-10],
"0SSRGWSW":[39.9725,-10,0,-10],
"SWGWSRSG":[-10,71.6684,-10,-10],
"SWSS0SGG":[-10,-10,212.026,0],
"SW0SRS0G":[-10,193.074,0,0],
"SR0GWWSW":[-10,695.777,-10,-10],
"SS0GSRSW":[-10,231.739,-10,-10],
"0SSR0WGS":[44.0458,-10,0,0],
"SR0SGWGW":[-10,54.4463,0,0],
"SGSR0WGW":[-10,-10,35.5251,0],
"0R0WSG0G":[70.9745,0,-10,349.629],
"SWSGGR0W":[-10,-10,218.128,0],
"0GWWGRSW":[72.1521,-10,0,-10],
"WWSWSSRS":[-10,-10,-10,66.3535],
"RW0GSW0S":[118.047,128.933,-10,588.05],
"GG0SSSWW":[569.091,643.024,-10,-10],
"GS0SSR0W":[137.91,0,-10,0],
"SWSSRG0W":[-10,-10,703.326,412.183],
"0GSW0G0S":[78.6747,-10,0,0],
"SWGW0RGS":[-10,73.4003,0,0],
"WWSRSGSW":[-10,-10,-10,-10],
"0R0G0W0G":[10.9227,1.69247,16.3854,0],
"0WSW0GRW":[428.617,-10,715.586,474.231],
"0W0S0GSW":[119.973,557.154,68.7366,-10],
"SS0R0W0G":[-10,529.643,670.576,555.163],
"SWSSGWGR":[-10,-10,67.2977,0],
"GS0RWWSS":[157.844,606.551,-10,-10],
"SWWWSRSG":[-10,-10,-10,-10],
"0SSSGRSW":[108.091,-10,0,-10],
"0SSSSG0G":[207.183,-10,-10,0],
"WWGWRGSW":[-10,0,260.802,-10],
"0WSRSSSG":[142.225,-10,-10,-10],
"0GRSSG0W":[105.426,0,-10,0],
"SR0WSSSS":[-10,550.546,-10,-10],
"GWSSSSGS":[338.691,-10,-10,0],
"SWSR0WGG":[-10,-10,0,487.06],
"GS0WSRSW":[196.737,0,-10,-10],
"0WGWSGSS":[267.676,744.113,-10,-10],
"0RSSGGWW":[339.988,-10,37.7826,-10],
"0R0G0GSW":[346.316,725.28,296.76,-10],
"SRWWGWGW":[-10,-10,112.551,0],
"SWGS0WSS":[-10,567.333,648.02,-10],
"SSWWGR0S":[-10,-10,744.095,358.648],
"0SSWGW0S":[140.484,-10,758.548,224.188],
"0GSWGS0W":[78.8043,-10,536.339,140.025],
"GR0WSG0W":[44.5762,0,-10,168.169],
"GWWWWWSS":[731.931,-10,-10,-10],
"SGSSSSWW":[-10,-10,-10,-10],
"SG0RSGSW":[-10,119.883,-10,-10],
"0WSSSSSR":[592.035,-10,-10,-10],
"SSGW0RSG":[-10,0,34.435,-10],
"0R0GSWSG":[334.513,34.2495,-10,-10],
"SG0SWWGW":[-10,70.1967,-10,72.4529],
"0GSSWWSS":[74.49,-10,-10,-10],
"WWRGSSGW":[-10,0,-10,303.291],
"WWRSSSSW":[-10,92.1985,-10,-10],
"0RGGWWSS":[658.194,428.691,-10,-10],
"0R0GSWGW":[0,298.967,-10,0],
"RSSW0S0S":[371.076,-10,0,0],
"SWSSSGSW":[-10,-10,-10,-10],
"SWGWRW0G":[-10,221.771,0,0],
"WWSS0SGR":[-10,-10,306.813,746.812],
"SWSSSSGW":[-10,-10,-10,724.365],
"GGRWSS0S":[0,0,-10,448.279],
"0WGWGSSS":[197.53,742.614,71.2842,-10],
"WW0GSSRG":[-10,1.77792,-10,159.395],
"0SSSSSGG":[36.6211,-10,-10,0],
"SWSWRWSG":[-10,-10,192.393,-10],
"0G0S0SSS":[705.306,319.211,48.7874,-10],
"GGWWSSSR":[188.894,-10,-10,-10],
"SS0SSWSS":[-10,345.075,-10,-10],
"WWSGSSSS":[-10,-10,-10,-10],
"GWSW0GRW":[0,-10,0,119.239],
"GRGWSSSW":[187.998,0,-10,-10],
"GWRW0SSW":[45.4809,0,461.848,-10],
"SWGWGW0W":[-10,742.482,590.861,477.657],
"0SSRWWSS":[29.9573,-10,-10,-10],
"SGSWRWSS":[-10,-10,354.826,-10],
"SG0W0WGS":[-10,22.1558,97.641,523.298],
"SRWWGWSS":[-10,-10,659.663,-10],
"WWGW0WGW":[-10,0,0,43.2248],
"SW0RSS0S":[-10,614.337,-10,36.4827],
"SGSSWWRS":[-10,-10,-10,78.5934],
"SSGSGWWW":[-10,70.086,603.868,-10],
"SGSWSSRW":[-10,-10,-10,98.4048],
"SWGSGR0W":[-10,0,251.125,0],
"SWRS0WGW":[-10,579.805,149.217,133.072],
"SG0GRSSW":[-10,70.6045,0,-10],
"SW0G0SGR":[-10,73.1703,0,0],
"SGWW0GSR":[-10,-10,193.845,-10],
"GRSWSG0W":[191.06,-10,-10,0],
"RWSG0WWW":[619.711,-10,321.467,-10],
"0GGSSSSS":[519.023,28.9455,-10,-10],
"SSGGRW0W":[-10,393.234,0,35.5887],
"SSGW0R0S":[-10,65.9999,557.046,58.6638],
"GRWWWWSW":[552.108,-10,-10,-10],
"SSSSGW0G":[-10,-10,421.022,729.209],
"WW0GGRSS":[-10,707.094,0,-10],
"SRSGWWSW":[-10,-10,-10,-10],
"SSWW0SSS":[-10,-10,168.33,-10],
"SGSRSS0W":[-10,-10,-10,357.56],
"SSSSSWRG":[-10,-10,-10,285.892],
"0SGS0RSW":[-1.04,598.273,126.597,-10],
"SGWW0WSR":[-10,-10,516.717,-10],
"WWSGSGSS":[-10,-10,-10,-10],
"WWWWSW0R":[-10,-10,-10,506.766],
"SSSWWWRS":[-10,-10,-10,108.785],
"RGSS0G0W":[179.866,-10,0,593.217],
"0R0SSS0S":[15.6022,337.445,-10,63.966],
"SRSSWWSG":[-10,-10,-10,-10],
"GGWW0RSS":[0,-10,279.326,-10],
"SSSR0SSW":[-10,-10,234.485,-10],
"WWSSSSSG":[-10,-10,-10,-10],
"SW0WGS0G":[-10,464.867,0,0],
"SS0SGR0W":[-10,602.851,735.166,383.379],
"0WSW0R0S":[644.91,-10,54.535,0],
"GWWWSWGS":[64.6992,-10,-10,459.452],
"RS0WGWSS":[46.3894,109.975,693.628,-10],
"SSGRGWSW":[-10,0,331.865,-10],
"SS0SGWRW":[-10,156.317,749.046,221.026],
"SW0G0SSG":[-10,0,393.464,-10],
"GW0S0SSW":[743.826,264.439,151.565,-10],
"GRSWWW0G":[530.025,-10,-10,145.975],
"SS0GGW0S":[-10,499.888,768.488,407.488],
"SWSG0SSS":[-10,-10,277.956,-10],
"SWRWWWSW":[-10,585.075,-10,-10],
"SSSGSR0S":[-10,-10,-10,29.6684],
"RS0G0WSG":[34.1643,48.8474,0,-10],
"GGWWSW0R":[158.482,-10,-10,603.857],
"RS0S0WSW":[88.6597,211.378,652.279,-10],
"GG0W0WWW":[51.9778,47.6788,0,-10],
"0WSSSSRS":[503.603,-10,-10,59.7895],
"0SRW0GSS":[0,429.471,0,-10],
"GWRGSS0W":[324.082,715.776,-10,150.662],
"GGSWRSWW":[80.8263,-10,-1.19,-10],
"0WSRGS0G":[60.6818,-10,0,0],
"SR0W0SSS":[-10,640.59,92.5641,-10],
"0RSWSWGS":[568.936,-10,-10,57.6682],
"0RSSWWGG":[426.169,-10,-10,849.169],
"0GWWRSSS":[395.605,-10,0,-10],
"SRGGWWWW":[-10,180.102,-10,-10],
"0S0SSGRS":[70.3262,0,-10,0],
"WWRWGSSW":[-10,330.705,0,-10],
"0S0SSGSW":[90.4625,431.692,-10,-10],
"SSWW0S0S":[-10,-10,179.606,363.329],
"SS0G0GSS":[-10,726.663,651.038,-10],
"GWGR0SSW":[0,178.995,0,-10],
"SSSGSWSS":[-10,-10,-10,-10],
"SSGGWWSS":[-10,775.902,-10,-10],
"SSGSWWWW":[-10,319.39,-10,-10],
"SW0SGSSW":[-10,0,435.113,-10],
"0WGGRSSS":[331.147,0,0,-10],
"SWSR0SGW":[-10,-10,208.086,0],
"0W0SSSGR":[609.031,56.6282,-10,222.167],
"0WSS0SSG":[612.008,-10,-1.976,-10],
"SRWW0GSS":[-10,-10,716.673,-10],
"0RSWSWSW":[607.533,-10,-10,-10],
"0SSRSSWW":[170.281,-10,-10,-10],
"GSRW0GSS":[67.3838,0,0,-10],
"0RSS0W0S":[24.5137,-10,608.536,0],
"SG0SRS0W":[-10,42.6294,0,0],
"SGSG0S0W":[-10,-10,48.7349,171.076],
"SS0G0S0W":[-10,-0.05,556.562,0],
"RS0WWWSG":[335.284,102.479,-10,-10],
"WWSWSWRS":[-10,-10,-10,64.3323],
"WWGWRSSS":[-10,682.93,0,-10],
"SSWW0GRG":[-10,-10,740.504,396.697],
"SSRWSG0S":[-10,169.785,-10,0],
"SWRWGWSG":[-10,0,45.9523,-10],
"SR0GWWSG":[-10,308.37,-10,-10],
"SWSGSWSG":[-10,-10,-10,-10],
"SSSWSSSR":[-10,-10,-10,-10],
"0W0RGWSG":[131.603,0,0,-10],
"0SSWSSSS":[253.853,-10,-10,-10],
"GWSWGS0R":[71.9416,-10,0,0],
"SG0SWW0R":[-10,0,-10,391.93],
"SS0SSGRS":[-10,-1.04,-10,0],
"SRGWWW0S":[-10,0,-10,44.681],
"0WSSRS0S":[557.508,-10,73.9855,50.4316],
"0GWWSW0W":[735.721,-10,-10,654.858],
"GW0WSSRG":[241.086,640.833,-10,337.768],
"SWRS0S0W":[-10,469.447,270.586,214.492],
"GSRSWWSW":[61.1026,0,-10,-10],
"SSWWRGSS":[-10,-10,687.069,-10],
"GWSSGWRW":[132.759,-10,0,0],
"0WSSSG0S":[482.162,-10,-10,150.105],
"SSGS0R0W":[-10,68.5649,462.426,51.4282],
"SRGSSW0W":[-10,32.8667,-10,0],
"0WSSSSGG":[347.286,-10,-10,823.208],
"0WWWGG0W":[0,-10,73.1883,0],
"0SSGWWSS":[51.1278,-10,-10,-10],
"GW0WGW0W":[0,22.3489,0,0],
"0RSG0G0W":[302.101,-10,41.6126,57.3742],
"SWGSSWSS":[-10,206.259,-10,-10],
"GS0SSWWW":[360.422,-1.04,-10,-10],
"RS0WSWSS":[79.9276,636.813,-10,-10],
"SWSSGW0S":[-10,-10,712.968,193.216],
"SRSSSGSW":[-10,-10,-10,-10],
"0RWWSG0G":[231.709,-10,-10,0],
"0SSR0W0W":[629.716,-10,657.37,627.948],
"SWGSGW0W":[-10,648.099,0,112.331],
"GW0WGRSS":[320.563,0,0,-10],
"GGWW0SSW":[556.764,-10,0,-10],
"RGSWSW0G":[0,-10,-10,358.443],
"RSSW0W0S":[113.383,-10,653.923,212.061],
"0SRWSWSG":[308.71,33.9304,-10,-10],
"0RGGSWSW":[72.7849,318.506,-10,-10],
"WWGWRGSS":[-10,129.22,674.986,-10],
"0RWWSSGG":[272.208,-10,-10,0],
"0SSSSRSW":[194.562,-10,-10,-10],
"SWSGSSRW":[-10,-10,-10,312.495],
"WWSWSWRW":[-10,-10,-10,642.583],
"SS0SSWGS":[-10,214.37,-10,0],
"SS0R0SWW":[-10,152.432,0,-10],
"GWSGRW0W":[0,-10,145.103,0],
"0W0RWW0G":[43.0308,2.19357,-10,-0.05],
"SW0GRG0W":[-10,0,208.438,39.6631],
"0SSSSWSR":[308.717,-10,-10,-10],
"WWSSRS0G":[-10,-10,458.517,694.662],
"0WRGSS0G":[79.099,544.901,-10,55.8414],
"SSSWRSWW":[-10,-10,156.81,-10],
"GG0SSWSS":[196.849,0,-10,-10],
"SWSSGS0S":[-10,-10,476.684,0],
"SSSGSW0R":[-10,-10,-10,426.993],
"WWSWSR0W":[-10,-10,-10,581.107],
"SW0WRGGW":[-10,0,198.754,0],
"0G0GSS0W":[745.206,723.359,-10,642.689],
"SW0GGWRW":[-10,0,372.67,0],
"0GSGSW0S":[241.032,-10,-10,0],
"WWSWGSGW":[-10,-10,136.901,473.857],
"0W0S0GSS":[554.254,114.758,47.2767,-10],
"SWWWGWRS":[-10,-10,133.745,598.034],
"GWSGSW0S":[122.261,-10,-10,0],
"0SGSSWSW":[599.821,291.396,-10,-10],
"0WSR0SGG":[0,-10,0,49.3826],
"SSSSRGWW":[-10,-10,677.976,-10],
"0GSS0RSW":[70.6987,-10,0,-10],
"SSSSSRSW":[-10,-10,-10,-10],
"GWRWSWSS":[270.441,621.113,-10,-10],
"0GSGWWRW":[112.467,-10,-10,0],
"GG0WSSSS":[818.334,146.959,-10,-10],
"RWGWSWWW":[499.183,82.4259,-10,-10],
"SRSSGWWW":[-10,-10,517.48,-10],
"SGSW0SWW":[-10,-10,92.6838,-10],
"RGGWWWSS":[664.569,46.6273,-10,-10],
"WWRSSGSW":[-10,81.2635,-10,-10],
"0SSG0GSW":[0,-10,494.179,-10],
"0G0GSRWW":[128.583,617.525,-10,-10],
"WWGW0R0W":[-10,0,17.0161,0],
"0W0WSSGW":[657.656,609.793,-10,775.409],
"SSSW0S0S":[-10,-10,470.122,390.67],
"RSSWWWSS":[46.3016,-10,-10,-10],
"SSRGWW0G":[-10,15.8339,-10,302.081],
"SSRW0G0S":[-10,645.526,565.596,405.024],
"0RSS0SSW":[617.745,-10,25.8039,-10],
"WWRGSGSS":[-10,278.706,-10,-10],
"0WSSSGRG":[175.682,-10,-10,60.2968],
"SRSWGW0S":[-10,-10,441.499,49.8222],
"GRWWSW0G":[299.063,-10,-10,0],
"WWSSSWRS":[-10,-10,-10,51.3583],
"SW0W0G0W":[-10,660.054,743.147,665.961],
"SWWWRGGW":[-10,-10,109.597,0],
"WW0SSSSR":[-10,77.9029,-10,-10],
"SSSR0WGW":[-10,-10,640.804,364.028],
"SSSW0GSG":[-10,-10,378.012,-10],
"0SSSRWSW":[19.0174,-10,538.24,-10],
"WWSSSSGG":[-10,-10,-10,778.65],
"0WSSSRGG":[38.8025,-10,-10,270.968],
"0WSWGS0S":[649.273,-10,90.1247,78.5098],
"RWSSSWSG":[152.357,-10,-10,-10],
"0WSG0SSR":[152.287,-10,0,-10],
"SWRGWW0G":[-10,69.3733,-10,275.494],
"SS0WSGSS":[-10,616.87,-10,-10],
"RSSSSG0S":[55.6992,-10,-10,0],
"WWSSSSSR":[-10,-10,-10,-10],
"GWSG0W0R":[0,-10,0,15.9157],
"0RGW0SSG":[36.8897,0,0,-10],
"GWSSRG0W":[528.701,-10,0,54.844],
"WW0SSRSG":[-10,4.74916,-10,-10],
"GR0WGWSW":[313.656,0,0,-10],
"SWSGSRSW":[-10,-10,-10,-10],
"RSSWGWSS":[-1.19,-10,136.494,-10],
"SSSWGS0G":[-10,-10,578.084,0],
"SSSWSWGW":[-10,-10,-10,672.85],
"0W0W0RSS":[636.85,631.3,615.606,-10],
"0GSS0SGW":[412.711,-10,259.708,749.061],
"0SSS0SGW":[160.467,-10,0,0],
"0G0RSSSW":[708.465,596.037,-10,-10],
"SGWWSWSG":[-10,-10,-10,-10],
"0GSRSWSS":[362.374,-10,-10,-10],
"SSRW0WGW":[-10,394.686,416.845,751.058],
"WW0SSWGR":[-10,-1.976,-10,136.802],
"0W0WSGGW":[393.882,384.402,-10,755.386],
"WWSGGW0R":[-10,-10,72.5343,0],
"SSGWGW0R":[-10,756.42,114.912,199.897],
"SRSW0GSS":[-10,-10,450.403,-10],
"SS0RGWSG":[-10,109.819,0,-10],
"SS0SSRSW":[-10,374.084,-10,-10],
"GG0RWWSS":[55.8312,319.734,-10,-10],
"WWGRSW0W":[-10,705.463,-10,373.942],
"SSSSSSSW":[-10,-10,-10,-10],
"SG0S0RSW":[-10,201.406,495.916,-10],
"0SSG0WSR":[47.7878,-10,0,-10],
"WW0GSGRW":[-10,5.73455,-10,185.789],
"GSSRSW0S":[68.0177,-10,-10,0],
"SWGW0SSW":[-10,745.882,389.359,-10],
"SGSWSSSR":[-10,-10,-10,-10],
"0W0GGWSR":[109.115,24.765,343.483,-10],
"WWSSSW0W":[-10,-10,-10,512.03],
"GGSWSW0R":[0,-10,-10,98.0504],
"GWRGSSWW":[670.049,125.917,-10,-10],
"0SSRSSSW":[203.401,-10,-10,-10],
"0WSWWW0W":[647.547,-10,-10,683.228],
"0RGG0SSW":[560.881,110.723,0,-10],
"GW0RSS0W":[776.989,667.61,-10,654.32],
"SSSSGWSW":[-10,-10,667.159,-10],
"GRWW0SSW":[128.442,-10,-1.04,-10],
"0RSGSWWW":[601.189,-10,-10,-10],
"0WSS0SGS":[639.306,-10,357.954,557.584],
"GWRWSG0W":[45.9289,0,-10,257.786],
"SSRGSWSW":[-10,377.298,-10,-10],
"0WRWSGGW":[97.2594,0,-10,0],
"SSSGRG0W":[-10,-10,172.595,0],
"RSSSSGSS":[67.3699,-10,-10,-10],
"SSRW0GSG":[-10,399.574,0,-10],
"0WGGWWSW":[551.137,826.116,-10,-10],
"0GRWGWSW":[0,134.451,0,-10],
"SR0GSW0S":[-10,462.857,-10,-1.04],
"WWSS0WGW":[-10,-10,653.328,746.666],
"SWSWRSSS":[-10,-10,323.297,-10],
"SG0WSR0S":[-10,120.145,-10,-1.04],
"SG0GSRSW":[-10,44.3621,-10,-10],
"0GSSRSWW":[168.385,-10,0,-10],
"GR0GWWSW":[464.572,0,-10,-10],
"0RSSSS0S":[467.569,-10,-10,193.81],
"0WRSSS0G":[624.595,148.6,-10,170.557],
"0SSS0SGR":[35.2921,-10,0,0],
"0WSRSSSS":[564.326,-10,-10,-10],
"SS0SSSRW":[-10,18.8635,-10,471.918],
"SWGW0SSS":[-10,749.342,264.065,-10],
"0RGWSSSS":[105.964,757.96,-10,-10],
"SRSGWWGW":[-10,-10,-10,56.2408],
"SG0R0WSS":[-10,264.951,596.424,-10],
"0G0R0W0W":[188.405,161.737,328.925,118.212],
"GWGWSRSW":[104.244,0,-10,-10],
"SWRGSWSW":[-10,381.89,-10,-10],
"SSSSSSRW":[-10,-10,-10,404.299],
"SS0RGGSW":[-10,268.394,0,-10],
"GWSWSSGS":[198.386,-10,-10,0],
"RGSWSGWW":[115.519,-10,-10,-10],
"GS0GWWSW":[698.098,202.912,-10,-10],
"0SSW0G0G":[433.788,-10,739.777,678.339],
"0GRWSSWW":[755.964,656.507,-10,-10],
"GW0GSWRW":[437.21,0,-10,55.0888],
"0SSSRG0S":[32.2211,-10,0,0],
"GWSRGW0W":[0,-10,313.377,0],
"0SGW0GSR":[36.4125,0,0,-10],
"RSSSGWGW":[176.606,-10,0,0],
"SSGR0SSS":[-10,30.961,0,-10],
"GWSSWWGR":[237.614,-10,-10,0],
"GSWW0WSG":[21.7632,-10,47.6091,-10],
"GS0SGWSS":[43.1542,0,0,-10],
"SGSS0WRG":[-10,-10,134.09,0],
"RGSWGWWW":[120.19,-10,0,-10],
"0GSS0G0W":[590.883,-10,559.472,639.398],
"WWGSSSSW":[-10,207.724,-10,-10],
"SGGW0R0S":[-10,49.3761,0,0],
"SW0SSWRS":[-10,-1.04,-10,218.684],
"SSSGGWRW":[-10,-10,171.425,0],
"SWWWGGSS":[-10,-10,841.588,-10],
"WW0WSSRS":[-10,538.057,-10,187.325],
"WWSSGS0G":[-10,-10,184.4,710.654],
"SWWW0S0G":[-10,-10,199.889,0],
"SGWW0R0G":[-10,-10,406.031,63.89],
"SS0WGSSS":[-10,656.647,416.902,-10],
"RW0GSWSG":[0,174.054,-10,-10],
"RWGWGSSW":[200.042,0,0,-10],
"0GSW0SGR":[368.807,-10,0,0],
"GSWWWWSS":[282.918,-10,-10,-10],
"0W0G0W0G":[122.012,10.0704,16.2196,14.3051],
"SS0GGSRW":[-10,-0.05,0,0],
"0S0R0WSS":[579.519,562.928,637.11,-10],
"SSSSSGSW":[-10,-10,-10,-10],
"SWWWSRSW":[-10,-10,-10,-10],
"0S0WGGSR":[89.8384,0,0,-10],
"SSRWSSSW":[-10,438.166,-10,-10],
"RW0GGSSS":[170.217,0,0,-10],
"0WSSGWRG":[0,-10,272.234,0],
"GS0GWWSS":[720.14,192.346,-10,-10],
"RGSG0WWW":[125.166,-10,0,-10],
"0WRW0GWW":[0,-1,0,-10],
"0RSG0S0S":[39.9425,-10,8.0581,270.918],
"0RSWSSGW":[646.92,-10,-10,415.372],
"SWSRGWSW":[-10,-10,97.6701,-10],
"0SSS0WSG":[-1.976,-10,624.239,-10],
"GR0WSSGW":[719.128,100.195,-10,144.937],
"SSSSRWGS":[-10,-10,116.89,0],
"GSSRSS0W":[73.9747,-10,-10,594.478],
"SWRWGGSS":[-10,206.512,0,-10],
"SGSSRW0G":[-10,-10,0,273.158],
"WWRSSWSW":[-10,136.392,-10,-10],
"0WRWGSSW":[308.508,0,60.2536,-10],
"SW0S0G0G":[-10,523.5,694.708,736.152],
"RWSWGG0W":[110.758,-10,47.6059,51.0403],
"0WRSSSGW":[65.1095,105.357,-10,739.309],
"GWGRSWWW":[248.978,0,-10,-10],
"GW0SSWGR":[143.134,0,-10,0],
"RG0WSS0S":[72.6901,570.44,-10,288.9],
"WWWWSSSW":[-10,-10,-10,-10],
"GS0WSS0R":[604.045,0,-10,0],
"0SRWWWSG":[279.847,573.824,-10,-10],
"0RSSSW0G":[603.23,-10,-10,715.629],
"SWGW0GSR":[-10,0,540.284,-10],
"SGSS0RSG":[-10,-10,39.3893,-10],
"SWGGSSSS":[-10,76.1515,-10,-10],
"RG0WSGWW":[237.763,40.5268,-10,-10],
"RSWW0WSG":[100.088,-10,0,-10],
"WWRSSGWW":[-10,72.0823,-10,-10],
"GWSW0RSW":[74.8455,-10,0,-10],
"SSRS0SSS":[-10,216.237,17.4376,-10],
"0RSG0WWW":[629.928,-10,467.503,-10],
"SSSGWWRW":[-10,-10,-10,432.918],
"0RSWGW0G":[34.8943,-10,224.195,724.273],
"GGWWSSSW":[804.564,-10,-10,-10],
"GSSSSWRW":[0,-10,-10,220.613],
"GSSWWW0S":[52.3601,-10,-10,134.398],
"SWSSSRWW":[-10,-10,-10,-10],
"WWRGSSSS":[-10,695.359,-10,-10],
"SWGSWWSS":[-10,115.552,-10,-10],
"GWSSSW0S":[562.517,-10,-10,121.375],
"0GSWGR0W":[-0.05,-10,437.245,0],
"0SSSSS0R":[104.99,-10,-10,471.299],
"WWSSGW0R":[-10,-10,723.757,217.802],
"GSSS0R0G":[0,-10,0,183.779],
"SGSWGR0W":[-10,-10,177.35,0],
"SRSG0SSW":[-10,-10,110.732,-10],
"0WSRSGSG":[40.2724,-10,-10,-10],
"RSSWWWWW":[119.909,-10,-10,-10],
"SGSSSW0G":[-10,-10,-10,416.793],
"SS0WGSGS":[-10,503.942,0,0],
"RGGWWWSW":[246.273,0,-10,-10],
"SWSWSRSG":[-10,-10,-10,-10],
"GWSW0SSR":[82.3762,-10,0,-10],
"GW0GSRWW":[450.063,62.1042,-10,-10],
"SS0WRG0G":[-10,0,0,570.216],
"SRSG0WSS":[-10,-10,331.585,-10],
"0S0WSWRS":[108.174,197.433,-10,280.484],
"WWGW0SSG":[-10,126.833,365.278,-10],
"0GWWSGRW":[135.371,-10,-10,0],
"0RSSWW0S":[47.3538,-10,-10,222.865],
"RWSW0S0S":[642.983,-10,126.412,197.167],
"WWGRSGWW":[-10,56.6591,-10,-10],
"SSSSSRWW":[-10,-10,-10,-10],
"SWSRSGWW":[-10,-10,-10,-10],
"SWWW0RGS":[-10,-10,628.637,121.917],
"GSSWSSWW":[146.872,-10,-10,-10],
"0RSSSG0W":[631.953,-10,-10,256.658],
"WWGWSWSG":[-10,346.507,-10,-10],
"0SSR0GGS":[43.9675,-10,0,0],
"SSSGSWGW":[-10,-10,-10,571.481],
"SWRW0W0W":[-10,626.138,685.195,633.355],
"GS0S0WSG":[159.378,0,0,-10],
"WWSWRS0S":[-10,-10,150.011,243.347],
"SSSR0S0G":[-10,-10,0,353.44],
"SG0S0SSW":[-10,115.135,313.317,-10],
"SS0R0WWW":[-10,609.068,649.458,-10],
"SWSRSSSS":[-10,-10,-10,-10],
"RSWW0WSW":[39.7382,-10,676.256,-10],
"WWSS0SGG":[-10,-10,629.408,572.32],
"SW0S0RSG":[-10,468.833,211.402,-10],
"GRSWSWSW":[227.662,-10,-10,-10],
"SSSS0SSW":[-10,-10,301.122,-10],
"0WGWSR0G":[58.8571,617.858,-10,40.9118],
"0RSS0WSS":[0,-10,320.64,-10],
"SG0SSSRW":[-10,-1.04,-10,0],
"SWRGWWGW":[-10,-0.2,-10,128.786],
"SWGS0S0W":[-10,9.01,592.419,402.251],
"0GSW0SGW":[300.348,-10,351.954,742.739],
"0SRSSW0G":[386.658,0,-10,0],
"0WRGSWGW":[249.766,0,-10,56.9692],
"RWGW0GSS":[280.516,749.52,122.673,-10],
"SRSS0GSW":[-10,-10,621.527,-10],
"SR0G0GSW":[-10,618.607,235.628,-10],
"GS0RSWSW":[616.976,326.014,-10,-10],
"SGWWGWRW":[-10,-10,0,145.42],
"GWSWSRSS":[491.384,-10,-10,-10],
"WWSS0W0W":[-10,-10,663.23,647.275],
"0W0W0G0G":[129.661,60.3498,264.455,63.233],
"SWGW0S0S":[-10,773.065,362.512,119.035],
"SWSS0GGW":[-10,-10,727.704,636.998],
"SSSSSWGW":[-10,-10,-10,691.099],
"GW0W0SSG":[0,490.533,106.88,-10],
"0S0RSW0W":[49.5535,106.295,-10,663.936],
"0GSS0SWW":[741.018,-10,80.486,-10],
"0S0SSS0S":[178.238,304.807,-10,500.739],
"SSRSSGSW":[-10,48.873,-10,-10],
"SS0S0SSW":[-10,365.993,278.876,-10],
"0SSWGRWW":[0,-10,217.572,-10],
"SG0SSG0W":[-10,-1.04,-10,120.663],
"0GSR0SSW":[519.601,-10,-1.04,-10],
"0GSW0SSR":[513.193,-10,0,-10],
"0WGWRWSW":[466.897,759.025,498.085,-10],
"0WGSSS0G":[99.1751,135.757,-10,618.72],
"SWSGSSSG":[-10,-10,-10,-10],
"GG0WRWSS":[675.357,0,148.866,-10],
"0G0SWWSS":[-0.05,315.088,-10,-10],
"SSGSWWGW":[-10,39.0222,-10,0],
"GSSSWW0R":[665.082,-10,-10,104.004],
"RSWWSSSW":[86.6341,-10,-10,-10],
"GW0RSWSW":[756.646,484.802,-10,-10],
"0WRS0SSS":[584.87,61.6564,0,-10],
"0G0SSWRG":[649.958,0,-10,75.5255],
"SSSS0WGG":[-10,-10,431.146,814.446],
"0S0RSWGS":[243.577,0,-10,0],
"0WSSSWGS":[628.523,-10,-10,543.515],
"SR0S0SSW":[-10,391.673,0,-10],
"RG0G0SSS":[71.0809,691.663,0,-10],
"SSGWSGSW":[-10,50.8411,-10,-10],
"SSSGRWSW":[-10,-10,168.979,-10],
"0W0GSRGS":[231.346,0,-10,0],
"SSGWWWRG":[-10,212.277,-10,52.8701],
"WWGRSSGW":[-10,39.9131,-10,73.4136],
"WWRGSGWW":[-10,152.441,-10,-10],
"SS0G0G0W":[-10,725.745,743.508,637.635],
"0GSSSSRG":[239.576,-10,-10,0],
"0SSS0WGG":[539.281,-10,527.342,838.45],
"WW0GRGSW":[-10,609.377,71.2859,-10],
"SSGRWW0S":[-10,145.642,-10,0],
"GS0SSWSW":[514.64,82.4008,-10,-10],
"0WSS0SGG":[529.785,-10,510.193,823.657],
"SWGSSR0W":[-10,68.385,-10,0],
"0SSWGWSR":[19.5234,-10,0,-10],
"GW0R0SSS":[730.899,66.3633,102.306,-10],
"GWSSSRSS":[124.815,-10,-10,-10],
"GG0WSW0W":[834.543,617.938,-10,633.431],
"SS0WWWGS":[-10,483.045,-10,57.0984],
"SWRWSWSS":[-10,594.792,-10,-10],
"WW0RSWGG":[-10,42.9619,-10,34.7476],
"SWSG0GRS":[-10,-10,59.5508,0],
"GS0RGWSS":[66.8362,0,0,-10],
"0GRG0SSS":[72.4171,0,0,-10],
"SS0WRWWW":[-10,655.406,651.28,-10],
"0S0SRWSW":[89.5792,250.231,616.905,-10],
"RWSWSWGG":[154.869,-10,-10,0],
"0WRGGWSS":[145.32,0,0,-10],
"0GSSGWRW":[51.6999,-10,50.1768,159.459],
"SWGWGSSR":[-10,51.3259,0,-10],
"GSSSWWWW":[353.398,-10,-10,-10],
"SWSG0R0S":[-10,-10,449.226,55.0587],
"0WSWSSGS":[621.63,-10,-10,594.282],
"RGSG0W0W":[234.468,-10,92.9183,0],
"SSSSSG0S":[-10,-10,-10,383.758],
"0WGGSWRW":[41.7627,266.61,-10,0],
"SS0G0SSW":[-10,376.697,535.699,-10],
"SSWW0RGS":[-10,-10,616.221,138.323],
"SS0SGSGW":[-10,0,0,672.265],
"GW0SSSRW":[711.309,125.681,-10,213.155],
"SSRSSSSW":[-10,201.196,-10,-10],
"0R0WSGSG":[41.2295,0,-10,-10],
"SWRS0G0G":[-10,348.819,0,0],
"GSSS0WRW":[231.77,-10,47.3681,0],
"SWSS0G0G":[-10,-10,672.828,693.923],
"WWGSSSWW":[-10,327.257,-10,-10],
"0SSGRGSS":[0,-10,68.7688,-10],
"SGWW0R0W":[-10,-10,468.743,647.083],
"0RSG0SSW":[365.348,-10,0,-10],
"GSGSSSSW":[41.9359,0,-10,-10],
"SG0G0SSS":[-10,47.3507,45.4544,-10],
"WW0GSGSW":[-10,704.878,-10,-10],
"0W0GWW0G":[82.8983,0,-10,3.14081],
"SSSGSS0R":[-10,-10,-10,90.2995],
"SGGS0WSW":[-10,50.7544,439.398,-10],
"0RGWSG0W":[125.785,45.079,-10,0],
"0GSSSWSG":[105.651,-10,-10,-10],
"SS0SSSSS":[-10,418.714,-10,-10],
"SRSWSWGS":[-10,-10,-10,80.8463],
"SSSS0RGW":[-10,-10,101.972,751.547],
"RGSSSW0S":[140.155,-10,-10,0],
"0SSSRGSW":[-1.04,-10,129.451,-10],
"SW0SRS0W":[-10,170.572,602.327,60.2616],
"0SSSSWGS":[504.339,-10,-10,106.053],
"0S0WGGSS":[143.168,641.902,80.8585,-10],
"0GSSSWGR":[276.562,-10,-10,0],
"0S0G0SSW":[512.422,46.7813,36.9807,-10],
"SS0WSS0R":[-10,-1.04,-10,156.941],
"0SGWSWSS":[554.943,212.049,-10,-10],
"0GSWSG0S":[677.131,-10,-10,165.897],
"SGWW0S0S":[-10,-10,158.253,0],
"GGWWSRSS":[118.084,-10,-10,-10],
"GW0W0W0R":[147.71,41.6363,60.1823,23.8217],
"RSSSWWGW":[630.507,-10,-10,119.352],
"0WSWSWWW":[660.208,-10,-10,-10],
"SRGWSSSW":[-10,122.831,-10,-10],
"0GSGSW0R":[68.608,-10,-10,426.788],
"SWSG0WRS":[-10,-10,0,288.497],
"SS0GRWWW":[-10,717.054,592.117,-10],
"0S0SSRSW":[378.597,0,-10,-10],
"GWSRWW0G":[132.417,-10,-10,0],
"0W0S0RSW":[647.742,59.3915,61.6948,-10],
"WWSGSR0G":[-10,-10,-10,292.75],
"0SRWSS0S":[530.284,60.8847,-10,-0.290624],
"0SSSSS0G":[478.96,-10,-10,165.476],
"GSSGSSRW":[65.5742,-10,-10,0],
"RGSW0SWW":[294.329,-10,3.68168,-10],
"0SSWRW0S":[4.7943,-10,656.406,85.2291],
"0SSWSSRW":[498.155,-10,-10,58.1277],
"SG0R0S0S":[-10,0,0,149.756],
"WWSS0SGS":[-10,-10,-1.04,264.826],
"WWRG0SSS":[-10,732.837,261.235,-10],
"SWSSGSSR":[-10,-10,35.0327,-10],
"0GSWSSRW":[717.149,-10,-10,349.177],
"GSSWSSRG":[0,-10,-10,173.708],
"GRSSGWWW":[130.368,-10,0,-10],
"0SSS0RSG":[-1.04,-10,125.803,-10],
"0SSSGWSS":[-1.04,-10,557.027,-10],
"GGSRWWWW":[49.9329,-10,-10,-10],
"SW0G0WRG":[-10,1.50318,438.851,113.651],
"GWSSRW0G":[745.827,-10,161.475,229.629],
"0WWWSRGG":[172.207,-10,-10,0],
"0SGW0GSS":[469.303,385.536,741.57,-10],
"0GGWSWRS":[560.757,79.1692,-10,0],
"GSSW0WSS":[343.487,-10,117.505,-10],
"SWSS0GSR":[-10,-10,198.086,-10],
"SWRSWWSW":[-10,73.6823,-10,-10],
"SGSWRW0S":[-10,-10,70.5775,456.069],
"0SSSGW0R":[99.9769,-10,207.841,604.869],
"SRWW0SSW":[-10,-10,61.8049,-10],
"SWSG0G0R":[-10,-10,61.9762,449.525],
"SGWWRG0W":[-10,-10,128.439,0],
"SR0GGWSW":[-10,499.4,68.7529,-10],
"SR0S0SWW":[-10,50.5232,139.553,-10],
"SRSWSWSS":[-10,-10,-10,-10],
"SWSWRSWW":[-10,-10,49.2592,-10],
"GRSW0SWW":[131.763,-10,-1.04,-10],
"GWSGSSSW":[71.2441,-10,-10,-10],
"0RSWGS0S":[399.477,-10,0,0],
"0SSSWWRG":[87.8861,-10,-10,733.462],
"GRSS0G0W":[0,-10,0,563.645],
"RS0WSS0S":[57.8352,591.878,-10,64.0113],
"SSSWRSGW":[-10,-10,65.5264,0],
"WW0G0R0G":[-10,1.08374,5.52309,1.52233],
"0RSS0SGW":[411.685,-10,290.097,761.22],
"GW0WGWSW":[339.802,384.459,699.63,-10],
"SWGWGW0S":[-10,329.21,746.245,191.396],
"SWSWWWGS":[-10,-10,-10,140.276],
"SWSSGWSW":[-10,-10,731.722,-10],
"GW0GSW0R":[669.777,65.8876,-10,91.659],
"0G0RGWSW":[0,363.651,41.826,-10],
"SSRW0G0W":[-10,652.027,736.834,649.834],
"SWSGGWWW":[-10,-10,487.419,-10],
"0RGSSSSW":[472.164,67.6306,-10,-10],
"0W0SSSGG":[635.354,95.5562,-10,0],
"SG0WGWRW":[-10,0,52.5586,0],
"SWGGWW0S":[-10,410.085,-10,0],
"WWSGSS0S":[-10,-10,-10,7.92747],
"0GRW0GSW":[0,0,132.921,-10],
"RG0SSWSS":[226.741,0,-10,-10],
"GWGWRSSW":[191.174,70.4823,0,-10],
"SS0GSSSS":[-10,644.277,-10,-10],
"WWRW0GWW":[-10,-1,0,-10],
"SWWWWWGS":[-10,-10,-10,157.065],
"SSSGSGSS":[-10,-10,-10,-10],
"0GSSSRSW":[501.553,-10,-10,-10],
"SWSRGS0G":[-10,-10,116.583,0],
"SGRW0GWW":[-10,43.2072,0,-10],
"0GSSSWSR":[322.501,-10,-10,-10],
"SRWW0GGW":[-10,-10,264.492,0],
"SWSSSG0S":[-10,-10,-10,172.972],
"GWRGSW0W":[0,25.7976,-10,491.06],
"RSSSWWWW":[169.006,-10,-10,-10],
"SR0WSS0S":[-10,568.799,-10,23.7299],
"SGSGWWRW":[-10,-10,-10,55.517],
"0GSW0SGS":[0,-10,0,638.767],
"SSSW0S0G":[-10,-10,520.802,451.419],
"SW0SSGSS":[-10,284.931,-10,-10],
"SW0GRWSW":[-10,719.97,455.143,-10],
"WWSRGS0W":[-10,-10,0,317.444],
"GWWWSSRG":[195.888,-10,-10,632.95],
"SWSG0W0G":[-10,-10,520.523,741.605],
"WWGR0GSW":[-10,395.631,83.9302,-10],
"SSSW0SSS":[-10,-10,162.793,-10],
"0GRWSGSW":[99.3438,0,-10,-10],
"SSRSWWWW":[-10,129.013,-10,-10],
"SSRWWWGS":[-10,74.7799,-10,0],
"0SSSGRGW":[107.05,-10,0,385.608],
"SSSS0RSS":[-10,-10,500.866,-10],
"0W0GSSGS":[59.8221,586.776,-10,92.706],
"0GSW0G0R":[136.857,-10,75.1627,414.349],
"WWSGRS0G":[-10,-10,281.721,0],
"SWSWSSSS":[-10,-10,-10,-10],
"SWWWSRSS":[-10,-10,-10,-10],
"SG0GSSSW":[-10,165.37,-10,-10],
"SS0R0GSG":[-10,332.575,0,-10],
"0WGWSW0S":[641.343,727.413,-10,544.005],
"GR0SSSSW":[174.928,0,-10,-10],
"SSSSSR0G":[-10,-10,-10,393.232],
"SWRSWWSS":[-10,179.932,-10,-10],
"SWSWSSRG":[-10,-10,-10,541.445],
"SG0WSGSS":[-10,41.6199,-10,-10],
"GWWWWWSW":[698.023,-10,-10,-10],
"SS0RSS0S":[-10,457.258,-10,20.7717],
"0SSGGWWW":[72.4806,-10,0,-10],
"0S0S0GSR":[162.278,0,0,-10],
"GWSS0RGW":[746.175,-10,136.343,324.987],
"WWSR0WWW":[-10,-10,605.536,-10],
"SGSW0GRW":[-10,-10,67.6288,130.833],
"GSWW0GSW":[42.2172,-10,0,-10],
"WWRS0SSG":[-10,87.145,0,-10],
"SG0WWWSW":[-10,539.702,-10,-10],
"SSSWRWGS":[-10,-10,207.459,0],
"WWGWSR0S":[-10,0,-10,25.7696],
"SSSGSW0S":[-10,-10,-10,193.404],
"0RSW0GSS":[67.6851,-10,0,-10],
"SRGWSWSW":[-10,180.697,-10,-10],
"0WRW0SSG":[279.934,77.674,533.435,-10],
"SSSSSG0W":[-10,-10,-10,602.067],
"SSWWGWGS":[-10,-10,0,548.295],
"WWSGSRGW":[-10,-10,-10,154.002],
"SW0SRGSG":[-10,57.8583,0,-10],
"SG0S0S0R":[-10,0,0,285.381],
"SWSWWW0S":[-10,-10,-10,106.256],
"0RWWGGSS":[17.7309,-10,317.164,-10],
"GWSSSWSG":[167.297,-10,-10,-10],
"SS0SGR0S":[-10,0,31.1268,0],
"SS0WRWSS":[-10,543.198,656.112,-10],
"RWSG0SWW":[251.106,-10,0,-10],
"0SSWWWRS":[289.203,-10,-10,25.071],
"SSSSRW0S":[-10,-10,381.984,55.0499],
"0SSG0WRG":[43.751,-10,0,0],
"WWGRSS0G":[-10,0,-10,301.033],
"SWSGSW0W":[-10,-10,-10,629.586],
"0S0WSGRS":[274.776,0,-10,0],
"SSGSGW0W":[-10,708.859,0,207.662],
"SWRWGWSS":[-10,625.353,247.39,-10],
"WWSWGR0W":[-10,-10,725.114,516.053],
"GWSGSW0R":[54.0701,-10,-10,0],
"SGRW0WSG":[-10,0,42.1337,-10],
"0RGWSS0G":[391.167,0,-10,0],
"WWSRGG0W":[-10,-10,270.353,52.1981],
"0G0S0WSS":[41.8186,593.646,64.5463,-10],
"0S0SSWGS":[0,161.753,-10,0],
"0SRW0WSG":[146.069,38.6432,545.879,-10],
"0S0SGWSS":[364.609,194.146,0,-10],
"GRSWGS0W":[103.489,-10,0,0],
"GSSSSSGW":[289.254,-10,-10,0],
"SS0SSSRS":[-10,39.7609,-10,0],
"RSSSSW0G":[0,-10,-10,260.331],
"SWSWGS0R":[-10,-10,223.889,627.184],
"SRGG0WSW":[-10,0,142.355,-10],
"SSGG0RSW":[-10,83.9815,91.2255,-10],
"GWSS0WRW":[762.123,-10,183.514,245.832],
"SW0SSSWW":[-10,203.504,-10,-10],
"0WSSGS0G":[633.686,-10,435.017,385.676],
"SWGG0RWW":[-10,202.806,0,-10],
"0W0G0RSG":[59.3693,526.062,187.231,-10],
"SG0SGW0R":[-10,61.2314,0,0],
"0WSWRSSS":[651.26,-10,31.4895,-10],
"0G0G0SSR":[195.566,0,0,-10],
"0GRSSSWW":[684.972,314.029,-10,-10],
"0W0S0SSR":[643.8,141.392,121.621,-10],
"RW0WSWGS":[438.528,0,-10,0],
"SRGW0GSS":[-10,0,237.814,-10],
"SW0SSWGS":[-10,43.1554,-10,9.01],
"0S0SGWSW":[142.661,607.585,338.525,-10],
"SSGG0RWW":[-10,0,352.869,-10],
"RW0GSS0S":[591.227,63.5481,-10,0],
"SWRG0WGS":[-10,49.9122,115.632,0],
"WWGG0RSW":[-10,236.542,570.346,-10],
"SWSSRWSS":[-10,-10,354.039,-10],
"SSGG0W0S":[-10,256.363,654.42,120.353],
"GWSRGWWW":[59.7659,-10,236.781,-10],
"0S0SSWRW":[375.214,92.8308,-10,648.857],
"0GSWGWRW":[2.94678,-10,0,149.802],
"0GSWSR0S":[639.788,-10,-10,46.2057],
"0SGWGRSW":[128.554,0,0,-10],
"SSSSSWGS":[-10,-10,-10,297.873],
"SRSG0S0W":[-10,-10,184.611,0],
"SGRGSWSW":[-10,52.0946,-10,-10],
"SWGWRS0S":[-10,256.038,0,0],
"0SSG0SSW":[15.1268,-10,270.422,-10],
"0W0GSWSR":[587.793,723.7,-10,-10],
"GS0W0RSG":[79.2111,0,0,-10],
"SS0WSRSG":[-10,238.996,-10,-10],
"0SRS0WSS":[19.4726,592.105,0,-10],
"SSSWSWRS":[-10,-10,-10,435.351],
"SSSGSSRW":[-10,-10,-10,167.56],
"SWSGSS0R":[-10,-10,-10,364.531],
"0WSS0G0S":[0,-10,-0.05,530.985],
"GWSGSWSS":[108.539,-10,-10,-10],
"SRSG0WSG":[-10,-10,43.9388,-10],
"SGSWSS0R":[-10,-10,-10,422.459],
"RWSSGGWW":[173.143,-10,0,-10],
"0SSWSS0S":[340.061,-10,-10,410.666],
"SWSSGG0S":[-10,-10,240.891,0],
"GWSG0SSW":[202.001,-10,0,-10],
"GSSWWW0R":[664.124,-10,-10,122.657],
"RWSWWW0W":[611.824,-10,-10,672.411],
"0W0WSSSR":[654.923,634.97,-10,-10],
"RWGSSS0W":[338.979,0,-10,64.2849],
"SW0WGGSR":[-10,0,507.293,-10],
"SSSRGWSW":[-10,-10,119.616,-10],
"0GRSSS0W":[608.854,623.99,-10,664.3],
"SR0S0S0S":[-10,207.981,0,24.7864],
"0WGGSRWW":[0,187.084,-10,-10],
"0GSS0R0G":[420.354,-10,363.703,735.588],
"0WGWGSSW":[42.4169,0,651.348,-10],
"GWWW0W0G":[54.2616,-10,0,0],
"SWSSSS0S":[-10,-10,-10,346.484],
"SS0GSSSG":[-10,50.6586,-10,-10],
"GSSGSSWW":[34.5557,-10,-10,-10],
"GRSSSWGW":[162.889,-10,-10,0],
"SW0S0SRG":[-10,-0.722172,554.809,137.405],
"GRSSGW0W":[0,-10,372.643,0],
"0SSS0W0R":[584.656,-10,643.949,550.395],
"SRSS0SSW":[-10,-10,165.115,-10],
"SS0W0GGR":[-10,305.065,730.763,188.117],
"0GSWSWRS":[71.7993,-10,-10,369.216],
"SRSG0W0G":[-10,-10,56.3298,98.512],
"GSGS0RSW":[31.379,0,0,-10],
"0GSSSWRG":[419.746,-10,-10,0],
"RSSW0WGG":[0,-10,51.1633,543.659],
"GSSW0WGW":[112.811,-10,632.206,75.1484],
"SGRSSWSW":[-10,95.9196,-10,-10],
"SSSSRG0W":[-10,-10,711.876,0],
"SSRSSW0S":[-10,-1.19,-10,53.5841],
"SWGSRW0W":[-10,68.2308,0,382.537],
"0GGSWWSW":[4.92823,0,-10,-10],
"SW0WSGRS":[-10,289.147,-10,0],
"SGRWWWWW":[-10,362.583,-10,-10],
"SRSGSWSW":[-10,-10,-10,-10],
"SGSSSSSR":[-10,-10,-10,-10],
"SSSSSWGG":[-10,-10,-10,293.695],
"SW0SSS0G":[-10,21.4032,-10,653.13],
"0WRGSWWW":[668.021,482.946,-10,-10],
"0GRGSSWW":[728.915,235.423,-10,-10],
"RS0SSWWW":[50.3105,326.478,-10,-10],
"GG0WSWRW":[581.683,64.1658,-10,58.9268],
"SWSRSS0G":[-10,-10,-10,536.523],
"WWGWSSRS":[-10,341.857,-10,0],
"GS0WSW0R":[517.87,0,-10,0],
"0WGW0WGW":[23.2938,0,0,0],
"0S0GSWWW":[333.025,7.80644,-10,-10],
"SW0RGS0W":[-10,29.8234,0,517.547],
"GGSRSS0W":[366.689,-10,-10,0],
"SSSWSWGG":[-10,-10,-10,133.795],
"0G0W0W0G":[182.623,240.429,177.398,188.133],
"0WGGSR0S":[45.5329,0,-10,0],
"0G0WGWSW":[567.141,562.293,758.566,-10],
"0RSWGS0G":[365.3,-10,0,0],
"0RSWSWGG":[153.054,-10,-10,82.1178],
"SGSSSS0S":[-10,-10,-10,277.311],
"RWGWSWSW":[155.308,675.365,-10,-10],
"0RWWGWSS":[240.088,-10,711.575,-10],
"WWGGSW0R":[-10,276.538,-10,49.3695],
"SRSW0W0S":[-10,-10,662.548,563.517],
"0S0GSWSG":[0,672.862,-10,-10],
"SS0RGWGW":[-10,107.277,377.271,734.529],
"SW0W0WGS":[-10,629.814,652.607,599.405],
"SWSSRG0S":[-10,-10,0,317.537],
"SWSSGW0G":[-10,-10,494.538,714.746],
"WWGWSWSW":[-10,729.796,-10,-10],
"SSSGSG0W":[-10,-10,-10,125.713],
"GGSW0W0W":[810.214,-10,548.562,568.605],
"GG0WSWSR":[612.931,0,-10,-10],
"0SSRWW0S":[0,-10,-10,41.8389],
"0GWWRGSS":[181.381,-10,64.6249,-10],
"0SGRWWSS":[364.685,745.567,-10,-10],
"0SGGSWSW":[0,443.207,-10,-10],
"SWSSRSGS":[-10,-10,146.925,0],
"SG0WSW0R":[-10,60.2569,-10,0],
"SWSSGSWW":[-10,-10,153.814,-10],
"SR0GGWWW":[-10,114.103,419.539,-10],
"SW0SGSRW":[-10,0,0,297.785],
"SSSG0RSW":[-10,-10,400.25,-10],
"SS0GRW0G":[-10,5.16584,396.36,6.06948],
"SS0S0RSW":[-10,408.089,619.366,-10],
"GW0WWWSR":[658.881,125.555,-10,-10],
"WWGR0SSS":[-10,332.165,639.494,-10],
"SWGSGRWW":[-10,119.489,0,-10],
"0W0WGRSG":[309.748,21.2115,125.004,-10],
"SR0G0WWW":[-10,700.789,532.635,-10],
"0W0SSRGG":[0,128.294,-10,0],
"SGSG0WSW":[-10,-10,203.119,-10],
"0WSWRSSG":[291.946,-10,-1.19,-10],
"WWGRSG0S":[-10,0,-10,40.8105],
"0WSRSSGS":[101.379,-10,-10,0],
"0SSWRGGW":[34.8115,-10,0,204.119],
"0S0SSWGW":[289.262,108.455,-10,750.484],
"WWSSSWRW":[-10,-10,-10,638.681],
"WWSRSWWW":[-10,-10,-10,-10],
"SG0W0SRS":[-10,44.5047,0,0],
"SS0SRSSG":[-10,17.8335,0,-10],
"0R0G0GSS":[496.036,473.541,671.052,-10],
"GSWWSSSW":[116.472,-10,-10,-10],
"RSSS0W0S":[0,-10,0,605.058],
"SW0SRSSS":[-10,270.341,32.9396,-10],
"SSSSSRSG":[-10,-10,-10,-10],
"WWSWSG0R":[-10,-10,-10,548.841],
"GWRW0WSG":[122.481,0,0,-10],
"0WRGWWSG":[282.607,0,-10,-10],
"SSSRSWGS":[-10,-10,-10,71.7979],
"0WSGGSWW":[194.435,-10,0,-10],
"WWGSSR0W":[-10,30.9952,-10,0],
"GSSW0RWW":[9.01,-10,0,-10],
"SSSGSRWW":[-10,-10,-10,-10],
"0SSS0R0S":[82.5394,-10,95.7681,624.795],
"SWGG0S0S":[-10,606.31,0,31.0627],
"SR0WGGSS":[-10,61.8666,0,-10],
"GGSWRW0W":[470.645,-10,22.3185,0],
"SSGRGW0W":[-10,187.866,175.309,637.837],
"RG0WSSGW":[0,0,-10,243.55],
"SSRWGWGW":[-10,0,673.299,70.5208],
"0GWWSWGR":[0,-10,-10,399.15],
"SWRW0GGS":[-10,156.832,0,0],
"RS0GSW0S":[363.392,72.9999,-10,0],
"0WGSSRSS":[535.057,0,-10,-10],
"SG0WGWSR":[-10,0,87.1016,-10],
"WWRSSS0W":[-10,158.601,-10,442.304],
"GSRS0SSW":[42.24,0,0,-10],
"0WSW0G0R":[600.989,-10,716.671,614.305],
"0S0WSR0G":[160.005,0,-10,0],
"GWSS0WRG":[176.18,-10,0,0],
"SS0WSW0G":[-10,428.582,-10,-0.05],
"0WSGGSSS":[119.455,-10,0,-10],
"SS0W0GSW":[-10,650.005,732.59,-10],
"WWRSSSGW":[-10,-0.395624,-10,250.65],
"SGGS0S0W":[-10,0,20.7928,0],
"SW0W0R0W":[-10,656.229,672.009,648.834],
"0GSWRSWW":[357.212,-10,0,-10],
"SRGS0WSS":[-10,330.236,64.1762,-10],
"SWSWGS0G":[-10,-10,520.135,0],
"SRSWSG0W":[-10,-10,-10,394.572],
"SSGWSW0S":[-10,685.243,-10,-1.8284],
"SGSWRWGS":[-10,-10,125.513,0],
"SRSWWW0G":[-10,-10,-10,698.574],
"GW0SSSRG":[432.801,0,-10,0],
"0WRWSSSW":[646.493,605.095,-10,-10],
"GGSSSSWW":[785.755,-10,-10,-10],
"GRSSSSSW":[105.689,-10,-10,-10],
"0W0WRWSW":[593.913,637.151,650.628,-10],
"GW0SRSSW":[180.923,0,0,-10],
"0GSG0WWW":[723.508,-10,464.437,-10],
"SGSW0GSS":[-10,-10,571.782,-10],
"SS0GGSRS":[-10,173.878,0,0],
"SGRWWW0W":[-10,113.99,-10,556.316],
"WWSRSGSS":[-10,-10,-10,-10],
"SW0R0S0W":[-10,99.9051,609.361,120.059],
"RS0SSSWW":[246.937,61.6721,-10,-10],
"SSGWSSSR":[-10,135.764,-10,-10],
"0WWWGGSW":[412.052,-10,810.486,-10],
"0G0GRSSS":[675.601,0,0,-10],
"SW0SGSWW":[-10,412.52,25.7148,-10],
"SSSS0WRS":[-10,-10,0,557.364],
"0WSWSSRW":[656.671,-10,-10,621.389],
"GRWW0GSS":[146.742,-10,89.0959,-10],
"SR0G0G0S":[-10,66.3005,0,0],
"WWGSSWGW":[-10,10,-10,0],
"SWRW0S0S":[-10,648.05,166.479,57.2254],
"0GSW0WRG":[52.7033,-10,380.959,43.9272],
"RW0SSWSW":[376.279,576.003,-10,-10],
"WWSSSRSG":[-10,-10,-10,-10],
"GSSWSS0S":[454.616,-10,-10,124.445],
"WW0GSG0R":[-10,67.7165,-10,21.9786],
"GS0RWWSG":[68.0503,0,-10,-10],
"SW0G0RSG":[-10,353.2,0,-10],
"SGSWRSWW":[-10,-10,8.21302,-10],
"SS0RGSSW":[-10,620.656,188.57,-10],
"SWGWSWSR":[-10,324.178,-10,-10],
"RW0S0SSW":[242.35,596.906,94.3969,-10],
"SGSG0WSS":[-10,-10,94.3921,-10],
"0RSGWWWW":[548.168,-10,-10,-10],
"GSSWRW0W":[21.719,-10,476.013,19.1132],
"GSSSSGSW":[71.7101,-10,-10,-10],
"RGWWSSSG":[222.603,-10,-10,-10],
"0RSSWWSW":[56.1711,-10,-10,-10],
"WWGSSWSR":[-10,17.119,-10,-10],
"SS0RGWGS":[-10,62.0996,0,0],
"GGSR0SWW":[0,-10,-1.04,-10],
"SSWWRG0G":[-10,-10,48.7293,685.837],
"GSGWRWSS":[186.463,0,0,-10],
"0S0SSGRW":[215.739,0,-10,0],
"SGWW0WGR":[-10,-10,17.8321,113.195],
"0RGW0SSS":[369.615,757.195,318.713,-10],
"WW0SSRSS":[-10,89.8798,-10,-10],
"SSWWGWRG":[-10,-10,717.376,0],
"0R0WSG0S":[125.841,681.265,-10,295.498],
"GWSSSSGW":[730.402,-10,-10,246.732],
"SSSGRGWW":[-10,-10,224.366,-10],
"RWSG0W0G":[50.7899,-10,413.09,0],
"0SGG0RSS":[0,620.925,0,-10],
"0WGGSRSS":[107.462,417.618,-10,-10],
"SSSW0GRS":[-10,-10,273.871,0],
"WWRWSS0S":[-10,375.981,-10,42.0074],
"SRWWGSSW":[-10,-10,9.01,-10],
"SGSS0WSG":[-10,-10,257.356,-10],
"SS0RSSWW":[-10,190.329,-10,-10],
"0SSW0GSG":[-1.04,-10,457.707,-10],
"0S0SSW0S":[235.418,364.392,-10,329.222],
"0SSW0RSG":[4.80622,-10,487.061,-10],
"SSSWSSRS":[-10,-10,-10,174.482],
"SG0WSS0S":[-10,601.096,-10,123.24],
"WWRWSSSW":[-10,567.23,-10,-10],
"RWSSSW0S":[78.8059,-10,-10,427.21],
"SSSG0RGW":[-10,-10,58.2589,0],
"SS0SSS0S":[-10,84.7046,-10,440.719],
"SR0G0GWW":[-10,0,529.796,-10],
"SGSSSW0S":[-10,-10,-10,268.917],
"GR0GSS0S":[498.662,73.9828,-10,112.315],
"SGGS0W0R":[-10,0,24.9472,0],
"SWSW0GGR":[-10,-10,418.37,0],
"0RSS0WSW":[0,-10,509.449,-10],
"SWSGRWSS":[-10,-10,151.703,-10],
"SWGWSSSR":[-10,355.139,-10,-10],
"0SSSRW0W":[471.077,-10,580.223,650.502],
"SG0SSS0R":[-10,-1.04,-10,198.681],
"0GSWWWWW":[714.716,-10,-10,-10],
"SS0S0SGW":[-10,34.238,119.678,697.269],
"SWRW0SGS":[-10,0,156.721,0],
"GWWWSWRG":[159.398,-10,-10,0],
"0SSS0WRG":[602.841,-10,211.223,186.764],
"RGSSSWSS":[146.942,-10,-10,-10],
"SSRS0WGW":[-10,94.1832,115.283,738.923],
"SSSSGWRW":[-10,-10,654.854,112.513],
"SS0SRWGW":[-10,0,382.034,0],
"RWWWSSSG":[533.645,-10,-10,-10],
"0SRWSSSW":[444.055,0,-10,-10],
"0SSWSWGR":[408.032,-10,-10,0],
"SGSS0RSW":[-10,-10,288.264,-10],
"0SSSGWRW":[60.3172,-10,71.9168,513.512],
"0W0GSGSR":[131.335,0,-10,-10],
"SGSW0SSR":[-10,-10,-1.976,-10],
"GRSWSWWW":[613.203,-10,-10,-10],
"SSSWWW0G":[-10,-10,-10,720.107],
"GSWWSS0S":[330.545,-10,-10,104.949],
"SSSWWWSG":[-10,-10,-10,-10],
"0S0SWWSG":[154.264,0,-10,-10],
"RGSWSWGS":[70.5993,-10,-10,0],
"RSSWGWWW":[-1.19,-10,387.358,-10],
"SSSSSWGR":[-10,-10,-10,116.946],
"0GGWSSSW":[717.654,446.63,-10,-10],
"SS0SRWSW":[-10,558.039,216.603,-10],
"WW0SSSSG":[-10,70.8095,-10,-10],
"WW0G0RWW":[-10,24.1756,0,-10],
"SS0SSWSG":[-10,291.746,-10,-10],
"0SRWSW0S":[203.899,244.194,-10,337.146],
"SWRWGGSW":[-10,0,140.64,-10],
"SW0SGR0G":[-10,-1.04,329.784,0],
"WWSWRSSS":[-10,-10,90.2304,-10],
"GGSWSW0S":[465.599,-10,-10,0],
"SWSSRSSW":[-10,-10,284.088,-10],
"WWSWGSRS":[-10,-10,9.01,0],
"SG0GSS0S":[-10,127.857,-10,0],
"SS0SRSSW":[-10,323.043,0,-10],
"RSGW0WSS":[603.923,139.439,209.189,-10],
"0W0SSW0G":[639.92,554.252,-10,739.328],
"GG0WRSSW":[70.0687,0,160.21,-10],
"SS0SSRSS":[-10,323.733,-10,-10],
"SRSSSW0W":[-10,-10,-10,651.194],
"0GSW0RSW":[40.0635,-10,-0.05,-10],
"0WSW0SGW":[650.349,-10,638.497,752.427],
"0WSW0GSW":[491.428,-10,59.5789,-10],
"WW0GSRGS":[-10,60.6824,-10,0],
"RWSWSWSG":[121.676,-10,-10,-10],
"0WGWSGRW":[0,58.4325,-10,0],
"SSSSGW0S":[-10,-10,725.2,57.3586],
"SSRWGG0W":[-10,626.17,309.287,160.955],
"0G0WSWRW":[728.77,622.761,-10,605.553],
"SWSGSS0G":[-10,-10,-10,548.337],
"SWSRSS0S":[-10,-10,-10,247.211],
"SGSW0SGW":[-10,-10,105.479,0],
"0W0WGGSS":[606.171,578.955,798.333,-10],
"SGWW0SSS":[-10,-10,-3.57656,-10],
"GWSSSGSS":[229.974,-10,-10,-10],
"WWSSSSRS":[-10,-10,-10,52.466],
"0SSWGW0R":[320.308,-10,756.741,221.251],
"SRSWGWWW":[-10,-10,176.639,-10],
"SSSGSS0G":[-10,-10,-10,114.3],
"SS0SSSSR":[-10,179.053,-10,-10],
"0WWWSWGG":[285.012,-10,-10,798.501],
"SRSSSW0G":[-10,-10,-10,438.049],
"WWRWGWSW":[-10,397.035,0,-10],
"RWSWSGWW":[293.349,-10,-10,-10],
"0WSWGRSS":[0,-10,13.3143,-10],
"SRSW0G0G":[-10,-10,659.094,63.2876],
"SSGW0SSS":[-10,531.259,57.8516,-10],
"SSSGWWSS":[-10,-10,-10,-10],
"SRSWWWWW":[-10,-10,-10,-10],
"0R0WWWGW":[25.4264,26.3794,-10,0],
"0SSG0WSW":[5.2642,-10,636.568,-10],
"SR0WWWSS":[-10,605.909,-10,-10],
"SSSW0WRS":[-10,-10,221.58,601.092],
"0G0SSSSR":[101.808,0,-10,-10],
"SWRWSS0S":[-10,71.4871,-10,178.265],
"0S0G0RSW":[558.666,728.543,615.767,-10],
"SWRG0G0S":[-10,677.081,0,78.1436],
"SWSGSWRW":[-10,-10,-10,201.324],
"SWSW0SGS":[-10,-10,569.545,18.109],
"GSRSSW0W":[284.378,34.9687,-10,69.5357],
"SGSWRWSW":[-10,-10,189.707,-10],
"SG0WRW0G":[-10,119.071,21.9469,238.717],
"SG0W0RGS":[-10,0,0,56.6031],
"GSSS0WSW":[96.0427,-10,378.496,-10],
"0SSWGGWW":[-1.976,-10,157.481,-10],
"SWSS0WRS":[-10,-10,0,565.742],
"SGSR0W0S":[-10,-10,28.7222,0],
"SWSGSRWW":[-10,-10,-10,-10],
"0SGGSSSS":[53.3021,0,-10,-10],
"WWSW0GRG":[-10,-10,455.223,48.7256],
"SGWW0WRS":[-10,-10,75.2604,446.899],
"SS0RSGSW":[-10,389.697,-10,-10],
"RSSWWW0S":[48.1152,-10,-10,229.548],
"SS0GSSGS":[-10,0,-10,9.01],
"SS0S0G0W":[-10,600.25,729.29,661.121],
"WW0SSSRG":[-10,-1.04,-10,141.794],
"0SSWWWSG":[56.4854,-10,-10,-10],
"0WWW0WRG":[20.9175,-10,0,0],
"0GWWWW0G":[25.3135,-10,-10,0],
"SSGSGWSS":[-10,245.595,0,-10],
"WW0SGSSW":[-10,0,360.767,-10],
"SS0SGRWW":[-10,641.405,406.298,-10],
"SW0GSWSG":[-10,437.584,-10,-10],
"SS0GSWSR":[-10,459.003,-10,-10],
"RSSS0WGW":[646.01,-10,247.989,246.707],
"GWSWSR0S":[404.27,-10,-10,0],
"RWSS0S0S":[518.885,-10,3.60789,53.376],
"WW0SSGGR":[-10,0,-10,55.5704],
"0SSS0SSR":[318.645,-10,0,-10],
"0GSWSWRG":[337.164,-10,-10,11.3035],
"SSSWGSSW":[-10,-10,204.933,-10],
"WWSSGW0G":[-10,-10,764.955,565.19],
"SWGWSSSG":[-10,239.138,-10,-10],
"0S0SRSSS":[312.601,0,0,-10],
"SSWWGGSS":[-10,-10,796.925,-10],
"SSSGSWWW":[-10,-10,-10,-10],
"SSSGWW0S":[-10,-10,-10,-3.57656],
"0RSS0SSS":[441.829,-10,5.49058,-10],
"GSWWGWSS":[52.1602,-10,0,-10],
"0W0G0WSW":[655.319,735.94,657.963,-10],
"0GWWWW0R":[0.898195,-10,-10,0],
"0GSSRS0S":[165.403,-10,0,0],
"GGSW0SSW":[148.597,-10,0,-10],
"SW0RGSWW":[-10,204.951,0,-10],
"0GWWRSSW":[581.735,-10,53.377,-10],
"0W0WSWGS":[649.319,609.936,-10,565.544],
"RS0SSWGS":[4.95047,0,-10,0],
"SRSWSSSG":[-10,-10,-10,-10],
"WWWW0SSG":[-10,-10,92.0215,-10],
"GW0GRWSS":[58.6809,670.617,102.412,-10],
"GSWWSSRS":[139.598,-10,-10,37.1281],
"RWSGGWWW":[125.902,-10,0,-10],
"0SSGSW0G":[555.924,-10,-10,0],
"0R0W0GWW":[-0.095,0,-0.05,-10],
"0W0SSGRW":[565.307,111.024,-10,152.915],
"SSRSSWSS":[-10,210.566,-10,-10],
"0RSGSGSW":[99.7319,-10,-10,-10],
"SSSSRS0W":[-10,-10,498.41,120.545],
"0S0WSGGS":[242.687,0,-10,11.9066],
"GSSSSWSW":[246.305,-10,-10,-10],
"RWWWSS0S":[587.568,-10,-10,598.789],
"GG0RWWSW":[0,48.7691,-10,-10],
"SGSWSWSG":[-10,-10,-10,-10],
"SS0SRG0W":[-10,594.633,189.232,116.658],
"SWSS0SRS":[-10,-10,377.734,-1.19],
"0W0GWWSW":[647.974,717.221,-10,-10],
"RSSSSSSW":[95.2498,-10,-10,-10],
"RGSWSWSS":[483.423,-10,-10,-10],
"SS0G0WSG":[-10,715.504,424.802,-10],
"RS0WGGSW":[157.477,0,0,-10],
"WWSSSGRS":[-10,-10,-10,89.4261],
"GS0RSW0S":[618.017,61.6511,-10,-1.04],
"SWSSGS0G":[-10,-10,534.078,0],
"GS0WSSSS":[506.93,641.089,-10,-10],
"GS0GSSSR":[59.2944,0,-10,-10],
"SWSWRWGS":[-10,-10,458.705,63.498],
"SWSSSWGR":[-10,-10,-10,74.6215],
"WWWWGWSG":[-10,-10,325.895,-10],
"0GRWSWSG":[439,0,-10,-10],
"WWSR0G0G":[-10,-10,170.132,641.053],
"SWSWRGSS":[-10,-10,537.551,-10],
"SGSS0SWW":[-10,-10,41.8815,-10],
"SS0RWWWW":[-10,633.184,-10,-10],
"0W0SSSGS":[0,255.551,-10,61.684],
"SG0SSGSS":[-10,-1.04,-10,-10],
"SS0WGWSR":[-10,324.684,745.019,-10],
"SRWW0SSG":[-10,-10,-1.04,-10],
"GWWW0GSR":[413.158,-10,0,-10],
"0WSW0RSS":[595.448,-10,0,-10],
"RWGSSW0W":[256.561,0,-10,0],
"WWGS0SSS":[-10,352.968,115.416,-10],
"RW0WWWSG":[158.88,513.684,-10,-10],
"GS0S0SSW":[172.032,16.2104,0,-10],
"0SGSSWRW":[282.493,0,-10,0],
"SWWW0SRS":[-10,-10,225.259,46.7069],
"RSSWSWSG":[-3.2249,-10,-10,-10],
"SSRSSWWW":[-10,126.212,-10,-10],
"0WRSSSSG":[127.049,0,-10,-10],
"0S0SGGSW":[1.73844,0,605.116,-10],
"SS0SRS0W":[-10,357.08,0,0],
"RSSS0GSW":[4.73289,-10,0,-10],
"GWSWRG0W":[494.986,-10,0,0],
"SRSSGWGW":[-10,-10,248.938,0],
"WWSWGSSW":[-10,-10,9.01,-10],
"SSSWRGSW":[-10,-10,184.2,-10],
"0S0SSR0G":[101.958,0,-10,0],
"SW0SRWSG":[-10,49.0685,176.603,-10],
"0RSSSG0S":[147.113,-10,-10,0],
"0GSGWW0R":[228.54,-10,-10,49.7607],
"0W0RSWSW":[649.348,628.701,-10,-10],
"GWSRSGSS":[54.585,-10,-10,-10],
"RSSW0G0S":[335.607,-10,62.8471,0],
"SSSS0RWW":[-10,-10,542.865,-10],
"GWSSSS0G":[746.378,-10,-10,357.525],
"SWGGWW0R":[-10,124.289,-10,0],
"SWRGWW0S":[-10,269.465,-10,0],
"GG0SSS0R":[627.398,0,-10,0],
"GW0WSG0R":[24.8602,30.0056,-10,421.684],
"RWGG0SSW":[45.3901,219.009,0,-10],
"SWRS0SSS":[-10,330.259,0,-10],
"GSSSSS0S":[423.856,-10,-10,109.847],
"GW0RSG0S":[57.7684,0,-10,0],
"SSSSGS0G":[-10,-10,594.702,189.318],
"SWSRSGSS":[-10,-10,-10,-10],
"SWSS0SGR":[-10,-10,158.834,71.9276],
"SWSS0GGR":[-10,-10,356.245,76.1998],
"0G0S0WSW":[90.8124,148.794,644.517,-10],
"SWSRSWSS":[-10,-10,-10,-10],
"0GRWSG0W":[299.537,0,-10,0],
"SGRSSWSS":[-10,-2.261,-10,-10],
"WW0S0GSG":[-10,59.8,0,-10],
"GW0SSG0R":[59.4897,0,-10,0],
"SWGRSWSW":[-10,95.2515,-10,-10],
"SS0SGWGR":[-10,174.658,0,0],
"GWSR0WGW":[198.451,-10,0,0],
"WWSWGSRW":[-10,-10,433.018,58.8302],
"RSGWGWSS":[117.095,0,0,-10],
"RWSSSSSW":[598.605,-10,-10,-10],
"SWSWGG0R":[-10,-10,0,110.377],
"SRSWSG0S":[-10,-10,-10,203.728],
"GWRWSGWW":[31.5536,0,-10,-10],
"0SSWRWSS":[46.5306,-10,593.125,-10],
"0WSSSWSR":[536.564,-10,-10,-10],
"SSRS0S0G":[-10,203.878,0,0],
"GGWWSSRW":[0,-10,-10,378.265],
"SRSWGG0W":[-10,-10,271.848,0],
"0GSRGS0W":[134.414,-10,0,0],
"RW0SSS0G":[511.993,58.7231,-10,75.4212],
"0SGWRWSG":[0,0,48.7745,-10],
"GSSS0WSS":[280.873,-10,-1.04,-10],
"WW0SSSGR":[-10,-1.04,-10,0],
"GW0W0WSS":[771.022,649.945,642.158,-10],
"SSGWSWSS":[-10,730.215,-10,-10],
"GGSRSSWW":[178.851,-10,-10,-10],
"SRGWGWWW":[-10,154.346,0,-10],
"SG0W0GSR":[-10,49.1886,180.952,-10],
"0GSSGW0S":[-0.05,-10,10,0],
"SSSG0S0S":[-10,-10,22.2532,348.403],
"GGWWSSSS":[772.357,-10,-10,-10],
"SSWWRGSW":[-10,-10,731.359,-10],
"SW0GSGSS":[-10,327.576,-10,-10],
"GW0WSRGW":[213.154,0,-10,0],
"GW0SSGSW":[268.459,0,-10,-10],
"SSRWSGSW":[-10,153.147,-10,-10],
"0SRWGWSS":[348.66,64.5047,0,-10],
"SSWWRWSW":[-10,-10,634.262,-10],
"RSSWGW0G":[0,-10,68.0884,557.351],
"RWSSGS0W":[465.706,-10,74.9736,63.8343],
"SG0S0W0W":[-10,628.563,598.705,608.012],
"SS0RGWSS":[-10,158.745,730.007,-10],
"WWGRSG0W":[-10,104.757,-10,0],
"0W0SGSSS":[582.511,113.328,18.121,-10],
"0SSWGWSG":[-1.04,-10,192.125,-10],
"0WGRWW0W":[28.9535,0,-10,0],
"SR0SSSSG":[-10,35.34,-10,-10],
"SRSW0SSS":[-10,-10,247.095,-10],
"GWRSSW0G":[249.697,0,-10,0],
"RSSSSW0S":[-1.19,-10,-10,348.286],
"0SSRWWSW":[35.2581,-10,-10,-10],
"SWSSSR0S":[-10,-10,-10,302.417],
"SR0SSW0S":[-10,-1.04,-10,234.379],
"SG0R0WSW":[-10,474.977,651.096,-10],
"0W0S0RSG":[55.2292,0,0,-10],
"RSWWSSSG":[35.138,-10,-10,-10],
"0GWWWWRG":[25.1586,-10,-10,0],
"SWRSSG0W":[-10,-3.2249,-10,258.457],
"0SGWSSSG":[48.845,0,-10,-10],
"SWSWGGRW":[-10,-10,251.429,55.9099],
"SSSSGRGW":[-10,-10,68.6485,0],
"0WSGSRSS":[225.35,-10,-10,-10],
"SSSS0R0S":[-10,-10,169.833,572.131],
"0S0WSGSR":[264.452,0,-10,-10],
"0SSSWWRS":[155.901,-10,-10,0],
"RWSSSWGS":[405.848,-10,-10,0],
"0GSW0W0S":[100.126,-10,646.249,159.172],
"GS0SSW0R":[677.819,27.872,-10,115.948],
"SWSSSWGS":[-10,-10,-10,133.932],
"SGSW0WGS":[-10,-10,452.251,66.2883],
"SSSSSSGW":[-10,-10,-10,619.612],
"GGSWWW0R":[200.082,-10,-10,0],
"0R0SWWSW":[-0.05,210.899,-10,-10],
"SWSG0SRS":[-10,-10,83.9723,0],
"RS0WSGSW":[0,317.384,-10,-10],
"0SGSSRSS":[142.15,0,-10,-10],
"0WGSSSSW":[564.124,587.067,-10,-10],
"WWRS0SSS":[-10,330.026,52.7173,-10],
"SSSSRWSS":[-10,-10,403.642,-10],
"0G0SSWGR":[449.999,0,-10,0],
"GGSRWW0W":[147.073,-10,-10,64.0795],
"SGGS0SSS":[-10,57.1899,0,-10],
"SSSWSR0S":[-10,-10,-10,354.585],
"0SSW0SSW":[379.086,-10,197.521,-10],
"SSSRWWSW":[-10,-10,-10,-10],
"SW0W0S0G":[-10,217.801,143.026,588.854],
"GSSS0RSW":[91.3343,-10,0,-10],
"GWSRSWSS":[66.4958,-10,-10,-10],
"GSSWWWSG":[9.01,-10,-10,-10],
"GW0SSWSR":[117.731,0,-10,-10],
"SGSWGW0S":[-10,-10,376.225,59.8909],
"SWGS0S0S":[-10,200.448,0,0],
"SS0S0S0S":[-10,234.784,216.781,415.081],
"SSSSGGSW":[-10,-10,194.022,-10],
"0SSSSSSS":[322.369,-10,-10,-10],
"GWSSSG0S":[244.285,-10,-10,0],
"SWSSSSRG":[-10,-10,-10,239.634],
"GSSG0W0R":[58.9864,-10,0,0],
"SSSSSR0S":[-10,-10,-10,256.411],
"SWGSSS0G":[-10,0,-10,25.8329],
"SS0S0S0R":[-10,68.9268,528.93,227.065],
"GRWWGWSS":[36.4746,-10,196.124,-10],
"GW0GRSSW":[0,0,272.909,-10],
"GWSWSR0G":[685.401,-10,-10,57.3384],
"SRSSSSWW":[-10,-10,-10,-10],
"SSSSGWSS":[-10,-10,563.49,-10],
"SWSSRSGW":[-10,-10,248.282,0],
"0S0GSW0W":[197.935,574.913,-10,217.959],
"GWWWRSSW":[508.017,-10,0,-10],
"WWSWRSWW":[-10,-10,7.49286,-10],
"WWRGGWSS":[-10,181.823,0,-10],
"WWSWSSSR":[-10,-10,-10,-10],
"SRSG0S0G":[-10,-10,49.5189,0],
"0GSW0RGS":[65.1676,-10,0,0],
"SW0R0WGW":[-10,440.472,601.442,758.216],
"GSSS0GSW":[17.119,-10,0,-10],
"GS0S0WSW":[444.614,228.171,63.1135,-10],
"SSWWRG0S":[-10,-10,737.857,280.788],
"GWRWSS0G":[752.281,244.628,-10,235.648],
"SGSSRWSS":[-10,-10,172.69,-10],
"SWSSGR0G":[-10,-10,41.5721,295.462],
"SW0S0SSS":[-10,413.966,326.743,-10],
"WWGWGRSW":[-10,59.9961,0,-10],
"GW0GSRSW":[523.557,66.864,-10,-10],
"WWGWSSGR":[-10,262.319,-10,0],
"SSGWSGSS":[-10,52.9177,-10,-10],
"SGSSSGSW":[-10,-10,-10,-10],
"0S0W0SSS":[0,609.755,0,-10],
"0GRWSW0G":[224.95,611.763,-10,186.545],
"0SGG0RSW":[-1.04,359.703,59.4797,-10],
"GS0W0RSS":[466.418,66.993,0,-10],
"0W0RSGSG":[0,103.392,-10,-10],
"SS0SSRGW":[-10,-1.04,-10,134.002],
"SSRWSSSS":[-10,370.193,-10,-10],
"SSSRSW0G":[-10,-10,-10,649.341],
"WWSR0W0W":[-10,-10,647.656,637.031],
"0SSSGR0S":[156.006,-10,0,0],
"0SSGSSSW":[169.717,-10,-10,-10],
"GSSWSS0G":[177.256,-10,-10,700.214],
"0RSGSS0W":[290.105,-10,-10,610.362],
"SSSSWWSR":[-10,-10,-10,-10],
"0RSW0G0S":[-0.05,-10,254.945,0],
"SG0SSSSW":[-10,395.271,-10,-10],
"0SRS0WSW":[134.531,230.821,633.753,-10],
"GS0GWWSR":[0,61.157,-10,-10],
"SSSS0SRG":[-10,-10,0,72.1529],
"SRSW0S0S":[-10,-10,398.064,58.5185],
"GS0SSWSS":[386.682,33.2287,-10,-10],
"SWRG0GSW":[-10,277.819,59.3773,-10],
"SSSGSS0S":[-10,-10,-10,223.443],
"SRGSWW0W":[-10,78.5723,-10,0],
"GSSSRW0G":[86.3113,-10,63.3905,0],
"SR0GSSSW":[-10,251.46,-10,-10],
"GWGWSSSS":[750.877,244.264,-10,-10],
"WWSWSGSG":[-10,-10,-10,-10],
"SSSSGGSS":[-10,-10,71.8658,-10],
"SRSGSSSW":[-10,-10,-10,-10],
"SWSWSS0G":[-10,-10,-10,695.297],
"SW0SSSGG":[-10,-1.04,-10,155.366],
"0SSWSSGS":[-1.976,-10,-10,352.021],
"SRWWGW0G":[-10,-10,261.708,465.831],
"SS0S0SRS":[-10,-0.05,234.66,0],
"SW0SGRSW":[-10,204.177,0,-10],
"SSSSWW0G":[-10,-10,-10,711.434],
"SWRSGGWW":[-10,210.179,0,-10],
"0WSSSGSG":[54.2095,-10,-10,-10],
"SW0SSWGR":[-10,0,-10,339.207],
"GR0WSWGW":[47.5188,320.725,-10,0],
"SWRSSSWW":[-10,54.8234,-10,-10],
"0SWW0SSS":[215.302,-10,34.0219,-10],
"0GSWSWGR":[0,-10,-10,187.433],
"SSGW0SGS":[-10,72.0903,0,0],
"0W0GWWRW":[0,1.82663,-10,0],
"GRWW0WSG":[184.648,-10,0,-10],
"0WRWSWSW":[649.235,609.821,-10,-10],
"SSWWRWGS":[-10,-10,415.672,77.9704],
"0SGS0WSW":[368.994,588.523,642.756,-10],
"GS0SSG0W":[70.4771,21.7495,-10,0],
"RSSW0G0G":[53.934,-10,628.589,71.4804],
"SSGS0S0R":[-10,36.9329,0,0],
"0S0SSSGW":[623.311,-1.976,-10,67.2865],
"0S0WRGSS":[79.7057,170.08,716.806,-10],
"SWSWGR0G":[-10,-10,0,397.119],
"0S0GSWGS":[343.23,0,-10,0],
"0WRGSS0S":[644,322.447,-10,188.374],
"SSGW0SSR":[-10,245.473,0,-10],
"WWSGRSGW":[-10,-10,119.578,0],
"RGSWSSWW":[714.772,-10,-10,-10],
"SWSS0SSG":[-10,-10,334.87,-10],
"SS0WWWGW":[-10,536.714,-10,683.319],
"SWGSSSSW":[-10,326.344,-10,-10],
"WW0GSRSW":[-10,711.306,-10,-10],
"SSGW0R0G":[-10,364.082,87.8783,32.1404],
"WWSSSGSG":[-10,-10,-10,-10],
"0SWWRGSW":[26.6086,-10,250.737,-10],
"SSGRWWSG":[-10,126.904,-10,-10],
"0SSWGGSS":[-1.04,-10,86.4098,-10],
"SW0G0S0W":[-10,546.893,61.8535,173.123],
"SGWWRW0G":[-10,-10,0,338.242],
"SW0RGSSS":[-10,498.128,0,-10],
"0GSG0SSW":[472.928,-10,-1.04,-10],
"0SSGSSSS":[162.809,-10,-10,-10],
"0S0RSSSS":[35.7045,471.249,-10,-10],
"SG0WSWRS":[-10,164.874,-10,0],
"GG0WSR0S":[79.5005,0,-10,0],
"RWWWGGSS":[0,-10,300.777,-10],
"0G0SRSSW":[371.5,0,0,-10],
"0W0GSWGS":[117.283,678.895,-10,31.6275],
"SSSSGSSW":[-10,-10,315.974,-10],
"SWSW0WRW":[-10,-10,659.694,628.615],
"0SSG0GSS":[-1.04,-10,229.834,-10],
"SWSS0RGG":[-10,-10,91.3055,0],
"0GSS0GRW":[0,-10,1.82291,451.277],
"0WRSSS0S":[0,0,-10,137.83],
"SGGWSW0S":[-10,74.4222,-10,0],
"GGWWRWSW":[34.0098,-10,139.928,-10],
"0GSS0SSS":[662.803,-10,39.8413,-10],
"0WWWRWSG":[326.369,-10,509.232,-10],
"SG0S0S0S":[-10,400.444,0,0],
"0W0SSS0S":[629.219,198.878,-10,0],
"SWGG0SSS":[-10,69.9083,288.509,-10],
"RS0G0GSS":[51.0552,618.531,72.1264,-10],
"0SSS0RSS":[68.5999,-10,542.029,-10],
"SSGRWW0G":[-10,285.707,-10,0],
"GGSSWW0R":[0,-10,-10,327.657],
"GGRW0SSW":[81.682,0,0,-10],
"GSSRSWSW":[184.67,-10,-10,-10],
"GW0RSSSG":[128.572,0,-10,-10],
"WW0WSWRW":[-10,560.004,-10,614.671],
"0SSSSS0S":[346.146,-10,-10,361.182],
"SG0GWWRS":[-10,40.425,-10,0],
"SGRGWWSS":[-10,119.953,-10,-10],
"SGSR0G0W":[-10,-10,70.4882,52.6105],
"SW0WWWWW":[-10,615.337,-10,-10],
"RS0WSW0S":[589.44,282.839,-10,202.368],
"GWSS0SGS":[484.313,-10,48.1355,0],
"GR0SSWWW":[739.037,289.585,-10,-10],
"SWRW0WGW":[-10,450.413,269.212,756.955],
"SWSG0SGW":[-10,-10,0,353.549],
"SSSR0SGW":[-10,-10,226.571,0],
"SRSSSSGS":[-10,-10,-10,112.962],
"SS0W0WRG":[-10,608.52,611.246,718.682],
"SWSSWW0G":[-10,-10,-10,721.055],
"SWWW0R0W":[-10,-10,659.281,652.068],
"0SSG0S0S":[347.247,-10,0,0],
"RGGWSW0W":[0,0,-10,162.014],
"GGSWSW0W":[806.291,-10,-10,484.102],
"SSGSWWSS":[-10,152.69,-10,-10],
"SW0GSWGS":[-10,184.11,-10,0],
"WWSSGSRG":[-10,-10,60.9917,0],
"GS0W0GSS":[563.903,55.9942,117.044,-10],
"0SRWSSSS":[0,342.057,-10,-10],
"GSSW0R0S":[19.7082,-10,211.544,0],
"GWSWSWGS":[257.646,-10,-10,0],
"SW0GSW0W":[-10,0,-10,411.817],
"SWSS0W0W":[-10,-10,642.112,668.52],
"GWWWGRSW":[180.268,-10,0,-10],
"GWSWGWRW":[61.8942,-10,0,0],
"SGSW0S0S":[-10,-10,89.9408,430.011],
"WW0GRGSS":[-10,744.321,162.685,-10],
"RGSW0G0W":[471.06,-10,42.0915,16.6319],
"SWGSSRSS":[-10,97.6015,-10,-10],
"GR0GSW0S":[420.108,0,-10,0],
"SWWW0GSS":[-10,-10,692.626,-10],
"GWWWSSGR":[572.048,-10,-10,74.578],
"SRSWSS0S":[-10,-10,-10,303.825],
"SSWW0SGS":[-10,-10,112.402,0],
"0GGRWWSS":[693.259,248.031,-10,-10],
"SSSWRWSS":[-10,-10,606.418,-10],
"SR0WWWGS":[-10,251.479,-10,9.01],
"0WSWGW0R":[435.189,-10,762.088,431.91],
"GS0WSGSW":[0,108.019,-10,-10],
"SWRGSGSW":[-10,58.8257,-10,-10],
"0GSSSSSR":[119.232,-10,-10,-10],
"0WWWSSRS":[537.018,-10,-10,595.002],
"GSSRSWWW":[32.1158,-10,-10,-10],
"SSSSGSGW":[-10,-10,413.162,0],
"SGSSSS0R":[-10,-10,-10,327.745],
"RSSWSSSS":[217.619,-10,-10,-10],
"SSWWSWGS":[-10,-10,-10,68.5099],
"0GSW0W0R":[712.81,-10,614.496,594.914],
"SRGGWWSW":[-10,212.109,-10,-10],
"0WSRSG0S":[51.5363,-10,-10,0],
"WW0WSWGW":[-10,568.8,-10,644.279],
"SSWWGWRS":[-10,-10,717.87,163.201],
"0SSSSSSW":[257.435,-10,-10,-10],
"SWRSWW0G":[-10,88.1486,-10,47.2753],
"GWRSSG0W":[68.8013,0,-10,0],
"SSGWSWSG":[-10,336.41,-10,-10],
"0GSR0WWW":[713.302,-10,515.49,-10],
"GSSS0SGS":[0,-10,0,60.1048],
"0WSW0G0S":[643.87,-10,48.3852,65.1703],
"0W0SSSRW":[644.013,405.83,-10,593.549],
"SWSR0G0G":[-10,-10,544.433,0],
"0SGSSW0G":[426.744,0,-10,42.7873],
"0SSRSW0S":[39.4289,-10,-10,317.337],
"GS0WSWSR":[593.721,123.189,-10,-10],
"GS0SWWSW":[196.502,95.2013,-10,-10],
"GWRWSS0S":[725.027,162.277,-10,232.425],
"WWWW0WSS":[-10,-10,651.337,-10],
"SWRSSWWW":[-10,101.893,-10,-10],
"0GGWSW0R":[718.287,174.105,-10,-0.05],
"WWWWSSRS":[-10,-10,-10,173.283],
"SSSG0SGW":[-10,-10,46.7395,121.526],
"SWGRSWSS":[-10,193.769,-10,-10],
"RWSSGG0W":[115.384,-10,0,567.613],
"SW0WGSGS":[-10,598.904,0,45.7654],
"SSSS0WGS":[-10,-10,325.921,700.176],
"SSSSRSSW":[-10,-10,156.349,-10],
"SR0G0S0W":[-10,39.4341,0,0],
"SW0GGRSW":[-10,183.25,0,-10],
"SR0W0SSG":[-10,236.369,0,-10],
"0SSSSSSG":[230.741,-10,-10,-10],
"SGRS0WSW":[-10,-1.19,161.526,-10],
"GW0WSSGW":[736.406,633.83,-10,758.917],
"GGWWSR0W":[336.937,-10,-10,0],
"GGSSSWSW":[196.338,-10,-10,-10],
"SS0SSGSS":[-10,392.4,-10,-10],
"WWSSSWGS":[-10,-10,-10,130.022],
"0SWWSWSS":[137.326,-10,-10,-10],
"SG0GRWWW":[-10,0,124.451,-10],
"SS0GGWRS":[-10,408.179,0,0],
"0GGRSSWW":[609.88,0,-10,-10],
"0S0SSSSG":[381.231,35.3422,-10,-10],
"GWSS0SRW":[497.895,-10,0,0],
"0SGRSSSW":[98.1059,0,-10,-10],
"WWWWSWGR":[-10,-10,-10,556.617],
"0R0S0WSW":[0,530.488,0,-10],
"0SSGSWSS":[273.516,-10,-10,-10],
"RGSS0S0G":[69.7577,-10,0,638.472],
"0SGS0GSW":[35.3608,635.289,0,-10],
"GW0WGSSS":[627,61.1704,0,-10],
"0RGGSWSS":[50.7631,373.95,-10,-10],
"0S0RGGSS":[120.967,0,0,-10],
"GSRWSWSS":[302.076,0,-10,-10],
"0G0S0RSS":[0,248.752,0,-10],
"SSSWRS0G":[-10,-10,174.817,0],
"WWSSGSGW":[-10,-10,608.095,65.0917],
"GW0S0SSS":[671.976,62.2347,38.4873,-10],
"SWGGSW0S":[-10,136.376,-10,0],
"0SRSSGSG":[5.86701,0,-10,-10],
"GRWWSSSS":[700.118,-10,-10,-10],
"SW0GWW0G":[-10,611.318,-10,320.568],
"0WSSRSSS":[269.82,-10,0,-10],
"0WSWRWGW":[555.786,-10,432.205,760.319],
"0GSWRS0S":[623.374,-10,39.3238,115.174],
"SS0SRW0G":[-10,0,517.562,72.4754],
"0RSSSGSS":[158.919,-10,-10,-10],
"0RGG0W0W":[0,0,0,77.2459],
"SW0G0R0S":[-10,733.248,485.418,389.766],
"GSSSWWRW":[342.728,-10,-10,0],
"SRGSWWSS":[-10,24.4171,-10,-10],
"SWGS0SSG":[-10,43.6077,0,-10],
"SSGS0GRW":[-10,0,0,159.155],
"RSSGWWWW":[112.995,-10,-10,-10],
"RWSS0SGS":[537.489,-10,0,59.6359],
"WWGGSS0R":[-10,431.158,-10,45.1222],
"0G0WGWWW":[-0.05,0,14.3229,-10],
"SWSR0SSG":[-10,-10,98.1294,-10],
"WWSSSSWW":[-10,-10,-10,-10],
"GSSR0WSW":[0,-10,110.859,-10],
"0WSSSW0W":[657.731,-10,-10,643.298],
"GSSWSW0S":[454.083,-10,-10,144.654],
"0GGRSWSW":[333.43,65.5858,-10,-10],
"0SRGSW0S":[551.646,0,-10,60.3133],
"SWWWSWRS":[-10,-10,-10,106.208],
"SRSSSWWW":[-10,-10,-10,-10],
"SGSS0WSR":[-10,-10,246.949,-10],
"0SSS0S0W":[537.076,-10,163.52,172.769],
"0SSG0WSG":[-1.04,-10,0,-10],
"SSSWSG0S":[-10,-10,-10,281.105],
"GG0RSSSS":[272.252,0,-10,-10],
"SSSGGSSW":[-10,-10,78.4794,-10],
"GW0WGRSW":[405.486,0,0,-10],
"SG0SRWSS":[-10,192.095,0,-10],
"0RGS0GSS":[0,0,170.286,-10],
"RSGS0WSW":[63.146,462.19,63.2414,-10],
"GGSSSWSS":[55.5741,-10,-10,-10],
"SWGW0G0S":[-10,742.815,598.975,564.488],
"WWWWSGRG":[-10,-10,-10,171.943],
"GGWWRSSW":[50.1086,-10,0,-10],
"SS0SGSWW":[-10,49.1146,274.546,-10],
"SWSWGS0S":[-10,-10,112.705,494.337],
"WWSWSSGR":[-10,-10,-10,674.357],
"0WSSSGGS":[0,-10,-10,346.239],
"SWGSSS0W":[-10,406.523,-10,0],
"WWSG0SGR":[-10,-10,0,63.8166],
"WWSW0WGR":[-10,-10,461.385,764.204],
"RGSGSS0W":[130.931,-10,-10,0],
"SSGS0RSS":[-10,0,437.865,-10],
"SSGSSSSW":[-10,173.064,-10,-10],
"0WSGSSRG":[53.0748,-10,-10,0],
"0SWWSS0G":[349.38,-10,-10,51.6596],
"0SRWSGSW":[225.288,0,-10,-10],
"GR0W0SSG":[67.4814,0,0,-10],
"SSSRGGWW":[-10,-10,129.823,-10],
"SGRGWWWW":[-10,150.572,-10,-10],
"RWSSGSWW":[-1.19,-10,0,-10],
"0SSWRG0S":[93.1915,-10,611.575,0],
"SWWWRSSG":[-10,-10,84.4012,-10],
"SGGWSS0S":[-10,0,-10,-1.04],
"GW0SSSSS":[134.448,531.137,-10,-10],
"0GSSGSWW":[282.231,-10,10,-10],
"SR0WGS0S":[-10,0,355.186,0],
"GRWWWWSG":[57.6952,-10,-10,-10],
"0W0GSRSG":[288.352,0,-10,-10],
"SW0GGRSS":[-10,297.998,67.7394,-10],
"SWSGSSSW":[-10,-10,-10,-10],
"SSRGGWSS":[-10,126.277,0,-10],
"0RGGSSSW":[217.626,0,-10,-10],
"0SSW0GRS":[25.4992,-10,0,411.837],
"0GSSSSWW":[736.712,-10,-10,-10],
"0SSSGWGS":[305.916,-10,0,0],
"0G0RSG0S":[120.278,0,-10,0],
"SWSRGG0W":[-10,-10,545.215,0],
"0SSR0WGG":[53.3307,-10,0,0],
"GSSWSRSW":[73.8696,-10,-10,-10],
"WW0WSGWW":[-10,625.123,-10,-10],
"SWRS0SGW":[-10,87.6052,0,0],
"SWGS0GRW":[-10,0,226.775,0],
"0RSSSWGG":[205.651,-10,-10,0],
"RSGSSS0W":[112.706,0,-10,0],
"0W0SSRGS":[63.6437,0,-10,0],
"RSWWGWSW":[3.09715,-10,343.309,-10],
"SSGWSSSG":[-10,131.164,-10,-10],
"SRSWGS0S":[-10,-10,165.637,0],
"0SSSSGSS":[151.622,-10,-10,-10],
"0SRSSWSW":[373.83,86.6885,-10,-10],
"SG0S0G0R":[-10,68.7277,0,0],
"GWWWSSRS":[703.462,-10,-10,116.488],
"SWGS0WRW":[-10,74.7902,431.066,164.882],
"GGWW0SSS":[327.43,-10,0,-10],
"SSSRGSSW":[-10,-10,69.3826,-10],
"SRWW0S0S":[-10,-10,9.7385,0],
"0S0S0SSS":[258.5,202.786,446.201,-10],
"SG0GSW0S":[-10,470.772,-10,24.3339],
"RGSG0S0W":[69.5144,-10,0,0],
"SWSG0S0W":[-10,-10,421.891,630.801],
"0SRSWWSS":[326.247,51.9104,-10,-10],
"SR0GWWGS":[-10,62.6105,-10,0],
"0W0GWWGW":[37.6031,0,-10,0],
"SRGSWW0G":[-10,24.9825,-10,0],
"SW0RWWGS":[-10,86.1746,-10,0],
"SS0SWWSS":[-10,99.7843,-10,-10],
"GRSWSS0S":[298.516,-10,-10,61.1539],
"WW0RSSGG":[-10,160.297,-10,0],
"SS0W0G0S":[-10,652.994,720.981,609.221],
"SSSG0GRW":[-10,-10,181.694,0],
"SS0SSWSR":[-10,274.538,-10,-10],
"SW0GSSRS":[-10,219.479,-10,0],
"0SSSSSRW":[408.899,-10,-10,0],
"WWWW0WGW":[-10,-10,24.4501,0],
"0SSWGG0R":[0,-10,278.142,53.2075],
"RWSW0W0W":[613.514,-10,665.686,651.551],
"RWSWSSSS":[589.21,-10,-10,-10],
"SGSSRS0S":[-10,-10,55.5633,0],
"0S0WSS0G":[612.039,165.164,-10,39.7636],
"0RSSWWSS":[75.9701,-10,-10,-10],
"GWSWRGWW":[136.346,-10,0,-10],
"SG0SSR0W":[-10,12.2493,-10,0],
"SSSS0RGS":[-10,-10,0,491.334],
"SGSWGW0R":[-10,-10,127.098,0],
"SGSRSWSS":[-10,-10,-10,-10],
"WW0WSGGW":[-10,169.861,-10,687.928],
"RSSWSWSS":[384.49,-10,-10,-10],
"0RGS0SSW":[579.817,0,29.7717,-10],
"SSWWGGRW":[-10,-10,555.938,61.0044],
"0S0WSGSW":[479.625,571.445,-10,-10],
"WW0GSWRS":[-10,639.374,-10,8.19482],
"GWRSSS0W":[257.332,225.103,-10,653.081],
"GSSWSSSW":[240.248,-10,-10,-10],
"0S0SSWRG":[550.253,0,-10,0],
"SW0S0WSG":[-10,421.89,662.343,-10],
"RSSWSGSS":[158.023,-10,-10,-10],
"GSSW0GSW":[17.119,-10,71.8425,-10],
"SW0GRG0S":[-10,220.833,0,0],
"SSRS0WSS":[-10,547.392,118.571,-10],
"SWWWGR0S":[-10,-10,731.803,213.785],
"SGWWRG0S":[-10,-10,232.831,0],
"0S0GSRSS":[112.083,0,-10,-10],
"SS0SWWRG":[-10,4.69163,-10,329.847],
"SS0GGWSR":[-10,291.034,0,-10],
"SG0GSWSR":[-10,131.867,-10,-10],
"GR0WSWSW":[711.218,389.947,-10,-10],
"0S0WSW0G":[38.0379,639.208,-10,16.3199],
"SSSWWWWW":[-10,-10,-10,-10],
"GSSGSS0W":[62.8482,-10,-10,502.261],
"SWGGRW0W":[-10,71.7776,0,206.23],
"SWSSSRGG":[-10,-10,-10,68.0017],
"SRSWWWSG":[-10,-10,-10,-10],
"0RSW0W0W":[663.418,-10,645.412,650.328],
"0SSG0WRS":[0,-10,165.936,0],
"RSWW0SSS":[-1.19,-10,0,-10],
"SSGS0WGR":[-10,87.3755,0,0],
"WWGG0SSR":[-10,0,253.799,-10],
"0SSSSG0S":[0,-10,-10,266.631],
"SG0S0GSS":[-10,0,228.999,-10],
"WWSW0WRG":[-10,-10,649.97,365.895],
"SGRSWWSS":[-10,82.2994,-10,-10],
"0RSGWWGW":[163.071,-10,-10,71.1953],
"WW0W0GSG":[-10,548.106,704.667,-10],
"0SSSSGSW":[173.645,-10,-10,-10],
"SW0GGSSS":[-10,70.3428,469.904,-10],
"SWSRGGWW":[-10,-10,401.32,-10],
"0GSWSSGS":[526.632,-10,-10,0],
"SWGWSRSW":[-10,41.8193,-10,-10],
"RWSW0SGG":[322.769,-10,0,0],
"SSSWGWGR":[-10,-10,179.143,0],
"0R0WGSSG":[123.673,0,0,-10],
"GSSGSSSW":[94.1458,-10,-10,-10],
"RWGSSW0G":[104.936,0,-10,0],
"SWSRSWSG":[-10,-10,-10,-10],
"SGSW0RGW":[-10,-10,216.26,0],
"0SSS0GSG":[33.8873,-10,0,-10],
"RSSS0SSW":[41.404,-10,0,-10],
"SWRGSGSS":[-10,60.81,-10,-10],
"SSSSSRGW":[-10,-10,-10,64.7579],
"GSSWGWSW":[13.8956,-10,0,-10],
"0GGSSWSS":[689.796,60.5059,-10,-10],
"SW0S0SGR":[-10,175.712,61.6484,80.1309],
"GG0SSW0R":[540.603,0,-10,123.27],
"0S0SSSSS":[395.844,271.126,-10,-10],
"SSRSSW0G":[-10,37.1768,-10,0],
"0SSSGWGR":[0,-10,72.1402,418.087],
"0SGSRWSS":[-0.05,61.2265,593.282,-10],
"RWSWSS0G":[639.64,-10,-10,521.885],
"WWGWGSSW":[-10,41.028,235.615,-10],
"SWRSSWSS":[-10,159.566,-10,-10],
"SSSR0GGW":[-10,-10,124.144,0],
"SGSSWWGW":[-10,-10,-10,618.138],
"WWSWGSWW":[-10,-10,115.009,-10],
"SS0RSSSG":[-10,104.159,-10,-10],
"SWSSSSGR":[-10,-10,-10,278.923],
"GWSWSW0R":[743.447,-10,-10,420.599],
"SSRG0G0W":[-10,719.849,359.722,434.221],
"0GGSSW0W":[731.534,458.485,-10,357.073],
"SSGS0GSW":[-10,348.218,0,-10],
"0GWWSWRG":[72.6252,-10,-10,429.556],
"0WSSGWGR":[616.343,-10,0,77.9344],
"RS0SSS0W":[65.4499,387.453,-10,73.1828],
"SSWWGRGS":[-10,-10,133.601,0],
"0S0S0SSW":[577.754,324.016,381.154,-10],
"0WSRGGWW":[190.038,-10,79.6719,-10],
"SSRWSWSG":[-10,229.193,-10,-10],
"0SGWRWSS":[254.096,739.92,64.1346,-10],
"0WGSSWWW":[648.27,604.934,-10,-10],
"SSRWSWSS":[-10,552.353,-10,-10],
"SWSWSSRS":[-10,-10,-10,289.241],
"SGSWSSSG":[-10,-10,-10,-10],
"0WSSSGSS":[380.734,-10,-10,-10],
"WWSSSGSW":[-10,-10,-10,-10],
"WWSRGSWW":[-10,-10,32.0509,-10],
"GSSW0SSW":[167.747,-10,0,-10],
"0WGS0SSR":[210.755,0,0,-10],
"SWGRSSSS":[-10,226.113,-10,-10],
"GWRWGWSS":[0,25.136,0,-10],
"WWSW0RSS":[-10,-10,111.022,-10],
"SRGGWWSS":[-10,259.783,-10,-10],
"SWGSSG0W":[-10,0,-10,119.578],
"GSRWSSSS":[0,161.641,-10,-10],
"0WSR0W0W":[669.885,-10,643.311,635.242],
"0SGGSW0S":[241.632,0,-10,15.2395],
"SWSGRS0S":[-10,-10,99.9022,0],
"GGSWSSSS":[145.319,-10,-10,-10],
"GWWWSSSR":[565.076,-10,-10,-10],
"0SSSGG0S":[19.4334,-10,0,166.28],
"GS0GSSSS":[515.352,0,-10,-10],
"GWRGSWSS":[70.923,0,-10,-10],
"0SSGSSRW":[103.116,-10,-10,0],
"0WSS0R0S":[459.246,-10,-0.05,42.4481],
"GSSSSSWW":[121.725,-10,-10,-10],
"GSWWSW0S":[309.89,-10,-10,35.1419],
"SR0S0SGS":[-10,52.3459,0,0],
"SW0SSG0R":[-10,-1.04,-10,600.19],
"RW0WSW0S":[599.702,667.736,-10,590.247],
"SRSWGWSW":[-10,-10,294.837,-10],
"0S0GSRSG":[50.4757,0,-10,-10],
"0G0GSS0S":[699.539,734.64,-10,513.598],
"WWGW0GSR":[-10,69.8133,513.468,-10],
"SWGS0RGW":[-10,0,0,64.8367],
"SW0WSGSR":[-10,436.361,-10,-10],
"SRSWGWGW":[-10,-10,62.552,0],
"GSSWWW0G":[242.86,-10,-10,717.953],
"0S0SRGSW":[306.17,0,0,-10],
"SWSWRS0S":[-10,-10,467.581,2.06235],
"0RSWWW0S":[372.694,-10,-10,-0.05],
"GSSS0RWW":[13.5263,-10,0,-10],
"0G0GSR0S":[69.8204,0,-10,0],
"SS0SGS0R":[-10,37.3958,179.657,614.637],
"GWSSRGWW":[98.8706,-10,0,-10],
"SR0W0SSW":[-10,426.805,499.302,-10],
"0RSW0W0S":[86.2378,-10,584.989,120.534],
"GWRG0SSW":[69.496,0,0,-10],
"0GRSSGWW":[320.735,0,-10,-10],
"0SSSSSGW":[520.765,-10,-10,76.4968],
"SWRS0W0W":[-10,597.359,652.417,608.733],
"0GWWGWSS":[670.459,-10,561.9,-10],
"RSSGSSWW":[131.408,-10,-10,-10],
"GWSSSWRG":[49.2634,-10,-10,0],
"SS0GSWGS":[-10,28.6744,-10,0],
"SW0RSW0S":[-10,623.93,-10,-7.76135],
"SG0RSS0S":[-10,215.581,-10,0],
"RWSWSG0S":[340.88,-10,-10,0],
"SS0RGS0G":[-10,-0.05,0,0],
"SSWWSSGS":[-10,-10,-10,169.706],
"WWSG0RWW":[-10,-10,582.49,-10],
"0R0SSWGG":[164.119,0,-10,0],
"0S0SSWRS":[165.067,0,-10,0],
"0WGSGSSW":[0,581.976,0,-10],
"SW0WGS0R":[-10,0,0,338.058],
"0R0SSGGW":[56.5532,0,-10,0],
"0SSWRGSW":[-1.04,-10,186.942,-10],
"GGSS0WRW":[10.1393,-10,19.4609,250.813],
"SR0S0W0W":[-10,595.76,606.758,640.518],
"SW0S0SGS":[-10,0,232.781,0],
"SWGWWWSS":[-10,712.938,-10,-10],
"SWGS0SWW":[-10,42.0598,136.645,-10],
"GR0SSWGW":[267.909,-1.04,-10,74.3057],
"0RSWSGGW":[114.556,-10,-10,0],
"SWSGSWSW":[-10,-10,-10,-10],
"SW0SSSRG":[-10,-1.04,-10,294.328],
"SR0WSG0S":[-10,167.871,-10,0],
"SSGR0GSW":[-10,406.631,0,-10],
"SWSGSSGW":[-10,-10,-10,461.551],
"0W0WSWGR":[578.476,506.728,-10,764.215],
"SR0SGWSW":[-10,386.018,0,-10],
"0WSR0WGG":[0,-10,60.5364,529.375],
"SWSWRGGW":[-10,-10,64.9929,0],
"SRSGGW0W":[-10,-10,126.276,0],
"0SSW0RGS":[63.3471,-10,57.8931,703.384],
"RW0SSWSG":[162.957,0,-10,-10],
"SW0WWW0R":[-10,588.857,-10,582.137],
"GRGWSWSS":[208.037,0,-10,-10],
"GSGW0WSS":[698.341,192.161,113.002,-10],
"SSRWWWSG":[-10,382.843,-10,-10],
"SRGS0GWW":[-10,77.3422,0,-10],
"0SSW0GGS":[27.2283,-10,699.752,0],
"GRSWSGSS":[124,-10,-10,-10],
"RG0WGSSW":[136.068,0,0,-10],
"SR0SSS0S":[-10,0,-10,251.597],
"RSWWSSSS":[163.389,-10,-10,-10],
"0RSWSSGS":[546.338,-10,-10,0],
"0RSG0S0G":[210.382,-10,0,0],
"0SSS0GGW":[494.854,-10,743.042,428.959],
"GSSWSWRW":[393.166,-10,-10,0],
"0SSSGSRW":[13.6939,-10,0,0],
"0SSSRSSW":[208.199,-10,0,-10],
"0GSSWWSW":[185.122,-10,-10,-10],
"0WGW0GRW":[22.6365,0,0,0],
"SS0SGR0G":[-10,487.952,0,76.404],
"SSSGSRSW":[-10,-10,-10,-10],
"0WSGSSGS":[113.575,-10,-10,0],
"SWGS0RSS":[-10,63.3111,593.297,-10],
"0W0SSWRG":[255.709,293.369,-10,729.476],
"SS0SSWRG":[-10,0,-10,441.547],
"SSGRGWSS":[-10,210.013,0,-10],
"0GSSSR0G":[516.735,-10,-10,0],
"SSRW0SSW":[-10,442.169,53.3743,-10],
"SWGWRSSS":[-10,70.5777,0,-10],
"GR0WSW0W":[746.267,612.695,-10,625.836],
"RSSS0GGW":[312.184,-10,0,0],
"RG0W0WSS":[637.253,626.105,613.722,-10],
"SW0GRW0S":[-10,700.334,186.928,51.9196],
"SRSGSW0S":[-10,-10,-10,15.5759],
"SGSWWWRS":[-10,-10,-10,-4.87317],
"0GSWSSRS":[291.508,-10,-10,57.6347],
"SSSWSSRW":[-10,-10,-10,318.336],
"0R0SSGSS":[104.556,0,-10,-10],
"SW0S0SGG":[-10,-1.04,399.737,82.3903],
"GSRSSS0W":[677.489,62.7314,-10,64.5874],
"RWSG0SSW":[332.171,-10,0,-10],
"RWGSSSSW":[352.853,0,-10,-10],
"RSSWSW0S":[479.758,-10,-10,0],
"0GSGSSSR":[124.752,-10,-10,-10],
"SWSG0WGS":[-10,-10,55.4891,0],
"SW0WSRGS":[-10,174.687,-10,0],
"0GSRWW0S":[0,-10,-10,50.4589],
"GGSSSW0R":[137.422,-10,-10,0],
"GW0WSWSR":[741.177,399.896,-10,-10],
"GWRSSSSG":[64.4167,0,-10,-10],
"SSSSSSGS":[-10,-10,-10,223.284],
"GS0WSSRS":[654.306,62.7282,-10,63.9359],
"SS0WGWRG":[-10,261.608,468.104,715.883],
"SRSSGWSW":[-10,-10,142.877,-10],
"SSWWRGSG":[-10,-10,191.386,-10],
"SWGSRWSW":[-10,499.038,0,-10],
"SSSWSRSG":[-10,-10,-10,-10],
"WWRGSGSW":[-10,63.3389,-10,-10],
"SSGWRGWW":[-10,199.47,0,-10],
"SSSR0WGS":[-10,-10,114.913,122.868],
"RWSWWWGG":[168.246,-10,-10,0],
"RWSW0SGS":[438.103,-10,125.081,0],
"WWGR0WSG":[-10,72.4148,0,-10],
"0WRSSW0G":[152.337,175.834,-10,695.303],
"GSRWSS0S":[527.212,0,-10,0],
"0RGSSSWW":[634.892,143.493,-10,-10],
"SS0RWW0G":[-10,550.661,-10,577.754],
"RSSGSS0W":[53.2507,-10,-10,0],
"SRGW0W0W":[-10,756.153,553.144,530.383],
"GWSWSWWW":[711.716,-10,-10,-10],
"SWGS0SSS":[-10,73.5597,580.586,-10],
"0RGW0WWW":[0,36.1148,10.0517,-10],
"SWGGWWRW":[-10,0,-10,100.527],
"0WSG0R0S":[0,-10,76.1206,0],
"RSSSWW0G":[252.182,-10,-10,731.663],
"SSRS0GGW":[-10,418.866,0,0],
"GWSS0S0S":[667.141,-10,0,204.765],
"SRGGSWSW":[-10,72.8569,-10,-10],
"0SGWRGSW":[206.637,0,0,-10],
"SSGWSG0S":[-10,68.4371,-10,0],
"SG0S0W0G":[-10,228.444,262.095,698.013],
"RG0GSS0W":[71.7993,462.537,-10,36.5555],
"RS0WSWSG":[99.1172,0,-10,-10],
"0WSSSSGR":[656.745,-10,-10,181.517],
"SWGS0SRW":[-10,74.4752,0,0],
"RG0SGSSW":[52.386,0,0,-10],
"SSSSGR0S":[-10,-10,208.234,34.7297],
"GWSWWWGR":[0,-10,-10,66.078],
"GW0WSWGS":[0,57.1456,-10,564.209],
"0WRSSSWW":[570.651,640.622,-10,-10],
"SSSWGWRG":[-10,-10,133.768,72.3928],
"0SSRSG0W":[29.5276,-10,-10,182.894],
"0G0S0SSG":[191.331,0,-1.04,-10],
"0SGRSWSS":[54.8381,263.99,-10,-10],
"SW0WGWRG":[-10,423.099,0,0],
"RSSSGWWW":[4.47221,-10,187.7,-10],
"SGGRWWWW":[-10,61.7214,-10,-10],
"SG0SSWGW":[-10,-0.0492817,-10,0],
"0GSW0R0S":[0,-10,0,390.832],
"0WGGWWSR":[166.129,0,-10,-10],
"RWSG0S0S":[166.808,-10,0,0],
"0SWWSS0R":[217.69,-10,-10,0],
"SSSGSGSW":[-10,-10,-10,-10],
"0S0RSSGW":[169.293,0,-10,0],
"GWSR0SWW":[554.582,-10,67.3199,-10],
"0WGGSWRS":[111.076,0,-10,44.4684],
"0WSRGWGW":[270.853,-10,0,58.1921],
"WWGSSSRW":[-10,0,-10,5.81008],
"GG0S0SSW":[660.393,0,-1.04,-10],
"SWSWSGGW":[-10,-10,-10,85.1539],
"SGGRWWSS":[-10,191.186,-10,-10],
"SGSSRW0W":[-10,-10,610.387,369.069],
"SRSSGWSS":[-10,-10,198.1,-10],
"WWSRSS0W":[-10,-10,-10,630.642],
"SSGSWWSG":[-10,45.6585,-10,-10],
"RSSSSS0W":[514.451,-10,-10,157.121],
"RSSW0GSS":[-1.19,-10,144.828,-10],
"SSSRGWGW":[-10,-10,193.47,0],
"0GSWSSWW":[733.909,-10,-10,-10],
"0R0GSSSG":[56.2933,0,-10,-10],
"WWSS0GRS":[-10,-10,59.429,0],
"0SSW0SGS":[51.3779,-10,0,243.049],
"SGWWRW0W":[-10,-10,657.922,360.923],
"0W0W0WRW":[212.675,185.717,221.431,-9.88027],
"0WSRGSWW":[244.161,-10,0,-10],
"0SSSGSRS":[1.84313,-10,0,0],
"WW0SRSSW":[-10,240.36,0,-10],
"WW0W0WWW":[-10,234.837,230.031,-10],
"SW0SWWSR":[-10,29.9119,-10,-10],
"SSSSSS0R":[-10,-10,-10,561.943],
"SSSRSS0G":[-10,-10,-10,130.884],
"SSWWGWSG":[-10,-10,670.024,-10],
"0S0WGWSG":[72.9202,143.9,491.34,-10],
"0W0SSG0W":[631.832,590.601,-10,658.558],
"0SGSSSSW":[471.614,117.03,-10,-10],
"0GSSRGWW":[251.552,-10,0,-10],
"SWGSGS0W":[-10,254.857,68.7777,62.3872],
"SWSRSSSW":[-10,-10,-10,-10],
"SSSWSGSG":[-10,-10,-10,-10],
"0GSWSRGS":[126.127,-10,-10,0],
"WWSW0GGS":[-10,-10,60.8133,0],
"GSSG0W0S":[155.529,-10,0,0],
"GS0WGWSS":[107.04,574.263,68.4209,-10],
"0SSGSR0W":[0,-10,-10,53.7595],
"SG0WGSSS":[-10,262.44,0,-10],
"SR0GSWSS":[-10,357.36,-10,-10],
"0WRGSWSG":[0,128.512,-10,-10],
"0WGSSGWW":[57.0204,0,-10,-10],
"WWSSRWGG":[-10,-10,467,0],
"0G0SSS0S":[86.1707,416.132,-10,51.6037],
"0WGSRSSS":[622.875,70.1126,0,-10],
"GS0SSS0R":[150.028,35.1151,-10,634.057],
"SWSG0RSW":[-10,-10,596.621,-10],
"WWSSRSSW":[-10,-10,40.3771,-10],
"0SRGSW0W":[118.787,0,-10,0],
"SG0G0WRW":[-10,67.4621,0,258.674],
"GS0WSWSG":[450.592,66.8036,-10,-10],
"RSSG0W0S":[123.198,-10,0,0],
"WWSWSS0R":[-10,-10,-10,588.084],
"GSSWRW0S":[0,-10,0,166.996],
"GWSWGW0W":[683.878,-10,226.017,276.082],
"SSRSWWSS":[-10,173.973,-10,-10],
"SSGWGRWW":[-10,254.763,0,-10],
"SWRSSSSS":[-10,235.502,-10,-10],
"RW0WWWSS":[640.245,651.201,-10,-10],
"SSGSWW0G":[-10,25.0605,-10,0],
"SGWW0GRS":[-10,-10,73.26,0],
"0SRSWWSW":[388.216,59.9606,-10,-10],
"0S0SGSSS":[287.215,0,120.263,-10],
"0S0RSG0S":[0,454.442,-10,58.0095],
"RW0WGGSS":[460.671,0,0,-10],
"WW0W0GWW":[-10,177.318,108.441,-10],
"SW0SSRSG":[-10,98.6872,-10,-10],
"WWWWGRSG":[-10,-10,63.6777,-10],
"GS0SSSWW":[361.606,113.648,-10,-10],
"SWSSGWGS":[-10,-10,69.6311,277.164],
"SW0SRGWW":[-10,642.349,449.361,-10],
"RSSWWWSG":[61.1329,-10,-10,-10],
"SGSS0WGS":[-10,-10,444.485,0],
"0RGS0SSS":[641.647,78.3762,39.2359,-10],
"WWWWSW0S":[-10,-10,-10,101.092],
"SR0SSSWW":[-10,72.9829,-10,-10],
"0G0RSSSS":[544.228,635.71,-10,-10],
"SWWWGS0S":[-10,-10,321.582,100.845],
"RWSS0WGG":[640.895,-10,260.156,209.618],
"SSSSGSWW":[-10,-10,140.227,-10],
"WWSWSWGS":[-10,-10,-10,74.0374],
"0WRGGSSW":[0,0,67.0097,-10],
"SWGS0WGW":[-10,63.357,8.12726,611.23],
"SW0WRSGS":[-10,331.693,0,0],
"0RSSSSGS":[473.827,-10,-10,0],
"GSWWSGSS":[26.9796,-10,-10,-10],
"GRGSSWSS":[0,39.9407,-10,-10],
"0G0GSWRS":[525.868,0,-10,60.7991],
"RS0SSWSW":[404.396,61.9027,-10,-10],
"SSRWGGSS":[-10,0,275.648,-10],
"0S0SSRSS":[323.394,40.1213,-10,-10],
"RW0GSWWW":[658.097,548.517,-10,-10],
"0GSRSWGW":[491.855,-10,-10,71.8191],
"0SSS0G0S":[56.3784,-10,699.819,372.781],
"SW0SGWGR":[-10,45.4582,0,0],
"SS0R0WGG":[-10,100.813,527.436,222.288],
"SGSW0S0G":[-10,-10,59.0288,256.301],
"0G0W0RWW":[3.56854,37.3899,1.85449,-10],
"SS0GWWRS":[-10,125.618,-10,0],
"0WRWGGSW":[161.762,0,0,-10],
"GRGS0WSW":[17.8764,0,0,-10],
"0SSR0S0S":[437.999,-10,32.3277,27.0975],
"SW0RSGSS":[-10,415.67,-10,-10],
"SRSS0GGS":[-10,-10,333.381,0],
"0GSW0SRS":[374.106,-10,0,0],
"GRSWGWWW":[0,-10,9.01,-10],
"RGSS0S0W":[728.983,-10,115.926,62.0815],
"SS0W0RGS":[-10,56.7752,556.037,0],
"SW0RWWGG":[-10,36.8897,-10,51.3819],
"GSSSSW0R":[449.145,-10,-10,0],
"0GSSSRGW":[117.438,-10,-10,0],
"0S0GSSWW":[356.779,0,-10,-10],
"SGSG0W0W":[-10,-10,429.779,586.849],
"0G0GSSRS":[659.713,65.3223,-10,0],
"0SSWRWSG":[19.7711,-10,0,-10],
"WWSGSSGS":[-10,-10,-10,9.01],
"SSGS0WRW":[-10,406.802,0,0],
"0R0GSWWW":[637.479,697.468,-10,-10],
"SR0W0GGS":[-10,114.689,0,0],
"SWSG0W0W":[-10,-10,648.762,632.914],
"SS0GRGSS":[-10,278.344,0,-10],
"SSSWRSSW":[-10,-10,98.6959,-10],
"SSSSGRSS":[-10,-10,198.225,-10],
"SWWWGWRG":[-10,-10,76.7232,274.437],
"0GGSSWRW":[0,88.6962,-10,0],
"RS0SSWSS":[345.618,0,-10,-10],
"GG0WSRSS":[204.564,0,-10,-10],
"GWSW0SSS":[702.738,-10,12.95,-10],
"GWWWSSGS":[590.855,-10,-10,125.247],
"SGSS0R0S":[-10,-10,0,169.345],
"GRSSSWSS":[103.661,-10,-10,-10],
"GW0GRSSS":[483.013,0,0,-10],
"SS0W0SRS":[-10,457.385,58.2539,0],
"SSSWGGSS":[-10,-10,208.161,-10],
"0WSS0SRS":[530.256,-10,0,140.865],
"0WWWSGGS":[97.9987,-10,-10,205.189],
"0S0WGGSW":[280.092,635.377,343.087,-10],
"SGRSSS0W":[-10,87.6167,-10,0],
"GGSSSRWW":[73.0443,-10,-10,-10],
"WWSW0SRG":[-10,-10,646.633,414.453],
"0RSS0SSG":[21.3687,-10,-1.04,-10],
"GWGWSWRS":[312.739,0,-10,0],
"0SWWGRSW":[0,-10,135.544,-10],
"0SSSSRGW":[57.1136,-10,-10,0],
"GS0SSS0G":[703.402,76.0577,-10,137.001],
"SSGSSSWW":[-10,73.2737,-10,-10],
"WW0GSWGR":[-10,17.8492,-10,0],
"SGGWWWRW":[-10,51.6612,-10,0],
"0SGS0SSS":[464.119,37.3405,111.218,-10],
"RGSS0WGW":[387.02,-10,64.6561,741.485],
"0WSS0GSS":[433.021,-10,0,-10],
"0WSW0SGG":[496.463,-10,494.272,823.073],
"SSRSSSWW":[-10,76.7182,-10,-10],
"SWSG0SSG":[-10,-10,105.89,-10],
"SG0G0S0S":[-10,297.971,82.7258,-1.04],
"GSSRSSWW":[66.0004,-10,-10,-10],
"0W0GSWSG":[426.612,685.639,-10,-10],
"SWSGSSRS":[-10,-10,-10,-1.19],
"SRSSSWGW":[-10,-10,-10,127.542],
"SWRGSSSS":[-10,286.459,-10,-10],
"GGSSSW0S":[207.203,-10,-10,0],
"SS0RSW0W":[-10,0,-10,495.818],
"SG0WRS0S":[-10,408.076,0,0],
"SG0SSWSR":[-10,57.1519,-10,-10],
"WW0RGWSW":[-10,245.219,731.453,-10],
"SSWWSSRS":[-10,-10,-10,96.8287],
"GG0WSSRS":[359.688,0,-10,0],
"SSRS0GSW":[-10,53.0763,290.352,-10],
"SGGSWWWW":[-10,32.8478,-10,-10],
"SSSWWWSR":[-10,-10,-10,-10],
"SSGGWW0S":[-10,146.868,-10,0],
"GSSSSWSG":[63.2332,-10,-10,-10],
"SWSS0GRS":[-10,-10,324.925,58.9963],
"0GGSSS0R":[0,225.363,-10,61.6274],
"SG0R0GSS":[-10,56.3173,0,-10],
"RGGW0SSS":[502.967,0,0,-10],
"SSSWSWGS":[-10,-10,-10,202.766],
"GSSWSSSS":[174.111,-10,-10,-10],
"SSSG0SSS":[-10,-10,344.268,-10],
"0GSSSS0S":[562.997,-10,-10,166.099],
"0RGGSSWW":[0,322.882,-10,-10],
"SSGSWW0S":[-10,17.119,-10,0],
"SGSRSSWW":[-10,-10,-10,-10],
"SWSGSSSS":[-10,-10,-10,-10],
"0WSSRSGG":[59.8657,-10,0,324.662],
"SWSSRSSS":[-10,-10,289.995,-10],
"0WWWGRSG":[88.9137,-10,0,-10],
"SGWW0RSW":[-10,-10,325.246,-10],
"RWSSWW0G":[609.281,-10,-10,747.521],
"GWWWSGSW":[486.938,-10,-10,-10],
"SWSWGWGS":[-10,-10,246.595,0],
"GS0RSW0W":[577.429,9.57058,-10,61.425],
"SW0GRSSS":[-10,280.406,22.0319,-10],
"RWGSSWSW":[303.254,0,-10,-10],
"SSRG0GSS":[-10,245.475,0,-10],
"WWGSSGSS":[-10,92.788,-10,-10],
"WWGSSGSW":[-10,17.119,-10,-10],
"SS0RSGSS":[-10,59.2921,-10,-10],
"0G0SSW0S":[407.376,-1.04,-10,0],
"SSGGRWSW":[-10,144.299,0,-10],
"RG0WWWSW":[696.25,476.957,-10,-10],
"RSSW0WSW":[85.1036,-10,645.034,-10],
"SSSGSWSR":[-10,-10,-10,-10],
"WWGGSSSR":[-10,50.8975,-10,-10],
"SW0RSW0W":[-10,261.098,-10,126.287],
"0GSSSSSG":[196.091,-10,-10,-10],
"WW0GSR0S":[-10,569.567,-10,26.3852],
"SG0SWWSR":[-10,-1.04,-10,-10],
"0SSWWWGW":[602.59,-10,-10,746.077],
"GWSWGSWW":[70.5725,-10,0,-10],
"SS0WGS0G":[-10,493.12,64.9251,81.882],
"SWSWSR0S":[-10,-10,-10,469.534],
"SSSW0SGS":[-10,-10,486.795,44.6572],
"GRSSSS0S":[161.898,-10,-10,0],
"SWRSSS0W":[-10,43.3242,-10,602.346],
"SS0R0SSG":[-10,114.388,0,-10],
"0GSS0W0S":[46.0384,-10,63.6243,623.49],
"SWGWWWWW":[-10,713.737,-10,-10],
"GWSSSR0S":[170.333,-10,-10,0],
"WWWWSGGR":[-10,-10,-10,69.4339],
"GW0GSRSS":[484.951,66.9318,-10,-10],
"SGGS0WSS":[-10,335.395,0,-10],
"SWRGGWSW":[-10,128.457,0,-10],
"SG0RSW0S":[-10,451.288,-10,0],
"SRGWWWSG":[-10,191.293,-10,-10],
"0WWWRWSS":[578.253,-10,444.259,-10],
"0SSG0WGS":[73.5456,-10,0,0],
"SWSWSGRG":[-10,-10,-10,67.3902],
"SRSSGW0G":[-10,-10,502.272,0],
"RSSSGWGS":[43.2969,-10,0,0],
"SSGGSSSW":[-10,99.1857,-10,-10],
"0WWWRGSS":[436.29,-10,728.401,-10],
"SGWW0WRG":[-10,-10,54.3669,0],
"SS0S0WSR":[-10,105.388,552.027,-10],
"GWSWSG0R":[197.885,-10,-10,62.1446],
"WWWWRGSG":[-10,-10,128.515,-10],
"RS0SSW0G":[398.186,42.9073,-10,0],
"SGWWRS0S":[-10,-10,13.8772,0],
"0SSG0RSS":[0,-10,212.012,-10],
"SSSWGG0S":[-10,-10,262.998,0],
"SW0G0SRS":[-10,0,0,132.682],
"GS0RSS0W":[658.236,28.5117,-10,128.864],
"0GSSRS0G":[643.386,-10,0,70.7962],
"RW0G0GWW":[0,4.55783,-0.05,-10],
"0WSR0SGS":[228.569,-10,0,0],
"SWGWSGSW":[-10,67.5324,-10,-10],
"0WSGSWGW":[310.914,-10,-10,732.666],
"GSSSWW0G":[220.11,-10,-10,735.04],
"SRSWSGSW":[-10,-10,-10,-10],
"0R0GSGSS":[291.84,0,-10,-10],
"GSWW0RSW":[17.119,-10,0,-10],
"GSSW0WGS":[47.0713,-10,594.024,0],
"0R0W0WSS":[618.678,657.251,631.019,-10],
"0SSSSWRS":[280.796,-10,-10,0],
"WWSS0SSG":[-10,-10,42.9866,-10],
"0SSWRS0S":[409.003,-10,0,0],
"RS0WGWSW":[51.2829,204.81,754.766,-10],
"SSSSGS0R":[-10,-10,455.966,0],
"SSSSGGWW":[-10,-10,774.287,-10],
"SSSSRSWW":[-10,-10,154.114,-10],
"SWSGGW0R":[-10,-10,69.1448,0],
"SWSSGWRW":[-10,-10,707.316,204.393],
"SSWWRSSW":[-10,-10,214.588,-10],
"GR0WWWSG":[69.0603,0,-10,-10],
"RSWWGWSS":[65.7086,-10,0,-10],
"SGSWSR0S":[-10,-10,-10,111.583],
"SSRW0W0S":[-10,621.896,662.468,469.294],
"WWWW0G0R":[-10,-10,23.0624,1.54],
"SS0S0SGG":[-10,35.2171,0,0],
"GS0WSWGS":[473.347,0,-10,0],
"SG0GRWSS":[-10,0,104.431,-10],
"WWGWSSGS":[-10,67.704,-10,0],
"SWSWRGSW":[-10,-10,466.718,-10],
"SWSSGWRG":[-10,-10,66.3963,0],
"GWRWWWSG":[75.0399,0,-10,-10],
"0S0WSS0R":[583.396,0,-10,0],
"GG0R0SSW":[159.291,0,0,-10],
"SS0SWWGR":[-10,0,-10,247.3],
"SS0WSW0R":[-10,355.922,-10,46.1041],
"WWGWSWRS":[-10,613.193,-10,8.70583],
"RSSSWWGS":[0,-10,-10,17.119],
"SWWWGG0S":[-10,-10,521.281,647.511],
"SW0GRWWW":[-10,699.339,542.239,-10],
"GGSSSWRW":[0,-10,-10,52.2604],
"RSSW0GSW":[-1.19,-10,337.806,-10],
"RSSS0WGS":[96.4327,-10,615.411,133.861],
"SWGRSGSW":[-10,68.9083,-10,-10],
"SSSS0SSG":[-10,-10,279.431,-10],
"WWGSSG0R":[-10,9.01,-10,0],
"WWSWGSGR":[-10,-10,68.5833,0],
"0WSWRSGG":[328.545,-10,0,0],
"SWSSGSSS":[-10,-10,194.815,-10],
"0WSG0W0G":[566.466,-10,576.453,746.405],
"SS0W0SGS":[-10,0,0,450.291],
"0S0WSRSG":[110.364,0,-10,-10],
"0SSWSGRW":[58.3165,-10,-10,174.168],
"RSSSGW0G":[447.195,-10,0,65.1612],
"0RSSWW0W":[653.309,-10,-10,689.153],
"WWSG0GRW":[-10,-10,125.861,0],
"SW0WGGRS":[-10,0,367.542,59.0537],
"SWRG0GSS":[-10,290.176,71.5918,-10],
"0GWWSWGS":[142.282,-10,-10,655.842],
"0R0S0SSS":[604.645,64.4001,14.1172,-10],
"SWSSGSSW":[-10,-10,235.864,-10],
"0R0S0WSG":[294.509,0,0,-10],
"SS0S0G0S":[-10,506.146,18.1729,145.315],
"WW0SSSGW":[-10,35.8521,-10,557.359],
"0W0GSWGR":[73.9556,354.672,-10,0],
"SWSWSWRG":[-10,-10,-10,504.752],
"0GGS0SSS":[730.474,269.5,72.4775,-10],
"WW0WSRGS":[-10,12.8652,-10,0],
"SW0S0G0R":[-10,505.262,722.121,653.653],
"SS0SSWRW":[-10,62.2893,-10,617.207],
"SGSWRS0W":[-10,-10,53.5964,206.352],
"SSSRSSGW":[-10,-10,-10,203.217],
"GRSS0S0G":[535.574,-10,0,0],
"0S0WSWRG":[118.303,0,-10,0],
"WWRGGSSW":[-10,224.543,0,-10],
"SSGRSSSW":[-10,100.81,-10,-10],
"SR0SSWWW":[-10,88.2531,-10,-10],
"RS0SSSSS":[218.763,0,-10,-10],
"WW0WRSSG":[-10,376.681,30.6534,-10],
"0WSWRSGS":[471.071,-10,0,62.6156],
"GSGS0WSW":[35.5529,503.973,61.3985,-10],
"RSSSSWSS":[347.196,-10,-10,-10],
"0SSS0S0R":[146.072,-10,55.1096,0],
"RSSS0S0W":[276.071,-10,0,0],
"SS0WGSRS":[-10,624.588,0,48.4874],
"SWWWGWSW":[-10,-10,749.501,-10],
"SSSWGRSS":[-10,-10,125.766,-10],
"0WSSWWRG":[407.436,-10,-10,764.111],
"SW0S0SRS":[-10,43.3381,0,262.994],
"0WSWRSGW":[256.719,-10,162.697,743.876],
"GWRG0WSS":[347.692,73.6264,61.4619,-10],
"SSGS0RSW":[-10,465.173,61.1727,-10],
"SWRSSGSW":[-10,108.955,-10,-10],
"GWRGSS0S":[470.911,0,-10,14.5818],
"0G0WSR0G":[42.1155,548.865,-10,115.814],
"SWSGWWSW":[-10,-10,-10,-10],
"0SGS0GSS":[51.5872,70.2052,717.445,-10],
"SSRGSSSW":[-10,5.89732,-10,-10],
"SR0G0GSS":[-10,364.297,70.1446,-10],
"SGSW0GSR":[-10,-10,54.1775,-10],
"RSGWSW0S":[176.747,0,-10,0],
"RW0WGSSS":[516.632,0,0,-10],
"GSSSSS0G":[479.923,-10,-10,0],
"GS0RSS0S":[665.177,175.431,-10,37.6114],
"0GGSSRSS":[131.442,0,-10,-10],
"0RSWSWWW":[632.158,-10,-10,-10],
"0S0WRSSS":[165.775,0,61.7257,-10],
"SS0SSWGG":[-10,-1.04,-10,207.797],
"GG0RSS0S":[596.222,0,-10,40.876],
"0WSSSSSS":[533.243,-10,-10,-10],
"0G0WRSSG":[67.0687,0,0,-10],
"SRSSSG0S":[-10,-10,-10,115.207],
"SWWWSS0G":[-10,-10,-10,69.4342],
"SWGRGW0S":[-10,363.442,0,14.6398],
"GW0RSGSW":[300.375,64.4645,-10,-10],
"SSWWSS0R":[-10,-10,-10,230.668],
"SG0S0S0G":[-10,-0.05,91.314,0],
"SS0WGSSR":[-10,490.361,0,-10],
"SSSG0WGS":[-10,-10,61.6548,0],
"RWGGSSSS":[120.932,0,-10,-10],
"0WSWSG0R":[636.828,-10,-10,378.9],
"SSSSSG0G":[-10,-10,-10,188.773],
"RS0SWWSG":[-1.19,0,-10,-10],
"RWSWSGSS":[257.666,-10,-10,-10],
"SG0SSS0S":[-10,252.837,-10,101.322],
"0WGWSR0S":[134.052,140.647,-10,523.511],
"RSSG0WGW":[0,-10,59.6478,0],
"SSRS0S0W":[-10,335.519,63.6866,119.793],
"SWGWGS0S":[-10,587.169,0,0],
"SGGWWWWW":[-10,369.346,-10,-10],
"SS0GRG0S":[-10,67.1146,0,0],
"SS0G0SSG":[-10,185.992,0,-10],
"GR0S0WSW":[128.96,0,0,-10],
"0W0WGSSW":[615.33,632.541,609.354,-10],
"0G0WSW0W":[751.461,649.557,-10,652.116],
"SSSSGG0S":[-10,-10,366.4,0],
"0GRGSS0S":[74.3916,647.181,-10,11.3176],
"GSSSSSSW":[175.432,-10,-10,-10],
"RSSW0WGS":[223.718,-10,0,75.4746],
"0RSWGG0W":[0,-10,551.483,63.4467],
"SW0GWWRG":[-10,89.9056,-10,0],
"GWSSSSSR":[68.0805,-10,-10,-10],
"0S0RSWWW":[0,223.566,-10,-10],
"0SRSSWSS":[366.938,48.615,-10,-10],
"SGGWWWRS":[-10,58.359,-10,0],
"0SSRSWSG":[237.767,-10,-10,-10],
"SWRSSW0G":[-10,42.8993,-10,279.258],
"SS0R0GGS":[-10,388.219,74.6825,0],
"SGWWRGSS":[-10,-10,120.346,-10],
"RSSSWWSS":[116.035,-10,-10,-10],
"GWGWSWSW":[651.335,251.125,-10,-10],
"SSSW0R0W":[-10,-10,666.349,612.785],
"SSGSWWSW":[-10,219.083,-10,-10],
"WWSSGSRW":[-10,-10,477.939,62.7236],
"GS0SSSSR":[37.5034,0,-10,-10],
"SWWW0S0R":[-10,-10,235.512,0],
"SGWWSWSR":[-10,-10,-10,-10],
"SSSSGSSS":[-10,-10,203.87,-10],
"SWGR0S0W":[-10,161.621,0,0],
"WWSR0SGW":[-10,-10,632.19,194.086],
"SWGSSSSS":[-10,308.806,-10,-10],
"GGRSSW0W":[374.524,0,-10,0],
"RGWWSS0S":[707.38,-10,-10,186.311],
"GWSRSS0S":[144.727,-10,-10,0],
"SWSSSRGW":[-10,-10,-10,245.759],
"0RGS0WSS":[-0.05,632.097,63.6905,-10],
"SGSWSSSW":[-10,-10,-10,-10],
"SSSWRSSS":[-10,-10,232.931,-10],
"SSRGWW0S":[-10,188.071,-10,-1.04],
"SSGGSWSW":[-10,78.0211,-10,-10],
"SRSGSWSS":[-10,-10,-10,-10],
"SS0S0WSW":[-10,568.733,627.154,-10],
"0RSSSWGS":[614.325,-10,-10,0],
"GS0RSSSS":[378.922,0,-10,-10],
"SR0GSWSG":[-10,112.905,-10,-10],
"GS0RSSSW":[601.292,164.266,-10,-10],
"GGSWWWRW":[0,-10,-10,81.3079],
"SWGS0WRG":[-10,58.0824,0,0],
"SSSWGSSS":[-10,-10,157.605,-10],
"GSSW0WRS":[164.645,-10,0,0],
"0SSSRWSG":[7.59192,-10,0,-10],
"SGRSWWWW":[-10,91.6146,-10,-10],
"SG0SSRSW":[-10,109.893,-10,-10],
"SW0SRSSW":[-10,157.105,456.01,-10],
"0SSSSWGG":[205.935,-10,-10,79.8029],
"0GSWSSRG":[459.653,-10,-10,0],
"SS0SRSSS":[-10,284.843,0,-10],
"WWSR0SSS":[-10,-10,44.8063,-10],
"SR0S0GSS":[-10,144.138,0,-10],
"SSSGWW0G":[-10,-10,-10,633.052],
"GSSWSRSG":[9.01,-10,-10,-10],
"GR0WSSGS":[183.464,0,-10,0],
"0S0WGSSS":[171.966,0,0,-10],
"0W0R0GSS":[625.281,648.85,719.412,-10],
"0SRSSSSS":[188.844,0,-10,-10],
"0WSSGRGS":[115.041,-10,0,0],
"GRSS0W0W":[749.797,-10,573.86,625.368],
"SWGWSWSG":[-10,129.454,-10,-10],
"GSSS0SWW":[17.119,-10,0,-10],
"SWGSGS0R":[-10,24.3875,0,0],
"0G0WRWSW":[602.816,656.726,587.955,-10],
"RSSSGW0W":[18.6238,-10,714.026,105.194],
"SSGSSG0W":[-10,37.9051,-10,170.196],
"SSWWRWSG":[-10,-10,558.843,-10],
"SS0WSS0S":[-10,498.55,-10,262.786],
"0W0WGWSR":[512.374,545.214,766.277,-10],
"GSGWSW0S":[0,0,-10,173.866],
"GS0S0SSS":[297.331,0,17.1749,-10],
"SS0RSSGW":[-10,-0.05,-10,0],
"SWGW0SSR":[-10,429.899,0,-10],
"RWGWSSSG":[62.7666,0,-10,-10],
"0WSW0WGG":[628.22,-10,625.438,841.702],
"SSWWRS0S":[-10,-10,243.631,0],
"SWGWSSSW":[-10,697.688,-10,-10],
"SW0R0SSS":[-10,607.859,439.4,-10],
"RGSGSWSW":[70.18,-10,-10,-10],
"0WSGSSRS":[261.914,-10,-10,0],
"0G0S0WSR":[134.752,0,0,-10],
"SSSGRSWW":[-10,-10,92.8302,-10],
"SRSG0W0S":[-10,-10,328.446,0],
"SS0WRWSG":[-10,520.052,276.331,-10],
"0RSGSWGW":[252.481,-10,-10,0],
"SSSSRWGW":[-10,-10,49.7285,679.271],
"SRSWSSGW":[-10,-10,-10,65.134],
"GSSR0G0W":[9.01,-10,0,0],
"RWSWSWSS":[631.782,-10,-10,-10],
"GG0WSWSW":[802.815,241.312,-10,-10],
"WWSGSSSW":[-10,-10,-10,-10],
"SWSWRSSG":[-10,-10,54.6403,-10],
"WWSWGRWW":[-10,-10,497.803,-10],
"RWGWSGSW":[58.4987,0,-10,-10],
"SGGW0R0W":[-10,0,103.556,30.019],
"SSGGSW0S":[-10,209.035,-10,0],
"GS0SSWRW":[499.572,0,-10,0],
"0SRWSG0S":[115.532,0,-10,0],
"SSSSRWWW":[-10,-10,452.515,-10],
"GGWWSWRS":[217.219,-10,-10,64.0188],
"0GRWSSSG":[326.324,0,-10,-10],
"RWSSSG0G":[288.222,-10,-10,0],
"SSWWSWSG":[-10,-10,-10,-10],
"RWSGSWSW":[248.811,-10,-10,-10],
"0W0SGRSW":[170.064,0,0,-10],
"0WGS0GSW":[357.257,0,0,-10],
"SWGSGWSS":[-10,278.622,0,-10],
"SWRS0S0S":[-10,381.016,0,0],
"0W0RSSWW":[685.864,635.293,-10,-10],
"0WSGSSSR":[61.2247,-10,-10,-10],
"RWSS0SGG":[409.415,-10,0,83.7226],
"0SGSSS0G":[108.58,0,-10,0],
"SWRSGWSW":[-10,33.53,0,-10],
"SS0S0GGR":[-10,474.648,0,0],
"0SSWRSSG":[54.7985,-10,0,-10],
"SS0SRGSS":[-10,137.293,0,-10],
"RS0S0SSS":[276.464,0,0,-10],
"0WSSSG0R":[326.913,-10,-10,650.446],
"WWSSRSSG":[-10,-10,-1.19,-10],
"0SGS0WSG":[112.561,0,0,-10],
"0SSGSW0S":[501.83,-10,-10,29.1426],
"0WSG0S0R":[645.051,-10,121.19,269.71],
"WW0GSRWW":[-10,714.661,-10,-10],
"RS0WSGSS":[174.92,0,-10,-10],
"SS0W0RGG":[-10,0,60.5072,329.533],
"SSSWGWGS":[-10,-10,0,177.276],
"RW0GGSSW":[211.482,0,0,-10],
"SWRS0SSW":[-10,30.2172,384.324,-10],
"SG0SGRWW":[-10,60.4362,0,-10],
"WWWWRSSG":[-10,-10,31.6175,-10],
"GWSSSWRW":[323.91,-10,-10,616.693],
"SSGGRWSS":[-10,76.7306,0,-10],
"SS0S0R0S":[-10,105.113,313.147,52.7091],
"RWSWSSGG":[168.484,-10,-10,0],
"RSSW0WSG":[131.318,-10,0,-10],
"GRSWSSSS":[72.2757,-10,-10,-10],
"GWSS0GRW":[205.587,-10,0,0],
"SGSSSS0G":[-10,-10,-10,231.804],
"RW0GSGSW":[429.251,70.2761,-10,-10],
"SSRW0SSS":[-10,249.299,0,-10],
"WWGSSS0S":[-10,18.9997,-10,0],
"SW0SRW0W":[-10,585.535,617.588,655.936],
"GSRGWWSW":[76.7731,0,-10,-10],
"GS0WSW0G":[472.21,0,-10,0],
"0WGS0GSS":[535.289,72.9369,58.7196,-10],
"SS0G0GSR":[-10,464.147,133.524,-10],
"0RSS0SGG":[591.257,-10,0,0],
"GRGWSW0S":[240.22,0,-10,0],
"SGSSRSSW":[-10,-10,15.7511,-10],
"SGSGSW0R":[-10,-10,-10,59.9104],
"GRSS0SSW":[137.385,-10,0,-10],
"WW0WSGRG":[-10,112.778,-10,0],
"GG0WSWRS":[454.473,0,-10,0],
"0SGSSWSR":[0,128.634,-10,-10],
"WWSW0G0S":[-10,-10,7.41167,185.169],
"0SGWSWRS":[312.707,74.8395,-10,0],
"SSSS0GSR":[-10,-10,77.4939,-10],
"SW0W0WGR":[-10,573.316,545.977,736.875],
"SSSSGR0G":[-10,-10,138.22,0],
"0SGWRGSS":[262.059,0,73.731,-10],
"SSSW0SGR":[-10,-10,206.639,0],
"GRSSSW0S":[128.271,-10,-10,0],
"0WSWGSGR":[172.336,-10,0,0],
"SWSWSWSR":[-10,-10,-10,-10],
"SS0SWWSG":[-10,126.051,-10,-10],
"RSSWSWGW":[138.507,-10,-10,0],
"0SSSSRSS":[215.936,-10,-10,-10],
"0WSG0SRS":[0,-10,-1.04,0],
"WWSW0GSS":[-10,-10,219.702,-10],
"RWSSSG0S":[128.354,-10,-10,0],
"RW0WWW0G":[-1,0,-10,0.0827962],
"GWSRSSSW":[71.6388,-10,-10,-10],
"0SGGSWSS":[155.258,77.8781,-10,-10],
"SS0SGW0S":[-10,374.345,0,0],
"RS0SSW0S":[275.641,0,-10,0],
"GRWWSG0W":[351.335,-10,-10,0],
"0S0SSSGS":[315.818,0,-10,0],
"GW0GSSSR":[192.995,0,-10,-10],
"GSWWSS0R":[78.1826,-10,-10,0],
"SW0SRWGW":[-10,0,464.085,0],
"RSSGSWWW":[19.4565,-10,-10,-10],
"GS0SSSSW":[449.413,100.64,-10,-10],
"SG0S0WSG":[-10,305.684,0,-10],
"0RGSWWSW":[89.0578,0,-10,-10],
"SW0G0S0R":[-10,213.407,0,0],
"SG0R0WSG":[-10,117.258,0,-10],
"SWGRSW0S":[-10,136.098,-10,0],
"GWGWSSRS":[134.085,0,-10,0],
"WWGW0G0W":[-10,80.2153,0.537191,1.67709],
"GWSG0S0R":[0,-10,0,62.0087],
"0SRSGSSW":[58.9784,0,0,-10],
"WW0GGSSR":[-10,69.9405,0,-10],
"GRSGSS0W":[295.894,-10,-10,0],
"SW0RSW0G":[-10,-0.05,-10,72.1865],
"SSSGGSWW":[-10,-10,39.8951,-10],
"RS0GSWSS":[211.296,0,-10,-10],
"SWRSGG0W":[-10,292.297,0,0],
"RSSWWWGG":[60.2574,-10,-10,0],
"0GSWSGSW":[545.845,-10,-10,-10],
"GWSS0WWW":[713.197,-10,530.41,-10],
"0SGGSW0W":[117.572,0,-10,0],
"SG0WSS0R":[-10,64.8742,-10,0],
"GGSW0S0S":[464.012,-10,-1.04,0],
"SW0GGS0S":[-10,714.515,52.899,66.6266],
"SWGWSG0S":[-10,139.747,-10,0],
"SSWWSW0R":[-10,-10,-10,69.7209],
"0WGW0GSR":[36.117,517.969,140.404,-10],
"SW0SSR0G":[-10,-1.04,-10,450.793],
"GGRWSSWW":[568.645,61.8484,-10,-10],
"RSSS0SGW":[58.4413,-10,0,0],
"GW0WSWRG":[93.9124,206.335,-10,416.538],
"SSWWGSSG":[-10,-10,73.3824,-10],
"0WSGSR0W":[626.392,-10,-10,437.562],
"SSWWSW0G":[-10,-10,-10,63.6784],
"WWSWRGGW":[-10,-10,286.052,0],
"SSGSSSSS":[-10,268.481,-10,-10],
"SG0SGWSW":[-10,46.273,487.673,-10],
"SWSG0RGW":[-10,-10,118.422,0],
"0GWWGRSS":[65.8443,-10,138.756,-10],
"GWSSGS0W":[470.278,-10,72.5201,66.2279],
"SSGG0WSR":[-10,0,227.66,-10],
"WWRGSWGW":[-10,61.3268,-10,0],
"SWGSWWRW":[-10,9.01,-10,0],
"0GRSSSGW":[435.809,0,-10,0],
"GSGWSS0S":[621.032,0,-10,59.1023],
"SS0RWWSG":[-10,569.522,-10,-10],
"SRWWGG0W":[-10,-10,279.693,0],
"RG0WSSGS":[134.799,0,-10,0],
"SSGS0SSS":[-10,431.4,56.4465,-10],
"SWSWGWWW":[-10,-10,692.007,-10],
"RWSW0GSS":[60.1649,-10,0,-10],
"SSGS0SSW":[-10,427.073,63.5823,-10],
"GS0SSS0W":[723.772,367.32,-10,571.03],
"RGSGSS0S":[61.8779,-10,-10,0],
"SGWW0RSS":[-10,-10,610.204,-10],
"GS0WSRSS":[224.532,0,-10,-10],
"0RSS0WGS":[8.52124,-10,585.276,0],
"GWSS0SGR":[488.671,-10,0,70.3964],
"SSRW0S0S":[-10,591.97,0,0],
"SSRSGW0G":[-10,340.7,0,0],
"GSSW0G0S":[207.946,-10,0,0],
"0SRGSSGS":[53.2188,0,-10,0],
"0WGWWWSW":[645.014,762.478,-10,-10],
"SWRGSS0S":[-10,239.757,-10,0],
"SWGWWWGR":[-10,58.5302,-10,132.923],
"GSGWSSSS":[159.89,0,-10,-10],
"0SGWGRSS":[109.044,0,0,-10],
"WW0RSG0G":[-10,72.0379,-10,5.96114],
"SSGSGS0W":[-10,208.654,0,0],
"SW0SGRGW":[-10,121.284,0,0],
"0G0WWW0G":[61.3081,17.0319,-10,146.479],
"SW0SGSGW":[-10,177.872,0,0],
"RWWW0WSS":[474.216,-10,640.176,-10],
"SR0S0SSS":[-10,23.7345,253.143,-10],
"SW0GGWSR":[-10,296.623,0,-10],
"GS0S0WSR":[157.165,0,0,-10],
"SRSWSGSS":[-10,-10,-10,-10],
"0SSSSWRG":[432.189,-10,-10,0],
"SRSS0G0S":[-10,-10,218.901,0],
"0W0GRSSG":[60.3646,0,0,-10],
"WWSG0SGW":[-10,-10,228.846,721.523],
"SRGWWWWW":[-10,573.215,-10,-10],
"SS0SSSGS":[-10,33.9159,-10,0],
"GSSSSS0R":[542.953,-10,-10,62.3599],
"0GRWSW0S":[619.737,655.765,-10,424.544],
"SG0SSG0S":[-10,60.8163,-10,0],
"GR0SSWSS":[230.383,0,-10,-10],
"SSGS0SWW":[-10,199.104,0,-10],
"GS0GRWSS":[188.556,0,0,-10],
"SWGS0S0G":[-10,10,269.929,0],
"0S0GSW0G":[331.048,0,-10,0],
"GSWWSWSS":[279.021,-10,-10,-10],
"RGWWSW0G":[380.815,-10,-10,0],
"SR0W0GGW":[-10,28.9377,70.4329,0],
"SS0GSG0S":[-10,60.7719,-10,0],
"GSGWSSSW":[248.476,0,-10,-10],
"0SSSSWGR":[210.57,-10,-10,0],
"SWRGSSSW":[-10,518.901,-10,-10],
"0SSR0S0W":[129.041,-10,0,0],
"SRSWSWGW":[-10,-10,-10,135.786],
"SG0SSR0S":[-10,29.469,-10,18.2121],
"SWGS0GWW":[-10,681.118,131.31,-10],
"SSSRGW0G":[-10,-10,69.8283,71.1184],
"0S0SWWSS":[311.383,234.296,-10,-10],
"GGRSSWWW":[148.174,63.5373,-10,-10],
"SWSSGSGS":[-10,-10,93.0809,0],
"SS0GRSSW":[-10,168.409,0,-10],
"0S0GSSRS":[118.074,0,-10,13.723],
"SGWWSWSW":[-10,-10,-10,-10],
"WWWWSG0R":[-10,-10,-10,504.295],
"0S0WSG0R":[111.636,0,-10,0],
"0WSSSGRW":[514.607,-10,-10,157.572],
"RWGS0SSW":[439.148,0,0,-10],
"GWSS0RSW":[72.1024,-10,0,-10],
"GS0SGWSW":[96.6422,0,0,-10],
"SGSGWW0R":[-10,-10,-10,63.3997],
"SRSG0GWW":[-10,-10,70.2034,-10],
"SW0S0R0S":[-10,296.906,0,-1.04],
"GWSSSRSW":[554.481,-10,-10,-10],
"0SSWGSSW":[215.887,-10,0,-10],
"0GSWSS0W":[723.78,-10,-10,653.616],
"GS0WSR0S":[193.462,0,-10,28.983],
"0SSS0GRG":[115.351,-10,0,0],
"0RGWSWGW":[120.755,0,-10,0],
"SR0SSWSG":[-10,99.5726,-10,-10],
"SRSW0GGS":[-10,-10,128.01,0],
"GS0S0GSW":[155.223,0,0,-10],
"RGSW0SSS":[332.737,-10,-1.04,-10],
"SG0SWWRW":[-10,26.6309,-10,319.144],
"GSGSSW0W":[618.039,0,-10,0],
"0W0RSW0W":[679.881,641.391,-10,617.93],
"RW0SSWSS":[500.397,125.212,-10,-10],
"SG0SSS0G":[-10,51.0322,-10,0],
"0WRW0W0W":[223.096,-9.83577,194.4,157.093],
"0R0SWWSS":[160.304,0,-10,-10],
"0SSS0RGS":[90.779,-10,651.362,124.329],
"0WGRSS0S":[186.927,738.171,-10,89.0881],
"0SSS0S0G":[409.412,-10,0,49.54],
"SSSSSSGR":[-10,-10,-10,21.701],
"SSWWGWGW":[-10,-10,769.866,516.198],
"RW0GSSSW":[643.863,386.843,-10,-10],
"0GSS0SSW":[735.141,-10,4.44174,-10],
"SWGSRWSS":[-10,426.294,120.429,-10],
"GW0G0W0W":[170.693,64.7227,36.8978,29.4683],
"SSGW0GRS":[-10,633.845,0,0],
"RSSGWW0W":[51.965,-10,-10,518.083],
"GG0WSSSR":[411.858,0,-10,-10],
"RW0SSSGW":[173.033,0,-10,0],
"0S0GGRSW":[0,0,443.498,-10],
"SRGG0WSS":[-10,76.314,0,-10],
"SWGGSWSS":[-10,83.0583,-10,-10],
"0W0S0RSS":[622.742,60.8248,0,-10],
"SSRWSW0S":[-10,605.206,-10,18.4192],
"0RGSSWSS":[613.299,143.692,-10,-10],
"SW0WSG0S":[-10,638.436,-10,20.1299],
"0RGWSS0S":[0,728.172,-10,79.363],
"0WSWGR0S":[292.117,-10,0,59.1221],
"0RSG0G0S":[0,-10,-0.05,0],
"GWSSGW0W":[739.71,-10,497.702,470.074],
"SRSWGSSS":[-10,-10,17.119,-10],
"0RSS0G0G":[430.858,-10,725.193,602.674],
"SWSWRS0W":[-10,-10,365.212,624.777],
"RGSS0S0S":[189.857,-10,33.211,0],
"SS0SGRSS":[-10,118.898,0,-10],
"SRSW0GGW":[-10,-10,137.205,0],
"GSSWSWRG":[71.4157,-10,-10,0],
"GS0SRWSW":[0,58.5122,0,-10],
"WWRSSSWW":[-10,156.908,-10,-10],
"GSSS0S0G":[154.916,-10,0,0],
"GW0GSR0S":[76.3574,0,-10,0],
"SSSS0GSG":[-10,-10,182.196,-10],
"0SGSSR0G":[62.565,0,-10,0],
"0SSWSSWW":[50.3467,-10,-10,-10],
"0RSGSG0W":[118.655,-10,-10,0],
"0SSSSSGS":[359.4,-10,-10,9.01],
"0G0S0GSW":[-0.05,0,109.105,-10],
"SSGS0SGW":[-10,90.2974,0,0],
"0WSG0G0S":[119.724,-10,0,0],
"SWGR0SSW":[-10,404.655,0,-10],
"SWSSRWGS":[-10,-10,343.615,0],
"GW0GSWRS":[197.826,0,-10,0],
"SSSS0GGS":[-10,-10,135.461,577.646],
"SWGRSS0S":[-10,130.6,-10,0],
"0WWWSWGR":[508.637,-10,-10,748.687],
"0SWWSGSS":[13.965,-10,-10,-10],
"0GSGSWSW":[493.538,-10,-10,-10],
"SWGG0RSS":[-10,143.957,0,-10],
"0WSSSS0R":[651.775,-10,-10,564.452],
"RW0S0SSG":[168.112,61.3672,0,-10],
"SSGWWW0S":[-10,720.64,-10,25.3249],
"SGSS0G0S":[-10,-10,212.71,0],
"RSGG0WSS":[426.035,152.058,0,-10],
"SGSWSG0S":[-10,-10,-10,-1.04],
"SSRWGWSS":[-10,48.3578,564.189,-10],
"0GSWWWGR":[236.433,-10,-10,74.0632],
"SSRSSS0G":[-10,-1.19,-10,135.394],
"GS0WSG0S":[139.599,0,-10,0],
"SW0RSS0W":[-10,321.428,-10,0],
"SSGSRW0W":[-10,381.483,0,63.5628],
"SS0S0WRS":[-10,299.217,0,0],
"WWGWSR0W":[-10,768.391,-10,268.12],
"SWSWSGRS":[-10,-10,-10,152.395],
"SSRSSSGW":[-10,-0.2,-10,0],
"0WSSRSGS":[588.3,-10,0,0],
"0S0RSSSG":[122.665,0,-10,-10],
"0WGWSSSG":[631.804,285.221,-10,-10],
"GWSSRSGW":[199.87,-10,0,0],
"GR0GSWSS":[385.667,0,-10,-10],
"SWSWGWRS":[-10,-10,78.5907,0],
"0RGGSW0S":[109.604,0,-10,0],
"SG0S0SGW":[-10,-0.245624,169.686,0],
"GRSWSWSS":[53.4217,-10,-10,-10],
"0S0WSSRG":[222.095,0,-10,0],
"WW0GSR0G":[-10,28.6792,-10,518.653],
"SS0G0G0S":[-10,729.322,683.407,574.922],
"SSSWSGGW":[-10,-10,-10,131.221],
"SS0SGGSS":[-10,127.005,0,-10],
"SWRS0WSS":[-10,537.736,58.1227,-10],
"0WSGRSSW":[124.697,-10,0,-10],
"GG0RSSSW":[408.036,0,-10,-10],
"0SRSGSSS":[129.58,0,0,-10],
"SS0GGS0W":[-10,-0.05,475.887,64.928],
"0RWWWWSW":[593.258,-10,-10,-10],
"0SSSSSRS":[328.374,-10,-10,64.5997],
"SSSS0G0S":[-10,-10,669.533,376.964],
"RGSWSWGW":[71.5414,-10,-10,0],
"0WRSSSGG":[108.083,0,-10,0],
"SS0GGSSW":[-10,707.785,0,-10],
"WW0GSS0R":[-10,682.094,-10,387.063],
"SWSS0SRG":[-10,-10,62.1065,362.193],
"0SSWRWGS":[32.359,-10,0,282.841],
"0GRGWW0W":[0,-1,-10,-0.05],
"SSSGRW0S":[-10,-10,118.177,0],
"SSSWGWRW":[-10,-10,331.456,499.199],
"0SSW0SRS":[296.489,-10,0,0],
"SWRW0GGW":[-10,93.9138,0,451.859],
"SSSSWWRW":[-10,-10,-10,553.938],
"SSGWGS0S":[-10,701.888,0,0],
"0WGWWW0W":[52.5786,285.143,-10,18.6546],
"0SGSSW0R":[363.223,0,-10,0],
"SWRSSS0S":[-10,83.5951,-10,-1.04],
"0SSSRWGG":[299.488,-10,0,73.2194],
"SS0WRSSG":[-10,116.706,0,-10],
"0SSGSS0G":[58.7754,-10,-10,0],
"WWSGSWGR":[-10,-10,-10,59.4576],
"GS0SSSRW":[642.444,0,-10,0],
"SGSWSWGW":[-10,-10,-10,210.743],
"SSGWSR0S":[-10,72.4012,-10,0],
"SGSGWWRS":[-10,-10,-10,11.0317],
"SRSSGS0W":[-10,-10,37.7327,0],
"GWRGSSSS":[67.4782,0,-10,-10],
"SS0RGGSS":[-10,219.701,0,-10],
"0SGRSW0W":[118.08,0,-10,0],
"SSGS0SSR":[-10,104.036,0,-10],
"0WSRWWGG":[171.328,-10,-10,0],
"0GGS0WSS":[13.3959,511.787,0,-10],
"0G0R0SSG":[72.0905,0,0,-10],
"0SWWSGSR":[63.0217,-10,-10,-10],
"SRGG0WWW":[-10,154.466,0,-10],
"0WSRSWSW":[647.269,-10,-10,-10],
"GWWWSSGW":[490.735,-10,-10,752.112],
"0RSW0WGS":[273.261,-10,63.5922,0],
"SS0W0SSG":[-10,506.534,220.641,-10],
"SW0G0SGS":[-10,378.388,0,0],
"SSGSGWRW":[-10,63.9062,0,0],
"GW0SSS0S":[146.695,0,-10,0],
"GWSSSS0R":[732.956,-10,-10,54.162],
"SWGSRGSS":[-10,136.308,0,-10],
"RSGW0GSW":[142.283,0,0,-10],
"RGSWSSSW":[176.172,-10,-10,-10],
"WWGGRSSW":[-10,84.5435,0,-10],
"SS0GSWRS":[-10,220.028,-10,-1.19],
"GWRSSSSW":[130.503,0,-10,-10],
"GSGSSS0W":[360.77,117.408,-10,0],
"SSSGSG0S":[-10,-10,-10,6.84104],
"WWGRSGSW":[-10,192.656,-10,-10],
"SSGWSWSR":[-10,379.464,-10,-10],
"SSRG0G0S":[-10,698.254,0,56.7538],
"0SSSRGSS":[-1.04,-10,0,-10],
"0SSGSS0S":[313.219,-10,-10,67.5808],
"SW0WRS0G":[-10,216.721,0,0],
"SSGR0G0S":[-10,565.641,0,85.8296],
"0WGS0RSW":[0,503.604,0,-10],
"SWRGGW0S":[-10,246.19,0,0],
"SW0WWWRW":[-10,552.255,-10,608.375],
"GGSWSWRW":[78.3788,-10,-10,0],
"WWSS0G0S":[-10,-10,320.287,63.1286],
"WW0GGRSW":[-10,354.957,61.1898,-10],
"0GSWGWSS":[-0.05,-10,0,-10],
"GSSWSG0S":[142.468,-10,-10,0],
"SSRSSGSS":[-10,88.7622,-10,-10],
"SWSSSSRS":[-10,-10,-10,161.025],
"GS0SGRSW":[51.2235,0,0,-10],
"GW0SSSGR":[251.638,0,-10,77.829],
"RSWWSS0S":[247.953,-10,-10,0],
"0W0SGSSG":[62.4889,0,0,-10],
"GG0RSWWW":[796.202,96.9509,-10,-10],
"0SSWRWSW":[29.3931,-10,595.363,-10],
"WWGSGSSW":[-10,21.3173,0,-10],
"GWSWSS0S":[725.946,-10,-10,332.42],
"SWGSSW0S":[-10,68.1642,-10,52.039],
"SSSS0GRG":[-10,-10,193.464,0],
"WWSWSS0S":[-10,-10,-10,84.7318],
"SWSSRGGS":[-10,-10,68.1994,0],
"SG0W0WRG":[-10,25.8093,203.941,33.7459],
"0WSSSWRW":[602.436,-10,-10,666.147],
"0SSWGRSS":[13.3908,-10,0,-10],
"SS0SGGRW":[-10,0,374.779,0],
"0G0SSR0W":[309.107,582.964,-10,278.356],
"SS0GGSSS":[-10,587.019,73.2457,-10],
"0SRSSWSG":[81.418,0,-10,-10],
"GSSS0G0R":[159.242,-10,0,0],
"GSSW0R0G":[276.745,-10,0,0],
"0WRS0SSG":[115.411,0,0,-10],
"RSGWSWSS":[0,139.95,-10,-10],
"GRGSSS0W":[178.81,0,-10,0],
"RSGSSWGW":[58.5686,0,-10,0],
"RS0GGWSW":[55.7559,0,466.065,-10],
"SSSRSGSS":[-10,-10,-10,-10],
"SSSWRS0S":[-10,-10,169.425,12.3554],
"GS0SWWSS":[129.531,0,-10,-10],
"SGSS0GSR":[-10,-10,71.8621,-10],
"RSSWGW0S":[-1.19,-10,74.3896,0],
"SW0S0RWW":[-10,626.158,629.348,-10],
"GW0SSWRW":[760.265,56.8608,-10,96.2956],
"RWGSSSSS":[71.9893,85.3772,-10,-10],
"SSWW0GGW":[-10,-10,592.097,762.338],
"0WSW0RSW":[560.634,-10,61.0161,-10],
"0RSWGW0S":[41.5223,-10,0,0],
"SS0GWWGS":[-10,87.6527,-10,13.0072],
"RGSW0SSW":[288.251,-10,-1.04,-10],
"SWGR0S0S":[-10,350.21,57.2059,0],
"0SGWSG0S":[116.972,0,-10,0],
"SSWWSS0G":[-10,-10,-10,257.624],
"SS0R0SGS":[-10,93.7499,0,0],
"SRSS0SGS":[-10,-10,198.52,0],
"0GSW0WGS":[405.408,-10,0,0],
"0SGSSSRW":[121.167,0,-10,0],
"0GGR0SSS":[603.664,75.0673,0,-10],
"SSRSWW0S":[-10,60.3574,-10,0],
"GWGSSWSW":[136.529,0,-10,-10],
"RGGWSS0W":[246.016,0,-10,0],
"WWGSSS0G":[-10,17.119,-10,0],
"GWSR0SSS":[202.901,-10,0,-10],
"SWSWGSSG":[-10,-10,25.1084,-10],
"SS0WSS0G":[-10,229.009,-10,0],
"SSWWGS0G":[-10,-10,18.4613,0],
"GWSRSW0G":[72.8395,-10,-10,0],
"0WRWSGSG":[65.6852,0,-10,-10],
"SSRG0SGW":[-10,-0.2,0,0],
"0GRWSSGS":[134.933,0,-10,0],
"SSSSRS0G":[-10,-10,118.767,0],
"RW0GGWSS":[627.167,0,146.178,-10],
"RWSWSSGS":[254.604,-10,-10,35.6706],
"SWWWGGSR":[-10,-10,151.38,-10],
"GWRSSGWW":[152.189,0,-10,-10],
"GWSWSSRS":[73.8538,-10,-10,0],
"SW0R0SWW":[-10,255.705,0,-10],
"0SGWGWSS":[306.899,737.044,404.363,-10],
"SGGSRWSS":[-10,70.8871,0,-10],
"SS0S0SGR":[-10,171.451,0,0],
"WWGSSS0R":[-10,13.8997,-10,0],
"0SRG0GSS":[62.5771,0,0,-10],
"0S0W0RSS":[552.188,635.617,601.99,-10],
"SWGSSS0S":[-10,9.01,-10,59.506],
"0W0SSS0G":[642.088,585.219,-10,746.616],
"SWRGGWWW":[-10,188.17,0,-10],
"0GRS0SSW":[465.95,0,0,-10],
"RGSSSWWW":[715.762,-10,-10,-10],
"0SGRWWSG":[62.8207,0,-10,-10],
"GSSWGWWW":[9.01,-10,68.1768,-10],
"0SGSSWWW":[173.202,0,-10,-10],
"SW0W0SGR":[-10,304.563,0,0]
}