
AGENT_2684779067

CONFIG
{"EPISODES":2000,"SAMPLE_PER_REPLAY":200,"MAX_STEPS":500,"frame_time_ms":30,"board_x":10,"board_y":10,"alpha":0.1,"gamma":0.95,"epsilon":0.8,"epsilon_decay":0.995,"epsilon_min":0,"statefn":"FIRST_AND_NEXT_NON_EMPTY","state_init":"INSTANT_DEATH","reward_advance":-0.1,"reward_green":10,"reward_red":-2,"reward_death":-10}

QTABLE
{
"RWSWSWWW":[-0.00446467,-10,-10,-10],
"GRSW0WWW":[1,-10,0,-10],
"SWWWSW0S":[-10,-10,-10,0.032365],
"SW0WSG0S":[-10,0.220507,-10,0],
"RS0WGWSS":[-0.2,0,0,-10],
"SWSWGS0R":[-10,-10,1.12018,0],
"0G0SSW0S":[-0.01,0,-10,0],
"0G0S0WSS":[-0.01,0,0,-10],
"0SRWSS0S":[0.344017,0,-10,0],
"0S0WSS0G":[-0.01,0,-10,0],
"SGSW0WSS":[-10,-10,0.515823,-10],
"WWWW0SSR":[-10,-10,-0.011805,-10],
"SSSRSGSS":[-10,-10,-10,-10],
"0SSWGWSS":[-0.96,-10,0,-10],
"0SSSSSSG":[-0.96,-10,-10,-10],
"0GSSWW0S":[-0.01,-10,-10,0],
"SWWWGWSR":[-10,-10,0.05,-10],
"0WWWGWSR":[-0.0110809,-10,0,-10],
"SR0SWWSS":[-10,-0.96,-10,-10],
"GS0W0WSW":[1.48723,0,0,-10],
"SWRSGW0G":[-10,-0.179829,0,0],
"0G0GSW0S":[1.13473,0,-10,0],
"0SSSSS0S":[-0.01095,-10,-10,0],
"GSWWSS0S":[0.999103,-10,-10,0],
"SWWW0RGW":[-10,-10,-0.01,0],
"0G0GSSSW":[1.13387,0,-10,-10],
"SR0WGWWW":[-10,0.349414,0,-10],
"SSSWSWSR":[-10,-10,-10,-10],
"SWSSGS0G":[-10,-10,1.30679,0],
"SWGW0WRS":[-10,1.55853,0,0],
"0R0GSW0S":[-0.00278083,0,-10,0],
"WWSW0SGS":[-10,-10,-0.96,0],
"RW0SSSGW":[0.111885,0,-10,0],
"SW0SRGWW":[-10,0.448275,0,-10],
"SRGWWW0S":[-10,1.39126,-10,0],
"0SSS0GWW":[-0.01,-10,0,-10],
"GW0SSWRG":[1.62107,0,-10,0],
"WW0GSRSS":[-10,0.760332,-10,-10],
"SWSRSS0S":[-10,-10,-10,-0.00554424],
"GWRWSW0S":[0.574728,0,-10,0],
"SS0G0S0S":[-10,0.16113,0,0],
"0WGWGRSS":[1.16935,0,0,-10],
"SWWW0SSR":[-10,-10,-0.96,-10],
"0SGWRWSW":[0.0228259,0,0,-10],
"WWSSSSGR":[-10,-10,-10,1],
"GS0WWWSW":[2.16381,0,-10,-10],
"SRSWSWSS":[-10,-10,-10,-10],
"SSGSWW0W":[-10,0.765335,-10,0],
"SW0WGSSW":[-10,0.414841,0,-10],
"RS0S0WSS":[-0.0154593,0,0,-10],
"SGSW0GWW":[-10,-10,0.652856,-10],
"WW0WSSGR":[-10,-0.00327303,-10,0],
"WWSS0RGW":[-10,-10,0.00664163,0],
"GWSGSS0W":[1,-10,-10,0],
"0W0RGWSS":[0.267609,0,0,-10],
"RSGW0WSS":[-0.178092,0,0,-10],
"0SSSWW0S":[-0.298823,-10,-10,0],
"RW0GWWSS":[0.128252,0,-10,-10],
"WWGSSSRW":[-10,1,-10,0],
"SWSWSG0G":[-10,-10,-10,0.0347092],
"GWRWSS0S":[1.28855,0,-10,0],
"SWSW0SRG":[-10,-10,0.00638706,0],
"SWSSWWGG":[-10,-10,-10,1.25326],
"SS0GGWRW":[-10,0.288014,0,0],
"RWGGWWSW":[0.185539,0,-10,-10],
"0SSSSR0W":[0.305875,-10,-10,0],
"SG0WSW0S":[-10,0.629436,-10,0],
"RW0WSSSW":[0.336441,0,-10,-10],
"WW0SSS0G":[-10,-0.96,-10,0.40659],
"GWSW0WGR":[1.30007,-10,0,0],
"0G0S0SSW":[2.19102,0,0,-10],
"SWSGWW0R":[-10,-10,-10,0.0523487],
"RSSSSSWW":[-0.344573,-10,-10,-10],
"SSGS0WRW":[-10,1.02305,0,0],
"GS0WSWSS":[1.16171,0,-10,-10],
"0RSWGS0W":[0.206432,-10,0,0],
"SS0SWWGW":[-10,-0.96,-10,0.05],
"0SSWSS0G":[0.15053,-10,-10,0],
"SS0WSSRS":[-10,0.277949,-10,0],
"SSRW0S0S":[-10,0.196923,0,0],
"0SSWRS0S":[-0.0223365,-10,0,0],
"SSSR0WSS":[-10,-10,0.481418,-10],
"0WGGSSSR":[0.366693,0,-10,-10],
"0S0SSS0G":[-0.00339687,-0.01095,-10,0],
"0S0SSW0R":[-0.01,0,-10,0],
"0WGSSSWW":[0.277203,0,-10,-10],
"SGSS0W0R":[-10,-10,0.492781,0],
"SWSSSS0R":[-10,-10,-10,0.00946578],
"WWSR0S0S":[-10,-10,-0.112082,0],
"WW0RSWSG":[-10,-0.0126318,-10,-10],
"WW0RSW0G":[-10,-0.01,-10,0],
"SGGW0W0W":[-10,1.50599,0,0],
"0G0GSW0R":[1.2545,0,-10,0],
"0SSWSWSG":[-0.01,-10,-10,-10],
"SWSSSGSS":[-10,-10,-10,-10],
"GWGWSWSS":[2.12553,0,-10,-10],
"0G0SSWSS":[-0.01,0,-10,-10],
"0G0SWWSS":[-0.01,0,-10,-10],
"SS0SWWSS":[-10,-0.01,-10,-10],
"0S0SWWSW":[0.0807964,0,-10,-10],
"0W0GSW0G":[0.426857,0,-10,0],
"SSSSGS0W":[-10,-10,1.20574,0],
"0SGSWWSS":[-0.01,0,-10,-10],
"GS0RSW0S":[1.29423,0,-10,0],
"GSSWSWWW":[0.05,-10,-10,-10],
"0SSW0SSR":[-0.96,-10,0,-10],
"0SSGSSSW":[0.100062,-10,-10,-10],
"RGSW0SWW":[0.33134,-10,0,-10],
"SGRWWW0W":[-10,-0.0472219,-10,0],
"GSSWSW0R":[2.02977,-10,-10,0],
"GWSW0SGW":[1.19516,-10,0,0],
"SW0S0RSS":[-10,0.0528826,0,-10],
"0S0SSGSW":[-0.102136,0,-10,-10],
"0SRS0GSW":[-0.01,0,0,-10],
"WWSSGS0G":[-10,-10,1,0],
"0R0GSSSW":[0.193992,0,-10,-10],
"SR0S0GSW":[-10,0.461441,0,-10],
"SS0WSWGS":[-10,0.052357,-10,0],
"RS0S0WSG":[-0.19041,0,0,-10],
"GW0WRWSS":[1,0,0,-10],
"SW0GWWSG":[-10,0.991908,-10,-10],
"GSSSSSWW":[0.05,-10,-10,-10],
"0G0RSWSG":[1.11168,0,-10,-10],
"SGSW0RSW":[-10,-10,0.220131,-10],
"GWSGSW0W":[2.68989,-10,-10,0],
"GSSWSS0W":[2.09206,-10,-10,0],
"SS0WGW0S":[-10,0.0964973,0,0],
"SWRWGWWW":[-10,0.133852,0,-10],
"SWSSWWGS":[-10,-10,-10,1],
"0G0RSGWW":[1.65987,0,-10,-10],
"SSGS0WGW":[-10,1,0,0],
"0SSSSSSS":[-0.01,-10,-10,-10],
"0SSSSWSS":[-0.01,-10,-10,-10],
"SWSWSWGS":[-10,-10,-10,1.09035],
"SWSS0SSR":[-10,-10,0.0193584,-10],
"RSSSSW0W":[-0.0683263,-10,-10,0],
"0WSSSWGW":[1.02397,-10,-10,0],
"SW0SSG0G":[-10,-0.96,-10,0],
"SSWWSW0S":[-10,-10,-10,-1.824],
"SSSW0SSR":[-10,-10,0.153203,-10],
"WWGWRSSW":[-10,1.19927,0,-10],
"SGWWWWSS":[-10,-10,-10,-10],
"SS0WGRWW":[-10,0.54709,0,-10],
"SS0GGRWW":[-10,1.21726,0,-10],
"WWSSRG0W":[-10,-10,0.190247,0],
"GR0GSW0W":[1.45584,0,-10,0],
"SS0SSR0W":[-10,-0.96,-10,0],
"WWSSSGWW":[-10,-10,-10,-10],
"RS0S0WSW":[-0.208846,0,0,-10],
"0G0WRSSW":[0.634603,0,0,-10],
"SSSWGGWW":[-10,-10,2.28396,-10],
"SSGG0WSW":[-10,3.63984,0,-10],
"0RSW0SSW":[0.448544,-10,0,-10],
"SSSWSGSS":[-10,-10,-10,-10],
"SS0SSWSR":[-10,-0.96,-10,-10],
"SSGSGWSW":[-10,1,0,-10],
"0SSW0WRG":[0.178891,-10,0,0],
"GW0SSRWW":[1.19555,0,-10,-10],
"0GSWGRWW":[0.200649,-10,0,-10],
"0WGWSGRW":[0.399909,0,-10,0],
"0WGG0RSS":[0.220157,0,0,-10],
"GWWWSWRW":[1.39252,-10,-10,0],
"GW0WSSSW":[1.06237,0,-10,-10],
"0SGRWWSW":[0.206744,0,-10,-10],
"0SSW0WGS":[0.0408703,-10,0,0],
"SSGR0WSW":[-10,1.32556,0,-10],
"0GWW0WSR":[1.13217,-10,0,-10],
"SSWWGGSS":[-10,-10,1.04609,-10],
"WWWWGGSS":[-10,-10,1.12698,-10],
"SSSRSSSW":[-10,-10,-10,-10],
"RSSWSSSW":[-0.200692,-10,-10,-10],
"GWSWRSWW":[1.21571,-10,0,-10],
"0RSWSSSW":[-0.019,-10,-10,-10],
"0RSWWWSW":[-0.00567773,-10,-10,-10],
"SSWWWWGS":[-10,-10,-10,1],
"SWSW0GSG":[-10,-10,-0.01,-10],
"0S0RWWSG":[0.288702,0,-10,-10],
"SS0RWW0G":[-10,-0.01,-10,0],
"SS0RWWGG":[-10,-0.00161483,-10,0],
"0GGWRWSS":[0.891809,0,0,-10],
"SSSW0WGG":[-10,-10,0.805266,0],
"SG0S0RSW":[-10,0.165569,0,-10],
"SSSWGR0W":[-10,-10,1.24285,0],
"SS0RWWSG":[-10,0.076313,-10,-10],
"SS0RWWGW":[-10,-0.01,-10,1.01639],
"SS0SSS0G":[-10,-0.96,-10,0],
"RSSWWW0G":[-0.185213,-10,-10,0],
"SW0WRWGW":[-10,0.467291,0,0],
"0W0SSGSW":[0.308578,0,-10,-10],
"RG0WSSWW":[0.731963,0,-10,-10],
"0W0GSSRW":[1.94903,0,-10,0],
"SSWWSWSG":[-10,-10,-10,-10],
"0WSRSWWW":[0.218724,-10,-10,-10],
"RGSSSW0W":[0.918607,-10,-10,0],
"RGSS0S0W":[1.7641,-10,0,0],
"SRWW0WSW":[-10,-10,0.507362,-10],
"WWSSRS0G":[-10,-10,7.69854e-05,0],
"GW0SSGWW":[2.88216,0,-10,-10],
"0SWWSRSS":[-0.013267,-10,-10,-10],
"0SWWRWSS":[-0.01,-10,0,-10],
"SSRW0W0S":[-10,-0.2,0,0],
"SS0W0SSS":[-10,0.400022,0,-10],
"0WWWSWRG":[0.431293,-10,-10,0],
"SWSSGSSG":[-10,-10,1,-10],
"SSWWRWSW":[-10,-10,-0.0254481,-10],
"SWWW0GSG":[-10,-10,-0.01,-10],
"WWWWRGSW":[-10,-10,-0.377304,-10],
"SSRS0WSS":[-10,0.141141,0,-10],
"WWSSRSGW":[-10,-10,-0.115315,0],
"GSSRSWWW":[0.87172,-10,-10,-10],
"0WSR0SSW":[0.441648,-10,0,-10],
"SR0G0GSS":[-10,0.942719,0,-10],
"SWSWGWRW":[-10,-10,1.36861,0],
"SRSWWWGW":[-10,-10,-10,1.46054],
"WWSSRSWW":[-10,-10,-0.447152,-10],
"SWWW0SSG":[-10,-10,-1.05108,-10],
"0GRWSWSS":[1.04267,0,-10,-10],
"SSSGSW0S":[-10,-10,-10,-0.96],
"0SSG0WSS":[-0.01,-10,0.147241,-10],
"RW0GSS0G":[0.131128,0,-10,0],
"0SSRSWWW":[-0.96,-10,-10,-10],
"SW0GSS0S":[-10,0.791709,-10,0],
"RWWWSSSG":[0.0704717,-10,-10,-10],
"WW0R0SSG":[-10,-0.00140597,0,-10],
"0WSWRSWW":[0.182979,-10,0,-10],
"GWSWSGSS":[0.532001,-10,-10,-10],
"SSSRWWGS":[-10,-10,-10,0.626527],
"SWWWGG0S":[-10,-10,1.15167,0],
"GWSS0W0G":[1.36002,-10,0,0],
"SS0WSRSW":[-10,0.583252,-10,-10],
"0WRWSGSW":[0.301387,0,-10,-10],
"RSSSSWSS":[-0.20104,-10,-10,-10],
"0SSWWW0S":[-0.01095,-10,-10,-0.437326],
"SS0W0SGS":[-10,0.0132403,0,0],
"WW0S0GSW":[-10,0.187573,0,-10],
"SSWWRG0S":[-10,-10,-0.0749307,0],
"SSRSSSWW":[-10,-0.20104,-10,-10],
"SSSW0GGW":[-10,-10,0.292819,0],
"SGSSWWSW":[-10,-10,-10,-10],
"WWSW0G0S":[-10,-10,0.085,0],
"SSSGRWWW":[-10,-10,0.0350066,-10],
"GG0SSRWW":[2.24339,0,-10,-10],
"RWWW0WSG":[-0.00727288,-10,0.0363111,-10],
"SW0SSWWW":[-10,-0.96,-10,-10],
"0WSGSWRW":[0.399577,-10,-10,0],
"0GSWSS0R":[1.07261,-10,-10,0],
"SWSSRW0G":[-10,-10,-0.13973,0],
"WWSW0R0G":[-10,-10,-0.01,0.381436],
"SSRWGWWW":[-10,0.194679,0,-10],
"SWRWSWSS":[-10,0.162039,-10,-10],
"RWSSSSWW":[0.065188,-10,-10,-10],
"0SSWSR0W":[-0.01,-10,-10,0],
"SWSW0GGS":[-10,-10,0.00290758,0],
"RWSWSG0W":[0.229882,-10,-10,0],
"SW0W0RGW":[-10,0.252793,0,0],
"WW0GSSSG":[-10,0.285526,-10,-10],
"WW0GSRGW":[-10,-0.01,-10,0],
"GSSSSWSS":[1,-10,-10,-10],
"GWSSRS0W":[1,-10,0,0],
"0W0S0SSS":[0.363536,0,0,-10],
"SWSG0S0S":[-10,-10,-0.01,0],
"SGWW0W0S":[-10,-10,0.198341,0],
"0SSWWWRW":[0.0897108,-10,-10,0],
"0SSW0RWW":[-0.96,-10,0.0518099,-10],
"0SSW0SSS":[-0.323637,-10,0,-10],
"RS0SSS0S":[-0.184545,0,-10,0],
"0G0SSS0S":[-0.01,0.290195,-10,0],
"RWSSSS0W":[-0.00354087,-10,-10,0.59469],
"0W0SSG0R":[0.447152,0,-10,0],
"0G0WSSGR":[0.960906,0,-10,0],
"RWSWSW0W":[0.0724864,-10,-10,0],
"SS0SGGWW":[-10,0.431206,0,-10],
"SS0R0G0G":[-10,0.00159737,0,0],
"0WWWSSRG":[0.356738,-10,-10,0],
"RWGWGWSS":[0.0737323,0,0,-10],
"SS0R0WSG":[-10,0.137546,0,-10],
"0WSWSWGR":[0.439772,-10,-10,0],
"WWSWSRSS":[-10,-10,-10,-10],
"SW0RSW0S":[-10,0.197545,-10,0],
"SS0WGR0S":[-10,-0.0568139,0,0],
"SWSWWWGG":[-10,-10,-10,1.15149],
"WWWWSWSW":[-10,-10,-10,-10],
"SSSWWW0R":[-10,-10,-10,-0.0199551],
"SW0SSGWW":[-10,-0.96,-10,-10],
"SSWWWWRW":[-10,-10,-10,-0.2],
"SS0WSRSS":[-10,0.446409,-10,-10],
"SWGRWW0S":[-10,1.11062,-10,0],
"RWSSSSGW":[-0.00351074,-10,-10,0],
"0RSS0S0S":[-0.01,-10,0,0],
"SS0SGRWW":[-10,1.08731,0,-10],
"0GWWSWRS":[0.509667,-10,-10,0],
"WWRGSWSW":[-10,-0.194841,-10,-10],
"SRSSSSWW":[-10,-10,-10,-10],
"0GSWSWSW":[0.788704,-10,-10,-10],
"SSSGSS0W":[-10,-10,-10,0.769511],
"SG0SSS0S":[-10,0.311515,-10,0],
"SWWW0GRW":[-10,-10,0.945596,0],
"GWSRWW0W":[1.10662,-10,-10,0],
"SSWWRWSS":[-10,-10,0.180011,-10],
"RW0S0SSW":[0.198269,0,0,-10],
"SSGW0RSS":[-10,1.35756,0,-10],
"0WSWSSRS":[0.868309,-10,-10,0],
"SW0SSWSW":[-10,0.272212,-10,-10],
"SW0SSG0W":[-10,-0.01,-10,0],
"SS0G0WSR":[-10,2.48236,0,-10],
"0R0SSWGW":[0.204842,0,-10,0],
"SWRG0WSS":[-10,2.99218,0,-10],
"WWSS0G0G":[-10,-10,0.727863,0],
"0WGG0SSW":[0.74483,0,0,-10],
"SRGWWW0W":[-10,1.2917,-10,0],
"SWWW0SSS":[-10,-10,-0.547242,-10],
"SWWW0GGS":[-10,-10,0.84123,0],
"SSRG0W0G":[-10,0.0224606,0,0],
"RWSSGGWW":[-0.217634,-10,1,-10],
"SSSSRWWW":[-10,-10,0.719473,-10],
"WWGWRWSS":[-10,1.09863,0,-10],
"SS0W0SSR":[-10,-0.00219072,0,-10],
"SWSW0SSG":[-10,-10,-0.655839,-10],
"SSWWGW0G":[-10,-10,1.12486,0],
"WWGWRWSW":[-10,1.32717,0,-10],
"WW0WRGSS":[-10,0.337833,0,-10],
"WW0GRWSS":[-10,3.81688,0,-10],
"0W0RGSSW":[0.442618,0,0,-10],
"0GGWSS0S":[1.08473,0,-10,0],
"RSGG0WSS":[0.159123,0,0,-10],
"RSSG0W0W":[-0.2,-10,0,0],
"SS0WRGSW":[-10,0.503715,0,-10],
"0WRG0GSW":[0.167328,0,0,-10],
"SWSRSW0W":[-10,-10,-10,0.494511],
"SW0SSS0S":[-10,0.878358,-10,0],
"0S0S0SSS":[-0.01095,-0.01,0,-10],
"0WSW0G0S":[-0.00843233,-10,0,0],
"WWSWSWSW":[-10,-10,-10,-10],
"SG0GWWSS":[-10,0.317775,-10,-10],
"SW0S0SSR":[-10,-0.01095,0.375901,-10],
"0GSRSS0W":[0.718116,-10,-10,0],
"0WSWRSSW":[0.222665,-10,0,-10],
"0WRSSGWW":[0.0892691,0,-10,-10],
"0WRWSGWW":[0.236945,0,-10,-10],
"0GSWGWWW":[0.0313639,-10,0,-10],
"WWWWSSSG":[-10,-10,-10,-10],
"WW0WSSGS":[-10,-0.96,-10,1],
"WWGGSSSS":[-10,1.06155,-10,-10],
"0WRGSSWW":[0.30095,0,-10,-10],
"0W0G0SSG":[0.469442,0,0,-10],
"SSGS0WSS":[-10,1,0,-10],
"GGSSRW0W":[4.90316,-10,0,0],
"SSSWRS0S":[-10,-10,-0.165365,0],
"RW0WSGSW":[0.0722843,0,-10,-10],
"RSSW0WSW":[-0.276809,-10,0.232288,-10],
"WWRWSWWW":[-10,-0.149592,-10,-10],
"SWGG0W0S":[-10,4.12423,0,0],
"0R0WSWGW":[0.34943,0,-10,0],
"0GGW0SSS":[1.00557,0,0,-10],
"GW0WGWSS":[1.26086,0,0,-10],
"SWWW0S0R":[-10,-10,0.169403,0],
"SWWWGS0R":[-10,-10,0.936897,0],
"GR0SSW0G":[1.00057,0,-10,0],
"SSWWGWSW":[-10,-10,4.98588,-10],
"SR0W0GSS":[-10,2.81028,0,-10],
"0GSWSG0W":[2.08262,-10,-10,0],
"0GSWSWGW":[1.75299,-10,-10,0],
"WWSS0SSW":[-10,-10,-0.96,-10],
"WWRW0SSS":[-10,0.29522,0,-10],
"SW0G0WGS":[-10,0.533538,0,0],
"SWRG0GWW":[-10,0.528914,0,-10],
"0WSS0SSS":[-0.917788,-10,0,-10],
"WW0S0SSG":[-10,-0.0120607,0,-10],
"WW0SSSGW":[-10,-0.01,-10,1.75589],
"SWRGWWGW":[-10,-0.136599,-10,0],
"0W0SSGRW":[0.36706,0,-10,0],
"SS0GSS0S":[-10,0.938144,-10,0],
"0RGWGWSS":[-0.00662402,0,0,-10],
"SWSGGS0W":[-10,-10,1.11224,0],
"SW0G0SSS":[-10,-0.01,0.313847,-10],
"0GWWSG0W":[0.541695,-10,-10,0],
"GGWWSW0S":[5.32175,-10,-10,0],
"GSRSSW0W":[1.05575,0,-10,0],
"SWWWSS0S":[-10,-10,-10,-1.79758],
"0GSW0SSW":[0.358647,-10,0,-10],
"WWGW0RSS":[-10,5.81871,0,-10],
"0WGRWWSW":[0.272539,0,-10,-10],
"SWSS0S0R":[-10,-10,0.00200689,0],
"0WGGWWSW":[1.17906,0,-10,-10],
"0WGGSW0W":[0.176034,0,-10,0],
"RWSS0SWW":[-0.357595,-10,0,-10],
"SWSS0W0S":[-10,-10,1.13596,0],
"0G0SSWSW":[1.0843,0,-10,-10],
"0WRWSS0S":[-0.418217,0.271129,-10,0],
"0W0WWWSG":[-0.0304516,1.09928,-10,-10],
"SWWWRG0W":[-10,-10,-0.185872,0],
"SWRGWW0S":[-10,0.259481,-10,0],
"SW0WGWSR":[-10,0.664849,0,-10],
"0WSW0GGW":[0.362423,-10,0,0],
"SSSWSG0S":[-10,-10,-10,-0.011805],
"0WSGWW0R":[0.23006,-10,-10,0],
"SS0G0RSS":[-10,0.769207,0,-10],
"SSSGWW0W":[-10,-10,-10,-0.96],
"0SSGWWGW":[0.333506,-10,-10,0],
"WWSSSRSW":[-10,-10,-10,-10],
"SW0S0GRW":[-10,1.07145,0,0],
"WWWWSWSR":[-10,-10,-10,-10],
"GSSSSWWW":[0.05,-10,-10,-10],
"WWSW0GRW":[-10,-10,0.40882,0],
"SSSSSSRW":[-10,-10,-10,0.219881],
"SWGW0WGR":[-10,1,0,0],
"WWGRSS0W":[-10,1,-10,0],
"WWSS0R0G":[-10,-10,0.553352,0],
"GR0WSSSS":[2.51212,0,-10,-10],
"GSSGSWWW":[0.05,-10,-10,-10],
"WW0WGWSG":[-10,0.0191899,0,-10],
"SWSSSWWW":[-10,-10,-10,-10],
"SSGG0WWW":[-10,2.86706,0,-10],
"SW0RSS0S":[-10,-0.01,-10,-0.0110836],
"RWSW0SSS":[0.298871,-10,0,-10],
"0GSSWW0R":[0.778171,-10,-10,0],
"SWSW0SRW":[-10,-10,-0.00948881,1.05461],
"0WGWSSRW":[-0.0307883,0,-10,0],
"GW0SSG0W":[1.01293,0,-10,0],
"0R0WSWSW":[-0.0255418,1.32244,-10,-10],
"0GWWSWSR":[0.125134,-10,-10,-10],
"SSWW0WSS":[-10,-10,-0.915904,-10],
"GWSSSW0R":[2.66304,-10,-10,0],
"0R0GSW0G":[0.197544,0,-10,0],
"WW0SSR0W":[-10,-0.085677,-10,0],
"SW0SGGWW":[-10,0.275337,0,-10],
"SWSWSSGS":[-10,-10,-10,0.95],
"SGSR0W0W":[-10,-10,0.74629,0],
"0SSS0SSW":[-0.96,-10,-0.013662,-10],
"WWSWSSGW":[-10,-10,-10,1.19986],
"RGSWSSWW":[0.882282,-10,-10,-10],
"WW0SSG0G":[-10,-0.01,-10,0],
"0S0SSW0G":[-0.01,-0.01,-10,0],
"SW0G0SSW":[-10,1.85818,0,-10],
"SSSGSGSW":[-10,-10,-10,-10],
"SWSSSRSS":[-10,-10,-10,-10],
"SWSSRSSW":[-10,-10,-1.15,-10],
"0WSSSW0R":[1.09173,-10,-10,0],
"SW0S0G0R":[-10,1.17587,0,0],
"GW0GSSRW":[2.49517,0,-10,0],
"0W0GGRSS":[2.07608,0,0,-10],
"SW0W0R0S":[-10,0.0706667,0,0],
"0SWWGWSW":[-0.96,-10,0,-10],
"WWSW0S0R":[-10,-10,0.65602,-0.019],
"0WWWSWRS":[0.198021,-10,-10,-0.0531731],
"0SSGWW0G":[0.288579,-10,-10,0],
"SWSSRWSW":[-10,-10,0.184612,-10],
"GSSSGWWW":[1,-10,0,-10],
"SSWW0GSR":[-10,-10,0.782311,-10],
"0WSSRSWW":[0.0151936,-10,-0.2,-10],
"GW0WSWRS":[1.36232,0,-10,0],
"WWSW0RGW":[-10,-10,0.358804,0],
"0S0GSS0S":[-0.01,3.21301,-10,0],
"SS0G0WRW":[-10,-0.01,3.20109,0],
"0GSWRS0S":[0.40142,-10,0,0],
"0SWW0WSS":[-0.986059,-10,2.26572,-10],
"GSSWRWSW":[0.05,-10,0,-10],
"SW0SSRWW":[-10,-0.96,-10,-10],
"SGRW0W0S":[-10,0.0742715,0,0],
"0RWWWWSW":[-0.054119,-10,-10,-10],
"WW0SSWGW":[-10,-0.96,-10,1.21052],
"0SSR0WSS":[-0.96,-10,0,-10],
"0SGW0RSW":[-0.96,0,0,-10],
"0SSWWWSS":[-2.6016,-10,-10,-10],
"0SWWWWSS":[-1.27429,-10,-10,-10],
"RWSSGG0W":[0.121809,-10,0,0],
"WWGWSSSW":[-10,4.08334,-10,-10],
"SWRW0GWW":[-10,0.216439,0,-10],
"SS0WRS0G":[-10,0.129986,0,0],
"SSSS0R0S":[-10,-10,-0.01,0],
"SWSS0R0S":[-10,-10,-0.01,0],
"GG0RSW0W":[3.88553,0,-10,0],
"0S0SWWSS":[-0.01,0,-10,-10],
"SG0WSS0S":[-10,0.232722,-10,0],
"SSSGSW0W":[-10,-10,-10,0.0820094],
"GGWWSS0S":[4.08542,-10,-10,0],
"0W0WSGRW":[0.167037,0,-10,0],
"SSWW0WGG":[-10,-10,0.094373,0],
"GWWWSS0G":[10.4148,-10,-10,0],
"0SSGWWWW":[-1.03027,-10,-10,-10],
"0GRWSS0S":[1.90406,0,-10,0],
"SW0WGWGR":[-10,0.334345,0,0],
"SS0S0S0W":[-10,-0.01,-0.01,3.4654],
"0W0GSSSG":[0.00277272,0,-10,-10],
"SW0S0S0S":[-10,-0.01,-0.01,0],
"SSRGSW0S":[-10,1.01267,-10,0],
"SGWW0G0W":[-10,-10,0.231561,0],
"SS0S0G0W":[-10,-0.01,6.14888,0],
"0SWW0WSR":[-0.96,-10,-0.96,-10],
"SR0W0WGW":[-10,0.52112,0,0],
"RSSSWWSS":[-1.15,-10,-10,-10],
"SSSWWW0S":[-10,-10,-10,-0.766954],
"0SSRSWSW":[0.0494977,-10,-10,-10],
"WW0RSW0S":[-10,0.168863,-10,0],
"SGSS0WWW":[-10,-10,0.1983,-10],
"0SSWGR0W":[0.00456762,-10,0,0],
"SS0RGWSW":[-10,0.262748,0,-10],
"SS0WSWSW":[-10,2.59233,-10,-10],
"0S0R0SSS":[0.0451587,0,0,-10],
"SSSWGGSW":[-10,-10,3.36556,-10],
"SWSRGS0W":[-10,-10,1.01665,0],
"RW0G0GSS":[-0.172344,1.08484,0,-10],
"0GWWSSSR":[0.370687,-10,-10,-10],
"SSSWSW0W":[-10,-10,-10,2.48069],
"SWRSSWSS":[-10,-1.15,-10,-10],
"0W0SSS0R":[1.23758,0,-10,0],
"0W0GGWSR":[0.159828,0,0,-10],
"GS0SSS0W":[6.40853,0,-10,0],
"SRWWWWGS":[-10,-10,-10,0.05],
"0SSS0W0G":[-0.01,-10,1.1243,0],
"SSSWSRSS":[-10,-10,-10,-10],
"SSSWSGWW":[-10,-10,-10,-10],
"SS0SGRSS":[-10,0.1268,0,-10],
"0SGS0GSS":[-0.0269722,1.31922,0,-10],
"SWSSWWSG":[-10,-10,-10,-10],
"SSGRGW0W":[-10,1.02764,0,0],
"GWSWSWWW":[1.03002,-10,-10,-10],
"WW0SSGWW":[-10,-0.276899,-10,-10],
"SGSSWW0S":[-10,-10,-10,-0.96],
"SRSWWWGS":[-10,-10,-10,1],
"SR0WSSSS":[-10,-0.652309,-10,-10],
"GWWWSG0W":[1.19472,-10,-10,0],
"GS0GWWSW":[1,0,-10,-10],
"SSSW0SWW":[-10,-10,-0.96,-10],
"WWWWSWRW":[-10,-10,-10,-0.363546],
"0SSW0G0W":[-0.019,-10,10.7053,-0.0147723],
"SRSSSW0S":[-10,-10,-10,0.0846232],
"SWSGGW0W":[-10,-10,1.27697,0],
"SWSWGW0R":[-10,-10,2.56397,0],
"WW0WSSRG":[-10,-0.96,-10,0],
"WWSSSG0S":[-10,-10,-10,-3.12029],
"WWGW0SSG":[-10,1.15371,0,-10],
"SWSWSGSW":[-10,-10,-10,-10],
"RSSWGSSW":[-1.15,-10,0,-10],
"SWWW0SRS":[-10,-10,-0.085677,0],
"WW0WRGSW":[-10,-0.0132778,-0.0744879,-10],
"SW0SSW0S":[-10,-0.102466,-10,-0.969],
"SWSS0SSG":[-10,-10,-0.96,-10],
"RW0SSWSS":[-0.2,0,-10,-10],
"SWSG0R0W":[-10,-10,0.0241792,-0.01],
"0S0WSSSW":[-0.01,0.867126,-10,-10],
"0SSWSG0G":[0.0590146,-10,-10,0],
"SW0S0WWW":[-10,3.3779,0.0288589,-10],
"0SRS0WSS":[-0.01,-0.0317619,0,-10],
"0WWWRSSW":[0.123483,-10,0,-10],
"SSSS0WSS":[-10,-10,0.0751197,-10],
"0WSS0S0R":[0.223541,-10,0,0],
"SSSW0WRW":[-10,-10,0.691029,0],
"WW0WGGSW":[-10,0.145605,0,-10],
"SWSWSSWW":[-10,-10,-10,-10],
"0SSS0S0G":[0.0834317,-10,0,0],
"0SSWSS0R":[-0.01,-10,-10,0],
"0WGWRSSW":[0.177806,0,0,-10],
"SS0G0S0W":[-10,-0.01,0.391633,0],
"GW0SSR0W":[3.90502,0,-10,0],
"0SSW0SSW":[-0.871021,-10,-0.96,-10],
"0GSSSR0W":[1.61241,-10,-10,0],
"0SSWWWGR":[-0.000294586,-10,-10,0],
"SS0WWWGS":[-10,0.0556047,-10,0],
"SSSRSW0W":[-10,-10,-10,1.41421],
"0SGW0WSG":[0.207174,0,0,-10],
"RG0G0WSW":[1.69071,0,0,-10],
"SSRG0WGW":[-10,-0.2,0,0],
"0WGWRGSS":[0.326313,0,0,-10],
"SSWWWWSR":[-10,-10,-10,-10],
"WW0WRSSW":[-10,1.1461,0,-10],
"SWSSSSSR":[-10,-10,-10,-10],
"0WRWSS0G":[0.397489,0,-10,0],
"WWGG0WSW":[-10,2.94883,0,-10],
"0G0WSW0W":[12.2602,0.0208991,-10,0.0350161],
"SWSGSWSR":[-10,-10,-10,-10],
"0WRG0SSS":[0.303495,0,0,-10],
"0SWWSWSW":[-1.90815,-10,-10,-10],
"SWSGSWWW":[-10,-10,-10,-10],
"0S0SSGWW":[0.0547423,0,-10,-10],
"0WGW0WSW":[0.0121908,16.2702,-0.0121288,-10],
"0RSS0SSW":[0.328448,-10,0,-10],
"0WSSSSRW":[0.956887,-10,-10,0],
"0GRWWWSS":[1.74856,0,-10,-10],
"0W0W0SSR":[3.00575,0,0,-10],
"SW0SRWSW":[-10,-0.000854701,1.42908,-10],
"SSGWWWWW":[-10,3.25488,-10,-10],
"WW0G0SSR":[-10,0.0334772,0,-10],
"0GSSRG0W":[0.789124,-10,0,0],
"0G0W0GSW":[0.589492,0,0,-10],
"RWWWSW0S":[-0.546992,-10,-10,0.174458],
"GS0W0WSS":[3.85345,0,0,-10],
"GS0WSWSR":[1.08686,0,-10,-10],
"GG0WSSRW":[5.99722,0,-10,0],
"WW0S0SSS":[-10,-0.96,-0.133695,-10],
"WWGW0GSS":[-10,5.79018,0,-10],
"0SSWRWWW":[-0.96,-10,0,-10],
"GR0GSS0W":[1.04799,0,-10,0],
"WW0WGSSS":[-10,1.2626,0,-10],
"0WSS0W0G":[-0.0528314,-10,4.2342,-0.044218],
"GWWWSW0S":[5.35021,-10,-10,0],
"SW0SGR0W":[-10,0.979116,0,0],
"0GWWSGSS":[1.78181,-10,-10,-10],
"0WRG0WSW":[0.919848,0,0,-10],
"0WGS0SSW":[0.664859,0,0,-10],
"SR0W0GWW":[-10,0.495332,0,-10],
"0S0SSW0S":[-0.019,-0.01,-10,-0.0937995],
"SSSWSWSS":[-10,-10,-10,-10],
"SSSW0SSW":[-10,-10,-0.459867,-10],
"GSSW0W0G":[1.10621,-10,0,0],
"0WWWSR0S":[-0.320547,-10,-10,-0.0189023],
"SSWW0WGS":[-10,-10,1.30551,0],
"SW0WGW0R":[-10,-0.0114128,11.8804,0],
"0WRSSGSW":[0.00176684,0,-10,-10],
"0WSSSSSS":[-0.554858,-10,-10,-10],
"0WWWSG0R":[0.0502171,-10,-10,0],
"0R0WSGSW":[0.239259,0,-10,-10],
"GG0SSSWW":[10.8114,0,-10,-10],
"SSSS0SSG":[-10,-10,-1.824,-10],
"SR0WGWSS":[-10,0.45716,0,-10],
"SWSWSW0S":[-10,-10,-10,0.155439],
"SWSW0RSS":[-10,-10,0.00720523,-10],
"SSGGWWSS":[-10,2.00079,-10,-10],
"SW0R0WGS":[-10,0.389013,0,0],
"0W0WSGSG":[0.243964,0,-10,-10],
"0SSWSSSS":[-0.1102,-10,-10,-10],
"0S0WSWSG":[-0.01,1.01162,-10,-10],
"SSSSGRWW":[-10,-10,1.03405,-10],
"SSGR0WSS":[-10,2.19913,0,-10],
"0R0GSW0W":[-0.0123251,1.78278,-10,0],
"RG0WSGSS":[0.880888,0,-10,-10],
"WW0GSS0S":[-10,0.14187,-10,0],
"WWWWGRSW":[-10,-10,1.89905,-10],
"SWSWRWSW":[-10,-10,0.235092,-10],
"0GSWWWGW":[2.87819,-10,-10,0],
"SW0S0GGR":[-10,-0.01,0,0],
"SWRW0WSG":[-10,0.0631794,0,-10],
"0SSRWW0G":[0.117376,-10,-10,0],
"SW0R0G0G":[-10,-0.01,2.68331,0],
"SWSSWWSS":[-10,-10,-10,-10],
"0WGWSW0G":[0.266788,0,-10,0],
"0WGRSSSW":[0.581135,0,-10,-10],
"SSWW0WRS":[-10,-10,1.35196,0],
"0RSW0GWW":[-0.01,-10,0,-10],
"WWSW0SWW":[-10,-10,-3.9831,-10],
"SGWWGW0W":[-10,-10,1.29988,0],
"SSSRSSSS":[-10,-10,-10,-10],
"0G0G0RSS":[1.1144,0,0,-10],
"GWSSRWWW":[4.24761,-10,0,-10],
"SWSW0RSW":[-10,-10,0.527036,-10],
"0WSWSGWW":[0.164101,-10,-10,-10],
"0WSWGRWW":[-0.01,-10,0.99905,-10],
"SSSWWWRS":[-10,-10,-10,-0.2],
"SWGS0WSS":[-10,2.83044,0,-10],
"SRSSWWWW":[-10,-10,-10,-10],
"0GSSWW0W":[7.95496,-10,-10,-0.0111317],
"SW0G0RSW":[-10,7.92531,0,-10],
"RS0W0GSW":[-0.190419,0,0,-10],
"SWSGSS0W":[-10,-10,-10,0.181529],
"GG0WSW0R":[5.43433,0,-10,0],
"SWGWGWSS":[-10,3.30464,0,-10],
"SWRGGW0W":[-10,0.434994,0,0],
"0WSW0S0W":[0.351602,-10,-0.0320688,6.27821],
"WWSWSSSW":[-10,-10,-10,-10],
"WW0R0WSS":[-10,-0.01,2.6222,-10],
"0GRWSWWW":[0.753592,0,-10,-10],
"0WGWSSSW":[-0.0106976,10.6586,-10,-10],
"0GWWSSRW":[4.56701,-10,-10,0],
"0W0WSGSS":[-0.0219927,2.17657,-10,-10],
"WWSWGW0W":[-10,-10,2.02606,0],
"WW0GSRSW":[-10,0.013576,-10,-10],
"0WSWWWGW":[3.41823,-10,-10,0],
"WW0SSW0G":[-10,-0.01,-10,0],
"SSSSWWSR":[-10,-10,-10,-10],
"SS0SWWRW":[-10,-0.96,-10,0],
"0SSGSGSW":[0.0134904,-10,-10,-10],
"SSRS0GWW":[-10,-0.2,0.121466,-10],
"SS0S0W0R":[-10,-0.01,0.342146,0],
"GRSW0W0W":[2.10345,-10,0,0],
"SSSWWWGW":[-10,-10,-10,7.78546],
"SSSRWW0W":[-10,-10,-10,1.52326],
"GWRSSWGW":[1.50983,0,-10,0],
"SS0GGW0R":[-10,0.229229,0,0],
"SW0G0S0S":[-10,0.243038,0,0],
"0G0W0GSS":[-0.01,1.87052,-0.00272872,-10],
"0WSRWWGW":[0.0912185,-10,-10,0],
"SW0RWWGW":[-10,-0.01,-10,2.77252],
"SW0SWWSW":[-10,-1.80217,-10,-10],
"SS0RGW0G":[-10,-0.01,2.43527,0],
"SW0WGG0R":[-10,0.116897,0,0],
"GSSWSW0G":[1.0669,-10,-10,0],
"SWSWSRSS":[-10,-10,-10,-10],
"SWGWSS0S":[-10,1.20451,-10,0],
"SS0G0WSW":[-10,9.79306,0,-10],
"SW0RGW0W":[-10,-0.00353614,12.2514,0],
"GSSS0G0W":[4.27664,-10,0,0],
"0WWWSRSG":[0.0983592,-10,-10,-10],
"GWSR0W0W":[2.06336,-10,0,0],
"0R0WWWSW":[-0.0182649,3.88707,-10,-10],
"0W0WRWSG":[0.129266,0,0,-10],
"0GSWSRWW":[0.726538,-10,-10,-10],
"SWSW0S0G":[-10,-10,0.395928,0],
"SSSW0WGW":[-10,-10,2.87737,0],
"SSGW0WRW":[-10,3.37142,0,0],
"WW0WSWWW":[-10,0.328316,-10,-10],
"SSWWWW0S":[-10,-10,-10,-1.10252],
"SG0GWW0S":[-10,0.295894,-10,0],
"GS0WSSSS":[1.04259,0,-10,-10],
"WWSSSRSS":[-10,-10,-10,-10],
"WW0RSG0S":[-10,-0.01,-10,0],
"0WSWGR0S":[0.192941,-10,0,0],
"SS0G0SSW":[-10,-0.01,-0.00042614,-10],
"SSWWGWSS":[-10,-10,6.80825,-10],
"SRSWSW0S":[-10,-10,-10,0.0269137],
"0GSW0S0S":[3.47143,-10,0,0],
"WW0W0SSG":[-10,-0.106898,0,-10],
"SS0G0WRS":[-10,0.0870512,0,0],
"WW0WSSGG":[-10,-0.01,-10,0],
"0WSSSWSS":[-1.75073,-10,-10,-10],
"SRGW0W0W":[-10,1.35622,0,0],
"0WSW0RGW":[0.360568,-10,0,0],
"SS0R0GSW":[-10,0.0579161,0,-10],
"SSSGSSWW":[-10,-10,-10,-10],
"SW0SGW0R":[-10,-0.00680438,5.62065,0],
"GGSS0S0W":[2.05767,-10,0,0],
"GSSW0W0S":[1.01623,-10,0,0],
"0RSW0S0W":[3.31228,-10,0,0],
"SG0SRWSW":[-10,-0.010899,0,-10],
"SS0GSWRS":[-10,0.103339,-10,0],
"SSSG0RWW":[-10,-10,-0.01095,-10],
"0WGR0SSW":[0.814758,0,0,-10],
"SSRW0W0G":[-10,-0.104993,2.03883,0],
"0WGWSSGW":[0.852034,0,-10,0],
"SWRSSW0S":[-10,-0.19855,-10,0],
"RSSWSWGW":[-0.191532,-10,-10,0],
"RGSW0S0W":[0.708812,-10,0,0],
"SSWWGS0S":[-10,-10,0.9088,0],
"WWSWSS0R":[-10,-10,-10,-0.0334755],
"WWGG0SSW":[-10,2.62109,0,-10],
"SWSGSSSW":[-10,-10,-10,-10],
"SWGWSW0S":[-10,1.1932,-10,0],
"0S0SSSWW":[-0.1012,-0.205348,-10,-10],
"GSSWWWWW":[0.998863,-10,-10,-10],
"GSSSGW0W":[2.02516,-10,0,0],
"SS0W0WSS":[-10,0.120185,4.88804,-10],
"WW0R0SSS":[-10,0.419088,0,-10],
"SRWWGWSS":[-10,-10,0.899133,-10],
"GS0SSS0S":[1.07264,0,-10,0],
"WWSW0S0W":[-10,-10,-0.0162079,2.56278],
"GW0G0WSW":[3.01974,0,0,-10],
"0RWWSG0S":[0.0270636,-10,-10,0],
"0SRWWWSS":[-0.00136228,0.0543187,-10,-10],
"GW0WWWSR":[1.20442,0,-10,-10],
"GGWWSS0R":[2.14588,-10,-10,0],
"SS0GGWSS":[-10,3.85252,0,-10],
"0WSWGSWW":[0.0360736,-10,0,-10],
"SWWWGWSS":[-10,-10,3.27993,-10],
"0SGG0WSW":[1.06926,0,0,-10],
"RWWWSWSS":[0.0982351,-10,-10,-10],
"0RSWGGWW":[-0.01,-10,0,-10],
"0GSWSSGW":[1.61113,-10,-10,0],
"SSSWSSSW":[-10,-10,-10,-10],
"0WWWSW0G":[3.03366,-10,-10,-0.0468289],
"SW0RSWSW":[-10,0.204126,-10,-10],
"0S0SSS0S":[-0.96,0.131581,-10,-0.01],
"SGSWWW0G":[-10,-10,-10,0.760195],
"WWGSSR0W":[-10,0.91697,-10,0],
"SRSSSWSW":[-10,-10,-10,-10],
"SR0S0G0W":[-10,0.601867,0,0],
"SWSWSWGW":[-10,-10,-10,3.88919],
"SWGW0W0R":[-10,4.05241,0,0],
"RW0GSS0W":[1.31184,0,-10,0],
"SSWW0S0S":[-10,-10,-1.74822,-0.387174],
"SS0W0S0S":[-10,-0.01,0.401719,0],
"SW0WSSSW":[-10,0.426178,-10,-10],
"WWSW0GWW":[-10,-10,0.120671,-10],
"SR0GWW0S":[-10,0.384774,-10,0],
"WWGWSWSS":[-10,1.02155,-10,-10],
"GSSSWW0W":[3.45304,-10,-10,0],
"WW0GSGSS":[-10,0.258772,-10,-10],
"WW0GSWSS":[-10,1.65767,-10,-10],
"SS0S0SSW":[-10,-0.0916013,0,-10],
"0W0RWWSG":[0.298594,0,-10,-10],
"GW0WSRWW":[5.13949,0,-10,-10],
"SWRG0WWW":[-10,1.971,0,-10],
"WWGWSSSS":[-10,2.80674,-10,-10],
"0S0WSR0S":[-0.00241401,0,-10,0],
"SW0SSG0R":[-10,-0.96,-10,-0.01095],
"WW0R0GSW":[-10,-0.010547,0.2916,-10],
"SS0WRG0W":[-10,0.000211689,0,0],
"0G0RSWSW":[2.52012,0,-10,-10],
"SR0WGWSW":[-10,0.343212,0,-10],
"SSSWSWRG":[-10,-10,-10,-0.2],
"0S0WSSGS":[0.12437,0,-10,0],
"SSSWSRSG":[-10,-10,-10,-10],
"GRWWSWSS":[2.98815,-10,-10,-10],
"0R0WSGSS":[0.374386,0,-10,-10],
"RW0WSGWW":[-0.0559236,0.321237,-10,-10],
"0WSWGR0W":[0.80346,-10,0,0],
"0GWWSSRG":[2.59063,-10,-10,0],
"WW0SSRSW":[-10,-1.04195,-10,-10],
"WW0SSG0W":[-10,-0.01,-10,1.22042],
"WWWWRWSW":[-10,-10,-0.195947,-10],
"0GSWSS0S":[1.80999,-10,-10,0],
"SS0SSS0W":[-10,-0.08973,-10,2.14111],
"SG0S0WWW":[-10,0.521617,0,-10],
"0SSSSSWW":[-2.33393,-10,-10,-10],
"WWRGSSSS":[-10,-0.2,-10,-10],
"0SSGSWWW":[-0.01,-10,-10,-10],
"SSSWSWSG":[-10,-10,-10,-10],
"WWWWSR0W":[-10,-10,-10,0.0111265],
"GW0GSS0S":[2.41838,0,-10,0],
"SSGWWW0G":[-10,2.82236,-10,0],
"0SSR0WSW":[-0.96,-10,0,-10],
"0WSGWWGW":[0.514679,-10,-10,0],
"0SWWWWSW":[-1.51801,-10,-10,-10],
"SSSRSSWW":[-10,-10,-10,-10],
"0W0SSS0G":[2.07477,0,-10,0],
"GSSW0WWW":[1.91297,-10,0,-10],
"GS0SSWSW":[0.82672,0,-10,-10],
"WWGR0WSW":[-10,1.92977,0,-10],
"RSSW0WWW":[-1.15,-10,0.558682,-10],
"0W0RSSSG":[0.312504,0,-10,-10],
"GW0WWWSW":[1.12325,0,-10,-10],
"0WSS0G0G":[-0.0131571,-10,1.4515,0],
"SS0GWWRW":[-10,-0.00646458,-10,-0.2],
"0W0SSR0G":[0.115926,0,-10,0],
"SRSSSWSS":[-10,-10,-10,-10],
"SW0GGW0R":[-10,-0.01,0,0],
"0W0WSG0S":[2.84462,0,-10,0],
"0WSWSGRS":[0.257857,-10,-10,0],
"SS0WGG0R":[-10,0.179299,0,0],
"SSSWGS0G":[-10,-10,1.07291,0],
"0WGWSSSG":[0.263638,0,-10,-10],
"SW0WWWGW":[-10,-0.01,-10,8.80719],
"SSSWWWSS":[-10,-10,-10,-10],
"SSSWSG0W":[-10,-10,-10,1.4997],
"SWSWRG0W":[-10,-10,0.393312,0],
"0SGWSS0S":[0.0177229,0,-10,0],
"GS0WWWSS":[2.09676,0,-10,-10],
"SS0GWWSW":[-10,4.41957,-10,-10],
"0GRWSW0S":[1.78988,0,-10,0],
"WWSSSG0R":[-10,-10,-10,0.0045654],
"SWGW0G0W":[-10,1.2063,0,0],
"SSWW0SSG":[-10,-10,-0.96,-10],
"0WRWWWSS":[1.53844,0,-10,-10],
"GR0WSW0S":[3.09264,0,-10,0],
"SWWW0WRG":[-10,-10,0.342019,0],
"0WWW0G0R":[-0.01,-10,-0.01,-0.01],
"0RSSGWWW":[-0.01,-10,3.12704,-10],
"0WSW0SGR":[0.251029,-10,0,0],
"GR0SSSWW":[2.12836,0,-10,-10],
"0RWWSSSS":[0.371197,-10,-10,-10],
"0S0GSSSS":[0.214761,0,-10,-10],
"SSSSSSSS":[-10,-10,-10,-10],
"GW0WSSGS":[1.20772,0,-10,0],
"0WWWRGSW":[0.110937,-10,0,-10],
"SSSW0WSS":[-10,-10,2.59002,-10],
"SWSSSG0S":[-10,-10,-10,-0.404635],
"SW0WGWRW":[-10,1.3605,0,0],
"SSRWWWWW":[-10,-0.0536991,-10,-10],
"SSGW0RSW":[-10,1.20854,0,-10],
"0GRGSWSS":[0.724049,0,-10,-10],
"0SSWWWWW":[-1.22631,-10,-10,-10],
"0WSWGW0W":[-0.0212751,-10,14.7112,-0.0212484],
"0RGG0WSS":[-0.01,4.92892,0,-10],
"SWSWWWRG":[-10,-10,-10,0.211304],
"0WRW0GSW":[0.173446,0,0,-10],
"GG0W0WSS":[7.46184,0,0,-10],
"SWSR0GWW":[-10,-10,1.39101,-10],
"0RSSSGWW":[0.0300447,-10,-10,-10],
"0RSS0GWW":[-0.019,-10,0.0420336,-10],
"SS0SSSSS":[-10,-0.96,-10,-10],
"SS0S0SSS":[-10,-0.01,0,-10],
"SSSS0SSS":[-10,-10,-0.019,-10],
"SWSSGS0S":[-10,-10,1.9,0],
"SSRSSSSS":[-10,-0.2,-10,-10],
"SS0S0GSS":[-10,-0.01,0.421462,-10],
"SGSW0W0S":[-10,-10,0.202086,0],
"WWSSSWWW":[-10,-10,-10,-10],
"WWSSSR0G":[-10,-10,-10,0.104427],
"0S0GSSRS":[-0.00839027,-0.00811421,-10,0],
"0GSSGS0W":[-0.01,-10,0,0],
"SW0RGWWW":[-10,-0.0054427,6.90375,-10],
"SSSS0SWW":[-10,-10,-0.874,-10],
"SW0SSW0G":[-10,-0.96,-10,0.0728893],
"SWSS0SWW":[-10,-10,-0.969,-10],
"SWWW0WGW":[-10,-10,0.536934,0],
"SSSSGW0G":[-10,-10,1.30205,0],
"WWSG0GWW":[-10,-10,0.105321,-10],
"SW0W0GSG":[-10,0.0964954,0,-10],
"WW0W0WSS":[-10,-0.105414,4.46991,-10],
"SSWWSS0S":[-10,-10,-10,-1.85186],
"0SWWSS0S":[-0.01995,-10,-10,-0.117849],
"0S0R0WSW":[-0.00768843,2.16693,0,-10],
"RWSWSGSW":[0.0423937,-10,-10,-10],
"GWWWWWSS":[1.03655,-10,-10,-10],
"SWSS0RWW":[-10,-10,-0.019,-10],
"GR0W0WSS":[4.51307,0,0,-10],
"SWSWWW0S":[-10,-10,-10,-0.673562],
"0SGWWWSW":[-0.00994286,9.88297,-10,-10],
"SGSGWW0W":[-10,-10,-10,0.282195],
"SG0W0RSS":[-10,0.187569,0,-10],
"SSWWGWSR":[-10,-10,2.18119,-10],
"SW0RWWWW":[-10,0.191621,-10,-10],
"SSGGWWWW":[-10,1.16728,-10,-10],
"SWSSWW0S":[-10,-10,-10,-0.96],
"SSSSSGWW":[-10,-10,-10,-10],
"SSSRWWSS":[-10,-10,-10,-10],
"SG0RWW0S":[-10,0.0465924,-10,0],
"GWSSGWWW":[5.6368,-10,0,-10],
"0G0WGWSW":[0,0,2.81296,-10],
"SGSW0R0W":[-10,-10,0.200327,0],
"0R0WSW0G":[-0.0199029,-0.0955611,-10,0.154849],
"SSGSWWSS":[-10,1.045,-10,-10],
"SR0GWWSG":[-10,-0.01,-10,-10],
"SSSWWWGS":[-10,-10,-10,4.78619],
"SS0S0WWW":[-10,-0.0123137,5.39305,-10],
"SWSS0WSR":[-10,-10,0.424561,-10],
"0WWWSSRW":[2.87111,-10,-10,0],
"SSGS0WWW":[-10,4.60814,0,-10],
"SSSSWWRW":[-10,-10,-10,-1.17628],
"RW0G0SSW":[0.113943,0,0,-10],
"0WRGSWSS":[0.608989,0,-10,-10],
"SS0GWWSS":[-10,3.24004,-10,-10],
"0WSSSW0S":[0.519595,-10,-10,0],
"0W0RSW0G":[-0.0139137,0,-10,0],
"SW0GGWSS":[-10,1.2694,0,-10],
"SW0SSSSS":[-10,-0.0176205,-10,-10],
"0SSSSWSW":[-1.186,-10,-10,-10],
"RWGW0WSG":[0,0,0,-10],
"0W0W0WSS":[0.847218,0.814292,3.44184,-10],
"0SGRGWSS":[-0.0105102,0,0,-10],
"SS0G0WGS":[-10,-0.01,0.186834,0],
"0WRWSSGW":[0.382074,0,-10,0],
"0R0WSWSS":[1.29729,0,-10,-10],
"SW0W0G0G":[-10,-0.0134011,8.32743,0],
"0R0SSSWW":[-0.01,0.388514,-10,-10],
"SR0W0GSW":[-10,1.126,0,-10],
"0RGW0GSS":[-0.0028889,5.30932,0,-10],
"SS0GRWSW":[-10,2.36794,0,-10],
"WWRW0GSS":[-10,-0.173013,-0.00469555,-10],
"0G0RSWSS":[0.32651,0,-10,-10],
"RWSSGWWW":[-0.200915,-10,3.10502,-10],
"0SWWSSRS":[-0.011805,-10,-10,0],
"0SGS0GSW":[-0.01,0,0,-10],
"0W0SSWRW":[0.374494,0,-10,0],
"SSSG0G0W":[-10,-10,1.80137,0],
"0WGRGWSW":[0.0561235,0,0,-10],
"SG0WWWSS":[-10,1.96935,-10,-10],
"WW0SSRSG":[-10,-0.96,-10,-10],
"SW0S0GRG":[-10,0.0286338,0,0],
"SW0WWWSR":[-10,-0.024938,-10,-10],
"WWSWSS0G":[-10,-10,-10,0.0381913],
"GW0WSWSR":[1.44955,0,-10,-10],
"SSSSSW0S":[-10,-10,-10,-0.969],
"SW0SWWSS":[-10,-1.8354,-10,-10],
"SWRSGW0W":[-10,0.170647,0,0],
"0GWW0GSS":[0.0240918,-10,-0.0271,-10],
"0W0WSRGW":[0.508134,0,-10,0],
"0G0GSS0S":[5.22685,0,-10,0],
"RW0GSWSW":[0.0762757,0,-10,-10],
"0WSWWWRW":[1.40377,-10,-10,0],
"0G0WSRWW":[4.90466,0,-10,-10],
"0WSGWWRW":[0.71505,-10,-10,0],
"GW0WSSGW":[0.999128,0,-10,12.8639],
"SS0SWW0G":[-10,-0.96,-10,0.661812],
"RW0SSWWW":[-0.187254,0.864522,-10,-10],
"SSWWWW0G":[-10,-10,-10,0.751093],
"SSSWSW0G":[-10,-10,-10,0.0725326],
"SRWW0W0G":[-10,-10,-0.0127048,0.358665],
"GWSW0GWW":[1.00229,-10,0,-10],
"SWRS0WWW":[-10,0.660711,0,-10],
"RWSW0SWW":[0.0395124,-10,-0.96,-10],
"GWWW0WSG":[1.07689,-10,0,-10],
"SWSSSR0S":[-10,-10,-10,-0.0125745],
"0WRGSW0W":[0.435157,0,-10,0],
"0W0GSGWW":[-0.0230229,0.426487,-10,-10],
"0SSWSW0W":[-0.01,-10,-10,2.65462],
"SR0WGW0W":[-10,2.11672,0,0],
"WWSW0GGW":[-10,-10,0.54786,0],
"WWSWSSSS":[-10,-10,-10,-10],
"0WSWWWGG":[0.989619,-10,-10,0],
"0SSS0WRW":[8.34219e-05,-10,0,0],
"SW0W0SSG":[-10,-0.00919291,0.0148648,-10],
"WWSW0SRG":[-10,-10,0.0391081,0],
"WWRWSS0S":[-10,-0.202399,-10,-0.01],
"0GSGSWWW":[1.01306,-10,-10,-10],
"RGSW0WWW":[-0.2,-10,0.0236851,-10],
"GSSSSS0W":[7.03818,-10,-10,0],
"WW0GRWSW":[-10,1.31881,0,-10],
"SWSWSSSG":[-10,-10,-10,-10],
"WWSS0S0R":[-10,-10,-0.0271,-0.00440273],
"GWRSSS0W":[2.36374,0,-10,0],
"SSSSSSWW":[-10,-10,-10,-10],
"0R0GGWSW":[-0.00540579,1.15061,0,-10],
"SW0SWWWW":[-10,-2.07879,-10,-10],
"0GSSSG0W":[1.76905,-10,-10,0],
"SWSRSSWW":[-10,-10,-10,-10],
"0G0WSSWW":[10.4857,-0.0203051,-10,-10],
"0SGS0WSS":[-0.96,10.0127,0,-10],
"0G0SSGWW":[2.21821,0,-10,-10],
"0WRSSSWW":[0.0144193,0,-10,-10],
"SW0W0SSS":[-10,2.00168,0,-10],
"SSSW0S0S":[-10,-10,-0.96,-0.127781],
"0WSWGWGW":[-0.00190949,-10,3.00952,0],
"GSSWSSWW":[1.7638,-10,-10,-10],
"SSSW0S0R":[-10,-10,0.14491,0],
"SS0S0S0S":[-10,0.00290577,0,0],
"SSSWSS0R":[-10,-10,-10,-0.0165532],
"SS0S0S0G":[-10,-0.01,0,0],
"SR0WSWSW":[-10,0.193289,-10,-10],
"SW0S0WSG":[-10,-0.01,0.25814,-10],
"GW0SSSRW":[1.27267,0,-10,0],
"SG0W0RSW":[-10,0.247258,0,-10],
"WWSSSWGW":[-10,-10,-10,2.1537],
"SWSWGW0G":[-10,-10,2.67283,0],
"WWWWSWSS":[-10,-10,-10,-10],
"0WSWSSSG":[1.00757,-10,-10,-10],
"SW0WWWRG":[-10,0.22461,-10,0],
"0S0SGWSW":[-0.01,0,0,-10],
"WWSSSSSW":[-10,-10,-10,-10],
"WW0S0SSW":[-10,-0.0597944,-0.0700046,-10],
"SS0WSSSW":[-10,1.01838,-10,-10],
"0W0WSSGS":[0.486221,0,-10,0],
"SS0S0WSS":[-10,-0.01,2.78084,-10],
"0SGSSSSW":[-0.96,0,-10,-10],
"GW0WSS0G":[13.2391,-0.010921,-10,0],
"WWSSSSGW":[-10,-10,-10,2.37101],
"WWSWSG0G":[-10,-10,-10,-0.01],
"WWSSRW0W":[-10,-10,-0.200521,0.775052],
"0SSWSWSR":[0.0685793,-10,-10,-10],
"SW0SGW0G":[-10,-0.01,2.67889,0],
"SW0WRGWW":[-10,0.273477,0,-10],
"0SSSWWSS":[-4.69459,-10,-10,-10],
"0G0WSSSW":[7.69488,0,-10,-10],
"0G0WWWSR":[3.31464,0,-10,-10],
"SWSWSG0R":[-10,-10,-10,0.0331727],
"SW0WWWRS":[-10,0.637159,-10,-0.148083],
"WWSSSSSS":[-10,-10,-10,-10],
"SWSG0S0W":[-10,-10,0.332021,0],
"0W0GRSSW":[0.625776,0,0,-10],
"SW0GRGSW":[-10,0.696289,0,-10],
"SW0WGGSS":[-10,0.458978,0,-10],
"SS0WSWSG":[-10,-0.369249,-10,-10],
"SG0WGWSS":[-10,1.11661,0,-10],
"SWSSSG0W":[-10,-10,-10,1.20242],
"RWWWWWSW":[-0.171486,-10,-10,-10],
"0WGWSWRS":[0.760589,0,-10,0],
"SSSSSWGW":[-10,-10,-10,1.35846],
"0W0G0SSS":[3.79223,0,0,-10],
"0SSWGG0W":[-0.01,-10,1.96169,0],
"0WSG0SSW":[0.832816,-10,0,-10],
"WW0SSWWW":[-10,-2.10269,-10,-10],
"SSRGWWSS":[-10,0.0973216,-10,-10],
"SSSSWWSS":[-10,-10,-10,-10],
"SWWW0WRS":[-10,-10,0.678262,0],
"SS0W0GRW":[-10,2.49065,0,0],
"SS0W0RWW":[-10,3.02372,0,-10],
"SW0WGGWW":[-10,1.33408,0,-10],
"SSWWSSSS":[-10,-10,-10,-10],
"WWRWSG0W":[-10,-0.195846,-10,0],
"WWWWSSRW":[-10,-10,-10,-0.265756],
"0WSSSGRS":[-0.01,-10,-10,0],
"RSSSWW0G":[-0.2,-10,-10,0],
"0WRWSWSS":[1.48436,0,-10,-10],
"0G0WRGSS":[0.0671456,0,0,-10],
"SSSW0WGR":[-10,-10,0.127182,0],
"0S0WRGSW":[-0.00397605,0,0,-10],
"SSSSSGSS":[-10,-10,-10,-10],
"GW0WSWRW":[4.99471,0,-10,0],
"SWRW0GSW":[-10,-0.0683222,0.615173,-10],
"0R0S0SSW":[-0.0115719,0,0,-10],
"RWWWSSSS":[0.0644921,-10,-10,-10],
"0S0S0WSR":[-0.01,0.521488,0,-10],
"0WSSSWSR":[-0.01,-10,-10,-10],
"SWSW0S0S":[-10,-10,-0.436295,-0.0442181],
"0GRWSS0G":[1.90948,0,-10,0],
"0WSSSW0W":[3.25539,-10,-10,-0.0349426],
"SW0S0GSW":[-10,-0.01,1.19716,-10],
"SG0WWWSW":[-10,0.419468,-10,-10],
"SSRS0SSW":[-10,-0.2,0,-10],
"SWSWWW0R":[-10,-10,-10,0.0119938],
"SW0SGWRW":[-10,0.211495,0,0],
"SSRW0WSS":[-10,1.31596,0,-10],
"0SSS0W0R":[-0.01,-10,0.444127,0],
"SW0WRWSW":[-10,2.30825,0,-10],
"0S0WSRSW":[0.0156906,0,-10,-10],
"0WRWSGSS":[0.124834,0,-10,-10],
"0S0WRWSW":[-0.01,0.88949,0,-10],
"0WSW0RGG":[0.0668551,-10,0,0],
"WWRG0SSW":[-10,-0.132619,0,-10],
"0W0SSW0R":[1.81458,0,-10,0],
"0GSW0WWW":[3.80189,-10,-0.0492071,-10],
"0GSSGRWW":[0.0195183,-10,0,-10],
"RS0G0WSS":[-0.0532993,4.86731,0,-10],
"SW0S0R0W":[-10,0.496322,0,0],
"0WGSSWSW":[0.333108,0,-10,-10],
"GR0WSS0S":[4.97883,0,-10,0],
"SSSS0S0W":[-10,-10,0.367649,0],
"0W0RSGWW":[-0.00360945,0.186426,-10,-10],
"0G0G0SSW":[2.58657,0,0,-10],
"WWSSSGSW":[-10,-10,-10,-10],
"0WWWSSGG":[0.482143,-10,-10,0],
"0SGR0WSS":[-0.00305281,3.23778,0,-10],
"WWSSSWSG":[-10,-10,-10,-10],
"SWSWGS0W":[-10,-10,5.57651,0],
"SSWW0SSS":[-10,-10,-1.08718,-10],
"SSSWSWSW":[-10,-10,-10,-10],
"0G0GSS0R":[3.53987,0,-10,0],
"0SSSSWGW":[-0.01,-10,-10,0],
"GWGWSS0R":[1.16101,0,-10,0],
"SSGRWW0W":[-10,1.03356,-10,0],
"SSSSSS0S":[-10,-10,-10,-0.1028],
"SS0SRWWW":[-10,-0.006552,0.0121121,-10],
"0G0WSS0R":[12.2366,0.0719479,-10,0.0191855],
"0S0WSWRS":[-0.01,0.143328,-10,0],
"SW0WSRSS":[-10,0.270814,-10,-10],
"SSWWSSSW":[-10,-10,-10,-10],
"0S0W0RSS":[-0.01,1.5606,0,-10],
"0SSW0WRW":[0.313588,-10,0,0],
"0W0RSWWW":[-0.0110642,2.67824,-10,-10],
"WWSWSG0R":[-10,-10,-10,-0.01],
"0GSS0RWW":[1.15045,-10,0,-10],
"0GSW0SWW":[4.03882,-10,0,-10],
"GS0G0WSW":[2.1237,0,0,-10],
"0RSS0WWW":[2.32559,-10,-0.0317535,-10],
"0SSW0WSW":[-0.96,-10,3.02159,-10],
"WWGGSS0W":[-10,1.41839,-10,0],
"0GGWSS0R":[3.46188,0,-10,0],
"0WSSGR0W":[1.48445,-10,0,0],
"SS0SRG0W":[-10,-0.01,0.966053,0],
"WWWWSSRS":[-10,-10,-10,-1.69974],
"0RSWSSWW":[1.09,-10,-10,-10],
"SRWW0WSS":[-10,-10,-1.824,-10],
"WWRG0WSW":[-10,0.533929,0,-10],
"0GSWGW0W":[-0.01,-10,4.5158,0],
"0GRWSWGW":[0.89469,0,-10,0],
"SS0WWWRG":[-10,0.0342946,-10,-0.2],
"SSWWSWSS":[-10,-10,-10,-10],
"WW0RSWWW":[-10,-0.00867613,-10,-10],
"GSSW0G0W":[4.29264,-10,0,0],
"0S0GSWSR":[0.0154429,0,-10,-10],
"SRWW0WGW":[-10,-10,0.240203,0],
"0RWWSGSS":[-0.01095,-10,-10,-10],
"0S0RSSSW":[-0.01,-0.01,-10,-10],
"GS0WSWSW":[1,0,-10,-10],
"WW0WSRGW":[-10,-0.01,-10,0],
"0WSW0S0G":[-0.0160947,-10,2.2476,-0.0166287],
"0SSSWWWW":[-3.55642,-10,-10,-10],
"GW0WSSSS":[5.25962,0,-10,-10],
"WW0SSW0W":[-10,-0.96,-10,2.3909],
"WWGW0SSS":[-10,7.28187,0,-10],
"SSWW0SSR":[-10,-10,-0.1012,-10],
"WW0G0SSS":[-10,-0.01,1.68292,-10],
"SSSG0SSW":[-10,-10,-0.0164624,-10],
"0W0RSG0S":[0.153174,0,-10,0],
"SSSWRSSW":[-10,-10,-0.2,-10],
"GWSS0RWW":[5.54288,-10,0,-10],
"SWSW0GSS":[-10,-10,0.434409,-10],
"SWSS0G0S":[-10,-10,-0.01,0.0204163],
"0R0WGWSS":[-0.01,-0.0214849,9.90336,-10],
"SWRW0W0G":[-10,-0.203403,2.70403,0],
"0WRWWWSG":[0.399772,0,-10,-10],
"SS0RWWGS":[-10,-0.01,-10,0],
"0WGWSSSS":[1.35377,0,-10,-10],
"SWRS0G0W":[-10,-0.179299,3.30507,0],
"SS0RWWSW":[-10,0.431754,-10,-10],
"SS0WGGSS":[-10,0.190093,0,-10],
"GR0SSWWW":[1.0161,0,-10,-10],
"0S0RSGSW":[-0.96,0.289833,-10,-10],
"GW0WSW0R":[11.4627,0,-10,0],
"0S0G0GSW":[-0.01,1.59149,0,-10],
"SSRS0WSW":[-10,-0.100699,0.251701,-10],
"0WGWSS0R":[1.3988,0,-10,0],
"GRSSSW0W":[2.00091,-10,-10,0],
"GGRWSWWW":[3.36793,0,-10,-10],
"SS0GWWSR":[-10,0.168671,-10,-10],
"RGSSWWWW":[0.148337,-10,-10,-10],
"SS0GWW0R":[-10,-0.00760385,-10,-0.01],
"0RSSSG0W":[-0.00485479,-10,-10,0.105242],
"SGWWWWSW":[-10,-10,-10,-10],
"GW0GSWSS":[0.759466,0,-10,-10],
"SS0GWW0S":[-10,0.828227,-10,0],
"SW0G0RSS":[-10,4.81904,0,-10],
"0W0GSS0S":[1.96075,0,-10,0],
"0SSW0RSW":[-0.01,-10,-0.01,-10],
"SSGS0W0W":[-10,9.40959,0,0],
"WWWW0SSW":[-10,-10,-1.58597,-10],
"0RSWSW0S":[-0.01,-10,-10,0.115181],
"0GSWSGWW":[1.01983,-10,-10,-10],
"SWSWRSSS":[-10,-10,-0.2,-10],
"0GSW0GWW":[-0.01,-10,-0.01,-10],
"0WSSGGWW":[-0.491013,-10,4.55485,-10],
"SS0WSWRS":[-10,-0.01,-10,0],
"0G0SSR0W":[4.40109,0,-10,0],
"0G0WSSSR":[2.5519,0,-10,-10],
"WWWWRSSS":[-10,-10,-0.0970228,-10],
"SWSW0GGW":[-10,-10,1.11403,0],
"SW0GRWSW":[-10,3.15484,0,-10],
"GW0W0RSS":[1.02553,0,0,-10],
"SW0GRWSS":[-10,0.951382,0,-10],
"RS0G0WSW":[-0.0907364,4.26963,0,-10],
"0WGGRWSS":[0.139276,0,0,-10],
"RS0WGWSW":[-0.2,0,0,-10],
"0WSW0G0R":[-0.011591,-10,-0.01,0.147222],
"WWSWSW0G":[-10,-10,-10,0.144003],
"SSSSSWSS":[-10,-10,-10,-10],
"WWSSGR0W":[-10,-10,1.9,0],
"0SSS0WGS":[-0.96,-10,0.15335,0],
"0W0WRWSW":[1.17324,-0.0222063,-0.214019,-10],
"WW0W0RSS":[-10,3.105,-0.0207757,-10],
"SW0WSSSS":[-10,1.77099,-10,-10],
"0SSWSS0S":[-0.01,-10,-10,-0.01],
"SS0SWWSW":[-10,-0.01,-10,-10],
"SS0W0GSR":[-10,0.790578,0,-10],
"SSWWSSSG":[-10,-10,-10,-10],
"GW0WSGWW":[4.14043,0,-10,-10],
"SSWW0SSW":[-10,-10,-0.719295,-10],
"SWWW0SSW":[-10,-10,0.15883,-10],
"SS0RGWGW":[-10,0.00840696,0,0],
"SWGS0GSS":[-10,1.02706,0,-10],
"GG0WSS0R":[3.76819,0,-10,0],
"GWWW0RSS":[1.03319,-10,0,-10],
"0S0WSGSS":[0.130851,0,-10,-10],
"RWGW0GSW":[0.039491,0,0,-10],
"0S0R0GSW":[-0.01,-0.01,0.897032,-10],
"GWSWSRWW":[0.90836,-10,-10,-10],
"SSGWWW0S":[-10,1.165,-10,0],
"0SRWWWSW":[0.307952,0,-10,-10],
"0GSWRWWW":[0.0487179,-10,-0.2,-10],
"SG0SGWWW":[-10,0.175357,0,-10],
"SSWW0GSG":[-10,-10,0.0411753,-10],
"SSSW0W0W":[-10,-10,-0.0514581,4.22171],
"0WSW0SSG":[0.198234,-10,0,-10],
"SG0G0WSW":[-10,1.18377,0,-10],
"GGSWSW0W":[1.44232,-10,-10,0],
"SWGW0RSS":[-10,1.14665,0,-10],
"SS0WSSSG":[-10,0.00833165,-10,-10],
"SS0WRGWW":[-10,0.187711,0,-10],
"0RSWSW0W":[1.64627,-10,-10,0],
"0R0GSSWW":[0.63881,0,-10,-10],
"SS0WGRSW":[-10,-0.00842038,1.04728,-10],
"0SGWRWSS":[0.0040617,0,0,-10],
"WWWW0GSR":[-10,-10,-0.01095,-10],
"SW0SGWSW":[-10,0.0461719,0,-10],
"SRSW0WSS":[-10,-10,0.149724,-10],
"SWGGWW0S":[-10,6.46465,-10,0],
"WWSSRWWW":[-10,-10,-0.139386,-10],
"GWWWSSRW":[3.39721,-10,-10,0],
"0W0GSW0R":[-0.0117031,0.512679,-10,0],
"0GSSGWWW":[-0.01,-10,6.0149,-10],
"0SGWGRSW":[0.0170044,0,0,-10],
"GGRSSSWW":[1.40439,0,-10,-10],
"GWWWSWSS":[8.69407,-10,-10,-10],
"0G0WSW0R":[11.2444,0,-10,0],
"SWSWWWGW":[-10,-10,-10,6.14595],
"0SSSRW0W":[-0.01,-10,-0.0154344,1.82951],
"0GGW0RSS":[-0.01,2.35691,0,-10],
"WWSS0SWW":[-10,-10,-1.1133,-10],
"0WRWSS0W":[3.83642,-0.0195,-10,-0.0169944],
"SW0WSGSW":[-10,1.44592,-10,-10],
"WWGW0GSW":[-10,3.09662,0,-10],
"SSSS0W0G":[-10,-10,2.5444,0],
"0RGGWWSS":[0.0314163,0,-10,-10],
"SWSSWWRW":[-10,-10,-10,0.71392],
"SGSSWW0R":[-10,-10,-10,-0.01],
"SWSSWWGR":[-10,-10,-10,0.997425],
"SR0WWW0W":[-10,3.43578,-10,-0.559734],
"SSGGRWSW":[-10,1.43407,0,-10],
"0R0G0WSS":[-0.00877777,10.0087,0,-10],
"SSWW0WSR":[-10,-10,1.62333,-10],
"SSGWGWSW":[-10,1.09334,0,-10],
"SSSS0W0W":[-10,-10,4.10576,-0.0242981],
"GWGW0WSS":[6.30504,0,0,-10],
"GSSW0R0W":[2.67506,-10,0,0],
"GW0RSWWW":[8.39213,0,-10,-10],
"0WWWSS0G":[3.74312,-10,-10,-0.0527019],
"SSGWSW0S":[-10,1.22034,-10,0],
"SGSSWWWW":[-10,-10,-10,-10],
"0S0WWWSW":[-0.01,2.77746,-10,-10],
"SWSSGWSW":[-10,-10,2.25177,-10],
"SWWWWW0W":[-10,-10,-10,0.494044],
"RSSSWWGG":[-0.20095,-10,-10,0],
"0SWW0WSG":[-0.96,-10,0.0208937,-10],
"0W0WSSRG":[-0.0340164,0.967068,-10,0],
"SSRW0WWW":[-10,-0.00263294,1.397,-10],
"SGSSRSSS":[-10,-10,-1.15,-10],
"WWSS0SRW":[-10,-10,-0.01,0.471776],
"0S0SSR0W":[0.00129641,0,-10,0],
"SWSGGW0R":[-10,-10,2.44319,0],
"0WSWSWWW":[0.590236,-10,-10,-10],
"SRSSWWGW":[-10,-10,-10,3.38359],
"SS0S0WRS":[-10,-0.01,0,0],
"SS0WRW0G":[-10,-0.01,0,0],
"SS0WSGSW":[-10,0.633893,-10,-10],
"0SRW0GSW":[-0.01,0,0,-10],
"0RGWWWSS":[-0.0157015,6.54851,-10,-10],
"WWGWSWSW":[-10,1.92309,-10,-10],
"0WSSSS0S":[-0.216432,-10,-10,0],
"RWSSSWSS":[-0.0699997,-10,-10,-10],
"0S0R0WSS":[-0.00905794,-0.01,3.9117,-10],
"SG0W0W0S":[-10,1.06057,0,0],
"SW0SSG0S":[-10,0.100586,-10,0],
"SWSG0G0W":[-10,-10,2.4837,0],
"0WSWSS0R":[1.32526,-10,-10,0],
"0WGGWWSS":[2.42957,0,-10,-10],
"RW0WWWSW":[-0.0585645,1.41158,-10,-10],
"SS0WGGWW":[-10,1.35768,0,-10],
"0WSG0GWW":[0.00300201,-10,0,-10],
"GW0GSS0W":[13.5347,0,-10,0],
"GWSWSSGW":[1.29244,-10,-10,0],
"SG0WGWWW":[-10,0.0778766,0,-10],
"0R0WSSSW":[-0.0116588,1.4293,-10,-10],
"WWSWSS0S":[-10,-10,-10,-4.4982],
"SSWWRW0S":[-10,-10,0.045,0],
"SSGW0WGS":[-10,2.00963,0,0],
"0W0G0GSR":[0.0605325,0,0,-10],
"0R0WSS0W":[-0.0496131,-0.0353599,-10,5.28943],
"SR0G0WWW":[-10,2.74513,0,-10],
"GG0WSWSS":[3.6012,0,-10,-10],
"0SGW0WSS":[-0.01,13.4256,0,-10],
"0WRGSSSW":[0.657976,0,-10,-10],
"SWGW0W0G":[-10,2.81888,0,0],
"0RSS0WGW":[0.054731,-10,0,0],
"WWRW0SSW":[-10,-0.15037,0.0712059,-10],
"SSWWSGSS":[-10,-10,-10,-10],
"WWSS0SRG":[-10,-10,-0.00861058,0],
"GRWWSS0S":[1.04497,-10,-10,0],
"0W0GSSSR":[0.248505,0,-10,-10],
"GSSWSW0W":[1.88056,-10,-10,0],
"0W0WGGSS":[2.48633,0,0,-10],
"GSSWWWRG":[0.05,-10,-10,0],
"WWSSSSWW":[-10,-10,-10,-10],
"SWGRWW0W":[-10,1.90428,-10,0],
"0W0WSR0S":[0.986332,0,-10,0],
"WW0RSWSW":[-10,-0.019,-10,-10],
"SG0W0R0W":[-10,-0.0212063,0,0],
"RW0W0SSS":[-0.136825,0.27892,0,-10],
"GGSSWWWW":[2.72159,-10,-10,-10],
"0GGWSW0W":[4.76929,0,-10,0],
"0GSSSWSW":[1.53187,-10,-10,-10],
"SWSS0SSS":[-10,-10,0.0924399,-10],
"SG0RWWSS":[-10,0.155066,-10,-10],
"0SSS0WGG":[-0.010826,-10,0,0],
"0WGWGWSW":[-0.0124055,3.28808,0,-10],
"WWSW0SSW":[-10,-10,-0.01,-10],
"SWSR0S0W":[-10,-10,-0.01,1.11533],
"0W0GSWSS":[2.95154,0,-10,-10],
"SSWW0R0G":[-10,-10,-0.0120759,0.576602],
"GG0RSWWW":[3.30473,0,-10,-10],
"RW0WSSSS":[0.119053,0,-10,-10],
"GR0WSWSS":[4.13062,0,-10,-10],
"SW0S0SSW":[-10,-0.96,-0.530618,-10],
"0WWWGGSS":[-0.951995,-10,0,-10],
"GW0GWWSW":[2.0008,0,-10,-10],
"SG0RWWSW":[-10,-0.0189749,-10,-10],
"WW0WSGSS":[-10,-0.798452,-10,-10],
"SWWW0WSW":[-10,-10,2.06234,-10],
"0G0WSRSW":[1.60953,0,-10,-10],
"WW0GSG0W":[-10,0.12122,-10,0],
"RWWW0GSS":[-1.15,-10,0.0492085,-10],
"WW0RSS0G":[-10,-0.01,-10,0],
"RGSS0G0W":[-0.2,-10,0,0],
"SWSS0WGS":[-10,-10,0.532339,0],
"WW0GGRSW":[-10,0.121124,0,-10],
"SWSW0WGS":[-10,-10,0.189024,0],
"SSWWSWSW":[-10,-10,-10,-10],
"0WSRSW0W":[1.58958,-10,-10,0],
"0G0RSSSW":[1.1688,0,-10,-10],
"SSSSGWRS":[-10,-10,1,0],
"SS0SGW0W":[-10,-0.01,5.81294,0],
"0S0SSR0S":[-0.01,0,-10,0],
"0W0SSG0G":[0.241098,0,-10,0],
"0W0WSWRS":[2.18944,0,-10,0],
"SR0S0GWW":[-10,0.852458,0,-10],
"SS0WRWSS":[-10,0.347454,0,-10],
"0GWW0WSS":[6.41121,-10,-0.0312124,-10],
"0WWWRWSW":[-0.0326245,-10,0,-10],
"0SRG0WSS":[0.0469341,0,0,-10],
"SW0WRSSW":[-10,0.672639,0,-10],
"RGSSGW0W":[-0.2,-10,0,0],
"SSWW0GSS":[-10,-10,1.429,-10],
"RW0SSW0W":[-0.0598576,-0.786836,-10,0.877458],
"0WGSSWSS":[0.149774,0,-10,-10],
"0R0WSS0G":[-0.0190718,-0.0120539,-10,2.97276],
"0WWWSSGS":[0.435394,-10,-10,0],
"RW0W0W0W":[-1,0,0,0],
"GS0SSW0G":[3.1064,0,-10,0],
"SSWWGW0S":[-10,-10,6.59976,0],
"SW0S0GGW":[-10,-0.01,2.6841,0],
"WW0G0WSW":[-10,7.65262,-0.0217302,-10],
"SW0WSS0S":[-10,2.07424,-10,0],
"0S0GGWSS":[-0.01,-0.01,7.24683,-10],
"0S0WSS0S":[1.57103,0,-10,0],
"0R0GSS0W":[1.77971,0,-10,0],
"0W0WSWSR":[-0.00394219,2.35127,-10,-10],
"SSSRWWGW":[-10,-10,-10,1.05236],
"0S0W0GSS":[-0.01,3.58519,0,-10],
"GWSSSSWW":[6.51196,-10,-10,-10],
"0SSSWWRW":[-0.01,-10,-10,0.101956],
"SS0G0GSW":[-10,4.0321,0,-10],
"SSRW0G0W":[-10,-0.0676442,5.8615,0],
"0WSSSR0W":[0.525658,-10,-10,0],
"SG0G0W0W":[-10,0.0845039,0,0],
"SSSS0W0S":[-10,-10,0.403576,-0.01],
"0SSW0G0S":[-0.01,-10,0.0115585,0],
"0SSRSG0W":[-0.01,-10,-10,0],
"SW0W0WGR":[-10,-0.0124851,1.42925,0],
"GSSS0R0W":[2.78788,-10,0,0],
"0WGWSS0S":[2.28431,0,-10,0],
"0G0WSWGW":[9.97759,0,-10,0],
"SSSWRGWW":[-10,-10,0.110963,-10],
"SS0WRWWW":[-10,1.11177,0,-10],
"0SSWSRSW":[-0.96,-10,-10,-10],
"SSSSSR0W":[-10,-10,-10,0.129847],
"0WRW0SSW":[0.934337,0,0,-10],
"WWSG0R0W":[-10,-10,-0.01,0],
"WWSSGS0W":[-10,-10,4.14538,0],
"WWSSSR0W":[-10,-10,-10,1.67787],
"GW0SSWGW":[4.09912,0,-10,0],
"0SSWGWWW":[-0.01,-10,5.37145,-10],
"SSGR0W0W":[-10,7.06031,0,0],
"GG0SSS0W":[10.1541,0,-10,0],
"WW0SSWSS":[-10,-4.42178,-10,-10],
"GW0SSW0R":[2.31168,0,-10,0],
"GW0SSW0G":[7.9169,0,-10,0],
"0W0WSWGS":[0.243119,0,-10,0],
"WWGR0WSS":[-10,2.07941,0,-10],
"RWWWSW0W":[-0.0384398,-10,-10,0.511706],
"0S0WGWSW":[-0.00276318,0.93849,0,-10],
"0SGW0RSS":[-0.01,2.47249,0,-10],
"SS0S0R0W":[-10,-0.01,-0.00903129,2.04062],
"0S0SSS0W":[-0.01,-0.01,-10,4.63353],
"SS0G0RSW":[-10,2.07876,0,-10],
"0GWWSR0W":[1.01686,-10,-10,0],
"0GWWRWSS":[-0.01,-10,-0.172838,-10],
"WWSR0SWW":[-10,-10,-1.824,-10],
"WW0WSRSW":[-10,0.586799,-10,-10],
"0WSWSG0R":[1.32463,-10,-10,0],
"SS0W0GSG":[-10,-0.01,1.61745,-10],
"SSGWSS0S":[-10,1.33423,-10,0],
"SSRS0WWW":[-10,-0.2,0.377085,-10],
"SWWWRW0G":[-10,-10,-0.0874255,0.0410291],
"0W0G0RSS":[0.0160132,10.209,-0.0130757,-10],
"WWRWSGSS":[-10,-0.0400888,-10,-10],
"0G0SSS0G":[7.38248,0,-10,0],
"0R0SSS0G":[-0.01,0,-10,0],
"SW0S0G0G":[-10,-0.01,7.0575,0],
"SWRG0WSW":[-10,0.669873,0,-10],
"0WWWSS0R":[3.39745,-10,-10,-0.0467008],
"GWWWSR0S":[1.03835,-10,-10,0],
"0W0WSGRS":[0.291736,0,-10,0],
"0GWWRGSS":[-0.01,-10,0,-10],
"SSSWSS0S":[-10,-10,-10,-0.806388],
"0W0RSS0S":[2.13533,0,-10,0],
"SSWW0GGS":[-10,-10,0.288111,0],
"WWWWSR0S":[-10,-10,-10,-1.97225],
"SR0WWW0G":[-10,-0.0123713,-10,-0.01095],
"SGSS0RSW":[-10,-10,-0.00213061,-10],
"SGWWWW0W":[-10,-10,-10,0.102042],
"WW0WGWSS":[-10,1.10716,0,-10],
"SWGGWW0W":[-10,2.013,-10,0],
"0GSSSSWW":[5.32688,-10,-10,-10],
"SWSSGS0W":[-10,-10,1.94828,0],
"SSSWGWWW":[-10,-10,11.5324,-10],
"RW0GSSSW":[0,0,-10,-10],
"GS0SSW0R":[1,0,-10,0],
"WW0RSSSW":[-10,0.440277,-10,-10],
"WWSSSW0R":[-10,-10,-10,-0.00395076],
"SRSSWWSS":[-10,-10,-10,-10],
"SWRGWW0W":[-10,-0.113299,-10,0.10524],
"0WSWGRGW":[0.137055,-10,0,0],
"WWWWSSRG":[-10,-10,-10,-0.0668082],
"SS0WGWWW":[-10,-0.00967677,13.8037,-10],
"WWWWSW0G":[-10,-10,-10,0.0651459],
"SWRS0GWW":[-10,-0.106612,1.0994,-10],
"0SGW0WSW":[-0.00922099,13.5883,0.0476056,-10],
"SW0SSS0W":[-10,-0.01,-10,2.6136],
"0SGSSS0W":[0.289013,0,-10,0],
"0S0SSG0W":[-0.01,-0.102597,-10,1.35585],
"WW0WGWSR":[-10,-0.0119119,0,-10],
"SSSRSWSG":[-10,-10,-10,-10],
"SWSWRW0G":[-10,-10,-0.0483787,0.0677483],
"0WGWSWSS":[0.971429,0,-10,-10],
"WW0GGWSS":[-10,-0.01,0,-10],
"SS0RSW0S":[-10,0.0330706,-10,-0.96],
"SSWW0R0S":[-10,-10,-0.01,0.07203],
"GW0SSS0W":[12.5224,0,-10,0],
"SWWW0R0S":[-10,-10,-0.02805,0.132896],
"0S0RSWSG":[0.0804942,0,-10,-10],
"SWSWWWSS":[-10,-10,-10,-10],
"GWSW0G0W":[5.59301,-10,0,0],
"SSSW0WSR":[-10,-10,0.735299,-10],
"0SSRSW0W":[0.351878,-10,-10,0],
"0S0WWWSR":[-0.01,1.08863,-10,-10],
"SGWWWW0S":[-10,-10,-10,-2.60581],
"SG0WWW0S":[-10,0.953967,-10,0],
"WWSWRS0G":[-10,-10,-0.0467535,-0.01],
"0SSGSSWW":[-0.96,-10,-10,-10],
"0WSS0RGW":[0,-10,-0.01,0],
"0WSWSWRW":[1.57894,-10,-10,-0.0634319],
"SS0GGWSW":[-10,1.75941,0,-10],
"SW0R0SSW":[-10,0.00211535,0,-10],
"0R0GGWSS":[-0.01,4.34077,0,-10],
"SGSSSWSS":[-10,-10,-10,-10],
"SS0SSGWW":[-10,-0.96,-10,-10],
"WW0GSSGW":[-10,-0.01,-10,1.9103],
"SRWWWW0W":[-10,-10,-10,0.0866074],
"0G0SSSSW":[1.75766,0,-10,-10],
"0S0SRWSS":[-0.0197075,-0.01,0,-10],
"0W0SSG0W":[3.11975,0,-10,0],
"GWSW0WRW":[1.15564,-10,0,0],
"SWSSSRSW":[-10,-10,-10,-10],
"SSGGWWSW":[-10,3.19041,-10,-10],
"WWSWSR0S":[-10,-10,-10,-0.912611],
"SWSW0R0S":[-10,-10,-0.00699437,0.0766463],
"GS0WSW0S":[1.00284,0,-10,0],
"SW0R0GSW":[-10,0.0340115,0,-10],
"WWSWSWSS":[-10,-10,-10,-10],
"SWSWSS0G":[-10,-10,-10,0.0179443],
"SWWW0S0S":[-10,-10,0.859547,-0.290888],
"GW0WSWSS":[13.4222,0,-10,-10],
"0S0WSSSS":[-0.01,3.8671,-10,-10],
"RGWW0WSS":[0.712585,-10,0,-10],
"0W0RSSSS":[-0.0199021,1.00512,-10,-10],
"SG0G0WWW":[-10,0.74879,0,-10],
"RWSSGW0W":[-0.2,-10,6.07447,0],
"GRSWSWGW":[1.00673,-10,-10,0],
"SS0WWWGR":[-10,-0.00562956,-10,1.94822],
"0G0WSWSG":[-0.01,0.500636,-10,-10],
"SWSRSWSW":[-10,-10,-10,-10],
"SWSW0WGR":[-10,-10,-0.00370074,0],
"GSSS0WWW":[2.60688,-10,0,-10],
"SS0R0WWW":[-10,2.79198,-0.0285044,-10],
"SS0WGWRW":[-10,1.29924,0,0],
"0G0RSWWW":[7.79735,0,-10,-10],
"SS0W0GGS":[-10,-0.0112515,0,0],
"0W0SSR0W":[1.56849,0,-10,0],
"SSSW0G0S":[-10,-10,-0.01,0],
"0GSWSW0R":[3.09823,-10,-10,0],
"0WGSSS0W":[1.2392,0,-10,0],
"SSWWWWSW":[-10,-10,-10,-10],
"SS0WGW0G":[-10,-0.103232,13.4948,0],
"SSGW0WWW":[-10,7.22823,0,-10],
"0RSG0WWW":[0.196392,-10,-0.01,-10],
"RWSW0S0W":[-0.112622,-10,-0.932601,4.67325],
"SGSWWW0S":[-10,-10,-10,-0.87495],
"GW0WGWSW":[1,0,0,-10],
"RG0WSGSW":[0.0187545,0,-10,-10],
"0G0GSWSS":[1.91518,0,-10,-10],
"0WRWSW0S":[1.29397,0,-10,0],
"0SRWSW0S":[0.053446,0,-10,0],
"SSRSGWWW":[-10,-0.146355,0,-10],
"SS0S0WGR":[-10,0.0543564,0,0],
"SR0WWWSS":[-10,3.41746,-10,-10],
"GWSS0SWW":[1.12968,-10,0,-10],
"SSGWWWGW":[-10,1.90497,-10,0],
"0R0W0SSS":[-0.01,0.715969,0,-10],
"SS0GWWGW":[-10,-0.000683594,-10,4.67783],
"SS0SSWWW":[-10,-2.82467,-10,-10],
"SWRGWWSS":[-10,-0.000140464,-10,-10],
"WWSW0WRW":[-10,-10,0.266723,0],
"0WGWWWSR":[0.248385,0,-10,-10],
"0WSWSSSW":[1.36104,-10,-10,-10],
"WWSWSGSW":[-10,-10,-10,-10],
"0WSGRW0W":[-0.00211501,-10,0,0],
"0SWWWWSR":[-0.01,-10,-10,-10],
"0S0WSWSR":[-0.96,0,-10,-10],
"SS0SGRSW":[-10,0.376521,0,-10],
"0WSGWW0W":[-0.0613122,-10,-10,0.771098],
"GG0SSW0W":[9.07713,0,-10,0],
"GG0SSWWW":[7.64199,0,-10,-10],
"RSSS0W0S":[-0.2,-10,0,0],
"SWRW0WGS":[-10,-0.2,1.41137,0],
"SW0G0R0W":[-10,0.677892,0,0],
"0S0GWWSG":[0.0995228,0,-10,-10],
"0W0R0WSS":[3.60492,-0.028905,-0.0368637,-10],
"0SSW0W0S":[-0.01,-10,2.32266,0],
"SSWW0G0S":[-10,-10,-0.01995,2.37311],
"SSWW0G0R":[-10,-10,-0.01,0.621117],
"SG0SWWRW":[-10,-0.96,-10,0],
"WWSR0S0W":[-10,-10,0.0830618,0],
"SSWWGG0S":[-10,-10,1,0],
"SSSSSS0W":[-10,-10,-10,0.483812],
"0S0S0WSG":[-0.1012,-0.0090086,0.255358,-10],
"0SRSSW0W":[-0.00910549,0,-10,0],
"SRSS0W0G":[-10,-10,0.723028,0],
"SS0SRW0W":[-10,0.529835,0,0],
"0GSSGW0W":[0.19907,-10,11.0999,0],
"SWWWWW0G":[-10,-10,-10,0.679663],
"SSSS0R0W":[-10,-10,1.34643,-0.0102098],
"0WSW0SGG":[0.179854,-10,0,0],
"SW0S0S0W":[-10,-0.938501,-0.01,1.81898],
"0GWWSG0S":[0.0235875,-10,-10,0],
"GWGWSSWW":[2.17946,0,-10,-10],
"SS0R0W0W":[-10,-0.0271,5.34362,-0.0354629],
"SSGW0G0W":[-10,7.45386,0,0],
"0SGS0WSW":[-0.00355844,9.37533,0,-10],
"0WSWRS0W":[1.98279,-10,0,0],
"SW0SRS0W":[-10,-0.01,-0.2,0],
"0W0WSSRS":[1.77523,0,-10,0],
"SSWW0RSW":[-10,-10,0.033117,-10],
"SWWW0RSW":[-10,-10,0.127735,-10],
"0W0WSWSS":[3.37745,0.0434498,-10,-10],
"SGSS0W0W":[-10,-10,2.09352,0],
"0G0GRWSS":[0.889728,0,0,-10],
"SWWWGS0S":[-10,-10,0.943831,0],
"RG0WSW0W":[1.57714,0,-10,0],
"SRSG0WWW":[-10,-10,0.687054,-10],
"SG0WRWSS":[-10,1.29274,0,-10],
"0R0GSWSW":[0.946737,0,-10,-10],
"WWWWSSSS":[-10,-10,-10,-10],
"0GSSRW0W":[3.50933,-10,0,0],
"WWSSRGWW":[-10,-10,-0.197915,-10],
"SWSS0WSS":[-10,-10,0.626853,-10],
"WW0WGRSS":[-10,1.0196,0,-10],
"SW0G0WSR":[-10,3.12998,0,-10],
"0WSSRW0G":[0.685193,-10,0,0],
"SWRS0W0G":[-10,-0.2,0.542843,0],
"SSSSRWSS":[-10,-10,0.164573,-10],
"WWSS0S0S":[-10,-10,-1.84214,-2.47404],
"SRSS0WSW":[-10,-10,1.01841,-10],
"WW0WSRWW":[-10,0.670843,-10,-10],
"0WSSSRSS":[0.0569913,-10,-10,-10],
"RWSS0S0W":[-0.136844,-10,-0.01,4.41327],
"0S0GWWSR":[0.518317,0,-10,-10],
"SS0R0WGW":[-10,-0.01,2.07603,0],
"SSSSGWSW":[-10,-10,5.05201,-10],
"SWSW0W0W":[-10,-10,0.135446,5.69215],
"SG0GWWSW":[-10,0.146114,-10,-10],
"SSGWRWSS":[-10,1.0977,0,-10],
"SWSSWWSW":[-10,-10,-10,-10],
"0RSG0W0W":[-0.01,-10,0,0],
"SG0SWWWW":[-10,-0.917972,-10,-10],
"0GRSSW0W":[4.3003,0,-10,0],
"RW0G0WSS":[-0.165839,10.3892,0,-10],
"0SSWSGWW":[-0.96,-10,-10,-10],
"SS0WWW0G":[-10,-0.0591949,-10,2.57264],
"GS0SSW0W":[7.22979,0,-10,0],
"0W0W0SSG":[-0.0129167,0.426737,0,-10],
"0WWWSSGR":[0.0515813,-10,-10,0],
"SR0SSS0W":[-10,-0.96,-10,0],
"RW0W0GSS":[-0.2,0.707613,0,-10],
"WWSGSSWW":[-10,-10,-10,-10],
"RWSWGW0W":[-0.147382,-10,1.34239,0],
"0WSWSGRW":[0.0889705,-10,-10,0],
"SWSWSSSS":[-10,-10,-10,-10],
"SSWW0G0G":[-10,-10,0.669743,0],
"0WSW0SRW":[0.172149,-10,0,0],
"0S0WSS0R":[0.284787,0,-10,0],
"SGSSSW0W":[-10,-10,-10,0.673861],
"0SSS0WSW":[-0.01095,-10,2.33589,-10],
"GGSSSSWW":[2.75554,-10,-10,-10],
"WW0W0SSR":[-10,-0.00498132,0.297023,-10],
"0WGRSS0W":[-0.0140933,4.20137,-10,0],
"SGWW0GSS":[-10,-10,-0.01,-10],
"GGSSSS0W":[4.71609,-10,-10,0],
"0S0SSR0G":[-0.01,0,-10,0],
"WW0RSS0S":[-10,0.00978102,-10,0],
"SS0W0RGW":[-10,0.0694949,0,0],
"SW0SSSSW":[-10,-1.45572,-10,-10],
"0WSSSS0G":[1.66624,-10,-10,0],
"0WRSSW0W":[0.554167,0,-10,0],
"0W0GRWSW":[-0.01,5.32915,-0.0360512,-10],
"0RSWSWWW":[-0.00363241,-10,-10,-10],
"0GRGSW0S":[0.821132,0,-10,0],
"SSRSWW0W":[-10,-0.201246,-10,0],
"SWSSWWSR":[-10,-10,-10,-10],
"SGSWGW0W":[-10,-10,1.95742,0],
"0SSWSW0G":[0.244531,-10,-10,-0.00697182],
"0WSGSWSW":[0.4655,-10,-10,-10],
"0WWWSS0S":[-0.0934561,-10,-10,2.21781],
"WWSSSS0R":[-10,-10,-10,-0.0289953],
"0S0G0RSS":[-0.01,3.19873,0,-10],
"0GRWSS0W":[11.9151,0,-10,-0.0113989],
"SS0G0WSG":[-10,-0.01,0,-10],
"0G0GSSRW":[2.26898,0,-10,0],
"0WGR0SSS":[0.351949,0,0,-10],
"0WRGWWSW":[0.340617,0,-10,-10],
"0W0G0SSW":[-0.011805,4.19385,-0.01,-10],
"GWWWSWSW":[0.998251,-10,-10,-10],
"0WSWRW0W":[-0.0161391,-10,-0.399816,5.15665],
"WW0W0RSG":[-10,0.134643,-0.01,-10],
"SWSSSSSW":[-10,-10,-10,-10],
"0WWW0WSW":[-2.35509,-10,2.37389,-10],
"SG0W0GWW":[-10,0.291976,0,-10],
"SGSWWWWW":[-10,-10,-10,-10],
"0S0RSWSS":[0.0466964,0,-10,-10],
"0GGWWWSS":[3.49099,0,-10,-10],
"SSSW0WSW":[-10,-10,1.87621,-10],
"0WSSGS0W":[1.89575,-10,0,0],
"SWSG0RSW":[-10,-10,0.0223068,-10],
"0S0GRWSS":[-0.01,2.00868,0,-10],
"0GRWSSWW":[5.03958,0,-10,-10],
"0G0SSS0W":[10.8798,-0.019,-10,0],
"0WSWSR0W":[-0.00447922,-10,-10,2.83732],
"SWSS0S0W":[-10,-10,-0.0116934,4.48468],
"0GSSRS0W":[3.5614,-10,0,0],
"SWSSRSWW":[-10,-10,-1.3262,-10],
"SSSW0G0W":[-10,-10,-0.01,4.01039],
"WWSWSWRW":[-10,-10,-10,-0.119338],
"WWSWSSRW":[-10,-10,-10,-2.29516],
"SR0W0W0S":[-10,2.50199,0,0],
"0WGWWWSS":[4.3822,0,-10,-10],
"0W0SSSSW":[1.02602,0,-10,-10],
"SWSWRW0W":[-10,-10,-0.136122,0],
"SW0WSR0S":[-10,1.40231,-10,0],
"GGWWSS0W":[6.82644,-10,-10,0],
"0SSSSW0S":[-0.0278695,-10,-10,-0.119155],
"SWSG0GWW":[-10,-10,1.72903,-10],
"SSSW0WGS":[-10,-10,0.709592,0],
"SSSG0GWW":[-10,-10,1.58,-10],
"RWWWSS0W":[-0.20095,-10,-10,2.02915],
"0RWWSWSG":[-0.01,-10,-10,-10],
"SWRWSSSW":[-10,0.258447,-10,-10],
"WWGW0SSW":[-10,3.21676,-0.01,-10],
"GRWW0WSS":[1.91157,-10,0,-10],
"SS0GGW0W":[-10,8.49789,0,0],
"RG0W0WSW":[0.281507,0,0,-10],
"WW0WRWSS":[-10,1.76216,0,-10],
"WWSWSGGS":[-10,-10,-10,0.658387],
"0SSRWWGW":[0.749466,-10,-10,0],
"SW0R0WSG":[-10,0.539922,0,-10],
"0G0SSWRW":[1.05665,0,-10,0],
"SW0G0GWW":[-10,5.22908,0,-10],
"SG0SSW0R":[-10,-0.96,-10,0],
"RWSS0GWW":[-0.156397,-10,0.0128904,-10],
"GW0RSS0G":[3.27377,0,-10,0],
"SWSWRWGS":[-10,-10,-0.168361,0],
"0G0GSS0W":[11.9985,0,-10,-0.0175997],
"SS0S0W0G":[-10,-0.01,2.94746,0],
"SSRWGW0G":[-10,-0.2,0,0],
"SWSG0WSR":[-10,-10,0,-10],
"SWSSGG0W":[-10,-10,1.65384,0],
"SW0SSSSR":[-10,-0.0110934,-10,-10],
"WWSS0SSS":[-10,-10,-0.9771,-10],
"WW0WRSSS":[-10,1.56293,-0.199502,-10],
"0S0S0WSS":[-0.01,-0.01,3.78789,-10],
"RSSSGWWW":[-0.118986,-10,0,-10],
"0W0WSSWW":[-0.13651,3.70557,-10,-10],
"WW0GSRWW":[-10,0.115791,-10,-10],
"WWSS0GWW":[-10,-10,0.601648,-10],
"0S0S0GSS":[-0.019,0.937757,0,-10],
"SSSW0RWW":[-10,-10,1.02183,-10],
"WW0RGSSW":[-10,0.000110341,0,-10],
"0W0WGSSW":[0.826016,0,0,-10],
"SS0S0WGW":[-10,-0.01,3.9994,0],
"SWSW0WGG":[-10,-10,0.174911,0],
"0GWWSW0S":[7.83189,-10,-10,-0.310843],
"GGWW0WSS":[0.99905,-10,0,-10],
"RWWW0GSW":[-0.2,-10,0,-10],
"0WWWSW0S":[1.05031,-10,-10,-0.891285],
"SSGGWW0W":[-10,8.10767,-10,0],
"0RSS0S0W":[-0.000662564,-10,-0.01,6.50439],
"GG0WSW0W":[15.7702,0,-10,0],
"GGSW0W0W":[5.47077,-10,0,0],
"SRSW0WWW":[-10,-10,0.293716,-10],
"0SSWSWSW":[-0.752972,-10,-10,-10],
"0SSS0W0W":[0.15992,-10,5.04109,-0.01],
"GW0GSWWW":[3.91619,0,-10,-10],
"GWWWSW0G":[1.08375,-10,-10,0],
"0SSW0WSS":[-0.96,-10,2.28744,-10],
"WWSS0S0G":[-10,-10,-0.52565,0.910878],
"0WWWSR0G":[0.417765,-10,-10,0],
"0GWWSSSS":[5.95118,-10,-10,-10],
"SS0S0W0S":[-10,-0.01,0,0],
"RW0SSS0W":[-0.137749,0.293903,-10,0],
"0SSSWWSW":[-3.18314,-10,-10,-10],
"WW0G0GSS":[-10,4.60754,0,-10],
"RSSSWW0W":[-0.173559,-10,-10,1.25075],
"GWGSSS0W":[2.26762,0,-10,0],
"0SSSSW0R":[-0.00966542,-10,-10,-0.01],
"SWSSSS0G":[-10,-10,-10,0.218101],
"0WWWSSSR":[-0.0694626,-10,-10,-10],
"SS0W0WSR":[-10,-0.0173914,3.28605,-10],
"SW0G0WGW":[-10,-0.00614773,0,0],
"0S0G0WSG":[-0.00799588,0,0,-10],
"SSSWWWRW":[-10,-10,-10,-0.180901],
"0S0S0WSW":[-0.01,-0.01,4.80734,-10],
"0SWWSWSS":[-1.97872,-10,-10,-10],
"SS0S0GWW":[-10,3.23402,-0.019,-10],
"RW0SSS0G":[0.133925,0,-10,0],
"0RSSSW0W":[0.871404,-10,-10,-0.01],
"WWSSSW0S":[-10,-10,-10,-4.19634],
"0WRGWWSS":[0.489949,0,-10,-10],
"0WGRWWSS":[0.532041,0,-10,-10],
"SS0GRWWW":[-10,0.847579,0,-10],
"SWGW0WSG":[-10,3.41998,0,-10],
"SSSSWWGW":[-10,-10,-10,8.31224],
"SWWWRW0W":[-10,-10,-0.121752,0.806471],
"SS0WGWSR":[-10,-0.01,2.28364,-10],
"SW0WWW0R":[-10,-0.0377043,-10,0.263037],
"SW0WGW0G":[-10,-0.01,8.35299,0],
"SW0WGR0W":[-10,1.91087,0,0],
"0GSWSW0W":[9.44979,-10,-10,0.0982262],
"SS0SSW0W":[-10,-0.96,-10,2.28845],
"SSSRWWWW":[-10,-10,-10,-10],
"SW0S0SSS":[-10,-0.01995,0.716996,-10],
"SWSS0WGW":[-10,-10,1.73617,0],
"SRSWWWSS":[-10,-10,-10,-10],
"WWWWSSSR":[-10,-10,-10,-10],
"0SSSWW0R":[-0.01,-10,-10,0.0577516],
"RGWWSW0W":[-0.0856123,-10,-10,0.567564],
"SSSS0WRW":[-10,-10,0.318732,0],
"SWWWGW0S":[-10,-10,8.88542,0],
"SRGG0WSS":[-10,1.67047,0,-10],
"0RSW0G0G":[-0.00326599,-10,-0.01,0],
"GWSWSW0W":[11.0318,-10,-10,0],
"WW0GSS0G":[-10,-0.01,-10,0],
"SWWW0GSR":[-10,-10,0.20762,-10],
"SWSWRW0S":[-10,-10,-0.0563644,0],
"0WGR0GSS":[0.30759,0,0,-10],
"SRWWGW0S":[-10,-10,1.1775,0],
"SWSRSS0W":[-10,-10,-10,0.708098],
"SG0W0W0R":[-10,-0.01,0,0],
"0SRW0WSG":[0.275832,0,0,-10],
"WW0R0GSS":[-10,0.00283155,0,-10],
"0WRGSSSS":[0.383049,0,-10,-10],
"SR0SWWSW":[-10,-0.96,-10,-10],
"WW0RSWSS":[-10,-0.0361347,-10,-10],
"SWSW0GSR":[-10,-10,0.694332,-10],
"0WSSSGWW":[-0.0818408,-10,-10,-10],
"SS0RGWWW":[-10,-0.00615061,7.60142,-10],
"0WWWWWSW":[1.15667,-10,-10,-10],
"0GGW0WSW":[4.75925,0,0,-10],
"SWSW0G0S":[-10,-10,1.70145,0],
"SSSSSG0W":[-10,-10,-10,1.71464],
"0SSGSW0W":[-0.01,-10,-10,0.416946],
"SW0WRG0W":[-10,0.0256184,0,0],
"SW0W0GSS":[-10,3.09142,0,-10],
"RW0W0WSG":[-0.216839,0,0,-10],
"GG0WSWWW":[6.71497,0,-10,-10],
"SW0RWWSW":[-10,0.64738,-10,-10],
"GW0W0SSS":[2.37859,0,0,-10],
"SG0WWWWW":[-10,1.01722,-10,-10],
"SSSS0WGW":[-10,-10,0.616413,0],
"SWRS0W0W":[-10,-0.2,-0.01,0.573992],
"0R0SSS0W":[-0.0117623,-0.0020126,-10,2.02525],
"GW0WSS0S":[13.7281,0,-10,0],
"SS0W0G0S":[-10,0.450098,0,0],
"SW0G0GRW":[-10,0.0454991,0,0],
"SS0G0R0W":[-10,1.94064,0,0],
"SSRGWW0W":[-10,-0.570498,-10,-0.96432],
"0SSS0R0G":[-0.01,-10,0.267665,0],
"SG0R0GSW":[-10,0.00879118,0,-10],
"SWSWWWWW":[-10,-10,-10,-10],
"GWSSSR0W":[4.36204,-10,-10,0],
"SW0SWWGW":[-10,-0.96,-10,1.17701],
"SS0W0W0W":[-10,1.06888,0.946954,5.40805],
"SGSSWW0W":[-10,-10,-10,0.980474],
"0S0RSW0S":[1.08796,-0.01,-10,-0.01],
"0WWW0WSS":[1.8161,-10,-2.21824,-10],
"0G0GSWWW":[5.18989,-0.011805,-10,-10],
"RGSSWW0W":[1.78058,-10,-10,0],
"0WWWSG0S":[-0.0126557,-10,-10,0.233032],
"GW0WSW0G":[12.2303,0,-10,0],
"WW0G0WSG":[-10,0.0675198,0,-10],
"0SGG0WSS":[-0.01,12.5525,0,-10],
"WW0W0SSW":[-10,2.32841,-0.0379519,-10],
"0GWWSW0W":[8.62451,-10,-10,-0.022244],
"SRSW0WGW":[-10,-10,0.111533,0],
"0WSSWW0G":[2.79158,-10,-10,-0.0661653],
"SSGW0WSS":[-10,13.4883,0,-10],
"0GSWSW0G":[3.53727,-10,-10,0],
"SS0W0SSG":[-10,0.172661,-0.019,-10],
"SW0G0GSS":[-10,2.99231,0,-10],
"0R0WSG0W":[-0.01,-0.018559,-10,2.8438],
"SWSSSR0W":[-10,-10,-10,0.647373],
"WWSW0RWW":[-10,-10,-0.01,-10],
"WW0SSS0R":[-10,-0.96,-10,0.058728],
"0WSR0WWW":[-0.0128739,-10,0.770053,-10],
"0W0WSWSG":[-0.0248103,3.02742,-10,-10],
"SWSS0GSW":[-10,-10,1.48999,-10],
"0WWWSWGW":[-0.0142537,-10,-10,1.13358],
"SWSG0WSS":[-10,-10,0.0661514,-10],
"SR0W0WSG":[-10,0.385878,0,-10],
"SS0W0WGG":[-10,-0.073258,0.96253,0],
"SGSWSW0W":[-10,-10,-10,1.70628],
"SW0W0WGG":[-10,-0.01,1.40372,0],
"0W0R0WSW":[-0.0655202,-0.0444871,2.57913,-10],
"0W0RSW0S":[2.7209,0,-10,0],
"0W0G0WSS":[0.636632,9.17144,-0.000576638,-10],
"0GSSSGWW":[-0.01,-10,-10,-10],
"SWSW0WGW":[-10,-10,1.85731,0],
"SS0W0G0W":[-10,-0.0634925,10.9645,0.23749],
"0WSWSS0W":[4.22107,-10,-10,-0.0343351],
"0GSS0GWW":[0.487648,-10,-0.0336943,-10],
"SRWW0G0S":[-10,-10,-0.00924248,1.097],
"0WSW0GRW":[0.350631,-10,-0.0138903,0],
"0W0SSW0G":[1.9825,0,-10,0],
"0G0WSWRS":[5.64318,0,-10,0],
"RGSWSS0W":[1.4829,-10,-10,0],
"0RSS0S0G":[0.053203,-10,0,0],
"SWSSSW0G":[-10,-10,-10,0.132327],
"0WSRWWWW":[0.454537,-10,-10,-10],
"SWSW0RGG":[-10,-10,0.0104681,0],
"0WWW0G0W":[-0.01995,-10,-0.01995,-0.019],
"SW0SRWWW":[-10,2.62148,0,-10],
"RG0WSS0W":[2.60922,0,-10,0],
"SGSWWW0W":[-10,-10,-10,2.1171],
"SS0G0WWW":[-10,9.01201,0,-10],
"0S0WWWSS":[2.68682,-0.0493322,-10,-10],
"0R0WSG0S":[0.0978411,0,-10,0],
"SW0WWWSS":[-10,4.48363,-10,-10],
"WW0WGWSW":[-10,1.74748,0,-10],
"0WGW0WSG":[-0.00137183,2.62769,0,-10],
"0WSW0S0S":[3.13234,-10,0,0],
"SW0W0WSS":[-10,4.91264,0.086403,-10],
"GSSRSW0W":[1,-10,-10,0],
"SWSWGWSS":[-10,-10,1.37231,-10],
"0SSRWWWW":[-0.1069,-10,-10,-10],
"SW0GRWWW":[-10,0.973309,0,-10],
"SSRGWWSW":[-10,-0.0277119,-10,-10],
"SW0GGSSW":[-10,1.15229,0,-10],
"0WWWSSRS":[-0.203239,-10,-10,-0.254175],
"WWSSSS0S":[-10,-10,-10,-2.95336],
"GGSWWW0W":[1.62283,-10,-10,0],
"RS0W0WSS":[-0.0975052,2.07068,0,-10],
"WW0RSW0W":[-10,0.453416,-10,-0.01],
"0WWWSWGS":[0.0405519,-10,-10,0],
"0WSSSGSS":[-0.313132,-10,-10,-10],
"SG0SSW0W":[-10,-0.96,-10,0.890054],
"SWSWSR0S":[-10,-10,-10,0.0481039],
"WWWWSS0S":[-10,-10,-10,-4.32389],
"0WSG0R0W":[-0.0118953,-10,0.210807,0],
"SSSS0W0R":[-10,-10,1.43871,0],
"SW0WSWSG":[-10,0.371165,-10,-10],
"SWGWWW0R":[-10,1.00902,-10,0],
"0W0SSWSS":[-0.01095,-0.01,-10,-10],
"0WRWGWSW":[0.520815,0,0,-10],
"GWSSSW0W":[12.1847,-10,-10,0],
"SWSW0S0R":[-10,-10,-0.96,0.251393],
"SS0WWWSW":[-10,3.12625,-10,-10],
"SWWWRWSW":[-10,-10,-0.20247,-10],
"0GSSSW0W":[9.484,-10,-10,0.0291186],
"WWSR0WWW":[-10,-10,0.264958,-10],
"0W0WRGSS":[0.755847,0,0,-10],
"0S0WSGSW":[-0.01,0.401836,-10,-10],
"WWSWSWGR":[-10,-10,-10,0],
"0G0SSSGW":[5.25882,0,-10,0],
"SWSWSSSR":[-10,-10,-10,-10],
"SWWW0SGS":[-10,-10,-0.0932015,0],
"WWSSSRWW":[-10,-10,-10,-10],
"GW0SSSWW":[11.6314,-0.01,-10,-10],
"SGWWWW0G":[-10,-10,-10,-0.0172879],
"0S0RWWSW":[2.18076,-0.01,-10,-10],
"SS0RWWWW":[-10,0.407587,-10,-10],
"0W0SSWWW":[2.66515,-0.033057,-10,-10],
"RW0WSG0G":[-0.0938703,0,-10,0],
"SW0WWW0W":[-10,-0.789903,-10,1.73661],
"SW0G0RWW":[-10,3.43271,0,-10],
"WWWWRWSS":[-10,-10,-0.331372,-10],
"WWWWSG0S":[-10,-10,-10,0.0216716],
"0WRW0SSS":[-0.00901693,0.66102,0,-10],
"0SWWSW0S":[-0.050232,-10,-10,-0.171305],
"SS0WGR0W":[-10,-0.00585354,9.41004,0],
"0SSS0WSS":[-0.01,-10,1.39313,-10],
"GWSS0S0W":[14.4239,-10,0,0],
"0WWWSWSW":[1.7039,-10,-10,-10],
"0W0GSSSS":[1.67792,0,-10,-10],
"WWSS0W0R":[-10,-10,0.847238,0],
"WWSWSG0W":[-10,-10,-10,1.09106],
"SWSW0WSR":[-10,-10,1.75307,-10],
"SSSWSW0S":[-10,-10,-10,0.316233],
"0WWW0SSS":[1.00227,-10,0,-10],
"GGSSRS0W":[1.75883,-10,0,0],
"0WSSSS0W":[-0.00481797,-10,-10,5.87912],
"SW0SGWWW":[-10,3.25025,0,-10],
"SSSG0WSW":[-10,-10,0.154962,-10],
"SWSWGWWW":[-10,-10,4.20735,-10],
"SSWWWW0W":[-10,-10,-10,1.99431],
"0W0WSWRW":[-0.013267,2.2755,-10,-0.181699],
"SWGG0WSS":[-10,4.87773,0,-10],
"SS0SGWSW":[-10,1.8166,0,-10],
"0W0GSS0G":[1.79477,0,-10,0],
"0W0RSWSW":[3.82843,0,-10,-10],
"0WSS0SWW":[2.48666,-10,-0.01,-10],
"SW0S0SGW":[-10,-0.1012,0,0],
"RS0GSS0S":[0.237153,0,-10,0],
"0W0WSGSW":[1.03002,-0.0318728,-10,-10],
"GWSSSW0G":[1.07469,-10,-10,0],
"0WGWSSWW":[-0.00251364,5.16948,-10,-10],
"SSSW0S0W":[-10,-10,-0.01,2.52961],
"SS0WRW0S":[-10,-0.0440074,0.119635,0],
"0WWWSSSS":[2.57651,-10,-10,-10],
"RSSW0W0W":[-0.13098,-10,-0.0110403,4.99724],
"SWSR0SSW":[-10,-10,-0.0112305,-10],
"WWSS0G0R":[-10,-10,-0.01,-0.00851893],
"SS0SWW0W":[-10,-0.00920124,-10,0.317842],
"0RSW0SSS":[0.00146125,-10,0,-10],
"WWGW0WSW":[-10,6.14422,0,-10],
"SR0W0WGG":[-10,0.25503,0,0],
"0SSW0WGW":[-0.01,-10,2.03027,0],
"GSSSSW0W":[7.38271,-10,-10,0],
"SW0W0S0S":[-10,1.84578,0,0],
"0S0R0WSG":[-0.01,0,0,-10],
"0S0SSSGW":[0.0654789,0,-10,0],
"WWSSSSSG":[-10,-10,-10,-10],
"GW0WSGRW":[1.00947,0,-10,0],
"SSSS0GWW":[-10,-10,6.06189,-10],
"0G0SSRWW":[2.13422,0,-10,-10],
"SS0WGWGR":[-10,0.379018,0,0],
"SS0R0W0G":[-10,-0.01,2.71398,0],
"0GWWGWSS":[-0.01,-10,2.63821,-10],
"0G0GWWSW":[5.16285,0,-10,-10],
"GRSS0WWW":[7.48633,-10,0,-10],
"SGRS0W0W":[-10,0.0870616,0,0],
"SW0RWW0S":[-10,0.981463,-10,0],
"SGSS0W0G":[-10,-10,-0.01095,0.0119553],
"WWSS0R0W":[-10,-10,-0.029494,2.601],
"WWWWSS0R":[-10,-10,-10,0.254518],
"0WRWSSSS":[0.785941,0,-10,-10],
"GSSW0R0G":[1,-10,0,0],
"WW0WSW0R":[-10,-0.019,-10,0.736541],
"0WGWRWSW":[-0.000617488,1.16131,0,-10],
"SWSSRG0W":[-10,-10,0.249661,0],
"SWSS0W0G":[-10,-10,2.30054,0],
"SWSSSW0W":[-10,-10,-10,2.68174],
"0GSRWWWW":[0.104591,-10,-10,-10],
"WW0GSSSS":[-10,3.76649,-10,-10],
"GSSRWW0W":[1,-10,-10,0],
"SGSW0WGW":[-10,-10,-0.0118681,0],
"WW0WSSSG":[-10,0.187452,-10,-10],
"WW0WSR0G":[-10,-0.01,-10,0.188649],
"WW0WSSSR":[-10,0.103202,-10,-10],
"SWSSWW0W":[-10,-10,-10,3.17324],
"0G0SSWWW":[9.05039,0,-10,-10],
"RS0W0WSW":[-0.161753,2.44531,0,-10],
"0GRSSS0W":[3.59624,0,-10,0],
"WWSW0SRS":[-10,-10,-0.01,-0.359815],
"0GSWWWRW":[0.160001,-10,-10,0],
"SWSW0SSW":[-10,-10,0.242784,-10],
"SSWWSWSR":[-10,-10,-10,-10],
"GW0GSS0R":[1.99511,0,-10,0],
"0WGGSRWW":[0.204513,0,-10,-10],
"SWWW0W0S":[-10,-10,-0.031619,1.72806],
"0WGWSW0S":[2.06206,0,-10,0],
"0WSWSSWW":[2.92796,-10,-10,-10],
"SWGWWWSS":[-10,14.0618,-10,-10],
"GG0RSSWW":[6.01736,0,-10,-10],
"0WSR0SWW":[0.52004,-10,0,-10],
"WWSW0W0W":[-10,-10,-0.0834661,3.60838],
"0WSSSG0W":[-0.0177746,-10,-10,3.34686],
"SWSWSGSS":[-10,-10,-10,-10],
"WWSSGWWW":[-10,-10,5.07081,-10],
"SSSW0W0S":[-10,-10,2.45329,0],
"0WSSRGWW":[0.583662,-10,-0.133624,-10],
"0GSWSS0W":[8.81825,-10,-10,0.0668446],
"SSGS0S0S":[-10,1,0,0],
"0RSSWW0W":[-0.0202929,-10,-10,5.18105],
"SWSW0WSS":[-10,-10,1.55462,-10],
"0WSWRW0G":[-0.0144436,-10,0.657744,0],
"0WSSRW0W":[-0.0124649,-10,-0.202574,5.87909],
"RWGWWWSS":[-0.153116,1.35988,-10,-10],
"RWWWSS0G":[-0.2,-10,-10,0.130939],
"SSWWRW0W":[-10,-10,-0.205293,1.95422],
"0W0RSWSS":[2.55916,-0.00759941,-10,-10],
"0S0RSWSW":[0.361469,0,-10,-10],
"0WSWSWSR":[0.310145,-10,-10,-10],
"RWSS0W0W":[-0.359942,-10,-0.01095,6.3576],
"SW0SGRWW":[-10,0.607541,0,-10],
"0WWWSW0R":[-0.0223688,-10,-10,0.943002],
"SW0WGWGW":[-10,1.38686,0,0],
"SWSSSW0S":[-10,-10,-10,-3.1928],
"0S0G0RSW":[-0.01,1.89472,0,-10],
"WW0W0GSR":[-10,0.145203,0,-10],
"SW0WWWSW":[-10,3.5831,-10,-10],
"SSSWWWGR":[-10,-10,-10,1],
"WW0WSRSS":[-10,0.671702,-10,-10],
"SS0WSS0S":[-10,3.56429,-10,0],
"RWSW0G0G":[-0.169703,-10,0,0],
"0GRWSSGW":[0.592902,0,-10,0],
"SW0WSWSS":[-10,3.30339,-10,-10],
"SW0SGR0G":[-10,-0.01,1.00112,0],
"0GRSSSGW":[0.636924,0,-10,0],
"GGSSWW0W":[9.98374,-10,-10,0],
"SWWW0RSS":[-10,-10,-0.020879,-10],
"SRSW0W0G":[-10,-10,0.409234,0],
"WWSWSSWW":[-10,-10,-10,-10],
"0G0WSGSW":[2.85821,0,-10,-10],
"SSSS0S0S":[-10,-10,0.013182,-0.0679801],
"SWSS0S0S":[-10,-10,-0.0271,-0.019],
"0WSSRWWW":[0.954028,-10,-0.913032,-10],
"SSSSSRWW":[-10,-10,-10,-10],
"0WWW0GSS":[-0.0433695,-10,3.66744,-10],
"SSSW0R0W":[-10,-10,-0.00643829,2.72546],
"SSSS0G0G":[-10,-10,0.841775,0],
"SW0WGG0W":[-10,2.03685,0,0],
"WWSRSGWW":[-10,-10,-10,-10],
"0WWWSSSG":[1.91652,-10,-10,-10],
"0R0G0GSW":[-0.01,2.01991,0,-10],
"WW0WSWRW":[-10,0,-10,-0.200449],
"SW0SSSSG":[-10,-0.01995,-10,-10],
"GS0SSWGW":[1.20166,0,-10,0],
"SSGWWWSS":[-10,10.712,-10,-10],
"0S0WSWSW":[-0.00115882,3.90314,-10,-10],
"RW0G0WSW":[-0.153961,6.70844,0,-10],
"SSRWWW0W":[-10,-0.1996,-10,1.24427],
"SW0R0GSS":[-10,0,0,-10],
"WWWWSS0W":[-10,-10,-10,2.28436],
"SSSS0WGR":[-10,-10,0.0331228,0],
"RS0WWWSW":[-0.179178,0.702967,-10,-10],
"WWSSSS0W":[-10,-10,-10,3.0549],
"SSSW0GSW":[-10,-10,3.05029,-10],
"SW0SSWSS":[-10,-2.53271,-10,-10],
"GW0SSWWW":[11.5165,0,-10,-10],
"GRSSWW0W":[2.11972,-10,-10,0],
"WW0RSSSS":[-10,0.186091,-10,-10],
"0RSWSW0G":[-0.0117956,-10,-10,0.676053],
"SW0W0G0W":[-10,-0.0102625,10.2999,-0.0823928],
"WWSS0SGG":[-10,-10,-0.01,0],
"0WSW0SGW":[-0.0118493,-10,-0.01,12.7806],
"0W0WSSSR":[2.44762,0,-10,-10],
"0R0WSSGW":[-0.0123673,0.123602,-10,0],
"SWSR0G0W":[-10,-10,4.20086,-0.0625329],
"0WSW0SWW":[2.47236,-10,0,-10],
"SWSR0WSW":[-10,-10,3.92402,-10],
"0WSW0WGR":[-0.01,-10,0,0],
"RWSS0WWW":[-0.317245,-10,1.55582,-10],
"GR0SSS0S":[1,0,-10,0],
"SWSSGW0R":[-10,-10,1.11181,0],
"SGSWSWSR":[-10,-10,-10,-10],
"SSRW0W0W":[-10,-0.197922,5.13096,-0.0185118],
"RWWWWWSS":[-0.48372,-10,-10,-10],
"GWRWSSGW":[1.43971,0,-10,0],
"GWSWWW0W":[3.58571,-10,-10,0],
"SSSG0WWW":[-10,-10,2.89671,-10],
"SG0S0W0W":[-10,2.09312,0,0],
"0RSWSS0G":[0.222672,-10,-10,0],
"WWSSSWSS":[-10,-10,-10,-10],
"SWWWGR0S":[-10,-10,1.00859,0],
"WWRWSWSS":[-10,-0.145842,-10,-10],
"SR0S0WWW":[-10,-0.00731535,2.53222,-10],
"SW0R0GWW":[-10,-0.00505385,5.98035,-10],
"SS0G0WRG":[-10,-0.01,0.0627986,0],
"0G0WSGRW":[0.90064,0,-10,0],
"SG0WRWSW":[-10,0.0462747,0,-10],
"SWWWSSSG":[-10,-10,-10,-10],
"0WSWSS0S":[2.7605,-10,-10,0],
"SSSW0GSS":[-10,-10,0.12162,-10],
"GW0WSGSS":[0.998938,0,-10,-10],
"SW0S0WSW":[-10,-0.019,4.51175,-10],
"GW0R0WSW":[1.16408,0,0,-10],
"SW0WRW0W":[-10,-0.0140731,-0.203153,1.51867],
"GW0WSWGW":[7.34643,0,-10,0],
"SW0S0WSS":[-10,-0.01995,2.1264,-10],
"0RWWSS0S":[-0.01095,-10,-10,1.70028],
"0WSG0W0W":[-0.0457438,-10,3.16655,-0.0530724],
"SS0SSG0W":[-10,-0.96,-10,1.08893],
"0WWWGRSS":[-0.00419897,-10,0,-10],
"WW0G0SSW":[-10,4.36212,-0.01,-10],
"SS0G0G0R":[-10,-0.01,0.463264,0],
"0SGW0GSS":[-0.01,2.41505,0,-10],
"0G0WSWRW":[8.33936,0,-10,0],
"RGSS0W0W":[-0.2,-10,3.31298,0],
"0SWW0WSW":[-0.965171,-10,1.54912,-10],
"SW0S0W0R":[-10,-0.000586305,2.51709,0],
"0WSS0RWW":[-0.529727,-10,1.85973,-10],
"SSSG0S0W":[-10,-10,-0.01,0],
"0RSSWWWW":[1.14001,-10,-10,-10],
"WWSW0SGW":[-10,-10,-0.00911708,6.04864],
"SS0G0WSS":[-10,10.474,0,-10],
"SWGW0GSS":[-10,1.09982,0,-10],
"SW0S0RWW":[-10,1.88197,-0.0188036,-10],
"0WRWSSSW":[1.66695,-0.0925271,-10,-10],
"SS0G0W0R":[-10,0,3.87608,0],
"0GSS0SSW":[1.23061,-10,0,-10],
"SWSS0R0W":[-10,-10,0.292153,0],
"SSRS0W0W":[-10,-0.0599677,2.17389,0],
"SW0WWW0G":[-10,-0.0853461,-10,2.29654],
"0G0SSW0R":[5.84538,0,-10,0],
"SSSS0WWW":[-10,-10,3.86102,-10],
"0RSWWW0W":[-0.019,-10,-10,3.25091],
"GR0SSW0W":[6.99969,-0.0046233,-10,0],
"0WGW0SSW":[2.25854,0,0,-10],
"WWRW0WSW":[-10,-0.207403,1.33882,-10],
"SWSSSS0W":[-10,-10,-10,3.16037],
"0R0W0WSW":[0.112403,4.42149,-0.0361918,-10],
"SSSW0SSS":[-10,-10,-0.784015,-10],
"GR0G0WSS":[1.14793,0,0,-10],
"0WWWSS0W":[-0.10961,-10,-10,5.06721],
"GWGWSS0W":[10.9725,1.08747,-10,0],
"GWWWWWSW":[1.01587,-10,-10,-10],
"0RGW0WSW":[0,7.36817,0,-10],
"SW0GWWWW":[-10,2.50191,-10,-10],
"SR0SSW0W":[-10,-0.96,-10,0.807308],
"SSSSWW0G":[-10,-10,-10,1.06974],
"0WGG0SSS":[0.309877,0,0,-10],
"SW0R0G0W":[-10,2.59463,-0.01,-0.01],
"SS0WGWRG":[-10,0.0627995,0,0],
"0WSS0R0G":[0.264454,-10,0,0],
"0GWWSSSW":[2.59015,-10,-10,-10],
"0S0SSW0W":[-0.01,-0.01,-10,3.64531],
"GG0RSS0W":[4.8472,0,-10,0],
"SS0WWW0S":[-10,1.20527,-10,-0.96],
"SWRWWW0W":[-10,-0.198404,-10,1.49819],
"SS0RGW0W":[-10,-0.0127066,14.8147,0],
"SW0SWW0R":[-10,-0.0102819,-10,-0.000985973],
"0WWW0SSW":[0.240251,-10,0,-10],
"0WWWRGSS":[-0.0372877,-10,0,-10],
"0WWW0RSW":[0.014592,-10,-0.0271416,-10],
"GWSRSWWW":[0.999511,-10,-10,-10],
"0GWWSWSS":[8.2406,-10,-10,-10],
"SS0GWW0W":[-10,3.67871,-10,-0.0449165],
"RW0WSG0W":[-0.157583,0.0676761,-10,0],
"SS0R0W0S":[-10,0.358024,0,0],
"0G0GSW0W":[7.71305,0,-10,0],
"SW0G0WWW":[-10,8.57853,-0.01,-10],
"SS0R0WSS":[-10,1.27959,0,-10],
"0RSSGW0W":[-0.01,-10,9.41543,0],
"SW0G0W0G":[-10,-0.01,2.07636,0],
"GRSW0S0W":[2.30318,-10,0,0],
"0WSR0WGW":[-0.017895,-10,0,0],
"SSSWWWGG":[-10,-10,-10,1],
"SSGW0W0G":[-10,2.0856,0,0],
"SS0WSGSS":[-10,0.218952,-10,-10],
"SW0WRWSS":[-10,2.68541,0,-10],
"SG0GRW0W":[-10,0.398738,0,0],
"SSWW0GSW":[-10,-10,1.27777,-10],
"0S0G0GSS":[-0.01,6.91607,0,-10],
"SWGR0WSS":[-10,1.90109,0,-10],
"0G0W0WSR":[6.79889,0,0,-10],
"0W0G0WSG":[-0.00584472,4.2172,0,-10],
"0WGR0WSW":[1.29551,0,0,-10],
"0W0WGRSW":[0.044639,0.365364,0,-10],
"WWGRSSWW":[-10,1.13881,-10,-10],
"0W0W0SSS":[4.35242,0,0,-10],
"0G0R0WSS":[1.57367,0,0,-10],
"SSSW0GWW":[-10,-10,6.79885,-10],
"0R0G0GSS":[-0.01,3.78526,0,-10],
"0R0WSS0S":[1.4621,0,-10,0],
"0W0WGRSS":[0.773683,0,0,-10],
"SWSW0WSG":[-10,-10,0.174218,-10],
"SWGWWW0G":[-10,2.76029,-10,0],
"SWSWGW0W":[-10,-10,12.9642,0],
"0RSSWW0G":[-0.01095,-10,-10,0.0818618],
"SSRW0WSW":[-10,-0.149601,1.83989,-10],
"GWWWSW0W":[7.56862,-10,-10,-0.01],
"SS0WGR0G":[-10,0.248737,0,0],
"SW0GWWSR":[-10,-0.01,-10,-10],
"SR0WWWWW":[-10,2.67604,-10,-10],
"0WSW0R0W":[-0.0456437,-10,-0.0461036,5.88249],
"SW0S0WGW":[-10,-0.01,-0.000926089,10.3886],
"WWSWRG0W":[-10,-10,-0.20062,0],
"0GSSRWWW":[0.572701,-10,-0.180094,-10],
"SSSR0WWW":[-10,-10,2.29813,-10],
"SWSW0GSW":[-10,-10,2.96266,-10],
"SWGWGW0W":[-10,0.99086,0,0],
"0GRGSSWW":[1.05851,0,-10,-10],
"0S0G0WSR":[0.325903,0,0,-10],
"SSWW0WGW":[-10,-10,2.35077,0],
"SSSS0G0W":[-10,-10,-0.01,4.28292],
"0SSWWWGW":[-0.00922912,-10,-10,9.44107],
"0RWWSWSS":[1.23192,-10,-10,-10],
"0SSW0S0S":[-0.01,-10,0.614413,0],
"GW0W0GSS":[2.75515,0,0,-10],
"SSSG0SRW":[-10,-10,0.00909504,0],
"0W0GWWSS":[4.06011,-0.019,-10,-10],
"SW0WSW0S":[-10,2.48805,-10,-0.96],
"0S0GSWSW":[-0.00832193,1.58106,-10,-10],
"0G0SSW0G":[8.53108,0,-10,0],
"SWGS0R0W":[-10,1.02055,0,0],
"0R0WGWSW":[0.658964,0,0,-10],
"SSWW0W0S":[-10,-10,3.28495,-0.0256738],
"0WSSGRWW":[-0.0196026,-10,4.54523,-10],
"SG0WSWSS":[-10,1.0526,-10,-10],
"SWSS0RSW":[-10,-10,0.424343,-10],
"GR0WSSWW":[2.91397,0,-10,-10],
"WWSWSS0W":[-10,-10,-10,1.66443],
"GW0SSS0G":[7.62442,0,-10,0],
"SSSSSW0W":[-10,-10,-10,2.38699],
"0SSSSS0W":[-0.00152566,-10,-10,2.23125],
"0W0WSSSG":[1.94445,0,-10,-10],
"SSSGWWRW":[-10,-10,-10,-0.2],
"0WWWSGSS":[0.36803,-10,-10,-10],
"WWSW0G0R":[-10,-10,-0.000942425,0.0344508],
"WWWW0SSS":[-10,-10,-1.91447,-10],
"0W0GSRWW":[-0.0174236,0.573742,-10,-10],
"0W0WWWSR":[1.98342,0,-10,-10],
"SRSS0WGW":[-10,-10,0.0503638,0],
"WWSG0W0W":[-10,-10,1.0207,0],
"GWRSSW0W":[4.48706,0,-10,0],
"RW0WSWWW":[-0.166245,1.50172,-10,-10],
"0WGWSSRG":[0.0360096,0,-10,0],
"0RSWWWGW":[-0.01,-10,-10,4.97937],
"SW0S0WSR":[-10,-0.01,3.55164,-10],
"SS0RWWSS":[-10,0.778124,-10,-10],
"WWSSRS0W":[-10,-10,-0.197731,0.668256],
"GWSWSW0G":[3.50139,-10,-10,0],
"GRSS0GWW":[1.9,-10,0,-10],
"SSSWSWWW":[-10,-10,-10,-10],
"SSSWGG0W":[-10,-10,4.05705,0],
"0W0WSR0W":[-0.0560317,3.28032,-10,0.0785284],
"0W0WSSGG":[-0.0402674,0.286661,-10,0],
"SWGWWWSR":[-10,0,-10,-10],
"0WRGSWWW":[0.0244346,0,-10,-10],
"0WSG0WWW":[0.414834,-10,-0.0164103,-10],
"0W0WSS0R":[4.05352,-0.0336511,-10,-0.0283999],
"0SSRSS0W":[-0.0103212,-10,-10,0],
"GS0GWWSS":[1.28156,0,-10,-10],
"0GSS0R0W":[-0.01,-10,-0.01,4.92533],
"0RSS0SWW":[0.237567,-10,0,-10],
"SW0GWWGW":[-10,-0.01,-10,2.74149],
"RSSS0W0W":[-0.2,-10,3.085,0],
"0S0WSSRS":[0.0357525,0,-10,0],
"0WGW0GSS":[-0.00979191,13.0901,0,-10],
"RWGWWWSW":[-0.2,0,-10,-10],
"GGWWSWSS":[2.78053,-10,-10,-10],
"SWRW0GSS":[-10,-0.211285,0,-10],
"SR0GWW0W":[-10,0.80395,-10,-0.01],
"0WSGSW0W":[1.58489,-10,-10,0],
"GR0WSS0G":[1.37581,0,-10,0],
"SS0WGWSS":[-10,3.29454,0,-10],
"SWSWWWRW":[-10,-10,-10,0.0353842],
"WW0SSGSW":[-10,-0.0680024,-10,-10],
"0W0G0RSG":[0.113612,0,0,-10],
"RWSW0WWW":[-0.178549,-10,0.329496,-10],
"SWSW0WWW":[-10,-10,3.49235,-10],
"0R0WSSSS":[0.25146,0,-10,-10],
"WWSRSSWW":[-10,-10,-10,-10],
"SWSWSS0S":[-10,-10,-10,-2.83645],
"0W0WRSSW":[1.22838,0,0,-10],
"WWSWRS0W":[-10,-10,-0.2,0.0944197],
"RWSS0W0G":[-0.170612,-10,0.0165322,0],
"SS0W0W0S":[-10,3.30775,0,0],
"0WSWSRSW":[0.0940698,-10,-10,-10],
"GW0RSSWW":[12.1225,0,-10,-10],
"WW0RSSGW":[-10,-0.01,-10,0.9088],
"0SSS0WWW":[-0.961988,-10,4.28394,-10],
"RGGW0WSS":[1.09537,0,0,-10],
"SS0G0W0S":[-10,7.41485,0,0],
"0WSGSS0W":[0.824104,-10,-10,0],
"WW0SSSWW":[-10,-2.76985,-10,-10],
"GRSSWWWW":[2.71,-10,-10,-10],
"0RGW0SSW":[0.361463,0,0,-10],
"RW0GWWSW":[-0.189958,1.12626,-10,-10],
"SW0SSGSS":[-10,-0.976788,-10,-10],
"SW0GWWRG":[-10,0.017053,-10,0],
"WWSSSW0G":[-10,-10,-10,0.394637],
"0SSSWW0G":[-0.01,-10,-10,0.838979],
"0W0WSGSR":[0.00447296,0,-10,-10],
"0W0R0GSG":[-0.00696574,0,0,-10],
"SWSS0G0W":[-10,-10,0.599097,5.63774],
"SRWW0W0S":[-10,-10,-0.01,0.741623],
"0S0RWWSS":[1.38055,0,-10,-10],
"SGSSGW0W":[-10,-10,1.03612,0],
"SWSSWWWW":[-10,-10,-10,-10],
"SSGW0WGW":[-10,2.9633,0,0],
"GW0RSS0S":[2.92772,0,-10,0],
"0W0WSG0W":[-0.0649492,-0.0708058,-10,4.65153],
"SSRW0GWW":[-10,-0.160554,0,-10],
"SWWWGW0W":[-10,-10,10.5312,0],
"0SSW0G0R":[-0.00642631,-10,0,0],
"0RGG0WSW":[-0.01,2.11429,0,-10],
"0SSW0GSS":[-0.01,-10,0,-10],
"SW0RGWSW":[-10,0.257648,0,-10],
"SWRW0G0W":[-10,0,3.84182,0],
"WWSSSSSR":[-10,-10,-10,-10],
"0WSWRSSS":[0.407223,-10,0,-10],
"SS0G0GSS":[-10,3.20303,0,-10],
"0W0G0GSS":[-0.0149456,10.6235,-0.0371465,-10],
"0RWWGWSW":[-0.01,-10,0,-10],
"0G0R0SSW":[0.886629,0,0,-10],
"0S0WWWSG":[-0.00908694,0.618558,-10,-10],
"SSSWSGSW":[-10,-10,-10,-10],
"SWSWSWSS":[-10,-10,-10,-10],
"SSRWWWGW":[-10,-0.2,-10,1.00739],
"SG0WGW0W":[-10,-0.01095,1.09908,0],
"0WSSRG0W":[-0.00267124,-10,-0.0883829,3.89025],
"0WGG0WSW":[1.00797,0,0,-10],
"WWGWSS0W":[-10,9.23876,-10,0],
"SWGWWWSW":[-10,4.86247,-10,-10],
"0SSSWWGW":[-0.0116934,-10,-10,5.09021],
"SWSW0R0G":[-10,-10,-0.0201989,0.182014],
"SRSS0W0W":[-10,-10,3.12361,0],
"SSSSGWWW":[-10,-10,11.0689,-10],
"0WWWSWSG":[1.77001,-10,-10,-10],
"SW0S0GWW":[-10,-0.0496392,5.57715,-10],
"WWSSSR0S":[-10,-10,-10,-0.467186],
"0S0SSSSS":[-0.01,-0.96,-10,-10],
"SWRW0WWW":[-10,-0.197951,2.68695,-10],
"0W0W0SSW":[4.11785,0,0.00568658,-10],
"0GRWSW0W":[8.13837,0,-10,0],
"RWSW0S0G":[-0.127841,-10,0.154822,0],
"SWSSGW0W":[-10,-10,11.0781,0],
"SW0WWWGS":[-10,-0.0150833,-10,1.4563],
"0W0WSS0W":[0.546323,0.478197,-10,4.57444],
"0SSW0WSR":[-0.96,-10,0.648479,-10],
"GG0WSS0S":[9.04374,0,-10,0],
"SWSS0GWW":[-10,-10,3.16015,-10],
"GWSWRG0W":[1.011,-10,0,0],
"0WSW0G0W":[-0.0456156,-10,4.8622,-0.0483324],
"WW0WSSRW":[-10,0.227762,-10,-0.2],
"0WWWWWSG":[0.578467,-10,-10,-10],
"RWWWSS0S":[-0.162926,-10,-10,0.3112],
"0RGW0WSS":[-0.00669536,12.8721,0,-10],
"0GSRWW0W":[1.40331,-10,-10,0],
"0SSW0W0G":[-0.01,-10,3.5456,0],
"0WSSGSWW":[-0.00220925,-10,0,-10],
"0W0WSRWW":[-0.01764,3.24559,-10,-10],
"0G0WSS0S":[10.418,0,-10,0],
"SWGW0W0S":[-10,12.721,0,0],
"SWSWGGWW":[-10,-10,1.01931,-10],
"SWSSGWGW":[-10,-10,1.01263,0],
"GWSS0G0W":[11.9717,-10,0,0],
"0GWWWWSG":[0.597456,-10,-10,-10],
"RWSWWW0W":[-0.130657,-10,-10,0.176066],
"0S0SSWWW":[-0.985586,-0.399343,-10,-10],
"SR0G0SSW":[-10,0.67146,0,-10],
"RGSS0WWW":[-0.2,-10,0.804647,-10],
"SWRSWW0W":[-10,-1.15,-10,0],
"SS0SGGSW":[-10,0.28311,0,-10],
"0WGWSW0W":[-0.01,8.67702,-10,0],
"0GSRSWWW":[1.01979,-10,-10,-10],
"SWGW0WSW":[-10,10.554,0,-10],
"WWWWSW0R":[-10,-10,-10,-0.0351595],
"WWGG0WSS":[-10,2.18665,0,-10],
"0W0WGWSG":[0.455624,0,0,-10],
"SR0G0WSW":[-10,7.0641,0,-10],
"WWWW0WSG":[-10,-10,-0.0237102,-10],
"0WSSWWGW":[2.60687,-10,-10,0],
"0RGWSWSS":[-0.00524638,0,-10,-10],
"0SGWWWSG":[-0.00640635,1.16763,-10,-10],
"0G0WWWSG":[0,0,-10,-10],
"SW0SSR0W":[-10,-0.96,-10,0.346919],
"0SSWSWWW":[-3.15637,-10,-10,-10],
"WWSS0S0W":[-10,-10,-0.03439,3.40178],
"SR0W0G0G":[-10,-0.00999688,0.839703,0],
"RWSW0GWW":[-0.2,-10,-0.01,-10],
"0SSW0R0S":[-0.01095,-10,-0.01,0],
"GW0WSWSW":[3.98039,0,-10,-10],
"RWSWSS0W":[-0.18353,-10,-10,1.02699],
"SWSW0W0S":[-10,-10,2.1897,0],
"SS0WGW0R":[-10,-0.019,11.7246,0],
"0R0WSSWW":[-0.019,2.61523,-10,-10],
"0WWW0WSR":[-0.0386916,-10,1.11447,-10],
"SS0GWWWW":[-10,3.38726,-10,-10],
"SR0WSWSG":[-10,0.0424328,-10,-10],
"SW0W0GSR":[-10,-0.00439132,0.573849,-10],
"0WWWSRSW":[-0.0055818,-10,-10,-10],
"0GSGSW0W":[1.19703,-10,-10,0],
"SSSSSGSW":[-10,-10,-10,-10],
"SWSRGWWW":[-10,-10,1.29456,-10],
"SW0G0WRS":[-10,0.60099,0,0],
"0W0G0WSR":[-0.00679054,4.72511,0,-10],
"GS0G0WSS":[1.1912,0,0,-10],
"SWGW0GSW":[-10,1.3622,0,-10],
"SSGG0W0R":[-10,1,0,0],
"0G0SSWGW":[7.85904,0,-10,0],
"SWSW0S0W":[-10,-10,-0.00163553,4.41244],
"0W0R0GSW":[-0.01,-0.0230475,3.64037,-10],
"0GWW0WSG":[-0.01,-10,-0.01,-10],
"0RWWSW0G":[-0.00427639,-10,-10,0],
"0G0WSGSS":[0.998735,0,-10,-10],
"GGRWSS0W":[2.68009,0,-10,0],
"SW0WSWRS":[-10,0.270318,-10,0],
"0W0RWWSW":[1.86676,-0.019,-10,-10],
"0WSSSWRW":[-0.01,-10,-10,0.316487],
"SWGW0WSR":[-10,1.88913,0,-10],
"0WGG0WSR":[0.0162775,0,0,-10],
"SW0G0W0R":[-10,-0.01,2.61218,0],
"SWSW0WRW":[-10,-10,1.20129,0],
"SSSSSWWW":[-10,-10,-10,-10],
"GWSSSWWW":[8.30081,-10,-10,-10],
"0WRW0WSG":[0.153534,0,0,-10],
"SS0WGG0W":[-10,-0.0204991,17.8288,0],
"0WSWSSSS":[2.81557,-10,-10,-10],
"WWSSSG0W":[-10,-10,-10,1.76504],
"RW0WSW0S":[-0.2,1.08475,-10,0],
"SWSSRW0W":[-10,-10,-0.195137,1.10847],
"SRSWWW0W":[-10,-10,-10,2.47069],
"0GWWSS0G":[8.34242,-10,-10,-0.0188797],
"SSGWWW0R":[-10,2.15475,-10,0],
"0WRG0SSW":[-0.00289454,-0.0294433,0,-10],
"GSSW0W0W":[10.8847,-10,0,0],
"0S0RSS0S":[0.0568907,0,-10,0],
"SRSWSWSW":[-10,-10,-10,-10],
"0GSG0WWW":[1.03564,-10,0,-10],
"GR0SSS0W":[4.17532,0,-10,0],
"0WSWSSGW":[-0.00826289,-10,-10,4.89287],
"SR0W0WSS":[-10,-0.00758768,4.033,-10],
"0WSWSW0S":[1.54617,-10,-10,0],
"GRSS0W0W":[10.1698,-10,0,0],
"SR0GWWWW":[-10,1.08674,-10,-10],
"SS0G0G0W":[-10,8.90816,0,0],
"0WSWSG0W":[-0.0203155,-10,-10,3.52558],
"0WSS0S0W":[-0.0128118,-10,-0.01,6.49861],
"SSGW0W0S":[-10,3.41275,0,0],
"0WWWGWSW":[-0.00426408,-10,2.88166,-10],
"0SSW0SSG":[-0.96,-10,-0.969,-10],
"0SSWWW0W":[-0.0200827,-10,-10,2.69233],
"0G0W0RSS":[-0.01,2.05387,-0.01,-10],
"0WSSRS0W":[2.00714,-10,0,0],
"0R0WSW0W":[-0.0705327,-0.0756358,-10,3.80123],
"RSSGWW0G":[-0.135502,-10,-10,0],
"SGSWGW0R":[-10,-10,0.991469,0],
"SW0G0W0S":[-10,11.2025,0,0],
"0GWWWWSW":[1.30091,-10,-10,-10],
"RG0WWWSW":[1.73489,0,-10,-10],
"WW0WSSSS":[-10,1.4119,-10,-10],
"0W0WSR0G":[-0.0150538,-0.0145127,-10,1.33295],
"0S0WSWSS":[-0.00989705,4.8289,-10,-10],
"0SSWRW0W":[-0.00693865,-10,-0.142575,4.26182],
"RW0GSSWW":[-0.131391,0.565139,-10,-10],
"SS0W0WSG":[-10,-0.00558763,4.31388,-10],
"RWSW0W0W":[-0.205114,-10,-0.0119887,6.09418],
"RWGWSS0W":[-0.208467,1.51763,-10,0],
"0W0GSSSW":[3.43958,-0.01,-10,-10],
"SW0GSW0S":[-10,2.63157,-10,0],
"0R0W0SSW":[-0.0127768,2.88951,-0.0114412,-10],
"0W0GSWGW":[-0.0110827,0,-10,0],
"0SWWSSSW":[-2.60889,-10,-10,-10],
"SSSWRWWW":[-10,-10,0.520238,-10],
"RGSWWW0W":[0.68403,-10,-10,0],
"0SSWRG0W":[-0.00603324,-10,0,0],
"0RWWSS0W":[-0.01995,-10,-10,3.89241],
"0GSSWWRW":[-0.01,-10,-10,0.499076],
"0WSW0W0G":[-0.0861975,-10,4.30301,-0.0562612],
"SR0S0W0W":[-10,2.26223,0,0],
"0WSWWWGR":[0.428562,-10,-10,0],
"SWSSRS0W":[-10,-10,-0.2,0],
"WWSWSG0S":[-10,-10,-10,-3.60034],
"SSSWWW0G":[-10,-10,-10,0.872709],
"SSSWGW0W":[-10,-10,16.1931,0],
"0R0SSW0W":[-0.01,0.864753,-10,0],
"SG0GWWRW":[-10,0.0052767,-10,0],
"0WGWRWSS":[-0.00388483,11.2265,0,-10],
"SG0W0WSS":[-10,2.6614,0,-10],
"SW0WSWSW":[-10,2.55589,-10,-10],
"SWSSWW0R":[-10,-10,-10,0.00397267],
"SWRWWWSS":[-10,1.09231,-10,-10],
"0SSWWW0R":[0.766,-10,-10,-0.019],
"WW0W0SSS":[-10,1.28021,-0.019,-10],
"0SSSSWWW":[-0.887462,-10,-10,-10],
"WWRWSS0G":[-10,-0.140985,-10,0],
"SSSS0RWW":[-10,-10,-0.0151698,-10],
"0WWW0GSR":[-0.0114465,-10,0.850099,-10],
"SW0W0W0W":[-10,0.547422,5.65441,0.439562],
"SW0SGG0W":[-10,1.01906,0,0],
"0SSSGW0W":[-0.00998827,-10,13.9442,0],
"SRSW0WSW":[-10,-10,0.36717,-10],
"SWSGSS0G":[-10,-10,-10,0.213345],
"0SSGWW0W":[0.265866,-10,-10,0],
"SR0S0S0W":[-10,-0.01,0,0],
"RW0WGWSS":[-0.185611,2.05978,0,-10],
"0RSSWWSS":[-0.01,-10,-10,-10],
"SWWW0GRS":[-10,-10,-0.0126152,-0.196546],
"SSRW0WGW":[-10,-0.2,0.565314,0],
"0WGW0RSW":[-0.00346581,4.01562,0,-10],
"SS0W0R0G":[-10,0.796005,0,0],
"WWGRSWSS":[-10,1,-10,-10],
"0WRWSG0W":[0.682866,0,-10,0],
"GWRWSS0W":[13.0369,-0.168248,-10,0],
"0WGSSW0W":[0.427075,0,-10,0],
"WWSS0RWW":[-10,-10,-0.0439234,-10],
"SWSWSWSW":[-10,-10,-10,-10],
"GS0WSS0S":[4.28112,0,-10,0],
"GW0SSW0W":[13.6341,0,-10,0],
"0SSSWW0W":[-0.0120335,-10,-10,1.75406],
"SWSG0RWW":[-10,-10,0.219551,-10],
"SS0WWWSS":[-10,3.86096,-10,-10],
"RG0G0WSS":[0.783677,0,0,-10],
"SRSW0SSG":[-10,-10,-0.96,-10],
"WW0WSS0R":[-10,-0.985209,-10,0.481813],
"SS0S0WSW":[-10,-0.01,3.78407,-10],
"0WSG0SWW":[-0.00706502,-10,-0.96,-10],
"0S0WGWSS":[-0.01,3.09757,0,-10],
"0WSSSSGS":[0.819428,-10,-10,0],
"0W0S0SSW":[3.44461,0,0,-10],
"SS0WGGSW":[-10,0.559364,0,-10],
"0GSSSS0W":[8.16463,-10,-10,0],
"0S0S0RSS":[-0.0197925,0.687095,0,-10],
"0GRW0WSW":[3.47771,0,0,-10],
"SW0SGWGW":[-10,0.144367,0,0],
"0W0GSR0W":[-0.01,2.89994,-10,-0.01],
"SW0W0GSW":[-10,3.53461,-0.019,-10],
"0WSWGW0G":[-0.01,-10,1.58948,0],
"0W0WSG0G":[0.401059,0,-10,0],
"0WSSSW0G":[-0.00361366,-10,-10,0.794802],
"SG0W0GSW":[-10,1.60609,0,-10],
"GWSW0SWW":[1.21802,-10,0,-10],
"GWSW0WWW":[8.24737,-10,0,-10],
"RG0SSSWW":[0.525145,0,-10,-10],
"0WGRSSWW":[0.264438,0,-10,-10],
"SW0RWW0G":[-10,-0.00273086,-10,0],
"0G0SSSWW":[8.71603,0,-10,-10],
"SSSW0SSG":[-10,-10,-1.824,-10],
"SWSWRWSG":[-10,-10,-0.0397314,-10],
"SWSS0W0R":[-10,-10,0.773861,0],
"0W0WSGGW":[-0.0200947,0.491,-10,0],
"WW0R0SSW":[-10,-0.01,1.22492,-10],
"WW0WSGSW":[-10,-0.795703,-10,-10],
"GW0WSWWW":[12.0582,0,-10,-10],
"SW0W0G0R":[-10,-0.00937582,8.36535,0],
"0WWWSWRW":[-0.0158899,-10,-10,0.511136],
"GWSWSW0R":[3.20063,-10,-10,0],
"SS0W0G0R":[-10,-0.00989657,-0.00343346,2.38618],
"SWWW0GSW":[-10,-10,0.640177,-10],
"SRGW0WSS":[-10,4.26181,0,-10],
"0S0G0WSS":[-7.34506e-05,9.47957,0,-10],
"0RSGSWGW":[-0.00563116,-10,-10,0],
"SR0G0WSS":[-10,6.78851,0,-10],
"0W0GSG0W":[1.29837,-0.0100097,-10,-0.01],
"SWSSSWSS":[-10,-10,-10,-10],
"WWSWSR0W":[-10,-10,-10,0.756978],
"SWWW0G0R":[-10,-10,1.96213,-0.0169909],
"SR0SGWSW":[-10,0.0770257,0,-10],
"SS0WWWSR":[-10,-0.455104,-10,-10],
"SGSW0WWW":[-10,-10,0.0171051,-10],
"0WSSSSSW":[1.45702,-10,-10,-10],
"GW0RSS0W":[13.7454,0,-10,0],
"0WSWSW0G":[3.03903,-10,-10,0.0268957],
"0WSWSWSS":[0.658679,-10,-10,-10],
"0WSWWWRG":[-0.0114817,-10,-10,0],
"SG0W0GSS":[-10,0.670345,0,-10],
"WW0WSWSS":[-10,0.587136,-10,-10],
"SW0W0WGS":[-10,0.0707133,0,10.0952],
"SWGGWWSS":[-10,4.82508,-10,-10],
"0S0W0WSS":[-0.00486738,-0.01,4.5599,-10],
"SWSWSSSW":[-10,-10,-10,-10],
"SRSSWWSW":[-10,-10,-10,-10],
"GWSSSS0W":[11.8614,-10,-10,0.132473],
"0S0GWWSS":[-0.01,4.13862,-10,-10],
"SW0WRGSS":[-10,0.28694,0,-10],
"SS0S0SGW":[-10,-0.01,0,0],
"0W0WSG0R":[-0.01,-0.01,-10,0.770162],
"0RSWSWSS":[0.230742,-10,-10,-10],
"0SSWSG0W":[-0.01,-10,-10,1.05127],
"SWSG0W0W":[-10,-10,2.25804,-0.0219657],
"0SSWGW0W":[-0.01,-10,16.2076,0],
"SGSWWWSS":[-10,-10,-10,-10],
"0W0RSSSW":[-0.0205989,2.31918,-10,-10],
"SW0R0W0S":[-10,-0.0110138,4.41624,0],
"0W0WGSSS":[0.288495,0,0,-10],
"SWGG0W0W":[-10,11.7901,0,0],
"SS0WSWSS":[-10,4.12637,-10,-10],
"SG0WSWSW":[-10,0.264094,-10,-10],
"0SSW0R0W":[-0.01,-10,-0.00475983,5.85652],
"0WSGGW0W":[-0.00500602,-10,0,0],
"GG0WWWSS":[2.02413,0,-10,-10],
"0WWWWWSS":[1.76843,-10,-10,-10],
"GW0GSSWW":[11.7996,0,-10,-10],
"0WSSSSGW":[0.736119,-10,-10,0],
"RGSW0S0S":[2.20227,-10,0,0],
"SW0S0G0W":[-10,-0.01,-0.0143221,5.99607],
"0WWWGRSW":[-0.0120817,-10,0,-10],
"WW0WSWSG":[-10,0.0592759,-10,-10],
"0WSW0G0G":[-0.01,-10,4.62206,-0.01],
"0W0SSRWW":[-0.0103429,1.20698,-10,-10],
"SW0GWW0R":[-10,-0.0271,-10,0.0593733],
"WWSW0G0G":[-10,-10,0.632447,-0.0114703],
"SSSWSRSW":[-10,-10,-10,-10],
"0RSW0SWW":[0.539049,-10,-0.01,-10],
"SRSSGWWW":[-10,-10,1.11965,-10],
"0GSSSW0R":[0.558828,-10,-10,0],
"SGSW0W0W":[-10,-10,1.92402,-0.0475408],
"WWSS0WRW":[-10,-10,-0.0104663,0],
"SSGWRW0W":[-10,2.39318,0,0],
"0SSG0W0W":[1.0617,-10,0,0],
"0SSW0GSW":[-0.96,-10,-0.01,-10],
"0WSWGS0W":[2.35751,-10,0,0],
"WWSG0WWW":[-10,-10,-0.0308712,-10],
"0R0WSSSG":[0.434206,0,-10,-10],
"0RSWWW0G":[0.258169,-10,-10,-0.0206564],
"GG0WSSWW":[14.9916,0,-10,-10],
"0RSSSS0W":[0.757477,-10,-10,0],
"SWWW0G0W":[-10,-10,-0.01,4.16395],
"0GSSSW0G":[6.86582,-10,-10,0],
"0GSWSSWW":[3.7742,-10,-10,-10],
"RWSW0G0W":[-0.2,-10,-0.01,1.60429],
"SW0S0SWW":[-10,-0.01,0.0314797,-10],
"RWWWSWSG":[-0.290756,-10,-10,-10],
"GGWWSW0W":[3.84954,-10,-10,0],
"0SSS0W0S":[-0.01,-10,0.094337,0],
"SWRW0W0S":[-10,-0.2,2.32275,0],
"RWSW0W0G":[-0.16391,-10,0.174204,0],
"0W0GSW0S":[-0.0109294,8.4086,-10,0],
"SWRS0WGW":[-10,-0.20104,0,0],
"SS0G0W0W":[-10,9.00682,0.710541,-0.0449301],
"0WSWWW0G":[3.84167,-10,-10,-0.0299358],
"SRSGWW0W":[-10,-10,-10,0.520245],
"WWSR0W0W":[-10,-10,-0.0073412,1.57993],
"0GSSWWWW":[7.87143,-10,-10,-10],
"GW0WSSRG":[1.00621,0,-10,0],
"0WGWGWSS":[3.35204,0,0,-10],
"0GRGSS0W":[3.94345,0,-10,0],
"SSSRSS0W":[-10,-10,-10,0.561576],
"RG0WWWSS":[2.59584,0,-10,-10],
"SW0RGW0G":[-10,-0.01,1.42663,0],
"SR0GGWWW":[-10,0.835713,0,-10],
"SW0RWWSS":[-10,1.39253,-10,-10],
"SSSS0WSW":[-10,-10,0.407156,-10],
"SWGW0WGS":[-10,2.26472,0,0],
"GW0G0WSS":[9.99279,0,0,-10],
"SWSG0WWW":[-10,-10,2.64379,-10],
"SS0SGWWW":[-10,-0.01,10.4494,-10],
"SSSSWWWW":[-10,-10,-10,-10],
"0RWWSG0W":[-0.00601475,-10,-10,0.178715],
"0GSW0WRW":[0,-10,-0.01,0],
"WWSSSW0W":[-10,-10,-10,3.37242],
"RWGW0GSS":[-0.202281,0,0,-10],
"SWSSSWSG":[-10,-10,-10,-10],
"0WSW0WGG":[-0.0114817,-10,0.427723,0],
"WWRWSSSW":[-10,-0.161037,-10,-10],
"0RWWGWSS":[-0.01,-10,4.06229,-10],
"0WSWWW0R":[1.75011,-10,-10,-0.019],
"0WSGSSWW":[0.0954084,-10,-10,-10],
"WW0WSR0W":[-10,1.2558,-10,-0.898097],
"SWSWSG0S":[-10,-10,-10,-0.899868],
"0G0WGWSS":[-0.01,2.5659,0,-10],
"SRWW0W0W":[-10,-10,-0.0139307,2.58172],
"SWWWGW0G":[-10,-10,1.03734,0],
"SWSSSS0S":[-10,-10,-10,-1.01271],
"0G0RSW0W":[11.8732,0,-10,0],
"0G0W0SSS":[5.23449,0,0,-10],
"GWSWSSWW":[3.9729,-10,-10,-10],
"SGSSWW0G":[-10,-10,-10,1.06548],
"SWSSSSWW":[-10,-10,-10,-10],
"WWSWRW0G":[-10,-10,-0.0129561,0],
"0SSWWW0G":[2.19282,-10,-10,-0.0229912],
"0W0GGWSS":[-0.0118838,10.2926,0,-10],
"0RSS0G0W":[-0.01,-10,-0.01,5.69529],
"0SSSGWWW":[-0.01,-10,1.14279,-10],
"0RGWSS0W":[-0.012434,0,-10,0],
"0WWWRWSS":[0.350561,-10,-0.183971,-10],
"WW0WSS0S":[-10,-5.47182,-10,-4.30545],
"0WGGSS0R":[0.811333,0,-10,0],
"0S0S0RSW":[-0.01,0,0,-10],
"SWSR0GSW":[-10,-10,-0.01,-10],
"SWSW0WSW":[-10,-10,3.71006,-10],
"0SSS0WGW":[0.0193113,-10,0,0],
"SS0SGW0R":[-10,-0.01,0,0],
"WW0WSWGW":[-10,-0.00627095,-10,1.16743],
"WW0GSSSW":[-10,3.25584,-10,-10],
"SS0W0GGW":[-10,-0.00608648,7.4283,0],
"SWSW0SSS":[-10,-10,-0.728095,-10],
"0W0SSW0W":[-0.0300741,-0.891339,-10,4.71883],
"SSSGSWWW":[-10,-10,-10,-10],
"SWGSSW0W":[-10,0.05,-10,0],
"SWSR0SWW":[-10,-10,-0.96,-10],
"0RSS0W0W":[-0.0271,-10,-0.00843921,7.15642],
"SS0GWW0G":[-10,0.0802279,-10,-0.0131352],
"0WSWSGSS":[0.285567,-10,-10,-10],
"0WWWWWSR":[0.154057,-10,-10,-10],
"SS0W0GRG":[-10,0.581502,0,0],
"0W0WSS0S":[0.111493,4.46338,-10,-0.019855],
"SS0W0WGS":[-10,-0.0156908,1.33227,0],
"SS0W0GSS":[-10,4.04089,0,-10],
"0WSS0WRW":[-0.0164552,-10,0.571303,-0.2],
"SWWW0GSS":[-10,-10,0.54291,-10],
"SW0W0G0S":[-10,-0.0145037,-0.014477,0.0952396],
"SSGRWWSW":[-10,2.18692,-10,-10],
"0WSWSRWW":[-0.0189203,-10,-10,-10],
"RWSSSWWW":[-0.387091,-10,-10,-10],
"WWWW0GSS":[-10,-10,1.69963,-10],
"0G0RGWSW":[0.318633,0,0,-10],
"SRSW0G0W":[-10,-10,0.312672,0],
"SW0WRWWW":[-10,2.58138,-0.2,-10],
"GW0WWWSS":[8.47394,0,-10,-10],
"GWSSRW0W":[5.23589,-10,0,0],
"SWSSWWGW":[-10,-10,-10,8.56911],
"0SRW0WSW":[1.2452,0,0,-10],
"0WGWSWSW":[0.368192,0,-10,-10],
"SSSW0RGW":[-10,-10,-0.01,0],
"GWSW0R0W":[5.99548,-10,0,0],
"SW0RWW0W":[-10,-0.0303678,-10,1.58702],
"SWSWSG0W":[-10,-10,-10,0.42735],
"SSSWSS0W":[-10,-10,-10,1.94488],
"SW0W0WRG":[-10,-0.0116514,1.75298,0],
"0WSS0S0G":[0.487028,-10,0,0],
"RG0W0WSS":[-0.2,3.49341,0,-10],
"0WSS0G0W":[-0.0321339,-10,8.00008,-0.00287916],
"SS0SSS0S":[-10,0.21247,-10,0],
"0RSW0S0S":[0.94937,-10,-0.01,-0.01],
"0RSWSWSW":[0.0309478,-10,-10,-10],
"0RWWSS0G":[-0.019,-10,-10,0.257541],
"GW0WSSRW":[11.4645,0,-10,0],
"SG0WGWSW":[-10,1.14521,0,-10],
"0GWWWWSS":[5.74423,-10,-10,-10],
"0SSSGWSS":[-0.96,-10,0,-10],
"0SSW0W0W":[-0.0166169,-10,0.547135,6.26262],
"GW0WSR0W":[8.26497,0,-10,0],
"SWSG0WRW":[-10,-10,0.241535,0],
"0SSWSS0W":[-0.01,-10,-10,1.48221],
"SSSGGWWW":[-10,-10,2.96086,-10],
"SRSSWW0G":[-10,-10,-10,1.43529],
"RWWW0WSW":[-0.206836,-10,-0.019,-10],
"SR0WSW0S":[-10,0.4332,-10,0],
"SG0WWW0W":[-10,-0.0289935,-10,1.88116],
"WWWW0SSG":[-10,-10,-0.01,-10],
"SSGWWW0W":[-10,12.4757,-10,0],
"WW0WGSSW":[-10,1.5477,0,-10],
"SW0WGWSS":[-10,1.33507,0,-10],
"SSWW0WSW":[-10,-10,2.19829,-10],
"0WWWSRSS":[-0.257377,-10,-10,-10],
"SS0S0WRW":[-10,-0.01,2.04645,0],
"0W0GSRSW":[0.726233,0,-10,-10],
"WW0R0WSW":[-10,-0.01,3.28013,-10],
"SRSG0WSW":[-10,-10,0.480146,-10],
"SWRG0W0S":[-10,0.988087,0,0],
"0SGGWWSS":[0.917434,0,-10,-10],
"0W0R0SSW":[3.04966,-0.01,-0.00331796,-10],
"0G0WSW0G":[10.8636,0,-10,0],
"0WWW0WSG":[0.311098,-10,-0.990933,-10],
"GW0WSW0S":[12.9403,0,-10,0],
"SW0GWW0S":[-10,3.13015,-10,-0.01],
"GWSSWWWW":[9.81479,-10,-10,-10],
"GW0W0RSW":[1.05246,0,0,-10],
"0SSW0WWW":[-0.0141276,-10,4.37777,-10],
"0G0WSWSS":[9.26111,0.0421959,-10,-10],
"SWWWWW0S":[-10,-10,-10,-0.882165],
"WW0SSS0S":[-10,0.0902309,-10,0],
"0G0WSG0W":[4.66461,0,-10,0],
"0GWWSS0W":[8.52625,-10,-10,0.0689153],
"0W0RSS0G":[1.66336,0,-10,0],
"SWGW0WWW":[-10,3.54781,0,-10],
"0WWW0GSG":[-0.96,-10,0,-10],
"SW0W0RWW":[-10,3.01436,-0.01,-10],
"0W0W0GSG":[0.264981,0,0,-10],
"0SRG0WSW":[-0.01,0.746558,0,-10],
"0WSWRWWW":[0.782231,-10,-0.110676,-10],
"SW0GWWRW":[-10,-0.01,-10,0],
"0GGW0WSS":[10.2204,0,0,-10],
"WWSW0W0R":[-10,-10,2.77838,-0.0271],
"SR0W0WSW":[-10,-0.0101763,3.80046,-10],
"SS0WWW0R":[-10,-0.823285,-10,0.285492],
"SWSW0G0R":[-10,-10,3.79676,0],
"SSSR0GWW":[-10,-10,2.06845,-10],
"0G0G0WSS":[10.3703,0,0,-10],
"0WWWGWSS":[-0.01,-10,10.9955,-10],
"RGSW0W0W":[-0.200499,-10,1.74389,0],
"SWRW0GGW":[-10,-0.195101,0,0],
"0G0RSW0S":[4.81585,0,-10,0],
"0R0WSWWW":[-0.01095,3.25354,-10,-10],
"SWSRSSSW":[-10,-10,-10,-10],
"WWWWGWSW":[-10,-10,1.73809,-10],
"SWSSWW0G":[-10,-10,-10,3.32642],
"0WGW0GSW":[-0.00794,8.67732,0,-10],
"0RSSSGSW":[0.0959505,-10,-10,-10],
"0WWWRWSG":[-0.01,-10,0,-10],
"GWSW0W0G":[1.02638,-10,0,0],
"WWSGRW0W":[-10,-10,0,-0.01095],
"SS0WWWRW":[-10,0.197558,-10,-0.142],
"WWSSRW0G":[-10,-10,0.389423,0],
"WWGWSSWW":[-10,4.88892,-10,-10],
"0GSWSWWW":[3.16763,-10,-10,-10],
"SS0GGR0W":[-10,0.725041,0,0],
"GWRWSSWW":[3.32339,0,-10,-10],
"GW0S0SSW":[1.24508,0,0,-10],
"WWSWGWWW":[-10,-10,1.03275,-10],
"WW0RGWSS":[-10,-0.01,1.49097,-10],
"SSSWWW0W":[-10,-10,-10,0.0282207],
"SS0S0G0G":[-10,-0.01,0,0],
"0WSR0S0W":[0.0773312,-10,0,0],
"RW0SSGWW":[0.0411571,0,-10,-10],
"0W0W0GSS":[-0.0588511,4.34947,-0.0637516,-10],
"SGSW0W0G":[-10,-10,0.118554,0],
"SSSWWWWW":[-10,-10,-10,-10],
"SSGW0W0W":[-10,13.1195,0,0],
"WWSW0W0G":[-10,-10,4.49783,-0.02805],
"WW0GSSWW":[-10,2.65596,-10,-10],
"SWGW0WSS":[-10,12.5499,-0.0135789,-10],
"SS0W0GSW":[-10,-0.00310784,9.16547,-10],
"SR0GWWSW":[-10,1.14316,-10,-10],
"0W0W0RSG":[-0.0113332,0.82606,0,-10],
"0R0W0GSW":[-0.00502981,0.713669,0,-10],
"SSWW0RSS":[-10,-10,0.130139,-10],
"SS0WGWSW":[-10,2.87372,0,-10],
"0SSSGW0G":[-0.01,-10,0,0],
"SWSWSWRG":[-10,-10,-10,-0.0947406],
"SW0W0R0W":[-10,-0.034156,-0.03439,3.86488],
"SS0GGWWW":[-10,6.29651,0,-10],
"0S0RGWSW":[-0.01,0.0746125,0,-10],
"GGSS0W0W":[18.2471,-10,0,0],
"GR0WSW0W":[8.59706,0,-10,0],
"WWRWSS0W":[-10,-1.33035,-10,-0.110252],
"WWWWSSGW":[-10,-10,-10,3.10364],
"0GSW0RWW":[-0.01,-10,0,-10],
"0RSWGW0W":[-0.01,-10,5.31313,-0.00221993],
"0WSGWWWW":[-0.0124538,-10,-10,-10],
"SS0W0GWW":[-10,-0.0115699,10.3716,-10],
"GR0WSWGW":[2.49069,0,-10,0],
"SW0G0WSG":[-10,1.77094,0,-10],
"0W0SSWSW":[3.32859,0,-10,-10],
"WWSW0S0G":[-10,-10,-0.188555,0.621764],
"SW0GWWGS":[-10,0.101185,-10,0],
"0W0WSSSS":[-0.01,4.36373,-10,-10],
"SSRWSW0S":[-10,0.731186,-10,0],
"SS0G0WGW":[-10,-0.01,2.39029,0],
"0GSS0WWW":[8.53563,-10,-0.0269163,-10],
"0WSWSW0R":[2.4835,-10,-10,0],
"GW0RSW0W":[13.3237,0,-10,0],
"WWSSSWSW":[-10,-10,-10,-10],
"SSSWSSSS":[-10,-10,-10,-10],
"SW0W0SSW":[-10,-0.00728209,0.21418,-10],
"0S0G0WSW":[-0.00174493,9.4123,-0.0170997,-10],
"0WSWGG0W":[0.733725,-10,0,0],
"0SSSSWRW":[-0.01,-10,-10,0],
"0WSWSWSW":[1.73307,-10,-10,-10],
"0WSS0GWW":[-0.0681342,-10,5.61794,-10],
"0W0SSS0W":[3.97705,0,-10,0],
"WWSSGG0W":[-10,-10,1.29723,0],
"GWSWSS0W":[7.44634,-10,-10,0],
"0WSSWWRW":[0.503845,-10,-10,-0.0374342],
"0WWWSSSW":[2.67291,-10,-10,-10],
"0GSS0SWW":[1.37182,-10,0,-10],
"0GSR0W0W":[0.466186,-10,-0.0159458,-0.0161454],
"SW0R0WWW":[-10,-0.019,4.50493,-10],
"WW0W0WSG":[-10,1.12736,-0.0247918,-10],
"0WSW0SSR":[0.298649,-10,0,-10],
"SWGWWW0W":[-10,11.6621,-10,0],
"0RSSWWGW":[-0.01,-10,-10,1.51751],
"0S0W0RSW":[-0.01,1.05638,0,-10],
"0W0WSWGR":[-0.01,-0.011539,-10,0],
"0G0WRWSS":[-0.01,2.52485,0,-10],
"0W0WSRSS":[1.9738,0,-10,-10],
"0GSWRW0W":[1.42726,-10,0,0],
"SWRS0S0W":[-10,-1.15,0,0],
"0SSSRG0W":[-0.01,-10,1.21549,0],
"SW0WGRWW":[-10,0.126512,0,-10],
"0W0S0RSW":[0.084281,0,0,-10],
"SSRG0WWW":[-10,-0.0142686,0.769605,-10],
"0G0R0WSW":[4.52742,0,0,-10],
"SS0WGWGW":[-10,0.682143,0,0],
"SSRG0WSW":[-10,0.995248,0,-10],
"0G0SSW0W":[10.1936,0,-10,0.0980228],
"0W0G0GSW":[0.072555,0,6.6618,-10],
"WW0RSSWW":[-10,0.499654,-10,-10],
"0SSWSW0R":[0.138074,-10,-10,0],
"0W0SSSWW":[-0.0354027,2.42167,-10,-10],
"RWSW0WGW":[-0.145127,-10,-0.01,2.63223],
"0WSG0S0W":[-0.0018473,-10,0.217579,0],
"0R0GSWWW":[-0.01,2.45305,-10,-10],
"WWGWGWSS":[-10,2.13132,0,-10],
"SG0W0W0G":[-10,-0.011805,0.578147,0],
"0G0GSSWW":[-0.0108165,6.51601,-10,-10],
"SGWW0W0G":[-10,-10,0,0],
"SW0W0W0S":[-10,5.31147,0.112075,-0.0189224],
"SWSWSWSG":[-10,-10,-10,-10],
"SR0WWW0S":[-10,1.9808,-10,0],
"0SWW0GSR":[-0.96,-10,0,-10],
"SSGG0W0W":[-10,13.7027,0,0],
"SG0W0WGW":[-10,0.246081,0,0],
"SWSWSW0W":[-10,-10,-10,4.6881],
"SWWW0W0G":[-10,-10,-0.020805,1.41396],
"SW0WWWSG":[-10,0.0749582,-10,-10],
"0GWW0WSW":[3.22156,-10,-0.989955,-10],
"0S0WSG0S":[-0.00284415,-0.01,-10,-0.01],
"0WSRWW0G":[0.470595,-10,-10,0],
"SRWWWWSS":[-10,-10,-10,-10],
"GSSS0GWW":[0.05,-10,0,-10],
"0WWWSGRW":[-0.0154888,-10,-10,0],
"SS0RWW0W":[-10,0.770833,-10,-0.922134],
"0GSS0W0W":[11.0497,-10,-0.0390928,0.40974],
"SWSW0W0G":[-10,-10,-0.0252413,1.83675],
"RWSWSSWW":[-0.354105,-10,-10,-10],
"SSRWGW0W":[-10,-0.167642,9.19314,0],
"0WRG0WSS":[0.467357,0,0,-10],
"0WSWSS0G":[2.98864,-10,-10,-0.019],
"0G0WSS0G":[11.8334,0,-10,0.0814993],
"0S0SSWSW":[-0.01,1.13717,-10,-10],
"RW0WSS0G":[0.185995,0,-10,0],
"SS0S0WGG":[-10,0.20907,0,0],
"0R0W0WSG":[-0.0162183,0.66188,0,-10],
"WWWWSG0W":[-10,-10,-10,-0.0241574],
"0W0WGWSR":[0.61428,0,0,-10],
"WW0GSSRW":[-10,-0.01,-10,0],
"0S0WGRSS":[-0.01,0,0,-10],
"SWSWGWGW":[-10,-10,1.04024,0],
"SWSWSS0W":[-10,-10,-10,1.26024],
"WWWWSW0S":[-10,-10,-10,-4.57568],
"SG0W0WSW":[-10,0.284817,-0.0156538,-10],
"SW0W0GGW":[-10,-0.0117789,-0.017306,10.0723],
"SWSS0GGW":[-10,-10,0.111853,0],
"0WSWSWSG":[1.06982,-10,-10,-10],
"SW0SRSSW":[-10,0.166644,0,-10],
"SW0S0WRW":[-10,-0.00400036,1.14344,-0.0770294],
"SS0GRGSS":[-10,0.603637,0,-10],
"SSGWGW0W":[-10,5.88232,0,0],
"WWSW0SSS":[-10,-10,-0.96,-10],
"0SRWSWSW":[-0.01,0.168796,-10,-10],
"0GRWSSSW":[0.994604,0,-10,-10],
"0WSRGW0W":[-0.0157399,-10,2.08823,0],
"SS0WSSSS":[-10,1.40706,-10,-10],
"WW0W0RSW":[-10,-0.0297114,2.55013,-10],
"SW0GWWSW":[-10,4.48154,-10,-10],
"SS0W0RSS":[-10,0.367826,-0.019,-10],
"0W0GSWSW":[-0.0259927,2.86053,-10,-10],
"WWWW0GSW":[-10,-10,0.186112,-10],
"SSRG0W0W":[-10,2.87361,0,0],
"GW0RSWGW":[1.33797,0,-10,0],
"0R0G0SSW":[-0.00405249,0.779425,0,-10],
"RSSS0WWW":[-1.15,-10,0.0570687,-10],
"SS0G0W0G":[-10,-0.01,2.47416,0],
"0GGWWWSW":[1.50163,0,-10,-10],
"SSGS0GSS":[-10,1.30912,0,-10],
"SWWW0WSR":[-10,-10,-0.520123,-10],
"SSSWWWSW":[-10,-10,-10,-10],
"0WRW0WSS":[-0.00711526,-0.201092,3.53125,-10],
"0W0RSG0W":[0.418491,0,-10,0],
"0WSSSR0G":[0,-10,-10,0.205974],
"0GSSWWGW":[2.71908,-10,-10,0],
"GWWW0WSW":[3.58232,-10,0,-10],
"0S0WSW0S":[1.64027,-0.0713277,-10,-0.019],
"WW0W0GSS":[-10,2.96252,-0.0494197,-10],
"0WGW0RSS":[-0.0150962,14.4379,0,-10],
"WWRWSSSS":[-10,-0.0881451,-10,-10],
"0G0G0WSW":[-0.0101562,9.62705,-0.01,-10],
"SWRS0WSS":[-10,-0.190028,0,-10],
"SR0WWWSW":[-10,2.27451,-10,-10],
"SW0R0W0G":[-10,-0.0271,1.53468,-0.0271],
"RWGW0WSS":[-0.165043,11.137,0,-10],
"GGSW0WWW":[1.07633,-10,0,-10],
"SS0SSGSS":[-10,-0.01,-10,-10],
"0RWW0WSW":[0.242638,-10,-0.0101752,-10],
"SWWW0WSG":[-10,-10,0.483254,-10],
"SWRWWW0S":[-10,0.606284,-10,-0.96],
"SW0SGS0W":[-10,-0.01,6.70791,0],
"SG0W0WWW":[-10,0.708181,-0.0138395,-10],
"WW0R0WSG":[-10,-0.01,0,-10],
"GWWWSS0S":[10.1812,-10,-10,0],
"SS0W0SSW":[-10,-0.01095,0.65319,-10],
"SSSW0W0R":[-10,-10,0.407987,0],
"SS0W0WRW":[-10,-0.01,5.66499,-0.0202391],
"SSWW0S0G":[-10,-10,-0.0295321,0],
"WWWWSSSW":[-10,-10,-10,-10],
"0G0WSW0S":[10.8627,0,-10,0],
"GR0WSS0W":[13.3361,0,-10,-0.0115872],
"SRSSWW0W":[-10,-10,-10,1.79718],
"0WRSSS0W":[1.53181,0,-10,0],
"0G0W0GSR":[0.0637395,0,0,-10],
"SWSS0R0G":[-10,-10,-0.01,0.471482],
"GWWWSSSS":[3.58694,-10,-10,-10],
"0GSW0W0G":[4.87542,-10,0,0],
"SWWW0W0R":[-10,-10,2.44878,-0.0148533],
"SS0RSWSW":[-10,-0.01,-10,-10],
"WWSSSSRW":[-10,-10,-10,-0.131556],
"0S0GGWSW":[-0.01,2.81097,0,-10],
"SW0SWW0W":[-10,-0.0140262,-10,3.81494],
"GWRWSW0W":[2.64269,0,-10,-0.01095],
"RSGW0WSW":[0.0626178,0,0,-10],
"SW0WGW0W":[-10,0.129665,15.2493,-0.011805],
"0WSR0G0W":[-0.00841211,-10,-0.0165005,0.351081],
"SWGW0W0W":[-10,13.378,0.0437842,-0.0110403],
"WWSS0W0W":[-10,-10,4.99834,-0.0478962],
"0G0SSR0G":[0.386605,0,-10,0],
"SS0R0WSW":[-10,-0.01,4.7782,-10],
"SW0R0S0S":[-10,-0.01,0.379552,0],
"0WSW0WRW":[2.55666,-10,-0.0248312,-0.203955],
"0GSSGR0W":[0.185556,-10,0,0],
"0S0S0SSW":[0.426519,0,0,-10],
"SW0R0WGW":[-10,0,0,3.53121],
"GGWWWWSS":[2.61906,-10,-10,-10],
"0R0WWWSG":[-0.00926493,-0.000274812,-10,-10],
"0W0SSWGW":[1.08903,0,-10,0],
"SWRS0WSW":[-10,-0.00968039,0.926289,-10],
"WW0WSW0W":[-10,1.50345,-10,-0.081352],
"0WWWSR0W":[1.56493,-10,-10,-0.0313482],
"0SSSWWGS":[-0.01,-10,-10,0],
"0WSW0SSS":[2.04499,-10,-0.96,-10],
"SWWW0G0S":[-10,-10,2.38903,0],
"GW0WSW0W":[14.8447,-0.01,-10,0.0422679],
"WW0WSS0G":[-10,-0.0515225,-10,1.55149],
"0S0RSS0W":[0.00879538,0,-10,0],
"0G0SSG0W":[1.0711,0,-10,-0.0156279],
"SW0W0RSS":[-10,2.98901,-0.01,-10],
"WW0W0WSR":[-10,-0.0158322,1.56777,-10],
"SWWWWWSW":[-10,-10,-10,-10],
"SWWW0R0G":[-10,-10,-0.01,0.0117537],
"SW0WWW0S":[-10,3.82676,-10,-0.958187],
"GSSGSW0W":[1,-10,-10,0],
"SRSWGW0W":[-10,-10,3.01987,0],
"SR0W0W0G":[-10,-0.0131016,3.18782,0],
"SRSWWW0G":[-10,-10,-10,0.733299],
"SSSW0WWW":[-10,-10,4.97811,-10],
"0RWW0WSS":[0.987023,-10,-0.97428,-10],
"0SSGSWSW":[0.243589,-10,-10,-10],
"0GSWWWWW":[1.0109,-10,-10,-10],
"SWSW0R0W":[-10,-10,-0.019,3.94872],
"0WSWGW0R":[-0.0111299,-10,1.12379,0],
"SSSWSS0G":[-10,-10,-10,-0.01],
"0WSWSWGW":[-0.0197333,-10,-10,7.95145],
"SWSWRWGW":[-10,-10,0.000146055,0],
"SW0W0WSG":[-10,-0.0110403,4.56483,-10],
"0W0SSSRW":[0.934799,0,-10,0],
"SWWWSSSS":[-10,-10,-10,-10],
"GWWWSS0R":[9.69262,-10,-10,0],
"SR0GWWSS":[-10,1.00589,-10,-10],
"0G0WSR0W":[10.3826,0,-10,0],
"WW0G0RSS":[-10,4.56913,-0.01,-10],
"SS0W0WWW":[-10,4.27315,-0.0901695,-10],
"WWSWRW0W":[-10,-10,-0.20095,0.569417],
"0GSW0R0W":[-0.01,-10,-0.01,3.86376],
"SWSSSW0R":[-10,-10,-10,-0.01],
"WWSWSW0S":[-10,-10,-10,-3.56289],
"0R0WSGWW":[0.118249,0,-10,-10],
"0WSGSWWW":[0.63847,-10,-10,-10],
"SSSR0G0W":[-10,-10,-0.01,0],
"WW0GSS0W":[-10,4.40137,-10,-0.985418],
"0WSS0S0S":[0.139592,-10,0,0],
"SWSW0SSR":[-10,-10,-0.01,-10],
"SS0G0GWW":[-10,-0.01,8.1592,-10],
"0WSRSS0W":[0.607087,-10,-10,0],
"SG0W0G0W":[-10,-0.000152966,-0.00892985,0.604887],
"0G0SSS0R":[6.56732,0,-10,0],
"SWRSWWSS":[-10,0.257862,-10,-10],
"GW0SSSGW":[4.18586,0,-10,0],
"0W0WSSSW":[-0.0207556,3.80294,-10,-10],
"SWRW0W0W":[-10,-0.202883,4.12008,-0.028662],
"SGSSWWGW":[-10,-10,-10,2.96451],
"0G0W0WSS":[10.3989,-0.0337131,-0.0321242,-10],
"SS0GSW0S":[-10,0.933656,-10,0],
"0WSSGG0W":[1.97773,-10,0,0],
"0W0GRWSS":[0.023371,10.729,0,-10],
"SRSSWWGG":[-10,-10,-10,1.13487],
"0WGG0WSS":[4.3279,0,0,-10],
"0S0W0GSW":[-0.011361,-0.0198914,7.31863,-10],
"SSGW0WSW":[-10,13.4174,0,-10],
"0W0WSRSW":[-0.0109603,1.27354,-10,-10],
"0W0SSSGW":[1.2071,0,-10,0],
"0SGWWWSS":[-0.00204622,9.67161,-10,-10],
"RWGW0WSW":[-0.198154,1.16656,0,-10],
"0RSWWWWW":[0.248815,-10,-10,-10],
"0W0WSWWW":[0.210993,3.69409,-10,-10],
"SSGS0WSW":[-10,2.0142,0,-10],
"0W0GSW0W":[-0.0328103,4.73673,-10,-0.03439],
"WW0WRWSG":[-10,0.0778513,0,-10],
"0WRWWWSW":[0.970628,0,-10,-10],
"WW0WSSGW":[-10,-0.00975741,-10,9.8707],
"0GSWWW0W":[7.4946,-10,-10,0],
"0RWWSSSG":[-0.019855,-10,-10,-10],
"0G0G0RSW":[0.100371,0,0,-10],
"WWWW0RSS":[-10,-10,-0.0544562,-10],
"0W0GWWSG":[1.19129,-0.01,-10,-10],
"0G0RSS0S":[5.25621,0,-10,0],
"0W0WSW0S":[-0.00110896,7.58262,-10,0],
"RG0SSWWW":[-0.0597273,0.330689,-10,-10],
"RW0WSS0S":[-0.0570949,1.10599,-10,0],
"SWWWWW0R":[-10,-10,-10,-0.0428444],
"0W0GSWWW":[-0.01,3.48686,-10,-10],
"WW0WSW0S":[-10,0.643125,-10,-0.96],
"WWSS0WWW":[-10,-10,2.43527,-10],
"0W0GWWSW":[3.43407,0.192789,-10,-10],
"SWSWGR0W":[-10,-10,1.17208,0],
"0W0WSSGW":[-0.0222172,-0.0217255,-10,15.0929],
"SRSWSW0W":[-10,-10,-10,0.214288],
"SSSWRW0W":[-10,-10,-0.103929,2.01021],
"0S0W0WSW":[-0.01,3.90622,-0.00895006,-10],
"0WSW0S0R":[0.923014,-10,0,0],
"0WSWWWWW":[1.86243,-10,-10,-10],
"0G0GSWSW":[0,0,-10,-10],
"0WGS0SSS":[0.683419,0,0,-10],
"0W0RSSWW":[-0.0213219,1.9998,-10,-10],
"0RSSSWWW":[-0.0460077,-10,-10,-10],
"WWSWSRSW":[-10,-10,-10,-10],
"WW0SSWSW":[-10,-2.18165,-10,-10],
"0WWW0GSW":[-0.970972,-10,1.13048,-10],
"0G0RWWSS":[3.66797,0,-10,-10],
"0W0R0WSG":[-0.0267102,-0.01,2.25974,-10],
"0WSSSWWW":[2.02784,-10,-10,-10],
"WW0WSG0W":[-10,1.27345,-10,-0.869007],
"0WRSSWWW":[0.289434,-0.20095,-10,-10],
"WWSWSRWW":[-10,-10,-10,-10],
"0GGWSW0S":[2.82811,0,-10,0],
"SW0S0SSG":[-10,-0.0939156,0,-10],
"0SGSSWSG":[-0.96,0,-10,-10],
"GW0W0WSS":[13.1358,-0.0118862,0,-10],
"SS0WSW0S":[-10,3.027,-10,-0.96],
"SWRWWW0G":[-10,-0.20095,-10,-0.019],
"SW0GWWSS":[-10,3.70041,-10,-10],
"0R0GWWSS":[-0.0144513,2.66418,-10,-10],
"0W0W0WRG":[-0.01,-0.01,-0.01,0],
"SW0GWW0W":[-10,3.39251,-10,-0.0465551],
"SW0S0W0G":[-10,-0.00751949,-0.01,3.55054],
"0WSS0WGW":[-0.0129061,-10,3.02834,0],
"SSSSSSRS":[-10,-10,-10,-0.2],
"SW0R0WSW":[-10,-0.01095,5.22968,-10],
"0WSG0W0G":[0.389538,-10,0,0],
"0SGWGWSS":[0.481737,0,0,-10],
"SSSWWWRG":[-10,-10,-10,-0.147013],
"0SSWWWGG":[-0.01,-10,-10,0],
"SS0WWWGG":[-10,-0.00326974,-10,2.89889],
"SW0G0G0W":[-10,7.54738,0,0],
"0WGW0WSR":[-0.01,5.14854,0,-10],
"SW0G0WSS":[-10,10.4917,0,-10],
"0WSWGWWW":[-0.01,-10,11.0387,-10],
"SSSGWW0R":[-10,-10,-10,-0.01],
"0WWWSWSS":[2.49989,-10,-10,-10],
"SWSWSW0G":[-10,-10,-10,0.22609],
"WW0WSWSW":[-10,0.731378,-10,-10],
"SGWW0WSW":[-10,-10,-0.019,-10],
"WW0G0WSS":[-10,8.66283,0,-10],
"WW0WSR0S":[-10,-0.0143778,-10,-0.96],
"GWSS0WWW":[11.4537,-10,0,-10],
"0WSSWWWW":[2.90871,-10,-10,-10],
"RW0WSWSW":[-0.211725,1.90046,-10,-10],
"SWSS0SSW":[-10,-10,-0.89509,-10],
"0W0GGWSW":[-0.01,6.9891,0,-10],
"SWRW0WSW":[-10,-0.203404,2.25092,-10],
"GWRWSWSW":[1.01017,0,-10,-10],
"SS0W0G0G":[-10,-0.01,-0.00963445,9.07729],
"0W0GRSSS":[0.213027,0,0,-10],
"WWSG0G0W":[-10,-10,-0.01,0],
"GG0WSS0W":[22.6241,0,-10,0],
"WW0WSSWW":[-10,2.04511,-10,-10],
"SSWWRW0G":[-10,-10,-0.159419,0],
"0RGGSS0W":[-0.01,0,-10,0],
"SWSSSSSG":[-10,-10,-10,-10],
"RSSWGW0W":[-0.0963016,-10,0,0],
"0GWWSS0R":[9.10797,-10,-10,0],
"SWSW0RWW":[-10,-10,-0.0221174,-10],
"0S0SSWSS":[-0.01095,0.242384,-10,-10],
"0S0GWWSW":[2.94013,-0.01,-10,-10],
"GW0WSS0W":[13.6843,0.0613927,-10,0.374228],
"0GGR0WSS":[0.812395,0,0,-10],
"0WSGRWWW":[-0.01,-10,0,-10],
"SWSSSSSS":[-10,-10,-10,-10],
"0WWW0RSS":[-0.150649,-10,0.103896,-10],
"SWSWWW0G":[-10,-10,-10,2.13863],
"GWWWSS0W":[13.3663,-10,-10,-0.0187959],
"SWSW0G0W":[-10,-10,-0.0153745,5.48328],
"WWWWRGSS":[-10,-10,-0.393798,-10],
"0SSRWW0W":[0.744791,-10,-10,0],
"SW0RGWGW":[-10,-0.00849495,2.36671,0],
"0W0WSW0G":[-0.0715709,-0.0749858,-10,5.38585],
"RWSSWW0W":[-0.218227,-10,-10,2.68887],
"SWRSSG0W":[-10,-0.194369,-10,0],
"GSSS0W0W":[11.7695,-10,0,0],
"0GSRSW0G":[1.42285,-10,-10,0],
"SS0WRWGW":[-10,0.51972,0,0],
"0WSR0GWW":[-0.01113,-10,0,-10],
"GW0WSWRG":[1.39483,0,-10,0],
"GWSSWW0W":[13.6649,-10,-10,0],
"SS0W0S0R":[-10,-0.01,0.146324,0],
"0GSR0WWW":[0.147215,-10,0,-10],
"SW0W0R0G":[-10,-0.0239227,0.203871,-0.0111152],
"0WSWSWRS":[0.504596,-10,-10,0],
"WWSWSGSS":[-10,-10,-10,-10],
"SW0WGWWW":[-10,-0.01,15.1351,-10],
"SSSS0G0S":[-10,-10,0.0131445,0],
"SW0WRW0G":[-10,-0.01,0,0],
"0RSW0G0W":[-0.01,-10,0.865725,0],
"0WSW0W0W":[0.0274938,-10,0.346187,6.14],
"SRSS0G0W":[-10,-10,-0.01,1.31772],
"0R0SSWWW":[-0.01095,2.2048,-10,-10],
"0WSS0W0W":[0.513303,-10,1.06485,5.9671],
"RG0SSW0W":[-0.0921365,0.242091,-10,0],
"0RWWWWSS":[0.329481,-10,-10,-10],
"RWSS0G0W":[-0.0378924,-10,-0.01,3.9244],
"SWWW0RSG":[-10,-10,-0.011805,-10],
"0GSW0RGW":[-0.01,-10,0,0],
"0W0GSSGW":[-0.011805,0.0211154,-10,0],
"SS0S0RWW":[-10,-0.01,0.359817,-10],
"0G0WSSRW":[11.3764,-0.0124205,-10,-0.201699],
"SSWWWWSS":[-10,-10,-10,-10],
"SW0W0GWW":[-10,4.06461,-0.0404428,-10],
"SWSSRWWW":[-10,-10,-1.87763,-10],
"0GSWWW0G":[2.58975,-10,-10,0],
"SSSSRW0W":[-10,-10,-0.094496,1.689],
"WW0RSGSS":[-10,0.0302511,-10,-10],
"SS0W0R0W":[-10,-0.0208606,-0.01,5.46944],
"SSRWWWSS":[-10,-0.734962,-10,-10],
"0WWWSSGW":[-0.00428557,-10,-10,3.74164],
"SR0W0G0W":[-10,-0.00622438,3.23255,0],
"0WSRWW0W":[-0.00361366,-10,-10,4.69894],
"0WWWSWSR":[-2.0561,-10,-10,-10],
"0G0WSWSW":[-0.01,3.8101,-10,-10],
"0RGWWWSW":[0.21508,0,-10,-10],
"0W0SSGWW":[-0.0231304,1.0187,-10,-10],
"0S0SSSSW":[-0.019,-0.019855,-10,-10],
"WW0WRWSW":[-10,1.25538,0,-10],
"WW0WGRSW":[-10,0.746171,0,-10],
"SWSWGW0S":[-10,-10,4.37463,0],
"SWGW0R0W":[-10,1.95253,0,0],
"0W0GSS0W":[-0.0188808,5.78235,-10,-0.0271],
"SW0SSW0W":[-10,-0.96,-10,2.36771],
"0WWWSW0W":[-0.022235,-10,-10,3.90779],
"SSSWGWSW":[-10,-10,4.42891,-10],
"0G0GWWSS":[7.87506,0,-10,-10],
"0GSS0G0W":[-0.01,-10,-0.01,4.63581],
"SS0WRW0W":[-10,-0.0148565,-0.0249898,3.319],
"GSSWWW0W":[2.07984,-10,-10,0],
"RG0WSWWW":[-0.0221628,0.888312,-10,-10],
"0GSSSS0R":[1.0908,-10,-10,0],
"WWGW0WSS":[-10,12.8071,0,-10],
"SS0SSWSW":[-10,-2.55898,-10,-10],
"SS0WWWGW":[-10,-0.0121588,-10,12.6087],
"0WSSSWSW":[1.94366,-10,-10,-10],
"SSWW0W0W":[-10,-10,-0.0503997,4.98926],
"SS0WGW0W":[-10,-0.0196787,15.134,0],
"WWSSGW0W":[-10,-10,8.6882,0],
"0SGS0RSS":[-0.01,1.34339,0,-10],
"0GSW0G0W":[-0.019,-10,-0.019,2.7875],
"RW0W0WSW":[-0.213518,-0.0268818,2.11839,-10],
"0WRWSSWW":[0.437943,-0.2,-10,-10],
"RWSWSW0S":[-0.154014,-10,-10,0],
"0WSS0GGW":[-0.0158286,-10,0.457767,0],
"0R0GSGWW":[0.1027,0,-10,-10],
"0G0RSSWW":[9.78826,0,-10,-10],
"0W0W0WSG":[-0.0823187,-0.0743228,4.22979,-10],
"0W0R0GSS":[0.512567,0,0,-10],
"SSWW0WRW":[-10,-10,1.31435,-0.200808],
"0S0W0WSR":[-0.00748545,2.19961,0,-10],
"GWSWRS0W":[2.43617,-10,0,0],
"SWWW0WGS":[-10,-10,-0.00687149,6.48052],
"SW0SWW0G":[-10,-0.0112228,-10,0.353582],
"SWWWSSSR":[-10,-10,-10,-10],
"WWRWSSWW":[-10,-0.160676,-10,-10],
"WW0G0RSW":[-10,1.61547,0,-10],
"SSGWWWSW":[-10,8.55496,-10,-10],
"0W0WGGSW":[-0.0136739,0.912537,0,-10],
"0WSS0W0R":[-0.0110884,-10,2.32177,-0.01995],
"0RSWSG0W":[0.77447,-10,-10,0],
"0WSSWW0R":[1.64466,-10,-10,-0.01995],
"SS0SWWWW":[-10,-0.605256,-10,-10],
"0W0WSSGR":[1.03643,0,-10,0],
"WWSS0WGW":[-10,-10,-0.0179734,6.27902],
"SSSSGW0W":[-10,-10,10.2471,0],
"0GSW0W0R":[-0.0114103,-10,-0.0117805,0.183038],
"SS0W0WSW":[-10,0.186674,5.7785,-10],
"SSWW0G0W":[-10,-10,-0.0360145,4.57201],
"SSRWWWSW":[-10,0.0898147,-10,-10],
"WWSWGS0W":[-10,-10,2.34231,0],
"RWWW0WSS":[-0.2,-10,0.7418,-10],
"GG0WSW0S":[3.74823,0,-10,0],
"SSSSSSSW":[-10,-10,-10,-10],
"0W0R0SSS":[2.23884,0,0,-10],
"SR0W0W0W":[-10,-0.0706544,4.72688,-0.0655854],
"GW0WSS0R":[13.7109,0,-10,-0.0122849],
"SSWWGRSW":[-10,-10,1.00553,-10],
"WWWW0WSS":[-10,-10,2.01928,-10],
"GW0WSG0W":[4.12347,0,-10,-0.00798466],
"SG0SWW0W":[-10,-0.826321,-10,1.13921],
"RW0W0SSW":[-0.211857,0.420609,0,-10],
"SSWWWW0R":[-10,-10,-10,-0.0271],
"0W0W0RSS":[-0.0201343,3.97442,-0.01095,-10],
"0GSG0W0W":[-0.0102121,-10,0.134006,0],
"SWSW0G0G":[-10,-10,-0.0145848,2.2755],
"0WSW0GWW":[-1.02837,-10,3.14526,-10],
"SWRG0W0W":[-10,-0.105519,1.14764,0],
"0W0GSS0R":[2.08418,0,-10,0],
"SW0WGWSW":[-10,0.782745,0,-10],
"SSSWSR0W":[-10,-10,-10,0.389688],
"SSRWWW0G":[-10,-0.2,-10,0.00699657],
"0GSWSSSS":[1.72041,-10,-10,-10],
"0SSW0W0R":[-0.0112604,-10,3.35572,-0.019],
"GSSSWWWW":[1.60405,-10,-10,-10],
"RS0SSS0W":[-0.179495,-0.01,-10,0],
"RW0WWWSS":[-0.2,3.59121,-10,-10],
"WWSW0WWW":[-10,-10,1.11008,-10],
"SSSWSSGW":[-10,-10,-10,2.63445],
"SWSR0W0W":[-10,-10,1.41545,0],
"0WSSGW0W":[-0.0131571,-10,14.9619,0],
"SSGWSWSW":[-10,2.18072,-10,-10],
"0GWWWWSR":[0.0525706,-10,-10,-10],
"SWSSGWWW":[-10,-10,1.1302,-10],
"0R0G0WSW":[-0.0184465,9.23779,0,-10],
"WWSSSGSS":[-10,-10,-10,-10],
"WW0WSG0S":[-10,0.44687,-10,0],
"SW0SSRSS":[-10,-0.0988531,-10,-10],
"0W0WSWSW":[-0.0640971,4.11118,-10,-10],
"SR0GWW0G":[-10,-0.01,-10,0],
"0SSWSSSW":[-1.44505,-10,-10,-10],
"RW0WSWGW":[-0.198225,0,-10,0],
"SSSRSSGW":[-10,-10,-10,1.12762],
"SS0WRG0S":[-10,0.142375,0,0],
"SGSWSS0W":[-10,-10,-10,0.0987616],
"SWGR0W0W":[-10,4.50189,0,0],
"SW0GGW0W":[-10,-0.0059568,10.9066,0],
"SG0WWW0G":[-10,-0.0159372,-10,0.340754],
"SS0RGG0W":[-10,0.221639,0,0],
"GWSWSG0W":[1.15028,-10,-10,0],
"WW0WSW0G":[-10,-0.0341717,-10,0.395752],
"0WGWSS0W":[-0.01,13.808,-10,0],
"0W0WRGSW":[-0.0114208,0.397779,0,-10],
"0WGWSWWW":[0.08475,0,-10,-10],
"GWWW0WSS":[9.34799,-10,0,-10],
"0R0W0WSS":[-0.0447903,5.38385,-0.0352807,-10],
"RW0WSG0S":[-0.115953,0.247266,-10,0],
"0G0R0WSG":[0.968843,0,0,-10],
"SR0GGW0W":[-10,0.665264,0,0],
"SSSSWW0W":[-10,-10,-10,2.54144],
"SSSW0GRW":[-10,-10,0.0448302,0],
"SRWW0G0W":[-10,-10,-0.0133036,1.78525],
"0WSW0WGW":[-0.0545652,-10,0.014558,15.7714],
"0R0W0GSS":[0.84027,-0.0020564,0.101945,-10],
"SWRWWWSW":[-10,-0.229515,-10,-10],
"SRSW0W0W":[-10,-10,-0.0393223,3.24139],
"SW0GGWWW":[-10,4.47751,0,-10],
"0GGWSS0W":[10.955,0,-10,0],
"GWSW0W0W":[12.9481,-10,-0.0115827,0],
"0WSWRS0S":[0.0201479,-10,0,0],
"0RSW0W0G":[-0.0125745,-10,-0.01,1.83236],
"SG0W0W0W":[-10,-0.063974,4.1809,-0.0671508],
"SW0S0S0R":[-10,-0.96,0,0],
"0S0GSWSG":[0.00524225,0,-10,-10],
"0W0WSGWW":[-0.0406806,2.38454,-10,-10],
"SWRW0WSS":[-10,-0.2,3.22539,-10],
"0WSWRS0G":[0.238771,-10,0,0],
"SSWWGW0W":[-10,-10,8.24176,0],
"SW0G0WSW":[-10,7.82478,0,-10],
"WWSR0G0W":[-10,-10,0.694282,0],
"WW0SSRWW":[-10,-2.60269,-10,-10],
"SW0WWWRW":[-10,0.14833,-10,0],
"0S0GSW0S":[-0.0093931,3.89781,-10,0],
"0RWWSW0S":[0.54608,-10,-10,-0.329953],
"RW0W0WSS":[-0.20466,-0.0223497,2.15828,-10],
"0WRWSWWW":[0.179783,-0.0601364,-10,-10],
"0WGWSS0G":[0.0958624,0,-10,0],
"SSRG0G0W":[-10,0.503849,0,0],
"0W0WSWGW":[-0.013267,-0.0138719,-10,12.1867],
"WW0GRGSS":[-10,0.69501,0,-10],
"SGWW0W0W":[-10,-10,-0.01095,0.759627],
"0G0WSS0W":[11.966,0.205354,-10,0.55834],
"0G0W0SSW":[8.13305,0,0,-10],
"SS0R0G0W":[-10,2.6828,-0.0141061,-0.01],
"GW0RSG0W":[1.14976,0,-10,0],
"GWSW0S0W":[13.0266,-10,0,0],
"0W0RWWSS":[3.3679,0,-10,-10],
"SSSSSWSW":[-10,-10,-10,-10],
"0WSWRG0W":[-0.01,-10,-0.2,0.235667],
"0G0RWWSW":[0.15863,-0.01,-10,-10],
"0S0WRWSS":[-0.01,1.57477,0,-10],
"0W0WSSRW":[-0.020489,2.81696,-10,-0.249544],
"SWSS0G0G":[-10,-10,0.50583,0],
"0S0SSS0R":[0.634239,0,-10,0],
"0G0WSSSS":[10.3768,0.163752,-10,-10],
"SSWW0R0W":[-10,-10,-0.027955,4.23996],
"0W0WRWSS":[-0.01,3.52207,0,-10],
"WWSS0G0W":[-10,-10,-0.0337179,3.1005],
"RW0GGWSS":[-0.2,0,0,-10],
"SS0G0RWW":[-10,2.9004,0,-10],
"GWSG0W0W":[2.21834,-10,-0.01095,0],
"0G0SSSRW":[2.60181,0,-10,0],
"0WGWSW0R":[0.681992,0,-10,0],
"0G0RSS0W":[12.2028,0,-10,-0.01],
"SWWWGWSW":[-10,-10,3.76211,-10],
"0WSSRWGW":[-0.00758776,-10,0,0],
"0G0WWWSS":[9.23015,0.0181964,-10,-10],
"SW0W0WWW":[-10,4.44318,0.742771,-10],
"SWSW0RGW":[-10,-10,0.132236,0],
"WWRW0WSS":[-10,-0.163302,0.741297,-10],
"SS0SSSSW":[-10,-0.88287,-10,-10],
"SW0S0RSW":[-10,-0.01,1.35015,-10],
"0R0G0SSS":[0.47436,0,0,-10],
"0G0WSWSR":[4.31146,0,-10,-10],
"WWWWSS0G":[-10,-10,-10,0.180885],
"0WGR0WSS":[3.25841,0,0,-10],
"SSWWSGSW":[-10,-10,-10,-10],
"0WSW0WRG":[-0.0191575,-10,0.430912,0],
"SW0W0WRS":[-10,2.50346,0,0],
"SSSW0WRS":[-10,-10,0.248808,0],
"0GWWSW0G":[2.91873,-10,-10,-0.0176127],
"0WSWSW0W":[-0.0168735,-10,-10,6.14338],
"SWWWGG0W":[-10,-10,2.95763,0],
"RSSSGW0W":[-0.2,-10,2.39772,0],
"0GWWSWSW":[2.76723,-10,-10,-10],
"SWSWWWSW":[-10,-10,-10,-10],
"0WSS0SSW":[1.62919,-10,-0.96,-10],
"WW0RSS0W":[-10,0.896594,-10,-0.933028],
"0R0WSSGS":[0.119688,0,-10,0],
"SR0G0W0W":[-10,-0.01095,-0.0110403,0.931561],
"SWSWWW0W":[-10,-10,-10,3.03756],
"SGRW0WSS":[-10,-0.0824539,0,-10],
"SW0R0W0W":[-10,3.68883,-0.0516454,-0.0441395],
"0W0WWWSW":[0.178099,4.18331,-10,-10],
"SWWW0R0W":[-10,-10,1.0815,-0.027298],
"GW0RSWSW":[3.30826,0,-10,-10],
"SW0W0W0R":[-10,-0.0725527,5.64273,-0.063586],
"SW0W0GGR":[-10,0.652423,0,0],
"SSGR0WWW":[-10,1,0,-10],
"0W0W0RSW":[-0.0362659,3.75769,-0.04942,-10],
"0W0GGSSS":[0.380931,0,0,-10],
"WWWWSGSS":[-10,-10,-10,-10],
"SS0W0W0G":[-10,-0.0535723,3.81978,-0.0457235],
"SW0SGW0W":[-10,-0.01,14.0566,0],
"0G0WSRSS":[0.525902,0,-10,-10],
"WWSWSW0W":[-10,-10,-10,2.12258],
"SWSW0W0R":[-10,-10,3.03219,-0.0218445],
"0RWW0GSS":[-0.019,-10,0.35357,-10],
"0G0WWWSW":[5.92474,-0.0313581,-10,-10],
"SW0W0WRW":[-10,2.74661,1.1029,-0.20389],
"0GSW0W0W":[9.36944,-10,-0.018463,0.145869],
"RW0GSW0W":[-0.195328,0.0728045,-10,0],
"0W0W0WSR":[-0.0413178,-0.0420028,5.10255,-10],
"0GSWSR0W":[3.45004,-10,-10,0],
"0WSW0RWW":[-0.96,-10,0.487213,-10],
"SW0W0RSW":[-10,3.67734,-0.00863099,-10],
"0RSSSS0G":[0.220178,-10,-10,0],
"0G0WSWWW":[8.78808,-0.0358097,-10,-10],
"GGSS0WWW":[16.3971,-10,0,-10],
"GWSS0R0W":[10.6324,-10,0,0],
"0G0RSWGW":[1.04521,0,-10,0],
"SWSR0WWW":[-10,-10,3.13105,-10],
"SSSRSWSW":[-10,-10,-10,-10],
"0GSSSWWW":[4.17577,-10,-10,-10],
"0GSWWW0R":[1.47215,-10,-10,0],
"SWGW0WRW":[-10,1.09953,0,0],
"0RGWSW0W":[0.0440741,0,-10,0],
"SSWWWWGW":[-10,-10,-10,1.84305],
"0G0W0WSW":[10.2904,-0.0492728,-0.0288195,-10],
"0SWW0RSS":[-0.01,-10,0.100045,-10],
"0SSS0G0W":[-0.01,-10,8.68841,0],
"0GGSSS0W":[0.918176,0,-10,0],
"0WSW0R0G":[-0.0135313,-10,0.991789,-0.01],
"SWWW0S0G":[-10,-10,-0.0790593,0.085],
"0G0WSSRG":[0.812845,0,-10,0],
"0WRW0WSW":[-0.0111423,-0.2,3.42394,-10],
"0RSS0W0G":[-0.0125745,-10,0.018688,0],
"SWWWSR0S":[-10,-10,-10,-0.96],
"0W0RGWSW":[0.509827,0,0,-10],
"WW0GSW0W":[-10,1.58474,-10,-0.98439],
"SSWW0WGR":[-10,-10,0.357852,0],
"SW0W0W0G":[-10,-0.0989814,5.26681,0.384534],
"SS0GRW0W":[-10,-0.01,0.0761068,0],
"0SGGWWSW":[0.137243,0,-10,-10],
"0RWWSWSW":[-0.0116291,-10,-10,-10],
"0W0GSSWW":[-0.01,4.09447,-10,-10],
"WWSS0SGW":[-10,-10,-0.01,4.38944],
"SWGWWW0S":[-10,11.6888,-10,0],
"GWGS0SSS":[1.46227,0,0,-10],
"0W0G0RSW":[-0.0111215,9.26734,0,-10],
"SR0SGW0W":[-10,-0.01,0,0],
"0W0WSW0R":[-0.0406956,-0.0372805,-10,1.88783],
"0W0WGWSS":[0,0,14.8388,-10],
"0G0WSSGW":[11.278,0,-10,0],
"WW0W0GSW":[-10,2.59348,-0.0405519,-10],
"RW0WSS0W":[-0.204539,2.83328,-10,-0.0301258],
"0GSS0S0W":[11.4983,-10,0,0.311157],
"SS0W0WGR":[-10,0.945533,0,0],
"0S0GRWSW":[-0.01,1.78957,0,-10],
"0WSSWW0W":[-0.0714852,-10,-10,4.56258],
"WWSW0WGW":[-10,-10,1.89386,0],
"RW0WSSWW":[-0.163056,2.32461,-10,-10],
"WWWW0WSR":[-10,-10,-0.0250861,-10],
"0GSW0S0W":[11.5862,-10,-0.01,0],
"0SSSRWWW":[-0.01,-10,0.145902,-10],
"RSSW0G0W":[-0.193011,-10,-0.01,0.839923],
"SWSRWW0W":[-10,-10,-10,1.05788],
"WWSS0SSR":[-10,-10,-0.0139453,-10],
"GWSRSW0W":[4.05444,-10,-10,0],
"SWWWGW0R":[-10,-10,1.06143,0],
"WWWW0WSW":[-10,-10,1.2519,-10],
"0W0GSSRG":[0.349655,0,-10,0],
"GSSSWWRW":[1.06955,-10,-10,0],
"0G0WSR0S":[5.42488,0,-10,0],
"WWSW0G0W":[-10,-10,3.34387,-0.0203619],
"SS0WWW0W":[-10,3.2563,-10,-1.83539],
"0WSWSR0G":[0.022621,-10,-10,0],
"SS0SSWSS":[-10,-0.9652,-10,-10],
"0SRW0WSS":[-0.01,-0.20095,1.05909,-10],
"RS0GWWSW":[-0.152014,0.0867333,-10,-10],
"0GSS0W0G":[-0.00640101,-10,0.277453,0],
"SSGW0GWW":[-10,2.16808,0,-10],
"SS0W0WGW":[-10,-0.0141692,0.0553269,16.3075],
"SW0S0W0W":[-10,-0.0232004,-0.0307145,5.29984],
"SR0WWWGW":[-10,-0.012243,-10,0.991641],
"WWRGGSSW":[-10,-0.136643,0,-10],
"0SSSSW0G":[0.131097,-10,-10,0],
"SS0W0WRG":[-10,-0.01095,3.02481,0],
"GW0WSSWW":[12.8436,0.00709198,-10,-10],
"SSSWSSWW":[-10,-10,-10,-10],
"0SSG0WSW":[-0.0115528,-10,0.45496,-10],
"WW0GSWWW":[-10,0.282218,-10,-10],
"0SWWGWSS":[0.00852687,-10,0,-10],
"GW0SSGSW":[1.12965,0,-10,-10],
"GW0W0WSW":[11.4804,0,0,-10],
"WWGWSW0W":[-10,2.1061,-10,0],
"SSSSWW0R":[-10,-10,-10,0.0990611],
"0W0WSS0G":[-0.0217826,-0.033843,-10,3.90047],
"SG0R0W0W":[-10,0,0,0],
"RSSWGWWW":[-1.15,-10,0,-10],
"GWSS0GWW":[9.16248,-10,0,-10],
"SS0GSWSW":[-10,1.73233,-10,-10],
"0WSW0SSW":[1.95701,-10,0,-10],
"0SSW0GWW":[-0.96,-10,4.51927,-10],
"SW0SSSWW":[-10,-3.30144,-10,-10],
"WWGW0RSW":[-10,3.24578,0,-10],
"SS0W0W0R":[-10,-0.041622,4.91221,-0.0422668],
"WW0GSWSW":[-10,2.22159,-10,-10],
"0WSR0W0G":[-0.0187749,-10,0.105148,0],
"SSGWGWWW":[-10,1.28364,0,-10],
"SSSG0W0W":[-10,-10,2.63501,-0.019],
"0WRWSW0W":[-0.0209864,-0.20827,-10,0.781534],
"SR0SWW0W":[-10,-0.96,-10,0],
"RW0WSSGW":[-0.202906,0.0497606,-10,0],
"SWSG0WSW":[-10,-10,3.35659,-10],
"0WSSSSWW":[1.64163,-10,-10,-10],
"0SSWSW0S":[-0.019,-10,-10,-0.00798665],
"SWWWWWSS":[-10,-10,-10,-10],
"WWSS0W0G":[-10,-10,2.78832,-0.019],
"SS0SSW0S":[-10,-0.01,-10,-0.00703953],
"SW0W0WSR":[-10,-0.0198046,5.18412,-10],
"SWSW0SWW":[-10,-10,0.0950184,-10],
"SS0RSWSG":[-10,0.00653962,-10,-10],
"RW0SSW0G":[0.437107,0,-10,0],
"RGWWWWSS":[0.342851,-10,-10,-10],
"0WSW0W0R":[-0.0410358,-10,4.39063,-0.0465012],
"GWSSSGWW":[1.20653,-10,-10,-10],
"WW0WSG0G":[-10,-0.019,-10,0.038124],
"SS0WWWSG":[-10,-0.0282336,-10,-10],
"SWWW0WSS":[-10,-10,0.769451,-10],
"SWSWSR0W":[-10,-10,-10,0.354719],
"SS0W0RSW":[-10,2.10887,0,-10],
"WWGR0GSS":[-10,1.01046,0,-10],
"WW0WSGWW":[-10,0.21121,-10,-10],
"SSWW0W0G":[-10,-10,-0.0248848,2.49169],
"WWSWSWGW":[-10,-10,-10,2.16455],
"0WSSSRWW":[0.107767,-10,-10,-10],
"SSWW0W0R":[-10,-10,3.73064,-0.03439],
"0RWWSW0W":[-0.01,-10,-10,3.62689],
"GWSS0W0W":[14.1273,-10,0.00600381,0],
"GW0W0GSR":[0,0,-0.01,-10],
"SSSSWWSW":[-10,-10,-10,-10],
"0SSW0G0G":[-0.01,-10,0.842632,0],
"SWSS0WWW":[-10,-10,3.82001,-10],
"0GWWSS0S":[8.01471,-10,-10,0],
"0G0WSSRS":[4.28556,0,-10,0],
"0W0GWWSR":[0.540193,0,-10,-10],
"0SWWSSSS":[-1.05373,-10,-10,-10],
"0WSSSSSG":[0.265921,-10,-10,-10],
"0RSW0WWW":[-0.01,-10,0.811304,-10],
"0RWW0WSG":[1.90651,-10,-0.01,-10],
"0SWW0GSS":[-0.96,-10,0.311609,-10],
"WWSW0SRW":[-10,-10,0.583503,-0.200973],
"SG0G0WSS":[-10,3.48264,0,-10],
"0GSWSWRW":[-0.01,-10,-10,0.722534],
"WWWW0RSW":[-10,-10,-0.03534,-10],
"SWWW0G0G":[-10,-10,-0.011805,0.428128],
"0SSWSSWW":[-2.60239,-10,-10,-10],
"0W0W0W0W":[-0.01,-0.01095,-0.01,-0.01],
"0W0W0GSR":[-0.01,1.34402,0,-10],
"GSRWSS0S":[1,0,-10,0],
"SW0WSRSW":[-10,0.276849,-10,-10],
"SWSW0GRW":[-10,-10,-0.0040239,1.15138],
"SSSW0W0G":[-10,-10,-0.01095,1.26459],
"GWSRSW0G":[1.30287,-10,-10,0],
"0WRWSWSW":[1.12967,0,-10,-10],
"WWWWSW0W":[-10,-10,-10,1.08654],
"SSSR0W0W":[-10,-10,2.35337,0],
"GW0GSW0W":[8.21684,0,-10,0],
"SS0S0S0R":[-10,-0.01,0.280501,0],
"0WGWWWSW":[-0.0279134,14.268,-10,-10],
"SGSG0W0W":[-10,-10,-0.01,0],
"0RWWSSSW":[0.804517,-10,-10,-10],
"0W0W0GSW":[-0.057015,-0.0575772,7.90352,-10],
"WWRGSS0W":[-10,0.0345598,-10,0],
"SSWW0WSG":[-10,-10,1.00604,-10],
"SW0WWWWW":[-10,3.33792,-10,-10],
"SWSGWW0W":[-10,-10,-10,-0.912644],
"0W0G0WSW":[0.145072,9.77742,0.297826,-10],
"WW0SSS0W":[-10,-0.688695,-10,0.588638],
"0WWWSG0W":[-0.0278547,-10,-10,0.378308],
"SS0S0W0W":[-10,-0.01,5.73317,0],
"0GRWWWSW":[0.0694811,0,-10,-10],
"SG0RWW0W":[-10,-0.01,-10,0],
"SS0WRSSW":[-10,-0.00451263,0,-10],
"SS0W0R0S":[-10,0.353721,0,0],
"SSWWGW0R":[-10,-10,3.07992,0],
"0WSWSSRW":[1.35952,-10,-10,0],
"0WSR0W0W":[-0.0191917,-10,2.78326,-0.0226829],
"SW0G0W0W":[-10,8.82841,-0.000620337,-0.0472364],
"0WGW0WSS":[0.113053,13.7914,0.0355358,-10],
"0W0WGWSW":[0,-0.0262923,14.5755,-10],
"0WSSGWWW":[0,-10,12.3481,-10],
"GWSSGW0W":[8.5838,-10,0,0],
"0W0WSWGG":[0.162024,0,-10,0],
"0RSWSS0W":[2.50667,-10,-10,0],
"0W0RSS0W":[3.37149,-0.021649,-10,-0.019],
"0RSSSSWW":[0.0115924,-10,-10,-10],
"SRSG0SWW":[-10,-10,-0.96,-10],
"0W0WWWSS":[4.27329,0.191081,-10,-10],
"0G0WSGWW":[-0.01,0.706444,-10,-10],
"0R0WSW0S":[-0.00559724,1.20078,-10,0],
"WW0GSGWW":[-10,0.0822387,-10,-10],
"0WSS0R0W":[-0.021747,-10,0.0933883,5.09043],
"SW0R0WSS":[-10,-0.01,3.57355,-10],
"SW0W0WGW":[-10,-0.0115137,-0.01,13.9334],
"0WSS0WWW":[-1.07668,-10,3.87293,-10],
"0R0SSGWW":[0.00354292,0,-10,-10],
"0R0WWWSS":[-0.0250753,3.92721,-10,-10],
"WWSW0S0S":[-10,-10,-3.41281,-5.17319],
"SSGG0WSS":[-10,3.70262,0,-10],
"0WSWWW0W":[0.00142247,-10,-10,3.00432],
"0WGW0SSS":[1.99367,0,0,-10],
"SSSSWW0S":[-10,-10,-10,-1.13354],
"0RSW0W0W":[-0.0506964,-10,-0.0448952,6.71847],
"SW0G0WRW":[-10,-0.01,1.94159,0],
"SS0S0GSW":[-10,1.55741,0,-10],
"0W0W0WSW":[-0.0993939,3.90271,0.68093,-10],
"0W0WSW0W":[5.02812,0.475988,-10,-0.163826],
"0GSRSW0W":[4.03742,-10,-10,0],
"0SSSSW0W":[0.68172,-10,-10,-0.01],
"0SSWSWSS":[-1.824,-10,-10,-10],
"0WSG0G0W":[0.727058,-10,0,-0.01113],
"0GSW0SSS":[1.13342,-10,0,-10],
"WWGWSS0G":[-10,1.90569,-10,0],
"SWSW0GWW":[-10,-10,5.03066,-10],
"SWSSSWSW":[-10,-10,-10,-10],
"SRSSSW0W":[-10,-10,-10,0.0708396],
"0GRSSWWW":[1.00609,0,-10,-10],
"WW0SSSSS":[-10,-0.0200419,-10,-10],
"GRWWSS0W":[4.97662,-10,-10,0],
"SRGGWW0W":[-10,1.9037,-10,0],
"WW0WSS0W":[-10,2.33335,-10,-1.29474],
"SWSS0WSW":[-10,-10,3.92307,-10],
"SW0SGWSS":[-10,0.279722,0,-10],
"0SGR0WSW":[0.151165,0,0,-10],
"0WRGSS0W":[0.0743891,1.72356,-10,0],
"0SSSSSSW":[-0.010144,-10,-10,-10],
"SSSS0GSW":[-10,-10,0.0871581,-10],
"SWWW0W0W":[-10,-10,-0.0856209,5.81845],
"SSSSWWSG":[-10,-10,-10,-10],
"SR0S0WSW":[-10,-0.01,3.61692,-10],
"0GSW0WGW":[3.44469,-10,0,0],
"0WSW0WWW":[-0.136726,-10,4.3925,-10],
"SRSS0WWW":[-10,-10,0.903945,-10],
"SS0GRWSS":[-10,1.53125,0,-10],
"SS0R0GWW":[-10,-0.01,5.93205,-10],
"0G0WRWSW":[0.375102,0,0,-10],
"SSGW0W0R":[-10,4.35799,0,0],
"WW0GSR0W":[-10,-0.01,-10,-0.00451533],
"WW0W0WSW":[-10,-0.0779082,5.21439,-10],
"SW0GWW0G":[-10,-0.019,-10,0.0187847],
"GW0W0SSW":[3.05556,0,0,-10],
"0GSSWW0G":[3.37687,-10,-10,0],
"SS0S0WSG":[-10,-0.01,0,-10],
"SW0W0GRW":[-10,1.81643,0,0],
"RW0WSWSS":[-0.20288,0.719767,-10,-10],
"0G0RSS0G":[0.769061,0,-10,0],
"SSSG0GSW":[-10,-10,1.18522,-10],
"WW0WSSSW":[-10,2.16432,-10,-10],
"SR0S0WSS":[-10,0.170538,0,-10],
"RW0WSW0W":[-0.215895,-0.01677,-10,3.14366],
"SR0W0WWW":[-10,3.61123,0,-10],
"SS0WRWSW":[-10,1.39643,0,-10],
"WWSWRS0S":[-10,-10,-0.14472,0],
"SWSS0W0W":[-10,-10,0.0380699,6.38445],
"WW0G0GSW":[-10,-0.01,0.377287,-10],
"SS0W0WRS":[-10,0.254183,0,0],
"SW0W0WSW":[-10,4.97134,-0.0666716,-10],
"0RSW0WGW":[-0.000432251,-10,0.0273992,0],
"SS0WWWWW":[-10,2.80935,-10,-10],
"0W0RSW0W":[-0.0154984,2.76823,-10,0],
"0S0W0WSG":[1.62115,0,-0.01,-10],
"0W0RSSGW":[-0.01095,-0.01,-10,4.89069],
"SW0W0RSG":[-10,0.467671,0,-10],
"WWSW0R0W":[-10,-10,-0.0205727,2.30037],
"0G0G0SSS":[4.70115,0,0,-10],
"RSSS0G0W":[-0.2,-10,0.354738,0],
"0SSS0R0W":[-0.004813,-10,1.56203,0],
"0RSW0S0G":[0.352901,-10,0,0],
"0R0GWWSW":[-0.011024,2.73751,-10,-10],
"0GWWSW0R":[3.52566,-10,-10,0]
}
